sample,method,both_passed,collision,margin_violation,minimum_separation_m,start_error_m,goal_error_m,expert_rmse_m,maximum_speed_mps,maximum_acceleration_mps2,hocbf_intervention_rate,mean_hocbf_correction
0,nash_reference,1.0,0.0,1.0,0.29987212817707554,0.0,0.0,0.013678992167115211,1.42262864112854,2.247957706451416,0.0,0.0
0,teacher_expert,1.0,0.0,0.0,0.3668384150203546,0.0,0.023175640031695366,0.0,1.4158624410629272,2.212080240249634,0.0,0.0
0,game_cfm_raw,1.0,0.0,0.0,0.38858873676805006,0.005372802726924419,0.024975501000881195,0.019696366041898727,1.4405196905136108,2.2118735313415527,0.0,0.0
0,game_cfm_anchored,1.0,0.0,0.0,0.3912440808008343,0.0,0.0,0.016169528347795278,1.4424886448744012,2.211870521334499,0.0,0.0
0,nash_reference_hocbf,1.0,0.0,0.0,0.4912194749438995,0.0,0.023202300303445382,0.022319924137420292,1.4209397520278013,2.0950526613440115,0.38475499092558985,0.6975812882040319
0,game_cfm_hocbf,1.0,0.0,0.0,0.4911249935727734,0.0,0.02374643916138276,0.021608915849537634,1.4363315492540145,2.0776374814523955,0.3793103448275862,0.4447833865028177
1,nash_reference,1.0,0.0,1.0,0.3065772078570152,0.0,0.0,0.022413505241274834,1.3292044401168823,1.9586522579193115,0.0,0.0
1,teacher_expert,1.0,0.0,0.0,0.4166758903528634,0.0,0.035907380282878876,0.0,1.3389493227005005,1.9611579179763794,0.0,0.0
1,game_cfm_raw,1.0,0.0,0.0,0.39709571623387574,0.0028009407687932253,0.036036208271980286,0.030433420091867447,1.3854222297668457,2.0664374828338623,0.0,0.0
1,game_cfm_anchored,1.0,0.0,0.0,0.3791775381502518,0.0,0.0,0.02391141120576192,1.3782916060530237,2.066438820065008,0.0,0.0
1,nash_reference_hocbf,1.0,0.0,0.0,0.4902006643031614,0.0,0.03163917305283901,0.017046841192501657,1.3133721465930661,1.89122167814804,0.5045372050816697,0.6069588589463247
1,game_cfm_hocbf,1.0,0.0,0.0,0.49031563666998484,0.0,0.029872306631884733,0.023634367114202963,1.335635794883554,1.8361478284995398,0.47005444646098005,0.6000592806229085
2,nash_reference,1.0,0.0,1.0,0.299115413687748,0.0,0.0,0.020935367792844772,1.2338835000991821,1.6849932670593262,0.0,0.0
2,teacher_expert,1.0,0.0,0.0,0.4222057965830006,0.0,0.029949702322483063,0.0,1.2559136152267456,1.7048996686935425,0.0,0.0
2,game_cfm_raw,1.0,0.0,0.0,0.3960757022868258,0.0024864664301276207,0.018391087651252747,0.017389168962836266,1.2638969421386719,1.9732824563980103,0.0,0.0
2,game_cfm_anchored,1.0,0.0,0.0,0.4013350047984711,0.0,0.0,0.015529892317471832,1.2624673287104884,1.9732868945638224,0.0,0.0
2,nash_reference_hocbf,1.0,0.0,0.0,0.5267468232611677,0.0,0.02972819611027869,0.011630281344071824,1.2683808970136903,1.690001529216304,0.1560798548094374,0.8777384924985454
2,game_cfm_hocbf,1.0,0.0,0.0,0.5305314141981559,0.0,0.03192470086909853,0.013179530192256662,1.2692721747856914,1.7709820493845394,0.14882032667876588,0.431444508480121
3,nash_reference,1.0,0.0,1.0,0.30402385539302285,0.0,0.0,0.016245640814304352,1.3323428630828857,1.9593759775161743,0.0,0.0
3,teacher_expert,1.0,0.0,0.0,0.4180062562222111,0.0,0.014950588345527649,0.0,1.3376131057739258,1.9699031114578247,0.0,0.0
3,game_cfm_raw,1.0,0.0,0.0,0.42219324202733305,0.00415736623108387,0.026336669921875,0.019804729148745537,1.344347357749939,2.0267691612243652,0.0,0.0
3,game_cfm_anchored,1.0,0.0,0.0,0.42743493553661666,0.0,0.0,0.012845644937337019,1.3414576896316723,2.026768969838707,0.0,0.0
3,nash_reference_hocbf,1.0,0.0,0.0,0.48506197493619696,0.0,0.03432444646717796,0.016954875943203364,1.3258809872120323,1.900112480417346,0.5390199637023594,0.5413185089087064
3,game_cfm_hocbf,1.0,0.0,0.0,0.48506197493619696,0.0,0.03559675455415465,0.020113813893380426,1.3473251359495024,2.0187863852604058,0.5117967332123412,0.37468846103667935
4,nash_reference,1.0,0.0,1.0,0.3020585076420581,0.0,0.0,0.019671902060508728,1.29354989528656,1.8042192459106445,0.0,0.0
4,teacher_expert,1.0,0.0,0.0,0.41010051203450076,0.0,0.029760219156742096,0.0,1.306606411933899,1.8184971809387207,0.0,0.0
4,game_cfm_raw,1.0,0.0,1.0,0.3585782913482607,0.0024810833856463432,0.033031363040208817,0.029859691858291626,1.2853519916534424,2.294769763946533,0.0,0.0
4,game_cfm_anchored,1.0,0.0,1.0,0.35619258314435137,0.0,0.0,0.021964324528495935,1.2846346747870387,2.294794437786958,0.0,0.0
4,nash_reference_hocbf,1.0,0.0,0.0,0.5138956539811091,0.0,0.029331800961653498,0.011875783567760886,1.2962709787771212,1.7495546708209806,0.24319419237749546,0.6572463300271101
4,game_cfm_hocbf,1.0,0.0,0.0,0.5164651724728726,0.0,0.031227218837632145,0.019254354815899582,1.2696192891220845,1.718981805618011,0.20689655172413793,0.5720734214143638
5,nash_reference,1.0,0.0,1.0,0.2942189795066262,0.0,0.0,0.015436944551765919,1.0767626762390137,1.4796173572540283,0.0,0.0
5,teacher_expert,1.0,0.0,0.0,0.3979373282564472,0.0,0.019254077225923538,0.0,1.0982143878936768,1.489738941192627,0.0,0.0
5,game_cfm_raw,1.0,0.0,0.0,0.3716199582579074,0.0011670298408716917,0.019812123849987984,0.015978507697582245,1.130881905555725,1.5275368690490723,0.0,0.0
5,game_cfm_anchored,1.0,0.0,0.0,0.3681557838467097,0.0,0.0,0.012968444783248972,1.130340504167532,1.5275359560666875,0.0,0.0
5,nash_reference_hocbf,1.0,0.0,0.0,0.49512562116550013,0.0,0.023039337424709885,0.017045984432587,1.097456912808592,1.4397060954391092,0.573502722323049,0.4304450204217927
5,game_cfm_hocbf,1.0,0.0,0.0,0.4952919250472879,0.0,0.02301834317281585,0.02204198316878235,1.1266981705849604,1.4771095451123482,0.5081669691470054,0.37381474674368115
6,nash_reference,1.0,0.0,1.0,0.3028039522833533,0.0,0.0,0.02104845829308033,1.532855749130249,2.3809804916381836,0.0,0.0
6,teacher_expert,1.0,0.0,0.0,0.3831637324099808,0.0,0.034242261201143265,0.0,1.5244274139404297,2.3503551483154297,0.0,0.0
6,game_cfm_raw,1.0,0.0,0.0,0.3811750550260617,0.0012383958091959357,0.0264333114027977,0.02625577338039875,1.550794243812561,2.364975929260254,0.0,0.0
6,game_cfm_anchored,1.0,0.0,0.0,0.3722999667879759,0.0,0.0,0.02258956738773144,1.551706416991404,2.3649764328472362,0.0,0.0
6,nash_reference_hocbf,1.0,0.0,0.0,0.4931851490682624,0.0,0.03427869265876619,0.021953524139483732,1.5165336692413465,2.227271367224406,0.3720508166969147,0.7784231195558563
6,game_cfm_hocbf,1.0,0.0,0.0,0.4990722837088542,0.0,0.03611067791879069,0.01965721503967965,1.5240964541791233,2.191434666776883,0.3139745916515426,0.743394892454222
7,nash_reference,1.0,0.0,1.0,0.2981915793328838,0.0,0.0,0.014527158811688423,1.2348861694335938,1.7793245315551758,0.0,0.0
7,teacher_expert,1.0,0.0,0.0,0.39490516212883664,0.0,0.01928599923849106,0.0,1.262864351272583,1.8056169748306274,0.0,0.0
7,game_cfm_raw,1.0,0.0,1.0,0.3462559360982673,0.00300177582539618,0.013956069946289062,0.017267925664782524,1.2552158832550049,1.8556188344955444,0.0,0.0
7,game_cfm_anchored,1.0,0.0,1.0,0.35413302306645883,0.0,0.0,0.016223540519676276,1.2555482904306348,1.8556206454086357,0.0,0.0
7,nash_reference_hocbf,1.0,0.0,0.0,0.5010568930940913,0.0,0.019344341960153943,0.012571800101866058,1.2776960198671994,1.7702081764371582,0.24319419237749546,0.6917444726274296
7,game_cfm_hocbf,1.0,0.0,0.0,0.5036751169135794,0.0,0.01929809839007214,0.0173421945317499,1.2733450281630292,1.8225590637985625,0.29038112522686027,0.4731298503618494
8,nash_reference,1.0,0.0,1.0,0.3067760890988571,0.0,0.0,0.014401372522115707,1.3904026746749878,2.0171213150024414,0.0,0.0
8,teacher_expert,1.0,0.0,0.0,0.41197067549758687,0.0,0.014296304434537888,0.0,1.393471598625183,2.0211706161499023,0.0,0.0
8,game_cfm_raw,1.0,0.0,0.0,0.41754248922435694,0.00416086008772254,0.033238090574741364,0.01922895573079586,1.4135924577713013,2.0659260749816895,0.0,0.0
8,game_cfm_anchored,1.0,0.0,0.0,0.42873356321138256,0.0,0.0,0.01336180529655834,1.4172016468879858,2.0659257024747735,0.0,0.0
8,nash_reference_hocbf,1.0,0.0,0.0,0.5155169424926362,0.0,0.014361630531818131,0.01128881042414931,1.4040450453611926,1.9506308023665955,0.14156079854809436,1.1474717232489862
8,game_cfm_hocbf,1.0,0.0,0.0,0.516676458458353,0.0,0.015421122281165425,0.013732475597904,1.3916618583936444,1.94600287723726,0.12159709618874773,0.6053180118068302
9,nash_reference,1.0,0.0,1.0,0.34534102644681197,0.0,0.0,0.012213459238409996,1.4201841354370117,2.3367249965667725,0.0,0.0
9,teacher_expert,1.0,0.0,0.0,0.3627523546453945,0.0,0.01626032590866089,0.0,1.4266142845153809,2.369751214981079,0.0,0.0
9,game_cfm_raw,1.0,0.0,0.0,0.3668130002932144,0.003857355797663331,0.026377901434898376,0.020361527800559998,1.460986852645874,2.392878532409668,0.0,0.0
9,game_cfm_anchored,1.0,0.0,0.0,0.3628373419972273,0.0,0.0,0.013436794467399553,1.463375272183834,2.3928806468594184,0.0,0.0
9,nash_reference_hocbf,1.0,0.0,0.0,0.3705999603760437,0.0,0.01642388176820288,0.0162654483747594,1.413044530791788,2.3126867648666574,0.2867513611615245,0.7345283534397521
9,game_cfm_hocbf,1.0,0.0,0.0,0.3705999603760437,0.0,0.01589901053656182,0.021454923941917014,1.434537724086612,2.301609309183392,0.24500907441016334,0.5678654494183362
10,nash_reference,1.0,0.0,1.0,0.27873184786503413,0.0,0.0,0.0193928349763155,1.2447017431259155,1.8277417421340942,0.0,0.0
10,teacher_expert,1.0,0.0,1.0,0.3524720153461135,0.0,0.036379411816596985,0.0,1.2344911098480225,1.8312201499938965,0.0,0.0
10,game_cfm_raw,1.0,0.0,0.0,0.3617273447598138,0.0026026652194559574,0.013514501973986626,0.020995963364839554,1.243708848953247,1.9357882738113403,0.0,0.0
10,game_cfm_anchored,1.0,0.0,0.0,0.3610976835481993,0.0,0.0,0.02013749333645825,1.2441372452403068,1.9357894352925344,0.0,0.0
10,nash_reference_hocbf,1.0,0.0,0.0,0.48529370189351895,0.0,0.03653713806993131,0.018245470770181786,1.2554446966561148,1.7671606754078355,0.2776769509981851,0.8498491395847387
10,game_cfm_hocbf,1.0,0.0,0.0,0.4868256151224684,0.0,0.03759334536037068,0.019711480255677205,1.2407517231119425,1.7333906337325757,0.2395644283121597,0.6709068810285026
11,nash_reference,1.0,0.0,1.0,0.306162702464383,0.0,0.0,0.01659204624593258,1.288743257522583,2.0747454166412354,0.0,0.0
11,teacher_expert,1.0,0.0,0.0,0.37215598723049353,0.0,0.034013427793979645,0.0,1.2681375741958618,2.0272910594940186,0.0,0.0
11,game_cfm_raw,1.0,0.0,1.0,0.3266931371121265,0.0023419635836035013,0.030755218118429184,0.023007666692137718,1.2870023250579834,2.2322802543640137,0.0,0.0
11,game_cfm_anchored,1.0,0.0,1.0,0.3347124827365542,0.0,0.0,0.021659147717803712,1.2921231382974498,2.2322790635194116,0.0,0.0
11,nash_reference_hocbf,1.0,0.0,0.0,0.4873907731992194,0.0,0.03419768853036824,0.013076152381465112,1.264284121265757,1.8829992343926447,0.21415607985480944,0.8868174231964493
11,game_cfm_hocbf,1.0,0.0,0.0,0.4898593025167289,0.0,0.03594035002440928,0.018767426269283415,1.2651836630890045,2.065564001695356,0.18330308529945555,0.8758296885588225
12,nash_reference,1.0,0.0,1.0,0.31067796189123487,0.0,0.0,0.012694775126874447,1.3622119426727295,2.1462249755859375,0.0,0.0
12,teacher_expert,1.0,0.0,0.0,0.4179771531554303,0.0,0.01257333718240261,0.0,1.3712291717529297,2.151555061340332,0.0,0.0
12,game_cfm_raw,1.0,0.0,1.0,0.3580694575400776,0.0023788437247276306,0.01962209679186344,0.017919449135661125,1.3785598278045654,2.6121513843536377,0.0,0.0
12,game_cfm_anchored,1.0,0.0,1.0,0.3561769735792058,0.0,0.0,0.016220815005097384,1.3761387860686836,2.6121571473555494,0.0,0.0
12,nash_reference_hocbf,1.0,0.0,0.0,0.5182902724182439,0.0,0.012683802099951357,0.010788782089270988,1.382485456945458,2.0704306593679496,0.13430127041742287,1.2071216417143809
12,game_cfm_hocbf,1.0,0.0,0.0,0.5368187717199471,0.0,0.015298648406344782,0.01861394273187535,1.3739621409056129,2.446471176739335,0.12522686025408347,1.119178547495484
13,nash_reference,1.0,0.0,1.0,0.30389668510060003,0.0,0.0,0.01223605964332819,1.3559484481811523,2.0249061584472656,0.0,0.0
13,teacher_expert,1.0,0.0,0.0,0.4063216171907607,0.0,0.012534508481621742,0.0,1.3851003646850586,2.0607986450195312,0.0,0.0
13,game_cfm_raw,1.0,0.0,0.0,0.4090866143653133,0.001077987253665924,0.023700769990682602,0.018710654228925705,1.3874520063400269,1.9953855276107788,0.0,0.0
13,game_cfm_anchored,1.0,0.0,0.0,0.3967393193086171,0.0,0.0,0.011774429451253073,1.3908883727819474,1.9953896086583298,0.0,0.0
13,nash_reference_hocbf,1.0,0.0,0.0,0.5139057021839591,0.0,0.012723677756710277,0.011915659162721874,1.3952052228344722,2.033679382378084,0.15245009074410162,1.0708451777547383
13,game_cfm_hocbf,1.0,0.0,0.0,0.524780370767771,0.0,0.014631157536688198,0.01674163984932518,1.4110539294964362,1.9770223042225035,0.1306715063520871,0.7724422924663392
14,nash_reference,1.0,0.0,1.0,0.3024031520222056,0.0,0.0,0.02117765322327614,1.4410995244979858,2.168774366378784,0.0,0.0
14,teacher_expert,1.0,0.0,0.0,0.3952061651712045,0.0,0.02678774669766426,0.0,1.4624403715133667,2.122234344482422,0.0,0.0
14,game_cfm_raw,1.0,0.0,1.0,0.3496298800491817,0.002729180734604597,0.024301106110215187,0.020194783806800842,1.4385308027267456,2.388676404953003,0.0,0.0
14,game_cfm_anchored,1.0,0.0,1.0,0.34226996136427795,0.0,0.0,0.018528432335835177,1.4356062190798664,2.3886813686454134,0.0,0.0
14,nash_reference_hocbf,1.0,0.0,0.0,0.4975245795721409,0.0,0.04277781886594551,0.025180574150941687,1.4709821052398406,2.0787617235047384,0.7531760435571688,0.5745434433666574
14,game_cfm_hocbf,1.0,0.0,0.0,0.4969493656644579,0.0,0.04270634500346877,0.028169581024414112,1.4913180730861368,2.2725684673429476,0.631578947368421,0.6399242121129514
15,nash_reference,1.0,0.0,1.0,0.2973164654990864,0.0,0.0,0.011807817034423351,1.2763302326202393,1.8994654417037964,0.0,0.0
15,teacher_expert,1.0,0.0,0.0,0.39115060172043226,0.0,0.015052404254674911,0.0,1.30762779712677,1.931248664855957,0.0,0.0
15,game_cfm_raw,1.0,0.0,0.0,0.395699553630072,0.0026215757243335247,0.024077266454696655,0.01690675877034664,1.3387089967727661,1.941814661026001,0.0,0.0
15,game_cfm_anchored,1.0,0.0,0.0,0.39201527225416344,0.0,0.0,0.011578197947515379,1.338924264365723,1.9418098573413567,0.0,0.0
15,nash_reference_hocbf,1.0,0.0,0.0,0.5049947935452759,0.0,0.015341219015897977,0.013079847267545045,1.3239658140231487,1.9094852826857545,0.17422867513611615,1.0030231409072339
15,game_cfm_hocbf,1.0,0.0,0.0,0.5088134468948323,0.0,0.013318433524012326,0.016197555836247005,1.3437381861392539,1.8535037899496936,0.1560798548094374,0.6684149551683758
16,nash_reference,1.0,0.0,1.0,0.3004740837254269,0.0,0.0,0.013287336565554142,1.3288718461990356,2.094933032989502,0.0,0.0
16,teacher_expert,1.0,0.0,0.0,0.38913052781032587,0.0,0.013789916411042213,0.0,1.3239247798919678,2.1008460521698,0.0,0.0
16,game_cfm_raw,1.0,0.0,1.0,0.3406767493094877,0.0033859401009976864,0.01803204044699669,0.012549890205264091,1.3265714645385742,2.12825345993042,0.0,0.0
16,game_cfm_anchored,1.0,0.0,1.0,0.3373837207276954,0.0,0.0,0.01086188188668385,1.3239278544709985,2.1282527710982055,0.0,0.0
16,nash_reference_hocbf,1.0,0.0,0.0,0.4999478763866071,0.0,0.013762200127976928,0.014286390651364804,1.3124426227919133,2.02496601703327,0.2813067150635209,0.6437205531816882
16,game_cfm_hocbf,1.0,0.0,0.0,0.5015800678344556,0.0,0.01370604886482307,0.02017759626394476,1.3138883849437155,2.037807956688861,0.25045372050816694,0.5876336122066442
17,nash_reference,1.0,0.0,1.0,0.3008386033887614,0.0,0.0,0.016245808452367783,1.4025704860687256,1.9943947792053223,0.0,0.0
17,teacher_expert,1.0,0.0,0.0,0.3842594528671568,0.0,0.026461459696292877,0.0,1.396780014038086,1.9611238241195679,0.0,0.0
17,game_cfm_raw,1.0,0.0,0.0,0.3738753133575655,0.001166652888059616,0.02993808686733246,0.023940982297062874,1.4387456178665161,2.325228691101074,0.0,0.0
17,game_cfm_anchored,1.0,0.0,0.0,0.37426689526955087,0.0,0.0,0.018841937302552274,1.437787663902627,2.3252248132407334,0.0,0.0
17,nash_reference_hocbf,1.0,0.0,0.0,0.4961211231675253,0.0,0.026581381687717585,0.013987764244460365,1.3897934489887804,1.8886254678501668,0.2958257713248639,0.6382041155702521
17,game_cfm_hocbf,1.0,0.0,0.0,0.4960046044060964,0.0,0.02647808306930837,0.01805119137422101,1.4214066148840379,2.0771315643814114,0.29038112522686027,0.5594994736382776
18,nash_reference,1.0,0.0,1.0,0.29664242783646366,0.0,0.0,0.015752676874399185,1.1458863019943237,1.5552207231521606,0.0,0.0
18,teacher_expert,1.0,0.0,0.0,0.3922933399023907,0.0,0.02082732506096363,0.0,1.1639983654022217,1.5642526149749756,0.0,0.0
18,game_cfm_raw,1.0,0.0,0.0,0.3959490976221438,0.0021687622647732496,0.030361104756593704,0.026553206145763397,1.1999486684799194,1.7343809604644775,0.0,0.0
18,game_cfm_anchored,1.0,0.0,0.0,0.4016177600437456,0.0,0.0,0.01775783881193958,1.2008124947851317,1.7343875264959463,0.0,0.0
18,nash_reference_hocbf,1.0,0.0,0.0,0.5062633054869978,0.0,0.020988495158503703,0.01296683357425558,1.1790799008011152,1.51258122166594,0.17422867513611615,0.914576322470833
18,game_cfm_hocbf,1.0,0.0,0.0,0.5136683805352219,0.0,0.020974576273318446,0.01823124719666311,1.1938293419785526,1.529673908964811,0.1306715063520871,0.6520017003753336
19,nash_reference,1.0,0.0,1.0,0.30827462030124625,0.0,0.0,0.01783687248826027,1.3771675825119019,1.9832048416137695,0.0,0.0
19,teacher_expert,1.0,0.0,0.0,0.4194606373543737,0.0,0.025353819131851196,0.0,1.3956127166748047,1.9851740598678589,0.0,0.0
19,game_cfm_raw,1.0,0.0,1.0,0.31352372191801314,0.0032034642063081264,0.027473606169223785,0.023208659142255783,1.4350992441177368,2.0978031158447266,0.0,0.0
19,game_cfm_anchored,1.0,0.0,1.0,0.31990371677323914,0.0,0.0,0.018521029706135162,1.4298842655784834,2.0978057817943503,0.0,0.0
19,nash_reference_hocbf,1.0,0.0,0.0,0.5225691353367745,0.0,0.025089470664179978,0.014551307931711518,1.3633671799332592,1.8818553739951234,0.23774954627949182,0.9422771820595657
19,game_cfm_hocbf,1.0,0.0,0.0,0.5274657230505769,0.0,0.02483208982557254,0.025350487586008778,1.417999903348721,1.922821895619147,0.22867513611615245,0.9483509335532956
20,nash_reference,1.0,0.0,1.0,0.2994310778289545,0.0,0.0,0.014160512015223503,1.2269903421401978,1.9092180728912354,0.0,0.0
20,teacher_expert,1.0,0.0,0.0,0.3870017965854064,0.0,0.01813569851219654,0.0,1.2323492765426636,1.8758164644241333,0.0,0.0
20,game_cfm_raw,1.0,0.0,0.0,0.3800297276576292,0.003802462248131633,0.025637801736593246,0.018887242302298546,1.2725512981414795,1.9225964546203613,0.0,0.0
20,game_cfm_anchored,1.0,0.0,0.0,0.3843769158880198,0.0,0.0,0.015016863424540528,1.2738574826394031,1.92259215962851,0.0,0.0
20,nash_reference_hocbf,1.0,0.0,0.0,0.5015243946772219,0.0,0.018105234784818014,0.01320247849594971,1.2266121143355697,1.7785840279134102,0.19237749546279492,0.8187644331539673
20,game_cfm_hocbf,1.0,0.0,0.0,0.5191398705642954,0.0,0.016887295081555585,0.018851811728402418,1.2750581713891844,1.7916590655662012,0.11433756805807622,0.8625259803765355
21,nash_reference,1.0,0.0,1.0,0.29556516778266073,0.0,0.0,0.017574697732925415,1.1584398746490479,1.534067153930664,0.0,0.0
21,teacher_expert,1.0,0.0,0.0,0.3889049537642338,0.0,0.02710120379924774,0.0,1.1632535457611084,1.5496407747268677,0.0,0.0
21,game_cfm_raw,1.0,0.0,0.0,0.38588217687627036,0.0044874344021081924,0.0325053371489048,0.024037418887019157,1.1682064533233643,1.725346326828003,0.0,0.0
21,game_cfm_anchored,1.0,0.0,0.0,0.38595439580852436,0.0,0.0,0.017467802968364806,1.1713753726772385,1.72534524376376,0.0,0.0
21,nash_reference_hocbf,1.0,0.0,0.0,0.5041472978637426,0.0,0.027119686303616067,0.013259756275277899,1.1568164716655216,1.537989525890803,0.17967332123411978,0.8469941196221714
21,game_cfm_hocbf,1.0,0.0,0.0,0.5060208905350518,0.0,0.026860998215925476,0.01602188282540836,1.152071604297796,1.595502414424377,0.20326678765880218,0.4494214275373357
22,nash_reference,1.0,0.0,1.0,0.29777364502937503,0.0,0.0,0.01604393869638443,1.1864649057388306,1.7793246507644653,0.0,0.0
22,teacher_expert,1.0,0.0,0.0,0.39345701101022135,0.0,0.023474231362342834,0.0,1.2205981016159058,1.8140252828598022,0.0,0.0
22,game_cfm_raw,1.0,0.0,0.0,0.36937107197746827,0.002633247524499893,0.0229464303702116,0.014532827772200108,1.1872632503509521,2.1091177463531494,0.0,0.0
22,game_cfm_anchored,1.0,0.0,0.0,0.37516054560946316,0.0,0.0,0.012733923285371674,1.188870716812177,2.109115295042863,0.0,0.0
22,nash_reference_hocbf,1.0,0.0,0.0,0.5045606890597796,0.0,0.023528103157448087,0.012479804924692244,1.2389775581134022,1.795568243179067,0.16152450090744103,1.0421099821805646
22,game_cfm_hocbf,1.0,0.0,0.0,0.5047714528008692,0.0,0.02322047746318892,0.01423190894412434,1.231488832686884,1.8931317346380134,0.14882032667876588,0.7203103855835046
23,nash_reference,1.0,0.0,1.0,0.3101445567637081,0.0,0.0,0.017424622550606728,1.3913273811340332,2.2734897136688232,0.0,0.0
23,teacher_expert,1.0,0.0,0.0,0.40140991433898776,0.0,0.02864626981317997,0.0,1.3754465579986572,2.234109878540039,0.0,0.0
23,game_cfm_raw,1.0,0.0,0.0,0.3909642016942302,0.0017945249564945698,0.012574166059494019,0.020990611985325813,1.4508556127548218,2.4241561889648438,0.0,0.0
23,game_cfm_anchored,1.0,0.0,0.0,0.3892684513129461,0.0,0.0,0.01925087372521821,1.4506732786798928,2.424153040026904,0.0,0.0
23,nash_reference_hocbf,1.0,0.0,0.0,0.5058537069658978,0.0,0.028626541716054346,0.012257239971235265,1.3693509103130461,1.9933803364452087,0.2577132486388385,0.7378265801320346
23,game_cfm_hocbf,1.0,0.0,0.0,0.5273687303467167,0.0,0.02926997795661781,0.01763095377063882,1.420544759374018,2.0966249654278837,0.23774954627949182,0.5990543156234421
24,nash_reference,1.0,0.0,1.0,0.31466056458946906,0.0,0.0,0.02568828873336315,1.518159031867981,2.4161465167999268,0.0,0.0
24,teacher_expert,1.0,0.0,0.0,0.4488716162081166,0.0,0.031448811292648315,0.0,1.5426952838897705,2.453784942626953,0.0,0.0
24,game_cfm_raw,1.0,0.0,0.0,0.39031776604894786,0.0032833213917911053,0.03802620619535446,0.022256910800933838,1.5561511516571045,2.6713950634002686,0.0,0.0
24,game_cfm_anchored,1.0,0.0,0.0,0.3642622588546264,0.0,0.0,0.021471008052311984,1.552715750850991,2.6713934340852,0.0,0.0
24,nash_reference_hocbf,1.0,0.0,0.0,0.4818124130239365,0.0,0.0314458144543925,0.012067897538286446,1.532433915668526,2.419515326168,0.26497277676951,0.762707405309176
24,game_cfm_hocbf,1.0,0.0,0.0,0.4818124130239365,0.0,0.03280462553797458,0.019238615229460073,1.5529305261081787,2.4713539297080844,0.24319419237749546,0.7600588860197891
25,nash_reference,1.0,0.0,1.0,0.299203281700516,0.0,0.0,0.01898251287639141,1.3244895935058594,1.7710850238800049,0.0,0.0
25,teacher_expert,1.0,0.0,0.0,0.3890408995411709,0.0,0.031614452600479126,0.0,1.3044644594192505,1.7473230361938477,0.0,0.0
25,game_cfm_raw,1.0,0.0,0.0,0.38439175223613664,0.0031741431448608637,0.02129080519080162,0.0198709387332201,1.3587260246276855,1.8821756839752197,0.0,0.0
25,game_cfm_anchored,1.0,0.0,0.0,0.3710735598729649,0.0,0.0,0.017928942805627183,1.3592324188614422,1.8821783329717465,0.0,0.0
25,nash_reference_hocbf,1.0,0.0,0.0,0.4980276871712749,0.0,0.030092947245675607,0.021534201225987905,1.2490286241595603,1.77429346199502,0.32667876588021777,1.0551756639532035
25,game_cfm_hocbf,1.0,0.0,0.0,0.4997445176800605,0.0,0.029443182084831748,0.023540220535088807,1.2495428351608835,1.6852588084852345,0.33575317604355714,0.7627879961192687
26,nash_reference,1.0,0.0,1.0,0.298622807468435,0.0,0.0,0.013060824014246464,1.1992303133010864,1.675794005393982,0.0,0.0
26,teacher_expert,1.0,0.0,0.0,0.38238375467159674,0.0,0.01885262131690979,0.0,1.228342056274414,1.7014621496200562,0.0,0.0
26,game_cfm_raw,1.0,0.0,0.0,0.3653920255081633,0.0020070429891347885,0.02584703080356121,0.01898755133152008,1.2637014389038086,1.9776471853256226,0.0,0.0
26,game_cfm_anchored,1.0,0.0,0.0,0.36720260694294166,0.0,0.0,0.014256607869299016,1.265517591425684,1.977646073407367,0.0,0.0
26,nash_reference_hocbf,1.0,0.0,0.0,0.4987069331250049,0.0,0.018645602551560767,0.014735422731054833,1.213890702340123,1.626773690975566,0.26497277676951,0.7856686160937666
26,game_cfm_hocbf,1.0,0.0,0.0,0.5050963928577049,0.0,0.017126943441960644,0.02010162328351735,1.244542722142426,1.6694566024282844,0.2413793103448276,0.6663616006523753
27,nash_reference,1.0,0.0,1.0,0.30640186526284285,0.0,0.0,0.013397776521742344,1.4952102899551392,2.19586181640625,0.0,0.0
27,teacher_expert,1.0,0.0,0.0,0.39626597612472686,0.0,0.01684594340622425,0.0,1.4895504713058472,2.185690402984619,0.0,0.0
27,game_cfm_raw,1.0,0.0,0.0,0.3660844936669423,0.0012235010508447886,0.02550799585878849,0.01709909364581108,1.5005791187286377,2.227189779281616,0.0,0.0
27,game_cfm_anchored,1.0,0.0,1.0,0.3549338330838315,0.0,0.0,0.012238058528302863,1.495689619706824,2.227189367281692,0.0,0.0
27,nash_reference_hocbf,1.0,0.0,0.0,0.5028350168378777,0.0,0.01701929786022584,0.011714527048167035,1.4763515543312178,2.109230447479159,0.14882032667876588,1.0320299452374644
27,game_cfm_hocbf,1.0,0.0,0.0,0.5073231265877352,0.0,0.016869455649341263,0.014806673911906511,1.4613728470726917,2.0528659777530867,0.13793103448275862,0.8753953868403265
28,nash_reference,1.0,0.0,1.0,0.3091444806793018,0.0,0.0,0.023161787539720535,1.3737748861312866,2.3412728309631348,0.0,0.0
28,teacher_expert,1.0,0.0,0.0,0.43599787517129673,0.0,0.025425929576158524,0.0,1.3764735460281372,2.2094554901123047,0.0,0.0
28,game_cfm_raw,1.0,0.0,1.0,0.35363041440193455,0.002494457643479109,0.026779521256685257,0.020153246819972992,1.3741991519927979,2.552344799041748,0.0,0.0
28,game_cfm_anchored,1.0,0.0,0.0,0.3624156426907835,0.0,0.0,0.016634472692692553,1.3722578982759253,2.5523465759385493,0.0,0.0
28,nash_reference_hocbf,1.0,0.0,0.0,0.5349505528739409,0.0,0.025708301640153287,0.012391667238693466,1.366775779918894,1.9329334192134118,0.20871143375680581,0.9117598179366714
28,game_cfm_hocbf,1.0,0.0,0.0,0.5407658075855301,0.0,0.026120372361026656,0.01829629989056393,1.3623452757875771,1.9598718182894266,0.18874773139745918,0.9005809470630335
29,nash_reference,1.0,0.0,1.0,0.3119482688015612,0.0,0.0,0.023179689422249794,1.4496164321899414,2.189920663833618,0.0,0.0
29,teacher_expert,1.0,0.0,0.0,0.43457760958859015,0.0,0.02940601110458374,0.0,1.479514241218567,2.182269811630249,0.0,0.0
29,game_cfm_raw,1.0,0.0,0.0,0.3887228018200148,0.0025651599280536175,0.023056812584400177,0.02453647367656231,1.4800453186035156,2.4126977920532227,0.0,0.0
29,game_cfm_anchored,1.0,0.0,0.0,0.4003214101143991,0.0,0.0,0.019349780340369833,1.4826930859911067,2.4126968628842262,0.0,0.0
29,nash_reference_hocbf,1.0,0.0,0.0,0.439991872208448,0.0,0.03351002262203416,0.0161054731634831,1.482650631462319,2.1059072343957412,0.5607985480943739,0.5180843602631203
29,game_cfm_hocbf,1.0,0.0,0.0,0.439991872208448,0.0,0.0326758262788079,0.019974904549001884,1.486267102232746,2.267274107799247,0.5626134301270418,0.44626986524599715
30,nash_reference,1.0,0.0,1.0,0.3080362899988217,0.0,0.0,0.021387269720435143,1.4239317178726196,2.03074312210083,0.0,0.0
30,teacher_expert,1.0,0.0,0.0,0.44479664072768965,0.0,0.027597548440098763,0.0,1.438368558883667,2.044205904006958,0.0,0.0
30,game_cfm_raw,1.0,0.0,1.0,0.3516721563342122,0.0033049890771508217,0.010925421491265297,0.019778335466980934,1.4284371137619019,2.171698570251465,0.0,0.0
30,game_cfm_anchored,1.0,0.0,1.0,0.35367848715308126,0.0,0.0,0.017044761887910667,1.429124326050265,2.1716973704110263,0.0,0.0
30,nash_reference_hocbf,1.0,0.0,0.0,0.5409983369246504,0.0,0.027441850861127798,0.01035762120080579,1.4260417729679062,2.00311839808975,0.13430127041742287,1.0348837569622942
30,game_cfm_hocbf,1.0,0.0,0.0,0.5509137836787165,0.0,0.02747059766671709,0.015445350714488907,1.4318380157138617,2.077507728135191,0.11433756805807622,0.9673723464748099
31,nash_reference,1.0,0.0,1.0,0.2977829290318864,0.0,0.0,0.012418926693499088,1.1969338655471802,1.6521133184432983,0.0,0.0
31,teacher_expert,1.0,0.0,0.0,0.379008734840049,0.0,0.018168747425079346,0.0,1.2255539894104004,1.6743972301483154,0.0,0.0
31,game_cfm_raw,1.0,0.0,1.0,0.33559469584863666,0.004093419760465622,0.03191772848367691,0.017604706808924675,1.2214628458023071,2.050482749938965,0.0,0.0
31,game_cfm_anchored,1.0,0.0,1.0,0.3352318300147218,0.0,0.0,0.01204015728806193,1.2240983588535674,2.050495554233075,0.0,0.0
31,nash_reference_hocbf,1.0,0.0,0.0,0.49679816079919537,0.0,0.017935923551311496,0.014393124176966478,1.2160888814694768,1.62311779948759,0.2613430127041742,0.7682960769248197
31,game_cfm_hocbf,1.0,0.0,0.0,0.49949546807799083,0.0,0.019709576972799944,0.019218929542203046,1.220381175543183,1.7249777728618945,0.24319419237749546,0.7290383681799536
32,nash_reference,1.0,0.0,1.0,0.3103408918063797,0.0,0.0,0.015566413290798664,1.4255024194717407,2.1538548469543457,0.0,0.0
32,teacher_expert,1.0,0.0,0.0,0.424728118134618,0.0,0.011084483005106449,0.0,1.4347606897354126,2.1047792434692383,0.0,0.0
32,game_cfm_raw,1.0,0.0,0.0,0.4033666639047389,0.006481674034148455,0.037392064929008484,0.02424672432243824,1.404209852218628,2.274275302886963,0.0,0.0
32,game_cfm_anchored,1.0,0.0,0.0,0.4278580244948042,0.0,0.0,0.014568320626410721,1.408826587941322,2.274271435941079,0.0,0.0
32,nash_reference_hocbf,1.0,0.0,0.0,0.5220798739012142,0.0,0.011667218428835823,0.013565415635135076,1.4264772874468274,2.030756903524934,0.2831215970961887,0.8153122107532326
32,game_cfm_hocbf,1.0,0.0,0.0,0.520669218389091,0.0,0.01105387547690775,0.01806604215216683,1.4093097384909536,1.936397933936929,0.25045372050816694,0.6831845968124678
33,nash_reference,1.0,0.0,1.0,0.2974274979637465,0.0,0.0,0.021491874009370804,1.187243103981018,1.7056599855422974,0.0,0.0
33,teacher_expert,1.0,0.0,0.0,0.42880857302517383,0.0,0.028158141300082207,0.0,1.2025940418243408,1.7160351276397705,0.0,0.0
33,game_cfm_raw,1.0,0.0,1.0,0.3472211555007568,0.0032389131374657154,0.03202706202864647,0.02706233784556389,1.2293788194656372,2.077099084854126,0.0,0.0
33,game_cfm_anchored,1.0,0.0,1.0,0.3277174918551817,0.0,0.0,0.022787629896780733,1.2318180487080703,2.0770991564852928,0.0,0.0
33,nash_reference_hocbf,1.0,0.0,0.0,0.5307551405200414,0.0,0.027877301488359894,0.011309672455927147,1.2118033552716787,1.6602974212897237,0.14882032667876588,0.9354139310718951
33,game_cfm_hocbf,1.0,0.0,0.0,0.5408531754580913,0.0,0.026616407376214374,0.019676346590408476,1.177934132979278,2.020866435571761,0.13793103448275862,0.9039082333878228
34,nash_reference,1.0,0.0,1.0,0.31369994718973715,0.0,0.0,0.020450133830308914,1.445447564125061,2.1945321559906006,0.0,0.0
34,teacher_expert,1.0,0.0,0.0,0.445857067198215,0.0,0.02534293383359909,0.0,1.4468647241592407,2.200186252593994,0.0,0.0
34,game_cfm_raw,1.0,0.0,0.0,0.38332819314473787,0.0026501300744712353,0.02838141657412052,0.022075604647397995,1.4570162296295166,2.3611056804656982,0.0,0.0
34,game_cfm_anchored,1.0,0.0,0.0,0.36847325072393844,0.0,0.0,0.020196433007364865,1.4599710986411931,2.361107107157541,0.0,0.0
34,nash_reference_hocbf,1.0,0.0,0.0,0.4893651028334428,0.0,0.02520606697331952,0.015868487775052186,1.4073263382105023,2.1368093840951463,0.24319419237749546,1.1696228697373063
34,game_cfm_hocbf,1.0,0.0,0.0,0.49236536062328606,0.0,0.02341623408946761,0.016057956761797255,1.4025849249225226,2.1741952047143407,0.33030852994555354,0.781981773172664
35,nash_reference,1.0,0.0,1.0,0.3006067385532119,0.0,0.0,0.015861865133047104,1.3326438665390015,1.9360519647598267,0.0,0.0
35,teacher_expert,1.0,0.0,0.0,0.393635357709252,0.0,0.023355849087238312,0.0,1.3317824602127075,1.9051882028579712,0.0,0.0
35,game_cfm_raw,1.0,0.0,0.0,0.38524980189783514,0.003894053865224123,0.014364561066031456,0.014813325367867947,1.3422720432281494,2.044656753540039,0.0,0.0
35,game_cfm_anchored,1.0,0.0,0.0,0.3772349434122612,0.0,0.0,0.013002885955498974,1.340226931189481,2.0446587836289876,0.0,0.0
35,nash_reference_hocbf,1.0,0.0,0.0,0.5009077459277641,0.0,0.022028712017885296,0.014851119459702815,1.3322723931983473,1.701089542527451,0.3430127041742287,0.6280951994379109
35,game_cfm_hocbf,1.0,0.0,0.0,0.5002111857707393,0.0,0.02274173246666525,0.01605706510881312,1.343934510377101,1.717326608197227,0.3430127041742287,0.46159135171812293
36,nash_reference,1.0,0.0,1.0,0.3091219086739603,0.0,0.0,0.01945381611585617,1.532028317451477,2.474269390106201,0.0,0.0
36,teacher_expert,1.0,0.0,0.0,0.41584853352130025,0.0,0.027102399617433548,0.0,1.541011095046997,2.503223419189453,0.0,0.0
36,game_cfm_raw,1.0,0.0,1.0,0.33783391945948826,0.0043328856118023396,0.01911025121808052,0.02113061212003231,1.6394423246383667,2.610973834991455,0.0,0.0
36,game_cfm_anchored,1.0,0.0,1.0,0.3451342878774188,0.0,0.0,0.020452973754880966,1.641657225278516,2.6109721342291445,0.0,0.0
36,nash_reference_hocbf,1.0,0.0,0.0,0.5139574244340368,0.0,0.027087421738329967,0.01118031405383392,1.525687704034292,2.3876114564527557,0.2323049001814882,0.7183281832082766
36,game_cfm_hocbf,1.0,0.0,0.0,0.5388843443491872,0.0,0.026533726553701422,0.01852180369000266,1.6018900191050685,2.4633576553882155,0.2014519056261343,0.7347761415168904
37,nash_reference,1.0,0.0,1.0,0.2980257524728383,0.0,0.0,0.014826997183263302,1.1677700281143188,1.7523231506347656,0.0,0.0
37,teacher_expert,1.0,0.0,0.0,0.399774578822627,0.0,0.01707611419260502,0.0,1.175682544708252,1.7607598304748535,0.0,0.0
37,game_cfm_raw,1.0,0.0,0.0,0.3836364991666675,0.004993470385670662,0.02674553170800209,0.0235012024641037,1.1754536628723145,1.8121685981750488,0.0,0.0
37,game_cfm_anchored,1.0,0.0,0.0,0.3815974234906498,0.0,0.0,0.01500342421415512,1.1742564864713996,1.8121666742749403,0.0,0.0
37,nash_reference_hocbf,1.0,0.0,0.0,0.5100324306082303,0.0,0.017076858023480572,0.01231497516767023,1.1907574318762764,1.697678639204984,0.20689655172413793,0.7449627574573351
37,game_cfm_hocbf,1.0,0.0,0.0,0.5144311104887688,0.0,0.01672273549566279,0.015546112961181486,1.1935870004768254,1.828888048115766,0.15245009074410162,0.6174821081277273
38,nash_reference,1.0,0.0,1.0,0.3065987273494192,0.0,0.0,0.01928330585360527,1.3979710340499878,2.2283849716186523,0.0,0.0
38,teacher_expert,1.0,0.0,0.0,0.4096360751322428,0.0,0.02930125594139099,0.0,1.3885139226913452,2.2330708503723145,0.0,0.0
38,game_cfm_raw,1.0,0.0,0.0,0.36010640957382284,0.0025368467904627323,0.02665785886347294,0.031215805560350418,1.490073800086975,2.54121994972229,0.0,0.0
38,game_cfm_anchored,1.0,0.0,1.0,0.3496886633111964,0.0,0.0,0.024702655681614668,1.487473451719565,2.5412190310129197,0.0,0.0
38,nash_reference_hocbf,1.0,0.0,0.0,0.5103526818130165,0.0,0.029377018710659723,0.011174546901486143,1.3731590532150026,2.1478071314972436,0.13611615245009073,1.0521486897641543
38,game_cfm_hocbf,1.0,0.0,0.0,0.5349929120523278,0.0,0.029552473073344472,0.02076338437827858,1.4379270295382944,2.2733845944777835,0.12341197822141561,1.0230132368316587
39,nash_reference,1.0,0.0,1.0,0.29920944485836704,0.0,0.0,0.013555360957980156,1.1931328773498535,1.7554121017456055,0.0,0.0
39,teacher_expert,1.0,0.0,0.0,0.40192970222664426,0.0,0.012586606666445732,0.0,1.2161321640014648,1.770036220550537,0.0,0.0
39,game_cfm_raw,1.0,0.0,0.0,0.3790382006736788,0.0030081993900239468,0.022690631449222565,0.015173695981502533,1.2284897565841675,2.0488407611846924,0.0,0.0
39,game_cfm_anchored,1.0,0.0,0.0,0.38423066499427216,0.0,0.0,0.009923464860207698,1.2297443156471264,2.048841565242048,0.0,0.0
39,nash_reference_hocbf,1.0,0.0,0.0,0.5016171053917737,0.0,0.012626319068452425,0.015623849780600866,1.190400302130236,1.6610437844430028,0.26860254083484575,0.7840638378606383
39,game_cfm_hocbf,1.0,0.0,0.0,0.5029098390581886,0.0,0.012416926045626425,0.01674144206266959,1.1950585651750063,1.7756759235704938,0.3121597096188748,0.5011414639862413
40,nash_reference,1.0,0.0,1.0,0.29874531897721046,0.0,0.0,0.016893280670046806,1.148026466369629,1.7025219202041626,0.0,0.0
40,teacher_expert,1.0,0.0,0.0,0.391647428063676,0.0,0.024392738938331604,0.0,1.173972487449646,1.6661475896835327,0.0,0.0
40,game_cfm_raw,1.0,0.0,1.0,0.34070079553135296,0.0024725592229515314,0.024038678035140038,0.023655161261558533,1.1761887073516846,2.027724027633667,0.0,0.0
40,game_cfm_anchored,1.0,0.0,1.0,0.3339310580817879,0.0,0.0,0.02060391562922017,1.1784581745732052,2.0277235178199593,0.0,0.0
40,nash_reference_hocbf,1.0,0.0,0.0,0.5053185492042829,0.0,0.024745489185801002,0.014948665258421591,1.162573191521924,1.5331073770967032,0.26497277676951,0.7757500445393604
40,game_cfm_hocbf,1.0,0.0,0.0,0.5145217665072183,0.0,0.02275669757361772,0.02319083991416598,1.173023572046526,1.6406800918811255,0.24863883847549909,0.7561720901679027
41,nash_reference,1.0,0.0,1.0,0.30139327828530454,0.0,0.0,0.01524418592453003,1.3553922176361084,1.9904508590698242,0.0,0.0
41,teacher_expert,1.0,0.0,0.0,0.3893673710273644,0.0,0.022526917979121208,0.0,1.3599286079406738,2.000901937484741,0.0,0.0
41,game_cfm_raw,1.0,0.0,0.0,0.4048277401233841,0.003168464405462146,0.03410967439413071,0.028427572920918465,1.3461326360702515,2.0020503997802734,0.0,0.0
41,game_cfm_anchored,1.0,0.0,0.0,0.39707208347827966,0.0,0.0,0.019586367422493717,1.3470917910987736,2.002045262740329,0.0,0.0
41,nash_reference_hocbf,1.0,0.0,0.0,0.49814312875484673,0.0,0.022623305831559852,0.012882669343741222,1.349977964151602,1.8989444109279048,0.2250453720508167,0.7474538444464306
41,game_cfm_hocbf,1.0,0.0,0.0,0.5032860732520293,0.0,0.02284470868762896,0.016929288582678115,1.3586755560872528,2.0314410250225445,0.19056261343012704,0.4930811569670931
42,nash_reference,1.0,0.0,1.0,0.2986769103117774,0.0,0.0,0.02687925286591053,1.1925936937332153,1.6234928369522095,0.0,0.0
42,teacher_expert,1.0,0.0,0.0,0.4108589195626649,0.0,0.042094167321920395,0.0,1.180299162864685,1.5969091653823853,0.0,0.0
42,game_cfm_raw,1.0,0.0,1.0,0.3440115534440646,0.0023506763391196728,0.0287214033305645,0.032051678746938705,1.258673906326294,1.7566916942596436,0.0,0.0
42,game_cfm_anchored,1.0,0.0,1.0,0.34107232602092724,0.0,0.0,0.02768984169190779,1.253623190002543,1.756694017689459,0.0,0.0
42,nash_reference_hocbf,1.0,0.0,0.0,0.5189524101994487,0.0,0.042079381972307345,0.012217570835544008,1.1777166830431478,1.5587534369197242,0.21960072595281308,0.7235146388549635
42,game_cfm_hocbf,1.0,0.0,0.0,0.5221429571288967,0.0,0.04117485068278458,0.020358682372011088,1.1986136748911722,1.655236977985253,0.23593466424682397,0.5581949910949191
43,nash_reference,1.0,0.0,1.0,0.3047626538574903,0.0,0.0,0.014111367054283619,1.4601305723190308,2.3804197311401367,0.0,0.0
43,teacher_expert,1.0,0.0,0.0,0.40378479733424344,0.0,0.014796013943850994,0.0,1.4557256698608398,2.3982656002044678,0.0,0.0
43,game_cfm_raw,1.0,0.0,1.0,0.3582521621968356,0.0022553117014467716,0.015427995473146439,0.015209012664854527,1.4618381261825562,2.548745632171631,0.0,0.0
43,game_cfm_anchored,1.0,0.0,0.0,0.3626199184127599,0.0,0.0,0.011723200156329534,1.4620548983927,2.548746148842408,0.0,0.0
43,nash_reference_hocbf,1.0,0.0,0.0,0.5054461485869183,0.0,0.014789653380322242,0.013343952902285891,1.444199806148491,2.2749108032017458,0.2250453720508167,0.8108128065788699
43,game_cfm_hocbf,1.0,0.0,0.0,0.503585714639558,0.0,0.014810068068246935,0.014656262600654866,1.4413296203572397,2.2828658091663954,0.2323049001814882,0.6751685681043138
44,nash_reference,1.0,0.0,1.0,0.3008083447829635,0.0,0.0,0.018497148528695107,1.2555186748504639,1.7553576231002808,0.0,0.0
44,teacher_expert,1.0,0.0,0.0,0.41028931020714277,0.0,0.025080841034650803,0.0,1.2813385725021362,1.774366021156311,0.0,0.0
44,game_cfm_raw,1.0,0.0,0.0,0.397213474390102,0.003519579069688916,0.020746354013681412,0.016575245186686516,1.2589361667633057,1.9906340837478638,0.0,0.0
44,game_cfm_anchored,1.0,0.0,0.0,0.3911478941521994,0.0,0.0,0.01587337484664441,1.2605456058217341,1.9906340444820885,0.0,0.0
44,nash_reference_hocbf,1.0,0.0,0.0,0.5191126325374089,0.0,0.025027698185285087,0.012084823124581985,1.29493057805448,1.7542576773169296,0.16152450090744103,0.9553007471425858
44,game_cfm_hocbf,1.0,0.0,0.0,0.5266668803631229,0.0,0.025356446622487976,0.016292987805821037,1.2752836634830842,1.784428052328797,0.15063520871143377,0.6133624093568066
45,nash_reference,1.0,0.0,1.0,0.30514009706861667,0.0,0.0,0.022773850709199905,1.436805009841919,2.2542624473571777,0.0,0.0
45,teacher_expert,1.0,0.0,0.0,0.41926433262554114,0.0,0.035378970205783844,0.0,1.4421279430389404,2.2643380165100098,0.0,0.0
45,game_cfm_raw,1.0,0.0,0.0,0.39678538475618524,0.0029293657280504704,0.03405889496207237,0.023511914536356926,1.5183522701263428,2.483891010284424,0.0,0.0
45,game_cfm_anchored,1.0,0.0,0.0,0.3823754424088126,0.0,0.0,0.02036986879925949,1.513779074409007,2.483886905532217,0.0,0.0
45,nash_reference_hocbf,1.0,0.0,0.0,0.5162582465832604,0.0,0.03532287126149331,0.01086333517434801,1.4265146836384375,2.1795267883721414,0.17967332123411978,0.7762018526634477
45,game_cfm_hocbf,1.0,0.0,0.0,0.5421720346547588,0.0,0.036447466416728705,0.019525709943418672,1.4984241645561334,2.329442341290711,0.19237749546279492,0.5799214135463414
46,nash_reference,1.0,0.0,1.0,0.30888786431077775,0.0,0.0,0.01812029257416725,1.3712084293365479,1.9311182498931885,0.0,0.0
46,teacher_expert,1.0,0.0,0.0,0.39423913536322497,0.0,0.015594402328133583,0.0,1.3733729124069214,1.9437034130096436,0.0,0.0
46,game_cfm_raw,1.0,0.0,0.0,0.3891942548293697,0.0012228244449943304,0.029195787385106087,0.015586351044476032,1.4360026121139526,2.081388235092163,0.0,0.0
46,game_cfm_anchored,1.0,0.0,0.0,0.36969326076149356,0.0,0.0,0.016244514854662245,1.4310985069512043,2.0813872524259165,0.0,0.0
46,nash_reference_hocbf,1.0,0.0,0.0,0.40920988338455955,0.0,0.05149660032546122,0.020729358310774063,1.3727938218469582,1.9845323516579585,0.6261343012704175,0.6605898962695452
46,game_cfm_hocbf,1.0,0.0,0.0,0.40920988338455955,0.0,0.05174320756093128,0.024685565381512304,1.4270531874457946,2.0290534978474764,0.5898366606170599,0.6281951963668801
47,nash_reference,1.0,0.0,1.0,0.293618275701445,0.0,0.0,0.018652236089110374,1.205834984779358,1.7384024858474731,0.0,0.0
47,teacher_expert,1.0,0.0,0.0,0.3849020971864152,0.0,0.029497629031538963,0.0,1.2351429462432861,1.7646970748901367,0.0,0.0
47,game_cfm_raw,1.0,0.0,1.0,0.32963822787725666,0.002754093147814274,0.028918646275997162,0.03110595792531967,1.2195082902908325,1.9215413331985474,0.0,0.0
47,game_cfm_anchored,1.0,0.0,1.0,0.3115678599396389,0.0,0.0,0.023440857029932483,1.2234111630610396,1.9215435608766809,0.0,0.0
47,nash_reference_hocbf,1.0,0.0,0.0,0.503655746932647,0.0,0.02971622492303458,0.013864944945519882,1.2472200749035058,1.7462109025334265,0.2413793103448276,0.7676012931029508
47,game_cfm_hocbf,1.0,0.0,0.0,0.5016755556568354,0.0,0.03108206515321522,0.01574405274355123,1.2500134320799845,1.9166924417198106,0.27586206896551724,0.6484447169682396
48,nash_reference,1.0,0.0,0.0,0.48644386641144083,0.0,0.0,0.023570168763399124,1.4118849039077759,2.388462543487549,0.0,0.0
48,teacher_expert,1.0,0.0,0.0,0.5465014958703038,0.0,0.04028546065092087,0.0,1.4342474937438965,2.4298815727233887,0.0,0.0
48,game_cfm_raw,1.0,0.0,0.0,0.4942975330417449,0.0032991862390190363,0.017117498442530632,0.02146037667989731,1.4313650131225586,2.285015344619751,0.0,0.0
48,game_cfm_anchored,1.0,0.0,0.0,0.49456565793831325,0.0,0.0,0.021117616805884164,1.4275715294056779,2.285014532039611,0.0,0.0
48,nash_reference_hocbf,1.0,0.0,0.0,0.6021502914360577,0.0,0.04022136846432799,0.005797807200939133,1.4154795842227885,2.2980630258689767,0.0998185117967332,0.46330083850375564
48,game_cfm_hocbf,1.0,0.0,0.0,0.6102099891162293,0.0,0.039085768204033665,0.012448810704787676,1.3874358005510452,2.146935502047205,0.09074410163339383,0.48108486423642544
49,nash_reference,1.0,0.0,1.0,0.30447686619029063,0.0,0.0,0.0215618759393692,1.3264636993408203,1.9087241888046265,0.0,0.0
49,teacher_expert,1.0,0.0,0.0,0.4124891811127869,0.0,0.02683359570801258,0.0,1.3303898572921753,1.9188177585601807,0.0,0.0
49,game_cfm_raw,1.0,0.0,0.0,0.3914021584698935,0.0031963251531124115,0.030441168695688248,0.020427647978067398,1.3702001571655273,1.9294428825378418,0.0,0.0
49,game_cfm_anchored,1.0,0.0,0.0,0.36972553884700543,0.0,0.0,0.017909434617074248,1.3638313610428956,1.9294473125040688,0.0,0.0
49,nash_reference_hocbf,1.0,0.0,0.0,0.4520988514077519,0.0,0.03661287208625254,0.019391881268727644,1.323114586512395,1.902528017052498,0.6134301270417423,0.5719752504404924
49,game_cfm_hocbf,1.0,0.0,0.0,0.4520988514077519,0.0,0.03669060065717336,0.02390140276760402,1.3624170460614766,1.843725699864108,0.5698729582577132,0.5318573835675454
50,nash_reference,1.0,0.0,1.0,0.30915807645860643,0.0,0.0,0.023370003327727318,1.4245275259017944,2.383753538131714,0.0,0.0
50,teacher_expert,1.0,0.0,0.0,0.42040518865209825,0.0,0.03512752801179886,0.0,1.4375872611999512,2.196441411972046,0.0,0.0
50,game_cfm_raw,1.0,0.0,1.0,0.33328215892296753,0.0018118363805115223,0.020688548684120178,0.02300475351512432,1.488418698310852,2.679694890975952,0.0,0.0
50,game_cfm_anchored,1.0,0.0,1.0,0.320669762426416,0.0,0.0,0.022035080164229406,1.4838354546889667,2.679692763993339,0.0,0.0
50,nash_reference_hocbf,1.0,0.0,0.0,0.5218703660514598,0.0,0.035353446586841086,0.0133710972364161,1.4290591209061205,1.9186748913660305,0.27223230490018147,0.8291878044712536
50,game_cfm_hocbf,1.0,0.0,0.0,0.5210790955167263,0.0,0.03557263625636558,0.02312482791266447,1.4330047685640108,2.0840693504338965,0.2776769509981851,0.8261176122201338
51,nash_reference,1.0,0.0,1.0,0.3025040190844158,0.0,0.0,0.018532179296016693,1.3136497735977173,2.0851752758026123,0.0,0.0
51,teacher_expert,1.0,0.0,0.0,0.4148066236924351,0.0,0.02232510782778263,0.0,1.3296319246292114,2.1082825660705566,0.0,0.0
51,game_cfm_raw,1.0,0.0,0.0,0.4097399061306125,0.002430770080536604,0.028240416198968887,0.013510938733816147,1.3383840322494507,2.077113628387451,0.0,0.0
51,game_cfm_anchored,1.0,0.0,0.0,0.39564578353984864,0.0,0.0,0.011887294627258523,1.3330406167060525,2.0771119328219423,0.0,0.0
51,nash_reference_hocbf,1.0,0.0,0.0,0.5152301748718043,0.0,0.02228678780488244,0.011043986997372256,1.3153581688276097,2.019048569839753,0.13793103448275862,1.0080312961281799
51,game_cfm_hocbf,1.0,0.0,0.0,0.5322189398723465,0.0,0.02288258242956178,0.01849245709824934,1.3332790809872601,2.01618263075155,0.09437386569872959,0.8694342031704281
52,nash_reference,1.0,0.0,1.0,0.2936189417755792,0.0,0.0,0.023578133434057236,1.1126207113265991,1.5353437662124634,0.0,0.0
52,teacher_expert,1.0,0.0,0.0,0.41562556838561604,0.0,0.035897016525268555,0.0,1.1281747817993164,1.5147534608840942,0.0,0.0
52,game_cfm_raw,1.0,0.0,1.0,0.35366004727072897,0.002805444411933422,0.02466580644249916,0.02341468259692192,1.1188198328018188,2.155919075012207,0.0,0.0
52,game_cfm_anchored,1.0,0.0,0.0,0.36249626631947773,0.0,0.0,0.01914789799923466,1.1241850489146916,2.155920395634038,0.0,0.0
52,nash_reference_hocbf,1.0,0.0,0.0,0.5246440316298482,0.0,0.035590515924732134,0.01235073282721819,1.1205767721046462,1.4462558167247117,0.17604355716878403,0.7208884231576621
52,game_cfm_hocbf,1.0,0.0,0.0,0.536638631180007,0.0,0.03560800621996073,0.01623849439538986,1.1246447042376382,1.4930663305222294,0.09800362976406533,0.7510409679851003
53,nash_reference,1.0,0.0,1.0,0.29995842742163,0.0,0.0,0.014078943990170956,1.2116199731826782,1.6752201318740845,0.0,0.0
53,teacher_expert,1.0,0.0,0.0,0.3862410874162664,0.0,0.02032376639544964,0.0,1.2017338275909424,1.670575737953186,0.0,0.0
53,game_cfm_raw,1.0,0.0,0.0,0.3644066130925255,0.003864462487399578,0.024464361369609833,0.016589228063821793,1.2057240009307861,1.8341090679168701,0.0,0.0
53,game_cfm_anchored,1.0,0.0,0.0,0.3643131759063566,0.0,0.0,0.012942148688464378,1.2065359730711942,1.8341107791466922,0.0,0.0
53,nash_reference_hocbf,1.0,0.0,0.0,0.4994909207555945,0.0,0.020442784138527348,0.012726601672357295,1.1932701686911245,1.6148209971958536,0.22867513611615245,0.724376726747944
53,game_cfm_hocbf,1.0,0.0,0.0,0.4997528651066048,0.0,0.020741435264386626,0.017486563559767184,1.189142179219307,1.6900171132509665,0.1705989110707804,0.6670895555691235
54,nash_reference,1.0,0.0,1.0,0.29681441101392375,0.0,0.0,0.01717233657836914,1.2172021865844727,1.6107980012893677,0.0,0.0
54,teacher_expert,1.0,0.0,0.0,0.3954183327587593,0.0,0.02314860001206398,0.0,1.2188795804977417,1.619394063949585,0.0,0.0
54,game_cfm_raw,1.0,0.0,0.0,0.3896394452496396,0.0036788959987461567,0.02449071779847145,0.014255423098802567,1.2269604206085205,1.874441146850586,0.0,0.0
54,game_cfm_anchored,1.0,0.0,0.0,0.403696644271192,0.0,0.0,0.012945459889179872,1.2283083194682454,1.8744439271769622,0.0,0.0
54,nash_reference_hocbf,1.0,0.0,0.0,0.5039728795999635,0.0,0.023195289294432386,0.012674537284201063,1.2105806967703023,1.575096556189596,0.22141560798548093,0.7121609818423578
54,game_cfm_hocbf,1.0,0.0,0.0,0.504010955484702,0.0,0.022447085281383276,0.014647418467815159,1.2080646664401435,1.6850032536962334,0.22141560798548093,0.3576554572418448
55,nash_reference,1.0,0.0,1.0,0.2971417421160877,0.0,0.0,0.01742035709321499,1.3298308849334717,1.7358217239379883,0.0,0.0
55,teacher_expert,1.0,0.0,0.0,0.4068495877399408,0.0,0.020611992105841637,0.0,1.3307465314865112,1.739348292350769,0.0,0.0
55,game_cfm_raw,1.0,0.0,0.0,0.4158122494958154,0.001448693685233593,0.02216339483857155,0.014757133089005947,1.3509083986282349,1.9021415710449219,0.0,0.0
55,game_cfm_anchored,1.0,0.0,0.0,0.40327470106919794,0.0,0.0,0.012838577671225735,1.350317168865846,1.9021401541669383,0.0,0.0
55,nash_reference_hocbf,1.0,0.0,0.0,0.5148444374513524,0.0,0.0204119018029646,0.011995986719234688,1.32152232819837,1.6985181506403138,0.15970961887477314,0.8577986374218813
55,game_cfm_hocbf,1.0,0.0,0.0,0.5245062059918966,0.0,0.02034437012744223,0.01639474916828058,1.3494196057195267,1.839454145553982,0.12341197822141561,0.5201404103343692
56,nash_reference,1.0,0.0,1.0,0.3032649918289777,0.0,0.0,0.015530143864452839,1.34355890750885,1.949373722076416,0.0,0.0
56,teacher_expert,1.0,0.0,0.0,0.4025221766003336,0.0,0.020973343402147293,0.0,1.3369154930114746,1.9136120080947876,0.0,0.0
56,game_cfm_raw,1.0,0.0,0.0,0.4043238014469898,0.0033084636088460684,0.020646002143621445,0.016895832493901253,1.345961093902588,1.8413105010986328,0.0,0.0
56,game_cfm_anchored,1.0,0.0,0.0,0.41500857122296936,0.0,0.0,0.013785233751604392,1.346887362323969,1.8413122601397718,0.0,0.0
56,nash_reference_hocbf,1.0,0.0,0.0,0.5090580937187388,0.0,0.02083714115322921,0.01231158922840095,1.3254271398973618,1.8370763577428777,0.21234119782214156,0.8042489045613621
56,game_cfm_hocbf,1.0,0.0,0.0,0.5106651091918697,0.0,0.02102350309807803,0.013421474299690643,1.3175055138763232,1.7629084415394196,0.1869328493647913,0.4835624829128901
57,nash_reference,1.0,0.0,1.0,0.30658823195115203,0.0,0.0,0.02534029260277748,1.3079665899276733,2.063913583755493,0.0,0.0
57,teacher_expert,1.0,0.0,0.0,0.4147194089222625,0.0,0.030163343995809555,0.0,1.299073576927185,1.852424144744873,0.0,0.0
57,game_cfm_raw,1.0,0.0,1.0,0.35373191170882784,0.0021337007638067007,0.01632743887603283,0.021918609738349915,1.3404957056045532,2.1048221588134766,0.0,0.0
57,game_cfm_anchored,1.0,0.0,1.0,0.3566682610334242,0.0,0.0,0.021878297001828164,1.3416272438851802,2.1048243738559225,0.0,0.0
57,nash_reference_hocbf,1.0,0.0,0.0,0.4351077037975331,0.0,0.03094939934122426,0.017025865182971386,1.2862781641596768,1.7787907964998537,0.3103448275862069,1.083279585203215
57,game_cfm_hocbf,1.0,0.0,0.0,0.4351077037975331,0.0,0.030715572340919546,0.01889934776237775,1.306536187377177,1.7744652673336871,0.25226860254083483,1.0101703030046107
58,nash_reference,1.0,0.0,1.0,0.3048845840662796,0.0,0.0,0.014742176048457623,1.362064242362976,1.9541460275650024,0.0,0.0
58,teacher_expert,1.0,0.0,0.0,0.40476994445685693,0.0,0.01928955875337124,0.0,1.3672723770141602,1.8272212743759155,0.0,0.0
58,game_cfm_raw,1.0,0.0,0.0,0.36130316574653465,0.0020352648571133614,0.034954044967889786,0.02131226845085621,1.4002960920333862,2.011793375015259,0.0,0.0
58,game_cfm_anchored,1.0,0.0,1.0,0.33336512500700555,0.0,0.0,0.01580804325097101,1.3933087809657614,2.011793223622632,0.0,0.0
58,nash_reference_hocbf,1.0,0.0,0.0,0.4997791969869814,0.0,0.018433065814625112,0.015520912918123811,1.3635195307133097,1.806943624188959,0.4646098003629764,0.5577588606598227
58,game_cfm_hocbf,1.0,0.0,0.0,0.5013154665327294,0.0,0.017945955328743636,0.02024899449998102,1.3914780823895208,1.8845823703013316,0.3992740471869328,0.6378278367283012
59,nash_reference,1.0,0.0,1.0,0.311064831079142,0.0,0.0,0.015018253587186337,1.450573444366455,2.2739992141723633,0.0,0.0
59,teacher_expert,1.0,0.0,0.0,0.41577809638559454,0.0,0.020295940339565277,0.0,1.441335678100586,2.2790024280548096,0.0,0.0
59,game_cfm_raw,1.0,0.0,0.0,0.3710897837582669,0.001537431962788105,0.025039272382855415,0.030223293229937553,1.4817105531692505,2.370567798614502,0.0,0.0
59,game_cfm_anchored,1.0,0.0,0.0,0.3668839219204251,0.0,0.0,0.024184194661475325,1.4806390379069478,2.3705655076015275,0.0,0.0
59,nash_reference_hocbf,1.0,0.0,0.0,0.515777781843936,0.0,0.02037350153106099,0.010759008196433707,1.425570676564668,2.1935196925032403,0.15789473684210525,1.0200969178970036
59,game_cfm_hocbf,1.0,0.0,0.0,0.5178804163808546,0.0,0.02146170476920861,0.0196062497903816,1.4173473033842983,2.1554935924610485,0.13430127041742287,0.9146057280724186
60,nash_reference,1.0,0.0,1.0,0.2961488397228707,0.0,0.0,0.013024874031543732,1.2378087043762207,1.696984887123108,0.0,0.0
60,teacher_expert,1.0,0.0,0.0,0.39085869123339684,0.0,0.017856378108263016,0.0,1.2680219411849976,1.6873714923858643,0.0,0.0
60,game_cfm_raw,1.0,0.0,0.0,0.3856340441153444,0.0012193107977509499,0.02373461052775383,0.012416456826031208,1.2760602235794067,1.853716254234314,0.0,0.0
60,game_cfm_anchored,1.0,0.0,0.0,0.3884640848624678,0.0,0.0,0.00957437262532128,1.2751603821402997,1.8537158251985273,0.0,0.0
60,nash_reference_hocbf,1.0,0.0,0.0,0.5038760033655204,0.0,0.01805692187184842,0.013085010374878966,1.2681396249005397,1.6639331208698034,0.24863883847549909,0.7325290964322468
60,game_cfm_hocbf,1.0,0.0,0.0,0.49836511715775017,0.0,0.018284913335994395,0.01350109234510583,1.258235880607568,1.7254991068573042,0.25226860254083483,0.4930994073524508
61,nash_reference,1.0,0.0,1.0,0.3160954145381236,0.0,0.0,0.019047601148486137,1.5542967319488525,2.3916544914245605,0.0,0.0
61,teacher_expert,1.0,0.0,0.0,0.42671785421766667,0.0,0.024699263274669647,0.0,1.5409071445465088,2.3438148498535156,0.0,0.0
61,game_cfm_raw,1.0,0.0,0.0,0.3887980083366149,0.002025653375312686,0.0280921570956707,0.019539013504981995,1.5635401010513306,2.527390241622925,0.0,0.0
61,game_cfm_anchored,1.0,0.0,0.0,0.37500164668809516,0.0,0.0,0.016604156269447768,1.5615347791349696,2.5273928850446326,0.0,0.0
61,nash_reference_hocbf,1.0,0.0,0.0,0.5242032557783177,0.0,0.02475536005164835,0.010397500298041828,1.5274463152315032,2.2462738519744074,0.1560798548094374,1.0349511592091223
61,game_cfm_hocbf,1.0,0.0,0.0,0.5294598777253077,0.0,0.025721845163350854,0.01657073837332721,1.540627727951981,2.294172980389467,0.147005444646098,0.8016429300850073
62,nash_reference,1.0,0.0,1.0,0.3041393237739866,0.0,0.0,0.0140697555616498,1.3298228979110718,2.101529359817505,0.0,0.0
62,teacher_expert,1.0,0.0,0.0,0.3950500594083523,0.0,0.018692217767238617,0.0,1.327504277229309,2.0604889392852783,0.0,0.0
62,game_cfm_raw,1.0,0.0,0.0,0.3836762361055229,0.0018865863094106317,0.022631177678704262,0.020865757018327713,1.3422210216522217,2.2204346656799316,0.0,0.0
62,game_cfm_anchored,1.0,0.0,0.0,0.3661882264166829,0.0,0.0,0.01642331139044857,1.3403405502203518,2.220433449450885,0.0,0.0
62,nash_reference_hocbf,1.0,0.0,0.0,0.503263121293015,0.0,0.018707004269107885,0.013562519558746681,1.3160498486241812,1.8433509280860354,0.23411978221415608,0.810346020934065
62,game_cfm_hocbf,1.0,0.0,0.0,0.5177351534066261,0.0,0.019853398322284735,0.02079536391740316,1.3351137566222733,1.9241760230231204,0.2177858439201452,0.6779692520023448
63,nash_reference,1.0,0.0,1.0,0.3004908715759796,0.0,0.0,0.02050880156457424,1.2945246696472168,2.022812604904175,0.0,0.0
63,teacher_expert,1.0,0.0,0.0,0.3697477484815964,0.0,0.030509646981954575,0.0,1.3053333759307861,2.03470516204834,0.0,0.0
63,game_cfm_raw,1.0,0.0,1.0,0.35327151752794134,0.0036699536722153425,0.030832981690764427,0.026183582842350006,1.2914456129074097,2.220590829849243,0.0,0.0
63,game_cfm_anchored,1.0,0.0,1.0,0.3394533912562614,0.0,0.0,0.02200993430661106,1.2879888086608988,2.220588456447436,0.0,0.0
63,nash_reference_hocbf,1.0,0.0,0.0,0.4822845448558287,0.0,0.0494367836274087,0.023054145526423958,1.2913637621679195,1.9580910992380547,0.5970961887477314,0.6528369873109812
63,game_cfm_hocbf,1.0,0.0,0.0,0.4822845448558287,0.0,0.049948490792061366,0.028765794269034667,1.2977784905177636,2.247863710079671,0.5517241379310345,0.6624331385786484
64,nash_reference,1.0,0.0,1.0,0.3039152930906035,0.0,0.0,0.01691657118499279,1.3526371717453003,2.3399977684020996,0.0,0.0
64,teacher_expert,1.0,0.0,0.0,0.42459815126080774,0.0,0.017212551087141037,0.0,1.3605040311813354,2.363201141357422,0.0,0.0
64,game_cfm_raw,1.0,0.0,0.0,0.3689170254698027,0.00611480325460434,0.040397658944129944,0.020065315067768097,1.3698585033416748,2.451876163482666,0.0,0.0
64,game_cfm_anchored,1.0,0.0,1.0,0.34769295415631957,0.0,0.0,0.014255367406925533,1.363228890922447,2.4518779855617225,0.0,0.0
64,nash_reference_hocbf,1.0,0.0,0.0,0.5219992194722822,0.0,0.017183385469398536,0.010525965771170718,1.342254860987011,2.2316419970118235,0.1306715063520871,1.0595957945508105
64,game_cfm_hocbf,1.0,0.0,0.0,0.5269367722502584,0.0,0.015866632345546715,0.014491361024373014,1.3522253711543866,2.291800975008496,0.12522686025408347,0.8799105382959632
65,nash_reference,1.0,0.0,1.0,0.30064367740748593,0.0,0.0,0.014180963858962059,1.2477446794509888,1.8806111812591553,0.0,0.0
65,teacher_expert,1.0,0.0,0.0,0.37576149082567695,0.0,0.02553887479007244,0.0,1.236547589302063,1.8423058986663818,0.0,0.0
65,game_cfm_raw,1.0,0.0,0.0,0.42440903374084776,0.00343326386064291,0.0277208611369133,0.02760087326169014,1.2562137842178345,2.0349700450897217,0.0,0.0
65,game_cfm_anchored,1.0,0.0,0.0,0.4093784653598324,0.0,0.0,0.019491073150650455,1.255342667123115,2.0349704293870174,0.0,0.0
65,nash_reference_hocbf,1.0,0.0,0.0,0.4917685912776823,0.0,0.02542877109338039,0.014727152585410479,1.2283647027250437,1.7723374719833114,0.2577132486388385,0.8012853923588822
65,game_cfm_hocbf,1.0,0.0,0.0,0.49656309450616165,0.0,0.025925131274671456,0.019569011972515232,1.217110861329881,1.7979056762059258,0.22686025408348456,0.5541101121554854
66,nash_reference,1.0,0.0,1.0,0.29557468777577617,0.0,0.0,0.014493240974843502,1.2185554504394531,1.7231988906860352,0.0,0.0
66,teacher_expert,1.0,0.0,0.0,0.3901754006617969,0.0,0.018590047955513,0.0,1.210029125213623,1.7270524501800537,0.0,0.0
66,game_cfm_raw,1.0,0.0,1.0,0.34836674015835856,0.002766876481473446,0.02341584861278534,0.020495634526014328,1.2742732763290405,1.834617257118225,0.0,0.0
66,game_cfm_anchored,1.0,0.0,1.0,0.33169577481280205,0.0,0.0,0.016897781170486712,1.2723237269995438,1.834614031699209,0.0,0.0
66,nash_reference_hocbf,1.0,0.0,0.0,0.5046761849412682,0.0,0.018571235813829592,0.012951812349985551,1.2182052285270124,1.6680744228967668,0.17785843920145192,0.8895034841852952
66,game_cfm_hocbf,1.0,0.0,0.0,0.5128241169230154,0.0,0.018459144231221032,0.01867257456065031,1.240635958756073,1.6346966452289675,0.15789473684210525,0.8632170101549371
67,nash_reference,1.0,0.0,1.0,0.29618054364500973,0.0,0.0,0.010625208728015423,1.1319172382354736,1.5212992429733276,0.0,0.0
67,teacher_expert,1.0,0.0,0.0,0.3826741504862907,0.0,0.010985380969941616,0.0,1.1358613967895508,1.527315616607666,0.0,0.0
67,game_cfm_raw,1.0,0.0,1.0,0.351433232327895,0.004719670861959457,0.032008081674575806,0.026097798720002174,1.2172685861587524,1.7024188041687012,0.0,0.0
67,game_cfm_anchored,1.0,0.0,0.0,0.37569742399993705,0.0,0.0,0.019548440593937795,1.21474758519667,1.7024188966880012,0.0,0.0
67,nash_reference_hocbf,1.0,0.0,0.0,0.38846454556987864,0.0,0.058098715147442845,0.024500706792227805,1.1383927782071317,1.5149461656789418,0.662431941923775,0.6243209730278778
67,game_cfm_hocbf,1.0,0.0,0.0,0.38846454556987864,0.0,0.05800171952705589,0.03061128783915323,1.1838943942049134,1.396157293700838,0.6098003629764065,0.6172372870776429
68,nash_reference,1.0,0.0,1.0,0.29613668132630167,0.0,0.0,0.014474121853709221,1.2849763631820679,1.6981202363967896,0.0,0.0
68,teacher_expert,1.0,0.0,0.0,0.39037121907614414,0.0,0.021486200392246246,0.0,1.3129968643188477,1.7199466228485107,0.0,0.0
68,game_cfm_raw,1.0,0.0,1.0,0.3115431867177824,0.004623303655534983,0.023898188024759293,0.02818649262189865,1.2617062330245972,1.9052417278289795,0.0,0.0
68,game_cfm_anchored,1.0,0.0,1.0,0.31606919109355885,0.0,0.0,0.021778118654794287,1.2626852763707408,1.9052425716369843,0.0,0.0
68,nash_reference_hocbf,1.0,0.0,0.0,0.5052822076750448,0.0,0.02160354586899828,0.014184854338112878,1.2904337773470391,1.6890132655805201,0.2776769509981851,0.7385540338657687
68,game_cfm_hocbf,1.0,0.0,0.0,0.5074052821680202,0.0,0.022123554385801467,0.01987025093461078,1.2698363660624095,1.7552440459427234,0.24682395644283123,0.7214135902311939
69,nash_reference,1.0,0.0,1.0,0.30105456165933947,0.0,0.0,0.013846502639353275,1.287015438079834,1.9745573997497559,0.0,0.0
69,teacher_expert,1.0,0.0,0.0,0.401823430786781,0.0,0.014821898192167282,0.0,1.2801330089569092,1.9806811809539795,0.0,0.0
69,game_cfm_raw,1.0,0.0,0.0,0.38992811501575453,0.0038199021946638823,0.0117325559258461,0.015352201648056507,1.3586161136627197,1.880013346672058,0.0,0.0
69,game_cfm_anchored,1.0,0.0,0.0,0.38727702953286025,0.0,0.0,0.013945974793525443,1.35591621989009,1.8800155502265343,0.0,0.0
69,nash_reference_hocbf,1.0,0.0,0.0,0.44258109029639536,0.0,0.014867023041572863,0.014376174281264373,1.2741268143191842,1.9845797487712533,0.23593466424682397,0.8337488671488728
69,game_cfm_hocbf,1.0,0.0,0.0,0.44258109029639536,0.0,0.01573530783892446,0.019345188152187488,1.3410030080892417,1.8688692512642615,0.19600725952813067,0.6862987537662972
70,nash_reference,1.0,0.0,1.0,0.3009120874362997,0.0,0.0,0.021806025877594948,1.391198754310608,2.011138677597046,0.0,0.0
70,teacher_expert,1.0,0.0,0.0,0.39555752593473104,0.0,0.03362590819597244,0.0,1.398667335510254,2.0216331481933594,0.0,0.0
70,game_cfm_raw,1.0,0.0,1.0,0.3543692067562212,0.0045662191696465015,0.027766551822423935,0.02948894165456295,1.3643827438354492,1.9885118007659912,0.0,0.0
70,game_cfm_anchored,1.0,0.0,0.0,0.36029090898650834,0.0,0.0,0.023255427552757068,1.3665147481050635,1.988510303020409,0.0,0.0
70,nash_reference_hocbf,1.0,0.0,0.0,0.5006459737007947,0.0,0.033652333990591116,0.016101499481739612,1.3977996069368113,1.9712386881634114,0.2867513611615245,0.7287528902969823
70,game_cfm_hocbf,1.0,0.0,0.0,0.5014272670451619,0.0,0.03456081535165395,0.017345462196095434,1.364175562251826,1.8241237033059943,0.29764065335753176,0.49202777451101015
71,nash_reference,1.0,0.0,1.0,0.2994195093643406,0.0,0.0,0.018904436379671097,1.4462989568710327,2.2044880390167236,0.0,0.0
71,teacher_expert,1.0,0.0,0.0,0.43292487962605375,0.0,0.019853245466947556,0.0,1.4817990064620972,2.237400531768799,0.0,0.0
71,game_cfm_raw,1.0,0.0,0.0,0.41414689628926865,0.0018261373043060303,0.012390868738293648,0.013864203356206417,1.4707969427108765,2.1034629344940186,0.0,0.0
71,game_cfm_anchored,1.0,0.0,0.0,0.4115319723247075,0.0,0.0,0.013549241874943711,1.4702835753941954,2.1034647864062475,0.0,0.0
71,nash_reference_hocbf,1.0,0.0,0.0,0.5009027365827614,0.0,0.01956839121122487,0.015594187977249447,1.4179244449741653,2.1543642907389704,0.27404718693284935,0.8160123058097815
71,game_cfm_hocbf,1.0,0.0,0.0,0.5032075256230065,0.0,0.019557692500230404,0.01701027703644087,1.42456132508187,2.0432696089563653,0.3176043557168784,0.4748304515832078
72,nash_reference,1.0,0.0,1.0,0.2992914836413678,0.0,0.0,0.01963120698928833,1.255068063735962,1.670979380607605,0.0,0.0
72,teacher_expert,1.0,0.0,0.0,0.37720235046044026,0.0,0.03347893804311752,0.0,1.2419451475143433,1.6948261260986328,0.0,0.0
72,game_cfm_raw,1.0,0.0,1.0,0.3476290520639387,0.0029367024544626474,0.02938016504049301,0.026585416868329048,1.3158525228500366,2.0071730613708496,0.0,0.0
72,game_cfm_anchored,1.0,0.0,1.0,0.3297202700473605,0.0,0.0,0.023253691317735053,1.311768337884333,2.0071712266233637,0.0,0.0
72,nash_reference_hocbf,1.0,0.0,0.0,0.4940410159735617,0.0,0.033835556837727335,0.013416731318539297,1.2355886089691819,1.6768575634560943,0.21960072595281308,0.8265031829743111
72,game_cfm_hocbf,1.0,0.0,0.0,0.49808216772406466,0.0,0.035265661034725074,0.020397591967692166,1.2300044554418186,1.839498246370075,0.19056261343012704,0.8132685367515606
73,nash_reference,1.0,0.0,1.0,0.3100692243759323,0.0,0.0,0.013763811439275742,1.4232529401779175,2.2851688861846924,0.0,0.0
73,teacher_expert,1.0,0.0,0.0,0.40267419001632565,0.0,0.01801486685872078,0.0,1.4228589534759521,2.2905337810516357,0.0,0.0
73,game_cfm_raw,1.0,0.0,0.0,0.3629887927304476,0.004532283172011375,0.025474315509200096,0.022333800792694092,1.5572127103805542,2.3463902473449707,0.0,0.0
73,game_cfm_anchored,1.0,0.0,0.0,0.3683061768358207,0.0,0.0,0.01957788307646755,1.5544841778645855,2.3463872480726504,0.0,0.0
73,nash_reference_hocbf,1.0,0.0,0.0,0.49997278095744785,0.0,0.018095389574454383,0.015149541252132774,1.4202337475365459,2.2556409649783165,0.27041742286751363,0.8844050669807646
73,game_cfm_hocbf,1.0,0.0,0.0,0.5024847106993209,0.0,0.019333448452634853,0.02350984761792512,1.5422373830283607,2.3910788127599374,0.2250453720508167,0.8727098776682901
74,nash_reference,1.0,0.0,1.0,0.3108901222312228,0.0,0.0,0.022265590727329254,1.5180110931396484,2.4681849479675293,0.0,0.0
74,teacher_expert,1.0,0.0,0.0,0.4547382136729783,0.0,0.022878572344779968,0.0,1.522584319114685,2.4746623039245605,0.0,0.0
74,game_cfm_raw,1.0,0.0,1.0,0.32898670251434053,0.0022176960483193398,0.025176219642162323,0.029628144577145576,1.5445913076400757,2.725642204284668,0.0,0.0
74,game_cfm_anchored,1.0,0.0,1.0,0.32291889647642485,0.0,0.0,0.025044190726125976,1.5459512865990697,2.7256443483292787,0.0,0.0
74,nash_reference_hocbf,1.0,0.0,0.0,0.522767490481565,0.0,0.02258529793533324,0.016099621030934687,1.4527363759917007,2.2908246915363715,0.2540834845735027,1.0233914427511013
74,game_cfm_hocbf,1.0,0.0,0.0,0.5229327867060458,0.0,0.023335508533709592,0.025179384248644646,1.4620158294737586,2.477747759519654,0.33212341197822143,0.8157234987371951
75,nash_reference,1.0,0.0,1.0,0.2993989951211447,0.0,0.0,0.013969315215945244,1.3232766389846802,1.7931044101715088,0.0,0.0
75,teacher_expert,1.0,0.0,0.0,0.3905324519002973,0.0,0.018624601885676384,0.0,1.3251383304595947,1.769287347793579,0.0,0.0
75,game_cfm_raw,1.0,0.0,0.0,0.3707194218826061,0.004945079796016216,0.030382473021745682,0.02265270985662937,1.3335192203521729,1.8845090866088867,0.0,0.0
75,game_cfm_anchored,1.0,0.0,0.0,0.39078192841019044,0.0,0.0,0.016728510410455956,1.3336958560589771,1.8845072520535073,0.0,0.0
75,nash_reference_hocbf,1.0,0.0,0.0,0.49589206379632556,0.0,0.018637200886019,0.01396347693388429,1.3217467728467376,1.7541177104850887,0.279491833030853,0.662895747547534
75,game_cfm_hocbf,1.0,0.0,0.0,0.4986089118665253,0.0,0.018780399684934786,0.01832841359205027,1.347273471770804,1.8230230382152484,0.22141560798548093,0.5714378464946864
76,nash_reference,1.0,0.0,1.0,0.30273990800235634,0.0,0.0,0.02532152645289898,1.436221718788147,2.1162376403808594,0.0,0.0
76,teacher_expert,1.0,0.0,0.0,0.3846639507114479,0.0,0.036367617547512054,0.0,1.4594131708145142,2.066694736480713,0.0,0.0
76,game_cfm_raw,1.0,0.0,1.0,0.3507318956139362,0.003291717264801264,0.029726654291152954,0.03129587695002556,1.4348430633544922,2.2333173751831055,0.0,0.0
76,game_cfm_anchored,1.0,0.0,1.0,0.3508332613022119,0.0,0.0,0.025830891584970532,1.4374907477830254,2.233321840990004,0.0,0.0
76,nash_reference_hocbf,1.0,0.0,0.0,0.47434891670361695,0.0,0.06071933648122367,0.027016793126626137,1.4701762259749493,2.077465951764487,0.7622504537205081,0.6534779983456835
76,game_cfm_hocbf,1.0,0.0,0.0,0.47434891670361695,0.0,0.06105766336535752,0.025383676338682562,1.4607845677382791,2.168859903652373,0.7241379310344828,0.49557957653829265
77,nash_reference,1.0,0.0,1.0,0.3061174406427371,0.0,0.0,0.019639940932393074,1.3110222816467285,2.0441701412200928,0.0,0.0
77,teacher_expert,1.0,0.0,0.0,0.40941732553393784,0.0,0.027416517958045006,0.0,1.334544062614441,2.0759575366973877,0.0,0.0
77,game_cfm_raw,1.0,0.0,1.0,0.3247484886018514,0.0017347270622849464,0.023222805932164192,0.021998528391122818,1.4460279941558838,2.290118455886841,0.0,0.0
77,game_cfm_anchored,1.0,0.0,1.0,0.33590629981892467,0.0,0.0,0.020237093731595563,1.4511290721790622,2.290115279182709,0.0,0.0
77,nash_reference_hocbf,1.0,0.0,0.0,0.5147760248993872,0.0,0.027428109581398134,0.01150515069682874,1.3445795005733165,2.0404122477770725,0.147005444646098,1.0566793743369312
77,game_cfm_hocbf,1.0,0.0,0.0,0.5328084951376253,0.0,0.027501735894862465,0.016405750563976244,1.4036085999307777,2.0809878017561974,0.11978221415607986,1.1911113379057112
78,nash_reference,1.0,0.0,1.0,0.30392868591180294,0.0,0.0,0.02153358794748783,1.3311619758605957,2.091675043106079,0.0,0.0
78,teacher_expert,1.0,0.0,0.0,0.4252612214390129,0.0,0.03153982013463974,0.0,1.3589047193527222,2.1271674633026123,0.0,0.0
78,game_cfm_raw,1.0,0.0,0.0,0.4061381044794527,0.003700623754411936,0.018950479105114937,0.014619428664445877,1.3606648445129395,2.3051466941833496,0.0,0.0
78,game_cfm_anchored,1.0,0.0,0.0,0.4075056727872066,0.0,0.0,0.016317208282595638,1.3593701195449361,2.305142967049606,0.0,0.0
78,nash_reference_hocbf,1.0,0.0,0.0,0.5260931867261236,0.0,0.03151635581083328,0.01105671887298153,1.3716176151487884,2.093362373684348,0.1397459165154265,1.0749805217654
78,game_cfm_hocbf,1.0,0.0,0.0,0.540796587863356,0.0,0.03357157043987746,0.014737158587105344,1.3747856469982511,2.240506056451659,0.09437386569872959,0.8672270336224135
79,nash_reference,1.0,0.0,1.0,0.3166468304526921,0.0,0.0,0.019995275884866714,1.4908607006072998,2.41353702545166,0.0,0.0
79,teacher_expert,1.0,0.0,0.0,0.44907570902293226,0.0,0.021564196795225143,0.0,1.5281147956848145,2.45456600189209,0.0,0.0
79,game_cfm_raw,1.0,0.0,0.0,0.38905104862958007,0.001484246226027608,0.01515735499560833,0.022754119709134102,1.524235486984253,2.688856601715088,0.0,0.0
79,game_cfm_anchored,1.0,0.0,0.0,0.3793967018484466,0.0,0.0,0.019436652451455247,1.5210373565095925,2.6888542422389916,0.0,0.0
79,nash_reference_hocbf,1.0,0.0,0.0,0.5428364423926126,0.0,0.021564039611817916,0.010011823309740604,1.532392110414955,2.4042986976792524,0.12704174228675136,1.2291625397164554
79,game_cfm_hocbf,1.0,0.0,0.0,0.5555114047493649,0.0,0.020686596482185578,0.017335919017899323,1.512582845753655,2.4969291020680173,0.1088929219600726,1.0780904884397948
80,nash_reference,1.0,0.0,1.0,0.3075285979546173,0.0,0.0,0.01862780936062336,1.313192367553711,1.8925449848175049,0.0,0.0
80,teacher_expert,1.0,0.0,0.0,0.4100891839336458,0.0,0.023632457479834557,0.0,1.3117340803146362,1.8974623680114746,0.0,0.0
80,game_cfm_raw,1.0,0.0,0.0,0.4115834465816708,0.005004250444471836,0.019694287329912186,0.020969834178686142,1.3153290748596191,1.9885398149490356,0.0,0.0
80,game_cfm_anchored,1.0,0.0,0.0,0.41182329776793647,0.0,0.0,0.018943745881881024,1.3163367357161073,1.9885349969806407,0.0,0.0
80,nash_reference_hocbf,1.0,0.0,0.0,0.49388991936711457,0.0,0.02384040346643621,0.015894777346537603,1.2678668991479274,1.8555030732665871,0.2540834845735027,1.035077755186222
80,game_cfm_hocbf,1.0,0.0,0.0,0.49388991936711457,0.0,0.02457290347374009,0.020646700864957384,1.266595240364715,1.9497394345395338,0.20326678765880218,0.8553027247792222
81,nash_reference,1.0,0.0,1.0,0.3122403746862039,0.0,0.0,0.020724164322018623,1.527090072631836,2.3498382568359375,0.0,0.0
81,teacher_expert,1.0,0.0,0.0,0.4399292462112323,0.0,0.02572331205010414,0.0,1.546791672706604,2.366788864135742,0.0,0.0
81,game_cfm_raw,1.0,0.0,0.0,0.3939851383098364,0.004074992146342993,0.02577958256006241,0.01657765358686447,1.5445315837860107,2.416673421859741,0.0,0.0
81,game_cfm_anchored,1.0,0.0,0.0,0.3779690704369043,0.0,0.0,0.01485990199859458,1.5421921391050497,2.4166762185199455,0.0,0.0
81,nash_reference_hocbf,1.0,0.0,0.0,0.4527710793740159,0.0,0.025804996207375166,0.011667796430938914,1.5297725288508703,2.2760056060558207,0.24682395644283123,0.742228729722132
81,game_cfm_hocbf,1.0,0.0,0.0,0.4527710793740159,0.0,0.025688600744178572,0.021819754870796106,1.5401172843261826,2.130104542274444,0.2613430127041742,0.6035530852959952
82,nash_reference,1.0,0.0,1.0,0.2999806253309241,0.0,0.0,0.020722704008221626,1.1988357305526733,1.850509762763977,0.0,0.0
82,teacher_expert,1.0,0.0,0.0,0.4021172796616782,0.0,0.031999021768569946,0.0,1.2158640623092651,1.8193212747573853,0.0,0.0
82,game_cfm_raw,1.0,0.0,0.0,0.39035377571755414,0.0021043920423835516,0.018506653606891632,0.021306633949279785,1.2263071537017822,1.9567615985870361,0.0,0.0
82,game_cfm_anchored,1.0,0.0,0.0,0.3879456943478364,0.0,0.0,0.018656698254137814,1.226609777316952,1.956761133645275,0.0,0.0
82,nash_reference_hocbf,1.0,0.0,0.0,0.5096704711001325,0.0,0.03194390244332867,0.012099312054458546,1.2057141426827724,1.7275327285992361,0.15970961887477314,0.8831109996706733
82,game_cfm_hocbf,1.0,0.0,0.0,0.5202073159675232,0.0,0.03200991530980528,0.015706151570700527,1.213818441208055,1.747049714441221,0.10526315789473684,0.7772062371518674
83,nash_reference,1.0,0.0,1.0,0.3032763036302879,0.0,0.0,0.01877838745713234,1.2528650760650635,1.980941891670227,0.0,0.0
83,teacher_expert,1.0,0.0,0.0,0.40098163200373266,0.0,0.027253281325101852,0.0,1.266930103302002,1.9992163181304932,0.0,0.0
83,game_cfm_raw,1.0,0.0,0.0,0.3955152834499682,0.0016894461587071419,0.010469021275639534,0.012856041081249714,1.2598514556884766,2.1049790382385254,0.0,0.0
83,game_cfm_anchored,1.0,0.0,0.0,0.389629270881033,0.0,0.0,0.013924310705663143,1.2579654365997133,2.104980918772074,0.0,0.0
83,nash_reference_hocbf,1.0,0.0,0.0,0.5065007255737752,0.0,0.027213394307405617,0.011980346572822586,1.2535190778636924,1.9192352818517155,0.2558983666061706,0.639091955963413
83,game_cfm_hocbf,1.0,0.0,0.0,0.5097040511353143,0.0,0.028312041178096662,0.013419078902407606,1.2611451729577894,1.967227068312242,0.21960072595281308,0.4307243833032336
84,nash_reference,1.0,0.0,1.0,0.2972997347796981,0.0,0.0,0.016113361343741417,1.2546226978302002,1.6548160314559937,0.0,0.0
84,teacher_expert,1.0,0.0,0.0,0.38669558425849726,0.0,0.02364528924226761,0.0,1.2519819736480713,1.661068320274353,0.0,0.0
84,game_cfm_raw,1.0,0.0,1.0,0.3133101066957466,0.003249238943681121,0.0155513696372509,0.020320860669016838,1.3141659498214722,2.0133023262023926,0.0,0.0
84,game_cfm_anchored,1.0,0.0,1.0,0.3202380330882721,0.0,0.0,0.0183069383183957,1.3150169876359803,2.0132990007653757,0.0,0.0
84,nash_reference_hocbf,1.0,0.0,0.0,0.4620773438690778,0.0,0.0237418178170115,0.01380455809174833,1.2447430071680043,1.63971030036775,0.33756805807622503,0.5498340030933149
84,game_cfm_hocbf,1.0,0.0,0.0,0.4620773438690778,0.0,0.02348114711895357,0.018516796547355958,1.2902429479904782,1.7464183896132237,0.2776769509981851,0.7032958784801819
85,nash_reference,1.0,0.0,1.0,0.3081162047905081,0.0,0.0,0.0197066068649292,1.2658677101135254,1.9409059286117554,0.0,0.0
85,teacher_expert,1.0,0.0,0.0,0.4232122729482672,0.0,0.02812090516090393,0.0,1.2835911512374878,1.971717119216919,0.0,0.0
85,game_cfm_raw,1.0,0.0,1.0,0.3437466562837438,0.0019986401312053204,0.024412943050265312,0.0288772564381361,1.353922963142395,2.2892987728118896,0.0,0.0
85,game_cfm_anchored,1.0,0.0,1.0,0.33049273118731826,0.0,0.0,0.02447426495972349,1.3528604457033393,2.28929964846371,0.0,0.0
85,nash_reference_hocbf,1.0,0.0,0.0,0.522818926301901,0.0,0.028061704716404748,0.010920641651636288,1.2910450178479047,1.9412249871430924,0.13611615245009073,1.0568138242923042
85,game_cfm_hocbf,1.0,0.0,0.0,0.5275896914465397,0.0,0.02654857361530496,0.022025982606876805,1.2711182512054517,2.08266568352559,0.1306715063520871,0.9917109768650284
86,nash_reference,1.0,0.0,1.0,0.30184501700124483,0.0,0.0,0.013934718444943428,1.3876034021377563,2.0954928398132324,0.0,0.0
86,teacher_expert,1.0,0.0,0.0,0.4178628882854616,0.0,0.010241873562335968,0.0,1.416319727897644,2.130676507949829,0.0,0.0
86,game_cfm_raw,1.0,0.0,0.0,0.3806545222420396,0.006514501757919788,0.026740368455648422,0.020657578483223915,1.4140799045562744,2.260938882827759,0.0,0.0
86,game_cfm_anchored,1.0,0.0,0.0,0.37153539350350107,0.0,0.0,0.014878837887665548,1.4197412313830267,2.260938287167979,0.0,0.0
86,nash_reference_hocbf,1.0,0.0,0.0,0.5229354993632942,0.0,0.01031491404413705,0.011766550838042119,1.4290773546471793,2.101487970816176,0.1542649727767695,1.0554145808981854
86,game_cfm_hocbf,1.0,0.0,0.0,0.5345633761535049,0.0,0.01140033850335332,0.018724643497294028,1.4423928167680846,2.178996470448995,0.13793103448275862,0.8454710403152003
87,nash_reference,1.0,0.0,1.0,0.30300085943690025,0.0,0.0,0.014058873057365417,1.3550715446472168,1.7789827585220337,0.0,0.0
87,teacher_expert,1.0,0.0,0.0,0.3968160273842645,0.0,0.02215132862329483,0.0,1.3372827768325806,1.7755824327468872,0.0,0.0
87,game_cfm_raw,1.0,0.0,0.0,0.3655477906661425,0.003257111879065633,0.0333726666867733,0.026239542290568352,1.403018593788147,2.279660701751709,0.0,0.0
87,game_cfm_anchored,1.0,0.0,1.0,0.35600142117206784,0.0,0.0,0.02017500901870828,1.402981978709831,2.2796601693842162,0.0,0.0
87,nash_reference_hocbf,1.0,0.0,0.0,0.4877739549620115,0.0,0.017272950972451736,0.02091555919884435,1.2784146311300137,1.7436743256524874,0.32304900181488205,1.125362651561255
87,game_cfm_hocbf,1.0,0.0,0.0,0.48799681243414517,0.0,0.020102233798496502,0.02506522432935053,1.3120338039794643,2.032490766246817,0.2849364791288566,1.0776637630906494
88,nash_reference,1.0,0.0,1.0,0.2988136464808716,0.0,0.0,0.02492254413664341,1.3877192735671997,1.9834779500961304,0.0,0.0
88,teacher_expert,1.0,0.0,0.0,0.4299582198919345,0.0,0.037005648016929626,0.0,1.4193848371505737,2.0108628273010254,0.0,0.0
88,game_cfm_raw,1.0,0.0,0.0,0.3932889258710466,0.002490227110683918,0.03108324110507965,0.030010655522346497,1.4220945835113525,2.117372989654541,0.0,0.0
88,game_cfm_anchored,1.0,0.0,0.0,0.39331887879148875,0.0,0.0,0.023603403222953522,1.4208324228366618,2.1173696980632117,0.0,0.0
88,nash_reference_hocbf,1.0,0.0,0.0,0.5167239881980611,0.0,0.0532355901133251,0.014775060581224025,1.3789844356196224,1.9682652399680265,0.6079854809437386,0.41439080867665795
88,game_cfm_hocbf,1.0,0.0,0.0,0.5193785145302954,0.0,0.053318080682378886,0.018458070700940344,1.369677256137927,1.988162182118134,0.46823956442831216,0.4235489907095708
89,nash_reference,1.0,0.0,1.0,0.30260673443239317,0.0,0.0,0.020397532731294632,1.3333740234375,1.9688138961791992,0.0,0.0
89,teacher_expert,1.0,0.0,0.0,0.4467356935447131,0.0,0.022284477949142456,0.0,1.3619211912155151,1.9967221021652222,0.0,0.0
89,game_cfm_raw,1.0,0.0,0.0,0.41586553035482426,0.00292186695151031,0.02433323860168457,0.01877223327755928,1.3466285467147827,1.937990665435791,0.0,0.0
89,game_cfm_anchored,1.0,0.0,0.0,0.41816359893452776,0.0,0.0,0.013778611084303,1.3484104585348933,1.937987700277755,0.0,0.0
89,nash_reference_hocbf,1.0,0.0,0.0,0.5446361456175085,0.0,0.022033421543193068,0.010790126198551336,1.3652918786530055,1.9633668794627246,0.1869328493647913,0.7834827708894312
89,game_cfm_hocbf,1.0,0.0,0.0,0.5431570101640081,0.0,0.022214418544362076,0.012774119983989324,1.3479916146223847,1.914350386614999,0.19600725952813067,0.3119283076775254
90,nash_reference,1.0,0.0,1.0,0.29180966628603616,0.0,0.0,0.015282269567251205,1.1825212240219116,1.777937412261963,0.0,0.0
90,teacher_expert,1.0,0.0,0.0,0.40423280875527007,0.0,0.014458883553743362,0.0,1.2067174911499023,1.8001117706298828,0.0,0.0
90,game_cfm_raw,1.0,0.0,1.0,0.3220863567905335,0.0033854679204523563,0.024577749893069267,0.02054010145366192,1.1730605363845825,1.960582971572876,0.0,0.0
90,game_cfm_anchored,1.0,0.0,1.0,0.33475806422385956,0.0,0.0,0.014387726899574488,1.1694791873797137,1.9605819713401695,0.0,0.0
90,nash_reference_hocbf,1.0,0.0,0.0,0.5187181257200227,0.0,0.014072294158238543,0.013463211415608377,1.2182018604044542,1.777212952712288,0.2395644283121597,0.6529777347904473
90,game_cfm_hocbf,1.0,0.0,0.0,0.5219505337314324,0.0,0.015686759243105957,0.016983962189991177,1.2027779383811488,1.841515397779261,0.1851179673321234,0.6648054980800365
91,nash_reference,1.0,0.0,1.0,0.29746470317209583,0.0,0.0,0.019321439787745476,1.1846368312835693,1.7894207239151,0.0,0.0
91,teacher_expert,1.0,0.0,0.0,0.407814853256323,0.0,0.026767579838633537,0.0,1.216119647026062,1.817489743232727,0.0,0.0
91,game_cfm_raw,1.0,0.0,1.0,0.34748128136614925,0.0026845193933695555,0.0317348837852478,0.02787470445036888,1.21366548538208,2.0073037147521973,0.0,0.0
91,game_cfm_anchored,1.0,0.0,1.0,0.34417932858658506,0.0,0.0,0.021047409732172263,1.215465725673345,2.007304731901562,0.0,0.0
91,nash_reference_hocbf,1.0,0.0,0.0,0.47591825584987446,0.0,0.026720681669198797,0.011950368582051741,1.234126256337439,1.7965640901378077,0.1869328493647913,0.8154258194013853
91,game_cfm_hocbf,1.0,0.0,0.0,0.47591825584987446,0.0,0.027813051329350386,0.01983039421623182,1.240494913753793,1.8748952251125484,0.14519056261343014,0.819946274388867
92,nash_reference,1.0,0.0,1.0,0.31541897269119495,0.0,0.0,0.01919066533446312,1.4191168546676636,2.308619499206543,0.0,0.0
92,teacher_expert,1.0,0.0,0.0,0.4584835313315766,0.0,0.014931892976164818,0.0,1.4545739889144897,2.3232040405273438,0.0,0.0
92,game_cfm_raw,1.0,0.0,0.0,0.43687733386329153,0.0021511479280889034,0.01845511421561241,0.015398014336824417,1.4601960182189941,2.3151094913482666,0.0,0.0
92,game_cfm_anchored,1.0,0.0,0.0,0.4370299898678864,0.0,0.0,0.011286402350147393,1.462153626034571,2.315108146034942,0.0,0.0
92,nash_reference_hocbf,1.0,0.0,0.0,0.5482547002471124,0.0,0.014892879949734433,0.009548455653791404,1.4609681333521969,2.2546966052623554,0.13430127041742287,1.161564560421356
92,game_cfm_hocbf,1.0,0.0,0.0,0.5551644116487331,0.0,0.015113902027918819,0.013142238578996747,1.472709880368581,2.2584496743048437,0.11978221415607986,0.6078405735674597
93,nash_reference,1.0,0.0,1.0,0.3064475642518231,0.0,0.0,0.01621394045650959,1.546262502670288,2.277756929397583,0.0,0.0
93,teacher_expert,1.0,0.0,0.0,0.39621963297226664,0.0,0.0242068562656641,0.0,1.5400381088256836,2.2850868701934814,0.0,0.0
93,game_cfm_raw,1.0,0.0,0.0,0.3920143915890373,0.002515616361051798,0.016860630363225937,0.01377185806632042,1.5528614521026611,2.1710853576660156,0.0,0.0
93,game_cfm_anchored,1.0,0.0,0.0,0.3890836718758343,0.0,0.0,0.013856717069488962,1.5520097797663064,2.171085495232462,0.0,0.0
93,nash_reference_hocbf,1.0,0.0,0.0,0.49732131880892444,0.0,0.02425729893709242,0.012867664388548819,1.5297441710426969,2.2273476981663043,0.29764065335753176,0.6472767542453874
93,game_cfm_hocbf,1.0,0.0,0.0,0.49732131880892444,0.0,0.023834002916463707,0.01839737625145084,1.5261234894124405,2.085516211786909,0.22686025408348456,0.5041884181976704
94,nash_reference,1.0,0.0,1.0,0.3052966634949087,0.0,0.0,0.020794590935111046,1.3630586862564087,1.8730300664901733,0.0,0.0
94,teacher_expert,1.0,0.0,0.0,0.4329549738607854,0.0,0.026657752692699432,0.0,1.3865528106689453,1.858508825302124,0.0,0.0
94,game_cfm_raw,1.0,0.0,0.0,0.3654969261550384,0.003545626299455762,0.030090540647506714,0.022953154519200325,1.3706153631210327,2.926915168762207,0.0,0.0
94,game_cfm_anchored,1.0,0.0,1.0,0.35593563907626824,0.0,0.0,0.019105626661232073,1.374409476312693,2.9269204798784596,0.0,0.0
94,nash_reference_hocbf,1.0,0.0,0.0,0.5333414483178922,0.0,0.026788137361204334,0.012718474779283884,1.3724558882395446,1.7948637869088304,0.21960072595281308,0.8424269330602788
94,game_cfm_hocbf,1.0,0.0,0.0,0.5464467883929137,0.0,0.027638637009370325,0.020194509566458914,1.3619280589274723,1.8467095952091592,0.20326678765880218,0.7932000628120938
95,nash_reference,1.0,0.0,1.0,0.3094397938819211,0.0,0.0,0.01670011132955551,1.3827121257781982,2.0602924823760986,0.0,0.0
95,teacher_expert,1.0,0.0,0.0,0.4344235547120016,0.0,0.017379846423864365,0.0,1.4091784954071045,2.016869068145752,0.0,0.0
95,game_cfm_raw,1.0,0.0,0.0,0.40368951550979176,0.003515510354191065,0.021861547604203224,0.014022056944668293,1.4132262468338013,2.2958178520202637,0.0,0.0
95,game_cfm_anchored,1.0,0.0,0.0,0.39466813667064116,0.0,0.0,0.0109825349831344,1.416111346747551,2.2958216191894056,0.0,0.0
95,nash_reference_hocbf,1.0,0.0,0.0,0.5328728958577827,0.0,0.01732353462792672,0.012008938702592597,1.3973856531068123,1.8973716205512265,0.20508166969147004,0.8893108593049306
95,game_cfm_hocbf,1.0,0.0,0.0,0.5480724624159021,0.0,0.017075333072500025,0.018063143956473633,1.4039708466810723,1.8755664815955224,0.1869328493647913,0.7481551317537314
96,nash_reference,1.0,0.0,1.0,0.2973928169882704,0.0,0.0,0.019357452169060707,1.253889799118042,1.5922027826309204,0.0,0.0
96,teacher_expert,1.0,0.0,0.0,0.4188621611496552,0.0,0.02630678564310074,0.0,1.26568603515625,1.6166086196899414,0.0,0.0
96,game_cfm_raw,1.0,0.0,1.0,0.3304924739245187,0.004400521516799927,0.027503903955221176,0.024030767381191254,1.2550486326217651,1.657046914100647,0.0,0.0
96,game_cfm_anchored,1.0,0.0,1.0,0.31663941306853294,0.0,0.0,0.018667368156194228,1.2542631940896387,1.6570457598387003,0.0,0.0
96,nash_reference_hocbf,1.0,0.0,0.0,0.5101492934986326,0.0,0.025526282565154317,0.01767555978849261,1.2078864404473022,1.5923495757688009,0.30127041742286753,0.787517656726413
96,game_cfm_hocbf,1.0,0.0,0.0,0.5145955742923091,0.0,0.02506778024586482,0.02387612545083978,1.2128165766963641,1.554444370171039,0.2885662431941924,0.7423408721168037
97,nash_reference,1.0,0.0,1.0,0.2947794855894651,0.0,0.0,0.02264186181128025,1.196791648864746,1.8097208738327026,0.0,0.0
97,teacher_expert,1.0,0.0,0.0,0.39271323798782437,0.0,0.037637580186128616,0.0,1.2236151695251465,1.8426282405853271,0.0,0.0
97,game_cfm_raw,1.0,0.0,1.0,0.3594763338734266,0.0021127155050635338,0.027581267058849335,0.019268199801445007,1.198519229888916,1.9063907861709595,0.0,0.0
97,game_cfm_anchored,1.0,0.0,0.0,0.37388502825423,0.0,0.0,0.01790830652600395,1.1952541408941217,1.9063912566056653,0.0,0.0
97,nash_reference_hocbf,1.0,0.0,0.0,0.5063828087078504,0.0,0.037643435991788154,0.012997790196455177,1.2437308102007296,1.8240000974899337,0.17604355716878403,0.9050548972926113
97,game_cfm_hocbf,1.0,0.0,0.0,0.5058332333246485,0.0,0.036742960063077756,0.014304825798494031,1.22826062853568,1.7710445289702343,0.1724137931034483,0.5609990690163259
98,nash_reference,1.0,0.0,1.0,0.29858479377547026,0.0,0.0,0.02319570817053318,1.2573573589324951,1.9816255569458008,0.0,0.0
98,teacher_expert,1.0,0.0,0.0,0.41355145004465105,0.0,0.03681398928165436,0.0,1.2820814847946167,2.0113203525543213,0.0,0.0
98,game_cfm_raw,1.0,0.0,0.0,0.4000863983211899,0.0025546718388795853,0.02430133707821369,0.01908683404326439,1.272253155708313,2.0700719356536865,0.0,0.0
98,game_cfm_anchored,1.0,0.0,0.0,0.3805200097958548,0.0,0.0,0.019210705572520713,1.276970163329653,2.0700691679872794,0.0,0.0
98,nash_reference_hocbf,1.0,0.0,0.0,0.5060411704883597,0.0,0.03680803485981768,0.013989154775895931,1.2560010735401665,1.9168356394788382,0.26860254083484575,0.7019306840650319
98,game_cfm_hocbf,1.0,0.0,0.0,0.5068716042588058,0.0,0.03613317137369753,0.019013517920408448,1.2694817495102997,1.9855371876355712,0.24682395644283123,0.502824851928961
99,nash_reference,1.0,0.0,1.0,0.300098746367998,0.0,0.0,0.015774207189679146,1.1733804941177368,1.6656266450881958,0.0,0.0
99,teacher_expert,1.0,0.0,0.0,0.388487993386012,0.0,0.02489493042230606,0.0,1.1636149883270264,1.62933349609375,0.0,0.0
99,game_cfm_raw,1.0,0.0,0.0,0.39662053977068634,0.0038291532546281815,0.032890405505895615,0.023486781865358353,1.1942874193191528,1.7671751976013184,0.0,0.0
99,game_cfm_anchored,1.0,0.0,0.0,0.3759300290599901,0.0,0.0,0.0150172163579052,1.1929847021122701,1.7671938720500253,0.0,0.0
99,nash_reference_hocbf,1.0,0.0,0.0,0.501298716804281,0.0,0.02486003691866165,0.012896786212964981,1.1667507861467634,1.5589406227791587,0.21052631578947367,0.7750568412918406
99,game_cfm_hocbf,1.0,0.0,0.0,0.5055331503648225,0.0,0.02552897332649884,0.01737958887690541,1.173652396797051,1.55143778482165,0.1869328493647913,0.568430604722196
100,nash_reference,1.0,0.0,1.0,0.30425924693370454,0.0,0.0,0.016735170036554337,1.3888121843338013,2.128183364868164,0.0,0.0
100,teacher_expert,1.0,0.0,0.0,0.4153773508688532,0.0,0.02034471184015274,0.0,1.3807873725891113,2.161761999130249,0.0,0.0
100,game_cfm_raw,1.0,0.0,0.0,0.39856120356065794,0.001544376602396369,0.019171319901943207,0.019572459161281586,1.4439154863357544,2.2542197704315186,0.0,0.0
100,game_cfm_anchored,1.0,0.0,0.0,0.38747321290616543,0.0,0.0,0.016827537287380567,1.4410992007455894,2.2542231857854538,0.0,0.0
100,nash_reference_hocbf,1.0,0.0,0.0,0.5196200815358929,0.0,0.02032906698112191,0.011504698574213124,1.3686235188511509,2.122770790968876,0.14882032667876588,1.0197537872350422
100,game_cfm_hocbf,1.0,0.0,0.0,0.5361252130825128,0.0,0.021501959332224693,0.017330132820870633,1.4225774113682117,2.136295197191223,0.11433756805807622,0.8880768164030792
101,nash_reference,1.0,0.0,1.0,0.3017339184300264,0.0,0.0,0.023780271410942078,1.3589177131652832,2.101097822189331,0.0,0.0
101,teacher_expert,1.0,0.0,0.0,0.4270078675821931,0.0,0.03401676565408707,0.0,1.3879444599151611,2.138129472732544,0.0,0.0
101,game_cfm_raw,1.0,0.0,1.0,0.35354537889065074,0.0033494941890239716,0.023012056946754456,0.021836668252944946,1.3789352178573608,2.23026967048645,0.0,0.0
101,game_cfm_anchored,1.0,0.0,1.0,0.3453723183501743,0.0,0.0,0.0228829608122009,1.3803594924798188,2.230272140999619,0.0,0.0
101,nash_reference_hocbf,1.0,0.0,0.0,0.5295469982112467,0.0,0.03398691675088448,0.011342351689714581,1.4016857552894735,2.106993079963842,0.15063520871143377,1.036613092821813
101,game_cfm_hocbf,1.0,0.0,0.0,0.5510399287943571,0.0,0.034011016720243474,0.02099342005784944,1.4096032591674972,2.0969486350873274,0.147005444646098,0.9394770380794683
102,nash_reference,1.0,0.0,1.0,0.303218778384976,0.0,0.0,0.014940408058464527,1.2393105030059814,1.9898229837417603,0.0,0.0
102,teacher_expert,1.0,0.0,0.0,0.40082623784039556,0.0,0.01771598309278488,0.0,1.2403115034103394,1.759225845336914,0.0,0.0
102,game_cfm_raw,1.0,0.0,0.0,0.40258117231160745,0.0028591915033757687,0.03562777861952782,0.02340061403810978,1.287489652633667,1.9522418975830078,0.0,0.0
102,game_cfm_anchored,1.0,0.0,0.0,0.40633177647270546,0.0,0.0,0.014696453130273977,1.283262777505798,1.9522405624163999,0.0,0.0
102,nash_reference_hocbf,1.0,0.0,0.0,0.4935030838604129,0.0,0.017762451213227573,0.015823887782602852,1.2317837892782009,1.6344422714777913,0.5353901996370236,0.4785583518968273
102,game_cfm_hocbf,1.0,0.0,0.0,0.4935030838604129,0.0,0.017914920285153717,0.020776046671476724,1.2628059066203763,1.7102920815790805,0.37749546279491836,0.5378645122564023
103,nash_reference,1.0,0.0,1.0,0.30461877414175326,0.0,0.0,0.016158776357769966,1.3524997234344482,1.9458932876586914,0.0,0.0
103,teacher_expert,1.0,0.0,0.0,0.42204723431740365,0.0,0.013901641592383385,0.0,1.3808341026306152,1.9721319675445557,0.0,0.0
103,game_cfm_raw,1.0,0.0,0.0,0.3850943244420946,0.0014613813254982233,0.006983303930610418,0.011043095029890537,1.4004524946212769,1.9616117477416992,0.0,0.0
103,game_cfm_anchored,1.0,0.0,0.0,0.38472894533038293,0.0,0.0,0.010389199732929247,1.3999112179293196,1.9616096955309836,0.0,0.0
103,nash_reference_hocbf,1.0,0.0,0.0,0.5254945259478883,0.0,0.013789779801041267,0.011288328142546055,1.3908042631034323,1.9469716642877437,0.147005444646098,1.0318321016949352
103,game_cfm_hocbf,1.0,0.0,0.0,0.5352894491804002,0.0,0.013686329174573082,0.014152214361626827,1.4078264334582462,1.9292293574541939,0.14519056261343014,0.6846829398898024
104,nash_reference,1.0,0.0,1.0,0.3105120608330127,0.0,0.0,0.023195311427116394,1.376139760017395,2.08380126953125,0.0,0.0
104,teacher_expert,1.0,0.0,0.0,0.4307972467991981,0.0,0.025636738166213036,0.0,1.3568941354751587,1.9467322826385498,0.0,0.0
104,game_cfm_raw,1.0,0.0,0.0,0.3874111844530643,0.004048313945531845,0.019793950021266937,0.02842034585773945,1.4081718921661377,2.046283006668091,0.0,0.0
104,game_cfm_anchored,1.0,0.0,0.0,0.3902960900365717,0.0,0.0,0.024028864842056186,1.4053432673797688,2.046280836641121,0.0,0.0
104,nash_reference_hocbf,1.0,0.0,0.0,0.5178131867406293,0.0,0.02522866299747443,0.01677118537542914,1.3052079853892078,1.878145509541279,0.2595281306715064,1.2465934247055428
104,game_cfm_hocbf,1.0,0.0,0.0,0.5178721610172135,0.0,0.02525884134294846,0.02266166722297955,1.3855642573973064,1.852622364399318,0.24682395644283123,1.122742076254003
105,nash_reference,1.0,0.0,1.0,0.308929250862942,0.0,0.0,0.013483385555446148,1.4402492046356201,2.2086334228515625,0.0,0.0
105,teacher_expert,1.0,0.0,0.0,0.40634279296750203,0.0,0.013324135914444923,0.0,1.4407109022140503,2.0272326469421387,0.0,0.0
105,game_cfm_raw,1.0,0.0,0.0,0.3812780672217417,0.003254555631428957,0.024204561486840248,0.011950023472309113,1.466799259185791,2.4255666732788086,0.0,0.0
105,game_cfm_anchored,1.0,0.0,0.0,0.38437581592975656,0.0,0.0,0.009693201540409199,1.4636756467225962,2.425568523550147,0.0,0.0
105,nash_reference_hocbf,1.0,0.0,0.0,0.5036582270021309,0.0,0.01666353299012988,0.01703285111135645,1.444922328133957,2.0189022119711257,0.542649727767695,0.585696420371457
105,game_cfm_hocbf,1.0,0.0,0.0,0.5045018072154186,0.0,0.01787104418061388,0.021817248698038482,1.4794342581720012,2.0416535629589903,0.4591651542649728,0.5583338124321887
106,nash_reference,1.0,0.0,1.0,0.3047204084494517,0.0,0.0,0.0182946864515543,1.339219570159912,2.1989731788635254,0.0,0.0
106,teacher_expert,1.0,0.0,0.0,0.4172942697584852,0.0,0.024738213047385216,0.0,1.354844570159912,2.239949941635132,0.0,0.0
106,game_cfm_raw,1.0,0.0,1.0,0.34167701487541857,0.003205209504812956,0.028545251116156578,0.030629962682724,1.3726314306259155,2.3449037075042725,0.0,0.0
106,game_cfm_anchored,1.0,0.0,1.0,0.3408904136799217,0.0,0.0,0.023344937364032762,1.3754110577081602,2.344905936865541,0.0,0.0
106,nash_reference_hocbf,1.0,0.0,0.0,0.5213390113566925,0.0,0.02472537949833941,0.011517740427881874,1.3663301671817083,2.1972091396779176,0.147005444646098,1.0203845985338071
106,game_cfm_hocbf,1.0,0.0,0.0,0.5330768337327307,0.0,0.024422744807232354,0.01792986939018746,1.3589778207963195,2.2259726037674534,0.12704174228675136,1.0018009719301946
107,nash_reference,1.0,0.0,1.0,0.3081602182356584,0.0,0.0,0.02815316431224346,1.6400150060653687,2.525125026702881,0.0,0.0
107,teacher_expert,1.0,0.0,0.0,0.45634694841055823,0.0,0.04437297582626343,0.0,1.6834673881530762,2.568183422088623,0.0,0.0
107,game_cfm_raw,1.0,0.0,1.0,0.3540482502495806,0.001478451769798994,0.02092054672539234,0.03019467554986477,1.6496479511260986,2.7029144763946533,0.0,0.0
107,game_cfm_anchored,1.0,0.0,1.0,0.3529751801684006,0.0,0.0,0.027990475002855432,1.6505191421766023,2.702909347471781,0.0,0.0
107,nash_reference_hocbf,1.0,0.0,0.0,0.5431626938588607,0.0,0.044445586469895174,0.010778430761554757,1.6712031223035422,2.5097971089272635,0.19782214156079855,0.9802041570746398
107,game_cfm_hocbf,1.0,0.0,0.0,0.5584082676930917,0.0,0.045827742124864825,0.01646670907953765,1.6529865072754881,2.6127430292137133,0.15245009074410162,1.044783182257031
108,nash_reference,1.0,0.0,1.0,0.2971519183277963,0.0,0.0,0.02424975298345089,1.0980207920074463,1.5534230470657349,0.0,0.0
108,teacher_expert,1.0,0.0,0.0,0.3880259415999832,0.0,0.036512646824121475,0.0,1.122994303703308,1.5542712211608887,0.0,0.0
108,game_cfm_raw,1.0,0.0,0.0,0.39573567826170003,0.0024068187922239304,0.02665393427014351,0.023319615051150322,1.117267370223999,1.6124534606933594,0.0,0.0
108,game_cfm_anchored,1.0,0.0,0.0,0.38233289869381226,0.0,0.0,0.02260725644445066,1.12260683360822,1.6124505972448449,0.0,0.0
108,nash_reference_hocbf,1.0,0.0,0.0,0.5032994947043418,0.0,0.0366503005802829,0.013227198527713832,1.1346243710740456,1.5007587894548422,0.23593466424682397,0.7523575529993997
108,game_cfm_hocbf,1.0,0.0,0.0,0.5100765177079684,0.0,0.0377894264343708,0.01751203757027438,1.1536320843176937,1.5246864937036346,0.1869328493647913,0.593627622700568
109,nash_reference,1.0,0.0,1.0,0.2976612812810305,0.0,0.0,0.015517747960984707,1.3741919994354248,1.868971586227417,0.0,0.0
109,teacher_expert,1.0,0.0,0.0,0.39412147517276663,0.0,0.01830323226749897,0.0,1.3808958530426025,1.879733920097351,0.0,0.0
109,game_cfm_raw,1.0,0.0,0.0,0.37417190815580503,0.0034497003071010113,0.025667497888207436,0.011535719968378544,1.3715486526489258,2.05881667137146,0.0,0.0
109,game_cfm_anchored,1.0,0.0,0.0,0.37339937167251164,0.0,0.0,0.008461908788140161,1.3724691581154091,2.058811451418406,0.0,0.0
109,nash_reference_hocbf,1.0,0.0,0.0,0.5060207729751459,0.0,0.01834674885137157,0.01651734822581439,1.3742765268104655,1.7145138921534298,0.30671506352087113,0.6669366914075118
109,game_cfm_hocbf,1.0,0.0,0.0,0.5078242781932627,0.0,0.0175060021502617,0.019502411590977414,1.3658852237738823,1.7032762653496278,0.24863883847549909,0.44982069848823986
110,nash_reference,1.0,0.0,1.0,0.29537165865508824,0.0,0.0,0.020134998485445976,1.0844316482543945,1.5000537633895874,0.0,0.0
110,teacher_expert,1.0,0.0,0.0,0.3992372282368077,0.0,0.028892260044813156,0.0,1.0807629823684692,1.5052329301834106,0.0,0.0
110,game_cfm_raw,1.0,0.0,1.0,0.3286853048607602,0.0032319524325430393,0.03296029567718506,0.023688139393925667,1.0753275156021118,1.6288197040557861,0.0,0.0
110,game_cfm_anchored,1.0,0.0,1.0,0.3092365655257015,0.0,0.0,0.021322549067346975,1.071450049061865,1.628821150571902,0.0,0.0
110,nash_reference_hocbf,1.0,0.0,0.0,0.5123666504337459,0.0,0.02881097532373677,0.012838682518159608,1.0788074467353395,1.4547008226044091,0.17604355716878403,0.8634313724204375
110,game_cfm_hocbf,1.0,0.0,0.0,0.5144993919963443,0.0,0.029800176511065236,0.01613544402332568,1.0703114204929862,1.5208648799989042,0.16515426497277677,0.8576399913716201
111,nash_reference,1.0,0.0,1.0,0.30050254660947745,0.0,0.0,0.01235498208552599,1.2451865673065186,1.8529947996139526,0.0,0.0
111,teacher_expert,1.0,0.0,0.0,0.3964139911364651,0.0,0.012941598892211914,0.0,1.2447597980499268,1.8186635971069336,0.0,0.0
111,game_cfm_raw,1.0,0.0,0.0,0.3877582007972838,0.003347694640979171,0.02590738795697689,0.01369033195078373,1.2518366575241089,1.7465307712554932,0.0,0.0
111,game_cfm_anchored,1.0,0.0,0.0,0.38995371541104246,0.0,0.0,0.008649187810533957,1.2492405121247847,1.7465308007586764,0.0,0.0
111,nash_reference_hocbf,1.0,0.0,0.0,0.5072562435742889,0.0,0.012834802656605571,0.01247535739622463,1.2412082856590285,1.7184997584221717,0.21234119782214156,0.7495519062248925
111,game_cfm_hocbf,1.0,0.0,0.0,0.5142631934110096,0.0,0.012460949572774629,0.015213585058815995,1.2366464058178555,1.7296248984237024,0.14156079854809436,0.628652197689169
112,nash_reference,1.0,0.0,1.0,0.3026140615398602,0.0,0.0,0.02198292687535286,1.4104161262512207,2.03383207321167,0.0,0.0
112,teacher_expert,1.0,0.0,0.0,0.4447860074241165,0.0,0.023126140236854553,0.0,1.4410207271575928,2.0611910820007324,0.0,0.0
112,game_cfm_raw,1.0,0.0,0.0,0.4154870624019173,0.004691614303737879,0.041017912328243256,0.032332681119441986,1.4878476858139038,2.2038309574127197,0.0,0.0
112,game_cfm_anchored,1.0,0.0,0.0,0.3935837301266303,0.0,0.0,0.02130342890893362,1.4957953013213228,2.203828572640456,0.0,0.0
112,nash_reference_hocbf,1.0,0.0,0.0,0.5255349262499629,0.0,0.02301965061410789,0.01170774772685504,1.422332988365276,1.9974798253210704,0.23774954627949182,0.7578055365601425
112,game_cfm_hocbf,1.0,0.0,0.0,0.5238209879330313,0.0,0.02327241319671467,0.02439322482156882,1.4791133728345438,2.0634494493853865,0.2014519056261343,0.6910962248647154
113,nash_reference,1.0,0.0,1.0,0.30497413114573935,0.0,0.0,0.021104615181684494,1.3582197427749634,1.9768575429916382,0.0,0.0
113,teacher_expert,1.0,0.0,0.0,0.4301831582199197,0.0,0.02937275543808937,0.0,1.3901833295822144,1.9779067039489746,0.0,0.0
113,game_cfm_raw,1.0,0.0,0.0,0.4162738660394783,0.002515902277082205,0.027814265340566635,0.02094159834086895,1.3886512517929077,2.054661273956299,0.0,0.0
113,game_cfm_anchored,1.0,0.0,0.0,0.41996252663320455,0.0,0.0,0.01719330975394939,1.3833692634288088,2.0546460793942187,0.0,0.0
113,nash_reference_hocbf,1.0,0.0,0.0,0.5312035411195978,0.0,0.029355750856297304,0.011567901551655678,1.376381524684829,1.9318470205817042,0.2159709618874773,0.8108123849749626
113,game_cfm_hocbf,1.0,0.0,0.0,0.5371547676165833,0.0,0.028465697736932458,0.01663254955691848,1.3859617805799538,1.9355511962227312,0.20689655172413793,0.4441950110836703
114,nash_reference,1.0,0.0,1.0,0.301174273950867,0.0,0.0,0.012033117935061455,1.2959675788879395,1.9616777896881104,0.0,0.0
114,teacher_expert,1.0,0.0,0.0,0.3930008293501878,0.0,0.011572550982236862,0.0,1.2935376167297363,1.903505802154541,0.0,0.0
114,game_cfm_raw,1.0,0.0,0.0,0.40644944101437974,0.0026785158552229404,0.018154025077819824,0.01482731569558382,1.3040251731872559,2.0436081886291504,0.0,0.0
114,game_cfm_anchored,1.0,0.0,0.0,0.4068358036356441,0.0,0.0,0.011678385540694268,1.30033218308148,2.0436065973135547,0.0,0.0
114,nash_reference_hocbf,1.0,0.0,0.0,0.4895197050798736,0.0,0.01672255670760929,0.015201446128153676,1.2817701856013648,1.815558834407788,0.6007259528130672,0.3904220526110521
114,game_cfm_hocbf,1.0,0.0,0.0,0.4895197050798736,0.0,0.016360954995005186,0.01893164276461079,1.2890157755632894,1.828372896680294,0.4882032667876588,0.3190388049350034
115,nash_reference,1.0,0.0,1.0,0.30306706566138364,0.0,0.0,0.020914699882268906,1.39820396900177,2.0668864250183105,0.0,0.0
115,teacher_expert,1.0,0.0,0.0,0.39438016040045115,0.0,0.034178223460912704,0.0,1.386740803718567,2.0611813068389893,0.0,0.0
115,game_cfm_raw,1.0,0.0,0.0,0.41255335374580415,0.002903106389567256,0.024897869676351547,0.021388720721006393,1.4334427118301392,2.21220064163208,0.0,0.0
115,game_cfm_anchored,1.0,0.0,0.0,0.4182336731437522,0.0,0.0,0.019831157082300176,1.430693137252824,2.2121952108809233,0.0,0.0
115,nash_reference_hocbf,1.0,0.0,0.0,0.5032784831318541,0.0,0.034224384907384026,0.012012177187276344,1.3744097505449713,1.9883726500128371,0.1560798548094374,0.9713157162648777
115,game_cfm_hocbf,1.0,0.0,0.0,0.5089617092761951,0.0,0.03527619947199374,0.01627441988509566,1.4071605640017,2.0450697216682485,0.13611615245009073,0.5033649184074996
116,nash_reference,1.0,0.0,1.0,0.3078907799964669,0.0,0.0,0.01331065222620964,1.5046594142913818,2.255669116973877,0.0,0.0
116,teacher_expert,1.0,0.0,0.0,0.40720303532260615,0.0,0.013519853353500366,0.0,1.5052984952926636,2.265453577041626,0.0,0.0
116,game_cfm_raw,1.0,0.0,0.0,0.39605110860211085,0.0019282023422420025,0.01497047208249569,0.01489776000380516,1.5088529586791992,2.3117153644561768,0.0,0.0
116,game_cfm_anchored,1.0,0.0,0.0,0.39543902272420095,0.0,0.0,0.011861597958017217,1.5092592692078983,2.311714017709387,0.0,0.0
116,nash_reference_hocbf,1.0,0.0,0.0,0.5093648973499451,0.0,0.013544127864531682,0.012200969090547104,1.4973807270201465,2.190268131243258,0.2159709618874773,0.8307258316703353
116,game_cfm_hocbf,1.0,0.0,0.0,0.5140402960409587,0.0,0.011996353700418197,0.013596241000520119,1.5039531734511669,2.2791533738726857,0.1724137931034483,0.6549291796594107
117,nash_reference,1.0,0.0,1.0,0.2978295997934109,0.0,0.0,0.018149711191654205,1.1862596273422241,1.812682032585144,0.0,0.0
117,teacher_expert,1.0,0.0,0.0,0.3968868464919939,0.0,0.02660464495420456,0.0,1.1932110786437988,1.7862221002578735,0.0,0.0
117,game_cfm_raw,1.0,0.0,0.0,0.38333646486831574,0.002638039644807577,0.029777565971016884,0.02622370980679989,1.200161337852478,1.828671932220459,0.0,0.0
117,game_cfm_anchored,1.0,0.0,0.0,0.38150213423440604,0.0,0.0,0.019376745185405032,1.2044410437931303,1.828669034837999,0.0,0.0
117,nash_reference_hocbf,1.0,0.0,0.0,0.509217917089976,0.0,0.02661096188575952,0.012902923380326012,1.186547300095448,1.5925022974715441,0.22867513611615245,0.6732135689035885
117,game_cfm_hocbf,1.0,0.0,0.0,0.5108026411002203,0.0,0.02694235976204372,0.015812274770562018,1.1951861608705905,1.634731400854706,0.19237749546279492,0.4512521022980086
118,nash_reference,1.0,0.0,1.0,0.30712166897580934,0.0,0.0,0.02166329324245453,1.3179856538772583,2.0571401119232178,0.0,0.0
118,teacher_expert,1.0,0.0,0.0,0.4358451155621617,0.0,0.029077867045998573,0.0,1.3284317255020142,2.068669557571411,0.0,0.0
118,game_cfm_raw,1.0,0.0,0.0,0.4346069845308442,0.003106073010712862,0.018420889973640442,0.011335360817611217,1.3135982751846313,2.2417798042297363,0.0,0.0
118,game_cfm_anchored,1.0,0.0,0.0,0.4360491366078373,0.0,0.0,0.012368389912531575,1.3117737811174748,2.241780127113539,0.0,0.0
118,nash_reference_hocbf,1.0,0.0,0.0,0.4896157422754788,0.0,0.02539926516832611,0.015610111959406146,1.3168942191506416,2.0229189375016925,0.5716878402903811,0.49332035736813584
118,game_cfm_hocbf,1.0,0.0,0.0,0.48995357140362206,0.0,0.027615213537833333,0.01763504562057111,1.3138207099779404,2.1192716843909927,0.5480943738656987,0.3511938174697026
119,nash_reference,1.0,0.0,1.0,0.30433665825997935,0.0,0.0,0.01581779308617115,1.3674758672714233,2.243929147720337,0.0,0.0
119,teacher_expert,1.0,0.0,0.0,0.40027572151083884,0.0,0.023679928854107857,0.0,1.3645124435424805,2.260902166366577,0.0,0.0
119,game_cfm_raw,1.0,0.0,0.0,0.3800730414528991,0.0031115426681935787,0.033010341227054596,0.025844724848866463,1.4016245603561401,2.3245909214019775,0.0,0.0
119,game_cfm_anchored,1.0,0.0,0.0,0.36275056982521675,0.0,0.0,0.01871636560763051,1.3957145556562278,2.324594709549276,0.0,0.0
119,nash_reference_hocbf,1.0,0.0,0.0,0.504936943713992,0.0,0.02371280637042463,0.011510676893747863,1.347607569942054,2.148807154655804,0.14156079854809436,1.0838397725403455
119,game_cfm_hocbf,1.0,0.0,0.0,0.5204554083714097,0.0,0.024480575288268094,0.017577295307001237,1.384277012949592,2.1763852069790444,0.132486388384755,0.9164910809603323
120,nash_reference,1.0,0.0,1.0,0.2966774788387926,0.0,0.0,0.014199688099324703,1.2994316816329956,1.8232157230377197,0.0,0.0
120,teacher_expert,1.0,0.0,0.0,0.37885167048615215,0.0,0.02216482162475586,0.0,1.2870779037475586,1.791717529296875,0.0,0.0
120,game_cfm_raw,1.0,0.0,1.0,0.34127180881418107,0.0023536020889878273,0.025750968605279922,0.022818943485617638,1.2972182035446167,2.061314821243286,0.0,0.0
120,game_cfm_anchored,1.0,0.0,1.0,0.3390069524155509,0.0,0.0,0.018679441485764912,1.2969465405344867,2.061317861639299,0.0,0.0
120,nash_reference_hocbf,1.0,0.0,0.0,0.49575159027174676,0.0,0.02206842500105172,0.014783151369835048,1.2833998912563618,1.713679473117837,0.3194192377495463,0.5722295658732106
120,game_cfm_hocbf,1.0,0.0,0.0,0.49971969738992106,0.0,0.02074947440185341,0.018825328685615886,1.268249965924507,1.9386128148209176,0.19782214156079855,0.6614667300405505
121,nash_reference,1.0,0.0,1.0,0.30590826069069255,0.0,0.0,0.01622748002409935,1.3866742849349976,2.005591869354248,0.0,0.0
121,teacher_expert,1.0,0.0,0.0,0.41578100722797484,0.0,0.0206809900701046,0.0,1.3793069124221802,1.9997987747192383,0.0,0.0
121,game_cfm_raw,1.0,0.0,0.0,0.38327503856875705,0.002926219254732132,0.04325912147760391,0.02406698651611805,1.4059100151062012,2.055234670639038,0.0,0.0
121,game_cfm_anchored,1.0,0.0,1.0,0.35598067297103364,0.0,0.0,0.016454433843205156,1.4012708658562976,2.0552335492805023,0.0,0.0
121,nash_reference_hocbf,1.0,0.0,0.0,0.5192121172210564,0.0,0.02063121473208112,0.01131713667674777,1.367258682005746,1.9305687661289666,0.14337568058076225,1.060803727586352
121,game_cfm_hocbf,1.0,0.0,0.0,0.5201524429625131,0.0,0.019820162377857185,0.015534778121537241,1.3813794105607817,2.0022360664639507,0.13430127041742287,0.8699875521990303
122,nash_reference,1.0,0.0,1.0,0.300962133242813,0.0,0.0,0.012217831797897816,1.2166184186935425,1.8434298038482666,0.0,0.0
122,teacher_expert,1.0,0.0,0.0,0.3760948996620972,0.0,0.023292668163776398,0.0,1.2103755474090576,1.849724531173706,0.0,0.0
122,game_cfm_raw,1.0,0.0,0.0,0.4070778316415801,0.0033472299110144377,0.01563931070268154,0.018865086138248444,1.2429195642471313,1.8813680410385132,0.0,0.0
122,game_cfm_anchored,1.0,0.0,0.0,0.39931055332383253,0.0,0.0,0.016079347430499907,1.2407875223638691,1.8813635546500878,0.0,0.0
122,nash_reference_hocbf,1.0,0.0,0.0,0.44254408646115145,0.0,0.02632177102396654,0.021870844156916862,1.205608014222478,1.8332648849784332,0.7096188747731398,0.5615731633807485
122,game_cfm_hocbf,1.0,0.0,0.0,0.44254408646115145,0.0,0.02727426469723586,0.024073103128932762,1.2168529370969303,1.7719882840328418,0.6424682395644283,0.46214025604999204
123,nash_reference,1.0,0.0,1.0,0.30426406843317516,0.0,0.0,0.021210841834545135,1.3373267650604248,1.960664987564087,0.0,0.0
123,teacher_expert,1.0,0.0,0.0,0.4127493472651034,0.0,0.0330173522233963,0.0,1.3412293195724487,1.9284342527389526,0.0,0.0
123,game_cfm_raw,1.0,0.0,1.0,0.35467716613048805,0.006114427000284195,0.0340782105922699,0.025372566655278206,1.368909478187561,2.2001688480377197,0.0,0.0
123,game_cfm_anchored,1.0,0.0,1.0,0.3456045708548023,0.0,0.0,0.021257714206724742,1.367750283624925,2.2001693063496175,0.0,0.0
123,nash_reference_hocbf,1.0,0.0,0.0,0.5146839733980905,0.0,0.03293674718177789,0.011783180605570955,1.3351010304251754,1.8157719163584796,0.2413793103448276,0.662436562057547
123,game_cfm_hocbf,1.0,0.0,0.0,0.5207156935768731,0.0,0.032466368714501245,0.018886269008095858,1.3710490135181697,1.8930853718993486,0.2395644283121597,0.5847485987949765
124,nash_reference,1.0,0.0,1.0,0.33310141456248626,0.0,0.0,0.013544620014727116,1.351656436920166,2.3143253326416016,0.0,0.0
124,teacher_expert,1.0,0.0,0.0,0.4045483127587613,0.0,0.02083396166563034,0.0,1.3422625064849854,2.318683385848999,0.0,0.0
124,game_cfm_raw,1.0,0.0,0.0,0.36953325952086064,0.003983614034950733,0.021855559200048447,0.02228860929608345,1.4173991680145264,2.3059892654418945,0.0,0.0
124,game_cfm_anchored,1.0,0.0,0.0,0.3740696980910615,0.0,0.0,0.01835871868777754,1.416578077984636,2.3059873092229837,0.0,0.0
124,nash_reference_hocbf,1.0,0.0,0.0,0.5047914032463505,0.0,0.020889697385755284,0.010967625174150801,1.324144092961587,2.1896771919979146,0.13611615245009073,0.9700841251615897
124,game_cfm_hocbf,1.0,0.0,0.0,0.5224520153202159,0.0,0.02131067168508242,0.016392861573144745,1.3848181899190781,2.1901692450233985,0.10163339382940109,1.0949509185419948
125,nash_reference,1.0,0.0,1.0,0.29691662254138373,0.0,0.0,0.023572536185383797,1.240686297416687,1.86762273311615,0.0,0.0
125,teacher_expert,1.0,0.0,0.0,0.4240301590874093,0.0,0.034252066165208817,0.0,1.2371418476104736,1.874983310699463,0.0,0.0
125,game_cfm_raw,1.0,0.0,1.0,0.34835736972220566,0.004035143181681633,0.025573644787073135,0.029531436040997505,1.2333720922470093,1.897792100906372,0.0,0.0
125,game_cfm_anchored,1.0,0.0,1.0,0.3566274377609868,0.0,0.0,0.022812282499832106,1.2333491994873795,1.897795318398444,0.0,0.0
125,nash_reference_hocbf,1.0,0.0,0.0,0.5264438735126875,0.0,0.0341388150383426,0.011371174790927266,1.226324648675103,1.8074874336343287,0.147005444646098,0.891303857546735
125,game_cfm_hocbf,1.0,0.0,0.0,0.5225543146450181,0.0,0.03395770144471964,0.014141667719583311,1.223971198430769,1.8365772693778128,0.15970961887477314,0.5553163395990426
126,nash_reference,1.0,0.0,1.0,0.2920158109570511,0.0,0.0,0.01972649246454239,1.188003659248352,1.6104294061660767,0.0,0.0
126,teacher_expert,1.0,0.0,0.0,0.3902429330182847,0.0,0.030468769371509552,0.0,1.2108346223831177,1.632415771484375,0.0,0.0
126,game_cfm_raw,1.0,0.0,0.0,0.40234248186637245,0.0035197921097278595,0.027678536251187325,0.024297384545207024,1.2109488248825073,2.06119704246521,0.0,0.0
126,game_cfm_anchored,1.0,0.0,0.0,0.40407157813025,0.0,0.0,0.01926125648778426,1.212398949539612,2.0612219628353836,0.0,0.0
126,nash_reference_hocbf,1.0,0.0,0.0,0.5082203790045581,0.0,0.030581712267690637,0.013950396335285605,1.2254757111811025,1.6205493133476114,0.2177858439201452,0.7882500880050024
126,game_cfm_hocbf,1.0,0.0,0.0,0.5108762647074206,0.0,0.0292927851475972,0.016714772394653476,1.2317064436504368,1.619591641931009,0.21234119782214156,0.3824674793112399
127,nash_reference,1.0,0.0,1.0,0.3115751357979301,0.0,0.0,0.023205382749438286,1.3914810419082642,2.2504022121429443,0.0,0.0
127,teacher_expert,1.0,0.0,0.0,0.4438754792889282,0.0,0.032417405396699905,0.0,1.4281976222991943,2.2924795150756836,0.0,0.0
127,game_cfm_raw,1.0,0.0,0.0,0.37693736433384817,0.004465948790311813,0.03301975503563881,0.02109537459909916,1.427714228630066,2.3121109008789062,0.0,0.0
127,game_cfm_anchored,1.0,0.0,0.0,0.36066151227473264,0.0,0.0,0.018639275563516952,1.429979228481687,2.312107127113946,0.0,0.0
127,nash_reference_hocbf,1.0,0.0,0.0,0.5412039457800837,0.0,0.03235859531291671,0.011052192727804716,1.4153817673072024,2.208063331344563,0.19056261343012704,0.8703863438879209
127,game_cfm_hocbf,1.0,0.0,0.0,0.5621203869759381,0.0,0.032882715902210605,0.02137873700752232,1.4084272737721117,2.2109870811130374,0.16696914700544466,0.7893722895850751
128,nash_reference,1.0,0.0,1.0,0.29721040461311204,0.0,0.0,0.01694118045270443,1.1733226776123047,1.6734914779663086,0.0,0.0
128,teacher_expert,1.0,0.0,0.0,0.408099893681365,0.0,0.020085152238607407,0.0,1.1809468269348145,1.6840614080429077,0.0,0.0
128,game_cfm_raw,1.0,0.0,0.0,0.3696928261295815,0.0028931295964866877,0.015875719487667084,0.01893785409629345,1.1780598163604736,1.8048397302627563,0.0,0.0
128,game_cfm_anchored,1.0,0.0,0.0,0.37457121421042855,0.0,0.0,0.01463517285001336,1.1801502842225833,1.8048407498171137,0.0,0.0
128,nash_reference_hocbf,1.0,0.0,0.0,0.5152682246961412,0.0,0.019907016811084883,0.01198260797373797,1.1709992338433457,1.6263317492236933,0.1560798548094374,0.8940402994532491
128,game_cfm_hocbf,1.0,0.0,0.0,0.5199417243036544,0.0,0.020231271908537258,0.013431888584984963,1.1802288570335393,1.6249509880909747,0.10526315789473684,0.7910324405907931
129,nash_reference,1.0,0.0,1.0,0.30179034634203483,0.0,0.0,0.02184263803064823,1.3356859683990479,1.9555639028549194,0.0,0.0
129,teacher_expert,1.0,0.0,0.0,0.38917504188947744,0.0,0.03774115443229675,0.0,1.3222323656082153,1.9173412322998047,0.0,0.0
129,game_cfm_raw,1.0,0.0,0.0,0.40519699260165726,0.0028468798846006393,0.025639023631811142,0.029095541685819626,1.3462798595428467,1.87540864944458,0.0,0.0
129,game_cfm_anchored,1.0,0.0,0.0,0.39776434299567376,0.0,0.0,0.02319027248680055,1.3444451229744634,1.8754060238016155,0.0,0.0
129,nash_reference_hocbf,1.0,0.0,0.0,0.5021407788511828,0.0,0.03788073809291453,0.01277284053124086,1.3129235305003928,1.8317436395555866,0.16696914700544466,0.9891741862980598
129,game_cfm_hocbf,1.0,0.0,0.0,0.5015390974198803,0.0,0.03727530866893661,0.013368412375371579,1.3235325859156202,1.797552200812782,0.1705989110707804,0.5735023448539128
130,nash_reference,1.0,0.0,1.0,0.30920796324173067,0.0,0.0,0.021798891946673393,1.4379643201828003,2.2001075744628906,0.0,0.0
130,teacher_expert,1.0,0.0,0.0,0.38955060856110646,0.0,0.04183575510978699,0.0,1.4779658317565918,2.235623598098755,0.0,0.0
130,game_cfm_raw,1.0,0.0,0.0,0.40196436799569607,0.00474187359213829,0.03867744281888008,0.03444460779428482,1.4399341344833374,2.5377087593078613,0.0,0.0
130,game_cfm_anchored,1.0,0.0,0.0,0.38103017964787916,0.0,0.0,0.026647898721937194,1.4315404965205807,2.5377081921950637,0.0,0.0
130,nash_reference_hocbf,1.0,0.0,0.0,0.4980598359341673,0.0,0.041950884020186784,0.012012025145233916,1.487961079154927,2.199421767920506,0.147005444646098,1.2525864565765115
130,game_cfm_hocbf,1.0,0.0,0.0,0.5120953072534496,0.0,0.04468075588021178,0.0197249237915202,1.4602941750856575,2.396408951223893,0.12885662431941924,1.0882655222239632
131,nash_reference,1.0,0.0,1.0,0.3038677377999271,0.0,0.0,0.017264945432543755,1.2988814115524292,1.867612361907959,0.0,0.0
131,teacher_expert,1.0,0.0,0.0,0.40541328984584685,0.0,0.02383982390165329,0.0,1.3114136457443237,1.7451711893081665,0.0,0.0
131,game_cfm_raw,1.0,0.0,0.0,0.3723851839213555,0.006405890919268131,0.03328416496515274,0.023426653817296028,1.3004387617111206,2.1492278575897217,0.0,0.0
131,game_cfm_anchored,1.0,0.0,0.0,0.3777985947314854,0.0,0.0,0.017702294617751125,1.3011339533322648,2.1492292990725974,0.0,0.0
131,nash_reference_hocbf,1.0,0.0,0.0,0.5132800922784154,0.0,0.023868684726600118,0.015012653153675781,1.2780434654527164,1.6863034196462212,0.24500907441016334,0.9025249569511317
131,game_cfm_hocbf,1.0,0.0,0.0,0.5186272337483805,0.0,0.02197733594623009,0.018191784712752658,1.2736871867603845,1.927510079650996,0.2413793103448276,0.6855788015347392
132,nash_reference,1.0,0.0,1.0,0.3110819846591807,0.0,0.0,0.014802810736000538,1.3357760906219482,2.0492115020751953,0.0,0.0
132,teacher_expert,1.0,0.0,0.0,0.3934833484882065,0.0,0.022416383028030396,0.0,1.334450602531433,2.0567398071289062,0.0,0.0
132,game_cfm_raw,1.0,0.0,1.0,0.3433674478019587,0.002942192368209362,0.017764614894986153,0.018107064068317413,1.355128526687622,2.1004037857055664,0.0,0.0
132,game_cfm_anchored,1.0,0.0,1.0,0.3380069237506636,0.0,0.0,0.015269500662762272,1.3514804431208156,2.10040778724076,0.0,0.0
132,nash_reference_hocbf,1.0,0.0,0.0,0.49923974908060587,0.0,0.02220238830502347,0.013184733972443128,1.3203816353461981,1.9981190264320605,0.29764065335753176,0.5951667614840027
132,game_cfm_hocbf,1.0,0.0,0.0,0.5006062804536489,0.0,0.0228687261999741,0.018865783524162072,1.3449948983754156,2.051710758703758,0.29945553539019965,0.5363413144397586
133,nash_reference,1.0,0.0,1.0,0.2920546100187157,0.0,0.0,0.017530031502246857,1.14215886592865,1.6218181848526,0.0,0.0
133,teacher_expert,1.0,0.0,0.0,0.3820074110531517,0.0,0.027279067784547806,0.0,1.1678234338760376,1.643532395362854,0.0,0.0
133,game_cfm_raw,1.0,0.0,1.0,0.32081444324187663,0.004567045718431473,0.026860436424613,0.02710256539285183,1.154815673828125,1.6789453029632568,0.0,0.0
133,game_cfm_anchored,1.0,0.0,1.0,0.3186201650571598,0.0,0.0,0.021241624974963222,1.1569335718967892,1.6789474378912874,0.0,0.0
133,nash_reference_hocbf,1.0,0.0,0.0,0.5033698636240765,0.0,0.027359768266163917,0.014458638208293944,1.186104836116898,1.6314366136026957,0.21052631578947367,0.8127363779574588
133,game_cfm_hocbf,1.0,0.0,0.0,0.508981079865629,0.0,0.028770304512342554,0.018016415634764096,1.191661321469542,1.6815974846437975,0.16515426497277677,0.8732591640049696
134,nash_reference,1.0,0.0,1.0,0.30102064639816983,0.0,0.0,0.0188236553221941,1.2200804948806763,1.7698099613189697,0.0,0.0
134,teacher_expert,1.0,0.0,0.0,0.4243384733595525,0.0,0.021733731031417847,0.0,1.23091721534729,1.740225076675415,0.0,0.0
134,game_cfm_raw,1.0,0.0,1.0,0.3367431447402613,0.003896989393979311,0.021940097212791443,0.02175460010766983,1.2649216651916504,1.791576623916626,0.0,0.0
134,game_cfm_anchored,1.0,0.0,1.0,0.3382278122466331,0.0,0.0,0.018456869262748594,1.2677257039491847,1.791580382479482,0.0,0.0
134,nash_reference_hocbf,1.0,0.0,0.0,0.5209047838585528,0.0,0.021799310418128354,0.011473256755692426,1.222899372836331,1.6823314050536446,0.2395644283121597,0.6101807319404441
134,game_cfm_hocbf,1.0,0.0,0.0,0.5317105648943381,0.0,0.022813272032317602,0.01836785835267039,1.2609329794630004,1.678067133547209,0.16696914700544466,0.7434105707267535
135,nash_reference,1.0,0.0,1.0,0.2996866296417239,0.0,0.0,0.0185700710862875,1.1980738639831543,1.7599735260009766,0.0,0.0
135,teacher_expert,1.0,0.0,0.0,0.38230760262414926,0.0,0.025901105254888535,0.0,1.2016888856887817,1.768945574760437,0.0,0.0
135,game_cfm_raw,1.0,0.0,0.0,0.36538601571894486,0.003740394953638315,0.029945198446512222,0.0307161845266819,1.196566104888916,1.8310692310333252,0.0,0.0
135,game_cfm_anchored,1.0,0.0,0.0,0.3626460067892181,0.0,0.0,0.022969683759592716,1.1992981328569785,1.831065107785327,0.0,0.0
135,nash_reference_hocbf,1.0,0.0,0.0,0.49650106291007245,0.0,0.02581411464072803,0.013790979284444449,1.1920282909959243,1.7067011207468405,0.24319419237749546,0.7739849276878037
135,game_cfm_hocbf,1.0,0.0,0.0,0.5008671556657838,0.0,0.02833896406303371,0.01959187142627058,1.1857216634662222,1.7058263763648243,0.20871143375680581,0.6475787954835934
136,nash_reference,1.0,0.0,1.0,0.30225023517286487,0.0,0.0,0.02538030780851841,1.3974809646606445,2.3344380855560303,0.0,0.0
136,teacher_expert,1.0,0.0,0.0,0.41924932771819173,0.0,0.03958678990602493,0.0,1.4305163621902466,2.3901336193084717,0.0,0.0
136,game_cfm_raw,1.0,0.0,1.0,0.34324323495476855,0.0021033980883657932,0.02834295481443405,0.03181058168411255,1.4462733268737793,2.425090789794922,0.0,0.0
136,game_cfm_anchored,1.0,0.0,1.0,0.33036674602556976,0.0,0.0,0.026530174323206077,1.446512858235792,2.4251146073521146,0.0,0.0
136,nash_reference_hocbf,1.0,0.0,0.0,0.5168520610476286,0.0,0.03951695389092905,0.011205134732489375,1.4125213718470666,2.2634690828581774,0.20326678765880218,0.6727019906527284
136,game_cfm_hocbf,1.0,0.0,0.0,0.5212617345191045,0.0,0.04080364749165735,0.019187137204194137,1.3741248648144277,2.0501799163424503,0.12885662431941924,0.7969735967282727
137,nash_reference,1.0,0.0,1.0,0.30325124448161084,0.0,0.0,0.018361765891313553,1.3646159172058105,1.8827229738235474,0.0,0.0
137,teacher_expert,1.0,0.0,0.0,0.4006191646906141,0.0,0.028717145323753357,0.0,1.3564931154251099,1.8482556343078613,0.0,0.0
137,game_cfm_raw,1.0,0.0,1.0,0.3323335368002133,0.0038452246226370335,0.023800887167453766,0.027513466775417328,1.38066828250885,1.9891374111175537,0.0,0.0
137,game_cfm_anchored,1.0,0.0,1.0,0.31938516017439045,0.0,0.0,0.0228667380766777,1.3755139350091283,1.989133990225465,0.0,0.0
137,nash_reference_hocbf,1.0,0.0,0.0,0.5076911949810102,0.0,0.028787100469619117,0.01203014219243899,1.3474429184646248,1.821543613708424,0.1869328493647913,0.829479242198487
137,game_cfm_hocbf,1.0,0.0,0.0,0.5178198318798917,0.0,0.028984575250025155,0.01839627882571628,1.3510777832033534,1.8978693212675686,0.14337568058076225,1.0025989227542829
138,nash_reference,1.0,0.0,1.0,0.30538728180129976,0.0,0.0,0.01745748519897461,1.4592376947402954,2.1478111743927,0.0,0.0
138,teacher_expert,1.0,0.0,0.0,0.41515427859691806,0.0,0.02099863439798355,0.0,1.4585832357406616,2.156813621520996,0.0,0.0
138,game_cfm_raw,1.0,0.0,1.0,0.35359441268652525,0.0022805919870734215,0.012912698090076447,0.016260936856269836,1.4650646448135376,2.2593727111816406,0.0,0.0
138,game_cfm_anchored,1.0,0.0,1.0,0.34808171118951386,0.0,0.0,0.01429939302011021,1.461919083373446,2.2593734158279752,0.0,0.0
138,nash_reference_hocbf,1.0,0.0,0.0,0.5145872603998657,0.0,0.020866349600383183,0.011344511157782941,1.447219512213844,2.0246057807798308,0.19600725952813067,0.7516248831978841
138,game_cfm_hocbf,1.0,0.0,0.0,0.5190964705270871,0.0,0.02102680672350494,0.015046344697702385,1.4563387705176385,2.0933640878348942,0.17422867513611615,0.6733026291705909
139,nash_reference,1.0,0.0,1.0,0.31033306857472254,0.0,0.0,0.0222322978079319,1.4723291397094727,2.3499863147735596,0.0,0.0
139,teacher_expert,1.0,0.0,0.0,0.42179662601177087,0.0,0.03165875002741814,0.0,1.4518760442733765,2.35085391998291,0.0,0.0
139,game_cfm_raw,1.0,0.0,1.0,0.3354353201937006,0.004601203836500645,0.021737489849328995,0.02916221134364605,1.493471384048462,2.459756374359131,0.0,0.0
139,game_cfm_anchored,1.0,0.0,1.0,0.3317521452528779,0.0,0.0,0.02558669209803151,1.4934614220117621,2.459756875128576,0.0,0.0
139,nash_reference_hocbf,1.0,0.0,0.0,0.5195607612963163,0.0,0.03167408294567978,0.010675090028835245,1.4356906078977554,2.2568680083131465,0.147005444646098,1.0760819911148871
139,game_cfm_hocbf,1.0,0.0,0.0,0.520541711807258,0.0,0.032289124635963194,0.018647305952221544,1.4420329774334135,2.3958513207800807,0.14519056261343014,1.0057024778520887
140,nash_reference,1.0,0.0,1.0,0.30651695184759714,0.0,0.0,0.01611289009451866,1.4201021194458008,2.3937768936157227,0.0,0.0
140,teacher_expert,1.0,0.0,0.0,0.39712741606827934,0.0,0.023303447291254997,0.0,1.4080244302749634,2.3960318565368652,0.0,0.0
140,game_cfm_raw,1.0,0.0,0.0,0.39035057941043455,0.0014795856550335884,0.01563723012804985,0.013495555147528648,1.53812837600708,2.5032923221588135,0.0,0.0
140,game_cfm_anchored,1.0,0.0,0.0,0.3933284882295472,0.0,0.0,0.014767504051444736,1.540211420509456,2.5032967970263185,0.0,0.0
140,nash_reference_hocbf,1.0,0.0,0.0,0.4997533230712208,0.0,0.02322443622330491,0.011789568271198933,1.389137502000592,2.2644041311292513,0.19782214156079855,0.8630516579018657
140,game_cfm_hocbf,1.0,0.0,0.0,0.5277325558379722,0.0,0.022870137747645267,0.017450651595080732,1.4974930835470708,2.3624886350561574,0.19419237749546278,0.6741229420257121
141,nash_reference,1.0,0.0,1.0,0.30327537395398285,0.0,0.0,0.018070634454488754,1.3739711046218872,2.034749746322632,0.0,0.0
141,teacher_expert,1.0,0.0,0.0,0.4099982905539257,0.0,0.0208002720028162,0.0,1.3720225095748901,2.047421455383301,0.0,0.0
141,game_cfm_raw,1.0,0.0,0.0,0.39306459857802695,0.002518376801162958,0.018649224191904068,0.016339676454663277,1.3942347764968872,2.2826273441314697,0.0,0.0
141,game_cfm_anchored,1.0,0.0,0.0,0.3941567660266831,0.0,0.0,0.014003761911197657,1.3926358200053153,2.282626690615509,0.0,0.0
141,nash_reference_hocbf,1.0,0.0,0.0,0.4672536548083907,0.0,0.03694618915620719,0.01891151794180515,1.376504719309604,2.0719005509397985,0.631578947368421,0.5315810227015693
141,game_cfm_hocbf,1.0,0.0,0.0,0.4672536548083907,0.0,0.0380407865263121,0.020421324022886354,1.3842319667507015,2.039538843579059,0.5117967332123412,0.5031018625308217
142,nash_reference,1.0,0.0,1.0,0.29755649557669533,0.0,0.0,0.027611663565039635,1.279627799987793,1.9856555461883545,0.0,0.0
142,teacher_expert,1.0,0.0,0.0,0.43380747590943863,0.0,0.043807778507471085,0.0,1.2953245639801025,1.998679757118225,0.0,0.0
142,game_cfm_raw,1.0,0.0,1.0,0.32264450762784785,0.002361890859901905,0.02619735151529312,0.02089105173945427,1.3276305198669434,1.9449682235717773,0.0,0.0
142,game_cfm_anchored,1.0,0.0,1.0,0.31859441481439044,0.0,0.0,0.021939226835363423,1.326724005311036,1.9449635466095512,0.0,0.0
142,nash_reference_hocbf,1.0,0.0,0.0,0.5325210416781162,0.0,0.043708426319499796,0.010704897768051922,1.2816802667220737,1.92483086714567,0.14337568058076225,0.8338753394348835
142,game_cfm_hocbf,1.0,0.0,0.0,0.545735673476673,0.0,0.044991575040743595,0.018585131458415612,1.337800563969234,1.9729621427818753,0.132486388384755,0.8538052308811663
143,nash_reference,1.0,0.0,1.0,0.2958005367777154,0.0,0.0,0.021327374503016472,1.1549690961837769,1.6770527362823486,0.0,0.0
143,teacher_expert,1.0,0.0,0.0,0.3927638310517185,0.0,0.03346753865480423,0.0,1.155002236366272,1.6840553283691406,0.0,0.0
143,game_cfm_raw,1.0,0.0,1.0,0.3364384417090217,0.003406556323170662,0.03642420843243599,0.028960390016436577,1.199088454246521,1.8905978202819824,0.0,0.0
143,game_cfm_anchored,1.0,0.0,1.0,0.3278139459133477,0.0,0.0,0.023857142057977718,1.1977456296288773,1.8906020077004684,0.0,0.0
143,nash_reference_hocbf,1.0,0.0,0.0,0.5067874196267381,0.0,0.033461049820970104,0.012939002874195544,1.1454185224386824,1.6253213848721482,0.17785843920145192,0.8826431978767005
143,game_cfm_hocbf,1.0,0.0,0.0,0.5190241173314507,0.0,0.03330593805351788,0.021124633115449782,1.1794577597896796,1.7685559857029471,0.14337568058076225,0.9591672098394851
144,nash_reference,1.0,0.0,1.0,0.30647000885379067,0.0,0.0,0.025600682944059372,1.223150372505188,1.8828699588775635,0.0,0.0
144,teacher_expert,1.0,0.0,0.0,0.3870653942597199,0.0,0.029034946113824844,0.0,1.21268892288208,1.886663794517517,0.0,0.0
144,game_cfm_raw,1.0,0.0,1.0,0.35453937855038825,0.0033127060160040855,0.011190836317837238,0.019587013870477676,1.2092317342758179,1.9207638502120972,0.0,0.0
144,game_cfm_anchored,1.0,0.0,1.0,0.3496592216138287,0.0,0.0,0.02073248418484335,1.209829670697476,1.920767018979895,0.0,0.0
144,nash_reference_hocbf,1.0,0.0,0.0,0.3952425689342559,0.0,0.028780774499865235,0.021713894569435017,1.2046612549698512,1.8835332515151453,0.6116152450090744,0.7284547695288555
144,game_cfm_hocbf,1.0,0.0,0.0,0.3952425689342559,0.0,0.028615262971085124,0.022361159205122185,1.164652509938865,1.8106348458898376,0.5771324863883848,0.6133735889905216
145,nash_reference,1.0,0.0,1.0,0.30474577865658153,0.0,0.0,0.021029014140367508,1.4604990482330322,2.099151611328125,0.0,0.0
145,teacher_expert,1.0,0.0,0.0,0.39608660812960733,0.0,0.03646944463253021,0.0,1.4626002311706543,2.056236982345581,0.0,0.0
145,game_cfm_raw,1.0,0.0,0.0,0.38568593637769566,0.0041815838776528835,0.03680277615785599,0.025812653824687004,1.4778287410736084,2.240769863128662,0.0,0.0
145,game_cfm_anchored,1.0,0.0,0.0,0.37700126446732785,0.0,0.0,0.02050533663479661,1.4724213403858666,2.24077007210086,0.0,0.0
145,nash_reference_hocbf,1.0,0.0,0.0,0.48997723077747396,0.0,0.033829096546880016,0.01805436057860923,1.4624356835779893,2.033912622503883,0.5190562613430127,0.5909730073730767
145,game_cfm_hocbf,1.0,0.0,0.0,0.4912947441945296,0.0,0.03313066681665276,0.020815634227293395,1.500389766299946,2.1007397365360996,0.4537205081669691,0.6229513747347327
146,nash_reference,1.0,0.0,1.0,0.30086837250985776,0.0,0.0,0.016176240518689156,1.2384147644042969,1.8688043355941772,0.0,0.0
146,teacher_expert,1.0,0.0,0.0,0.40661313110433167,0.0,0.021450452506542206,0.0,1.2658644914627075,1.8716540336608887,0.0,0.0
146,game_cfm_raw,1.0,0.0,0.0,0.3790489865856024,0.0014427283313125372,0.018514355644583702,0.019556883722543716,1.2778832912445068,2.1497082710266113,0.0,0.0
146,game_cfm_anchored,1.0,0.0,0.0,0.37963658742302037,0.0,0.0,0.015156138636190388,1.2751858386694055,2.149708123355357,0.0,0.0
146,nash_reference_hocbf,1.0,0.0,0.0,0.5131397291095189,0.0,0.021483899819294716,0.011805969107506968,1.280834215106256,1.80377273043186,0.15245009074410162,1.0120271859620702
146,game_cfm_hocbf,1.0,0.0,0.0,0.5221123370792533,0.0,0.02162533661367258,0.017629799660816455,1.283152318144666,1.858354218940437,0.1306715063520871,0.7669011150760231
147,nash_reference,1.0,0.0,1.0,0.30325191330292656,0.0,0.0,0.018839770928025246,1.3098088502883911,2.081498622894287,0.0,0.0
147,teacher_expert,1.0,0.0,0.0,0.4232179864632064,0.0,0.02159760892391205,0.0,1.3449950218200684,2.1119890213012695,0.0,0.0
147,game_cfm_raw,1.0,0.0,1.0,0.3380900767578625,0.0016043921932578087,0.02066943421959877,0.014049691148102283,1.3670274019241333,2.216245651245117,0.0,0.0
147,game_cfm_anchored,1.0,0.0,1.0,0.3408553286222962,0.0,0.0,0.012938579898946182,1.3632279177556914,2.216251013946535,0.0,0.0
147,nash_reference_hocbf,1.0,0.0,0.0,0.5079435585012814,0.0,0.03314889446544235,0.01493192366985701,1.3220876194361515,1.9665483926288212,0.6152450090744102,0.39325847624774013
147,game_cfm_hocbf,1.0,0.0,0.0,0.5086127261996732,0.0,0.033594062652441845,0.01908619336904253,1.3451397150339366,1.9520853005442702,0.484573502722323,0.42241385666074815
148,nash_reference,1.0,0.0,1.0,0.307071639537177,0.0,0.0,0.016359928995370865,1.359040379524231,2.1472394466400146,0.0,0.0
148,teacher_expert,1.0,0.0,0.0,0.42356434107133295,0.0,0.016114752739667892,0.0,1.3966960906982422,2.1838951110839844,0.0,0.0
148,game_cfm_raw,1.0,0.0,0.0,0.39742915417612745,0.002176850801333785,0.033318258821964264,0.027425138279795647,1.396284580230713,2.1452736854553223,0.0,0.0
148,game_cfm_anchored,1.0,0.0,0.0,0.3780475170807501,0.0,0.0,0.018584644448565658,1.3944770252984153,2.14527671389283,0.0,0.0
148,nash_reference_hocbf,1.0,0.0,0.0,0.5241459927298108,0.0,0.016100613553573406,0.010876998804420961,1.4079799344552473,2.1492605120130595,0.15789473684210525,0.9491693750076529
148,game_cfm_hocbf,1.0,0.0,0.0,0.5494627497867934,0.0,0.016283451117102287,0.020771427968394686,1.3986238098747752,2.135619467664748,0.14337568058076225,0.8162920952830949
149,nash_reference,1.0,0.0,1.0,0.3047288000372522,0.0,0.0,0.018135901540517807,1.369451642036438,2.169182300567627,0.0,0.0
149,teacher_expert,1.0,0.0,0.0,0.4286838227131847,0.0,0.020816322416067123,0.0,1.4000604152679443,2.2072978019714355,0.0,0.0
149,game_cfm_raw,1.0,0.0,0.0,0.36974015998838644,0.0030525079928338528,0.022426627576351166,0.02138981968164444,1.34416663646698,2.1294188499450684,0.0,0.0
149,game_cfm_anchored,1.0,0.0,0.0,0.3658172783166657,0.0,0.0,0.017643464002515593,1.3475812028127123,2.1294176028264578,0.0,0.0
149,nash_reference_hocbf,1.0,0.0,0.0,0.5294096278015833,0.0,0.020764446528437258,0.010979375936100435,1.4082454313522133,2.1682300421065346,0.16515426497277677,0.9199054228037418
149,game_cfm_hocbf,1.0,0.0,0.0,0.5464279067832798,0.0,0.02096860685442794,0.01686983373205773,1.3811634680042608,2.124817198941965,0.12704174228675136,0.9204885520114975
150,nash_reference,1.0,0.0,1.0,0.3015449317944647,0.0,0.0,0.020944086834788322,1.3188786506652832,1.8963885307312012,0.0,0.0
150,teacher_expert,1.0,0.0,0.0,0.42306801847336517,0.0,0.027384871616959572,0.0,1.3464633226394653,1.9037699699401855,0.0,0.0
150,game_cfm_raw,1.0,0.0,1.0,0.3387313152328639,0.002598309889435768,0.022080786526203156,0.026737134903669357,1.3301270008087158,1.9253994226455688,0.0,0.0
150,game_cfm_anchored,1.0,0.0,1.0,0.3401780935126605,0.0,0.0,0.022608897795421804,1.3270768740438907,1.9253977714580102,0.0,0.0
150,nash_reference_hocbf,1.0,0.0,0.0,0.5250179656037685,0.0,0.027405575344350973,0.011227484256602223,1.357694098194339,1.847534817142622,0.14519056261343014,1.067881363245707
150,game_cfm_hocbf,1.0,0.0,0.0,0.5377636439873829,0.0,0.02698186189641655,0.01661161178677036,1.3583752091973185,1.9050890884541318,0.12885662431941924,1.0366054190841323
151,nash_reference,1.0,0.0,1.0,0.300463042726334,0.0,0.0,0.018291635438799858,1.3079338073730469,2.000192642211914,0.0,0.0
151,teacher_expert,1.0,0.0,0.0,0.40301353445460186,0.0,0.027007507160305977,0.0,1.3413923978805542,2.031582832336426,0.0,0.0
151,game_cfm_raw,1.0,0.0,1.0,0.3226615241519676,0.0020532035268843174,0.027382850646972656,0.024075843393802643,1.3521099090576172,2.0750415325164795,0.0,0.0
151,game_cfm_anchored,1.0,0.0,1.0,0.329133375683926,0.0,0.0,0.019569656137963493,1.3495400893251104,2.075036225401092,0.0,0.0
151,nash_reference_hocbf,1.0,0.0,0.0,0.5124197525682099,0.0,0.027030653551614523,0.01213755788389803,1.3541138519157827,2.001759115564722,0.15789473684210525,1.0272120130256561
151,game_cfm_hocbf,1.0,0.0,0.0,0.5187539083034794,0.0,0.026898142827110776,0.020524418060102776,1.3811127240955845,2.0585042995788516,0.1397459165154265,1.0045872654308834
152,nash_reference,1.0,0.0,1.0,0.30488654785202357,0.0,0.0,0.019227685406804085,1.393955945968628,2.079868793487549,0.0,0.0
152,teacher_expert,1.0,0.0,0.0,0.4089672652965572,0.0,0.02860087901353836,0.0,1.3985002040863037,2.0289340019226074,0.0,0.0
152,game_cfm_raw,1.0,0.0,0.0,0.4043159465507459,0.004512143786996603,0.019926857203245163,0.020636918023228645,1.4139587879180908,2.6822116374969482,0.0,0.0
152,game_cfm_anchored,1.0,0.0,0.0,0.4003987864396223,0.0,0.0,0.017810741254451663,1.4126694252365595,2.6822056776153906,0.0,0.0
152,nash_reference_hocbf,1.0,0.0,0.0,0.5092113694685255,0.0,0.02843690830008177,0.013814192510786855,1.3932242661310918,1.8767793714464907,0.30490018148820325,0.7033690672376546
152,game_cfm_hocbf,1.0,0.0,0.0,0.5087844218149795,0.0,0.029338449018765582,0.01810428209685691,1.3869265458283326,1.775512828985337,0.2849364791288566,0.5580620346420188
153,nash_reference,1.0,0.0,1.0,0.35143068028898644,0.0,0.0,0.0166163370013237,1.2880661487579346,2.024567127227783,0.0,0.0
153,teacher_expert,1.0,0.0,0.0,0.4143358970486292,0.0,0.02861597388982773,0.0,1.275445580482483,2.0276641845703125,0.0,0.0
153,game_cfm_raw,1.0,0.0,0.0,0.4248014083515007,0.001748739741742611,0.02279064431786537,0.02405475080013275,1.2883682250976562,2.2323436737060547,0.0,0.0
153,game_cfm_anchored,1.0,0.0,0.0,0.4309982218910795,0.0,0.0,0.019254660948003086,1.285790385503391,2.232331383878013,0.0,0.0
153,nash_reference_hocbf,1.0,0.0,0.0,0.5117317937542368,0.0,0.02861483870194894,0.010620383732972525,1.2615954867034134,1.9512640303424977,0.132486388384755,0.8319378027477206
153,game_cfm_hocbf,1.0,0.0,0.0,0.5297226802137961,0.0,0.02985515112010452,0.014765760697870122,1.2472451935958226,1.8302374417430347,0.08348457350272233,0.7657311970335365
154,nash_reference,1.0,0.0,1.0,0.29318998587648165,0.0,0.0,0.019014883786439896,1.0777018070220947,1.392634630203247,0.0,0.0
154,teacher_expert,1.0,0.0,0.0,0.3891415226754128,0.0,0.0248714629560709,0.0,1.0963579416275024,1.4058120250701904,0.0,0.0
154,game_cfm_raw,1.0,0.0,1.0,0.3579687200748717,0.0026977641973644495,0.021410884335637093,0.028042666614055634,1.202539086341858,1.466920256614685,0.0,0.0
154,game_cfm_anchored,1.0,0.0,0.0,0.3601781569634194,0.0,0.0,0.02416114333921655,1.1998360839870432,1.4669229484070168,0.0,0.0
154,nash_reference_hocbf,1.0,0.0,0.0,0.5066667977661401,0.0,0.024660290268057185,0.013698520013763068,1.1131179078592244,1.3954908379257713,0.19237749546279492,0.8221308097827639
154,game_cfm_hocbf,1.0,0.0,0.0,0.5220950979445796,0.0,0.02452946212151063,0.02182869913161449,1.18914825484902,1.483100223274997,0.15789473684210525,0.7164420646883515
155,nash_reference,1.0,0.0,1.0,0.3117135944938083,0.0,0.0,0.02171085588634014,1.5700827836990356,2.357532024383545,0.0,0.0
155,teacher_expert,1.0,0.0,0.0,0.43608153616766265,0.0,0.030896252021193504,0.0,1.5625214576721191,2.3642048835754395,0.0,0.0
155,game_cfm_raw,1.0,0.0,0.0,0.4360679545684169,0.0027785480488091707,0.030290726572275162,0.02383950725197792,1.6100685596466064,2.414478063583374,0.0,0.0
155,game_cfm_anchored,1.0,0.0,0.0,0.4194748458112681,0.0,0.0,0.019422140707848073,1.6055251732264093,2.414475419232807,0.0,0.0
155,nash_reference_hocbf,1.0,0.0,0.0,0.5307848013429104,0.0,0.030891621543112514,0.010252349294089958,1.5503915574943932,2.2881271603261117,0.1724137931034483,0.8796865893727245
155,game_cfm_hocbf,1.0,0.0,0.0,0.5424830174679842,0.0,0.0293056953349193,0.01810184394449192,1.5816002859885159,2.3426936753669856,0.14337568058076225,0.6141836611311697
156,nash_reference,1.0,0.0,1.0,0.3072176729905614,0.0,0.0,0.01875700056552887,1.4766614437103271,2.3601887226104736,0.0,0.0
156,teacher_expert,1.0,0.0,0.0,0.404801771480601,0.0,0.029818503186106682,0.0,1.4894142150878906,2.289496898651123,0.0,0.0
156,game_cfm_raw,1.0,0.0,1.0,0.35213148617448903,0.004429108463227749,0.025553103536367416,0.013415063731372356,1.4734866619110107,2.357614040374756,0.0,0.0
156,game_cfm_anchored,1.0,0.0,0.0,0.3640958062697047,0.0,0.0,0.014065026156693711,1.4725545161568279,2.357616177629613,0.0,0.0
156,nash_reference_hocbf,1.0,0.0,0.0,0.5028006824355828,0.0,0.02946311013519755,0.017187923552226928,1.484978377565114,2.117484226592156,0.3393829401088929,0.8169164274788918
156,game_cfm_hocbf,1.0,0.0,0.0,0.4950921126852137,0.0,0.03030175819748767,0.022185303648077217,1.485595122701835,2.0505821987806048,0.3466424682395644,0.8397960863908664
157,nash_reference,1.0,0.0,1.0,0.30957085118398187,0.0,0.0,0.01519105490297079,1.3733246326446533,2.191537380218506,0.0,0.0
157,teacher_expert,1.0,0.0,0.0,0.4076882799673954,0.0,0.021525681018829346,0.0,1.3737843036651611,2.151111602783203,0.0,0.0
157,game_cfm_raw,1.0,0.0,1.0,0.3398889328526231,0.00404844107106328,0.04141511768102646,0.023294854909181595,1.3659943342208862,2.186595916748047,0.0,0.0
157,game_cfm_anchored,1.0,0.0,1.0,0.32006599653513235,0.0,0.0,0.0168977480661544,1.360379658523623,2.1866008958161047,0.0,0.0
157,nash_reference_hocbf,1.0,0.0,0.0,0.5130413519945312,0.0,0.021403859166657394,0.01239398328375248,1.3542797497092742,1.8630336485373822,0.20326678765880218,0.9012403416245017
157,game_cfm_hocbf,1.0,0.0,0.0,0.5150877714991251,0.0,0.020670887251966044,0.017855698866145794,1.348661367880684,1.87661996971908,0.20326678765880218,0.8923745481765584
158,nash_reference,1.0,0.0,1.0,0.29956466178772967,0.0,0.0,0.021980706602334976,1.3432700634002686,2.1785926818847656,0.0,0.0
158,teacher_expert,1.0,0.0,0.0,0.421442547672901,0.0,0.0313376858830452,0.0,1.3470994234085083,2.2013566493988037,0.0,0.0
158,game_cfm_raw,1.0,0.0,1.0,0.3101545293179357,0.0017224705079570413,0.021131839603185654,0.019015265628695488,1.3644441366195679,2.3035764694213867,0.0,0.0
158,game_cfm_anchored,1.0,0.0,1.0,0.29703279496036955,0.0,0.0,0.02166212047041966,1.3611899562056082,2.303579433619436,0.0,0.0
158,nash_reference_hocbf,1.0,0.0,0.0,0.5233729045455254,0.0,0.031245419477426324,0.011259086077895048,1.3326002356863609,2.0975432783799746,0.15063520871143377,0.8734879535291046
158,game_cfm_hocbf,1.0,0.0,0.0,0.52267012976882,0.0,0.031719379237394096,0.013881174582123904,1.315819519913702,2.035990440565913,0.1542649727767695,0.8628608888808322
159,nash_reference,1.0,0.0,1.0,0.3094887483432179,0.0,0.0,0.01601850427687168,1.3812059164047241,2.2249927520751953,0.0,0.0
159,teacher_expert,1.0,0.0,0.0,0.4140905495361379,0.0,0.022414173930883408,0.0,1.3703060150146484,2.1814348697662354,0.0,0.0
159,game_cfm_raw,1.0,0.0,0.0,0.39237368642828535,0.002985962200909853,0.021050728857517242,0.018137279897928238,1.399957537651062,2.22865629196167,0.0,0.0
159,game_cfm_anchored,1.0,0.0,0.0,0.3996716179965765,0.0,0.0,0.01699428181676051,1.3997192355852066,2.228657142333938,0.0,0.0
159,nash_reference_hocbf,1.0,0.0,0.0,0.5173768676986976,0.0,0.02230877647365135,0.012231494918162838,1.360497225045831,1.986438839332955,0.20689655172413793,0.8866916572480273
159,game_cfm_hocbf,1.0,0.0,0.0,0.5379913748601289,0.0,0.02320921422035295,0.016314602287667533,1.3810237723613503,1.990513840566558,0.16152450090744103,0.8013924936326556
160,nash_reference,1.0,0.0,1.0,0.30307242850128024,0.0,0.0,0.023060891777276993,1.4723197221755981,2.2246451377868652,0.0,0.0
160,teacher_expert,1.0,0.0,0.0,0.391436950387919,0.0,0.039358943700790405,0.0,1.487493872642517,2.190911293029785,0.0,0.0
160,game_cfm_raw,1.0,0.0,1.0,0.3305563915719174,0.001597268390469253,0.01781628280878067,0.023817507550120354,1.4787075519561768,2.2460126876831055,0.0,0.0
160,game_cfm_anchored,1.0,0.0,1.0,0.3273760784281745,0.0,0.0,0.023738510946608206,1.4771157713659904,2.246017700589302,0.0,0.0
160,nash_reference_hocbf,1.0,0.0,0.0,0.5013201128610449,0.0,0.03936336332784235,0.012221530481643934,1.4749154048914817,2.0945869435689675,0.16152450090744103,0.9281745497778368
160,game_cfm_hocbf,1.0,0.0,0.0,0.5015820424641806,0.0,0.038297876247118376,0.01287433750702709,1.470100968348427,2.072233223194883,0.19237749546279492,0.6874477360806299
161,nash_reference,1.0,0.0,1.0,0.3063169605100419,0.0,0.0,0.01900225132703781,1.286698818206787,1.9375053644180298,0.0,0.0
161,teacher_expert,1.0,0.0,0.0,0.41452098725648917,0.0,0.025612015277147293,0.0,1.2875688076019287,1.9452115297317505,0.0,0.0
161,game_cfm_raw,1.0,0.0,0.0,0.3662623257052911,0.002137428382411599,0.026774868369102478,0.02453429624438286,1.3242546319961548,2.341325283050537,0.0,0.0
161,game_cfm_anchored,1.0,0.0,0.0,0.36563512431526457,0.0,0.0,0.01986327903393598,1.3253988906021574,2.341320367555986,0.0,0.0
161,nash_reference_hocbf,1.0,0.0,0.0,0.4876866725434966,0.0,0.026148246257930136,0.012798425574193376,1.2895275708417147,1.8757540754562376,0.4355716878402904,0.44866449576210804
161,game_cfm_hocbf,1.0,0.0,0.0,0.4876866725434966,0.0,0.0274382621733677,0.01942260954851719,1.3081764428986922,2.073281562803407,0.3194192377495463,0.5177992270883612
162,nash_reference,1.0,0.0,1.0,0.2977126569970682,0.0,0.0,0.01616024784743786,1.1640839576721191,1.7050939798355103,0.0,0.0
162,teacher_expert,1.0,0.0,0.0,0.3819191493673871,0.0,0.025017961859703064,0.0,1.1698827743530273,1.7147818803787231,0.0,0.0
162,game_cfm_raw,1.0,0.0,0.0,0.3659352555237426,0.00559964869171381,0.02188715711236,0.02452932484447956,1.1669447422027588,1.842848300933838,0.0,0.0
162,game_cfm_anchored,1.0,0.0,0.0,0.3730369780230411,0.0,0.0,0.021259500997553492,1.1709754747451313,1.84284663052778,0.0,0.0
162,nash_reference_hocbf,1.0,0.0,0.0,0.49736526425470073,0.0,0.02508922455963189,0.013559614018102677,1.1608855390644954,1.654612233989294,0.18148820326678766,0.8944463764422875
162,game_cfm_hocbf,1.0,0.0,0.0,0.49767136750299085,0.0,0.02624679139622795,0.01711031617462712,1.1664172229834213,1.6402202196217985,0.18148820326678766,0.5813036048591502
163,nash_reference,1.0,0.0,1.0,0.3026933436392746,0.0,0.0,0.01066211611032486,1.396966576576233,2.230752944946289,0.0,0.0
163,teacher_expert,1.0,0.0,0.0,0.3805393459502872,0.0,0.01573832705616951,0.0,1.3898662328720093,2.1940157413482666,0.0,0.0
163,game_cfm_raw,1.0,0.0,0.0,0.3715191850570088,0.004692308139055967,0.030640438199043274,0.012092787772417068,1.3934736251831055,2.1468472480773926,0.0,0.0
163,game_cfm_anchored,1.0,0.0,0.0,0.3880910745658386,0.0,0.0,0.008357455093710395,1.3946804885175792,2.146851033178182,0.0,0.0
163,nash_reference_hocbf,1.0,0.0,0.0,0.4926105670437619,0.0,0.015983797237131787,0.013035039746330494,1.3778810326778812,2.0828217888387583,0.2577132486388385,0.6501747470733104
163,game_cfm_hocbf,1.0,0.0,0.0,0.4918635443910047,0.0,0.015517194245065757,0.013560907064673467,1.3720554557320976,2.0568749412618477,0.33575317604355714,0.39813401787855035
164,nash_reference,1.0,0.0,1.0,0.30375551361454356,0.0,0.0,0.021450694650411606,1.4062602519989014,2.243227481842041,0.0,0.0
164,teacher_expert,1.0,0.0,0.0,0.42038921704519017,0.0,0.029211748391389847,0.0,1.4116649627685547,2.2566843032836914,0.0,0.0
164,game_cfm_raw,1.0,0.0,1.0,0.33770048500950295,0.003122805617749691,0.03023553267121315,0.01733393967151642,1.3962734937667847,2.3181262016296387,0.0,0.0
164,game_cfm_anchored,1.0,0.0,1.0,0.33738965832286155,0.0,0.0,0.018143780191677963,1.4021696092832883,2.3181261775280957,0.0,0.0
164,nash_reference_hocbf,1.0,0.0,0.0,0.5192201774562557,0.0,0.02909794336508107,0.011022384843191084,1.3967079643910711,2.151985530986767,0.1869328493647913,0.7491481859159451
164,game_cfm_hocbf,1.0,0.0,0.0,0.5197114164576411,0.0,0.029527664870293062,0.014898633282602216,1.380839632203718,2.1041541815593177,0.13430127041742287,0.778850515071239
165,nash_reference,1.0,0.0,1.0,0.30312504182556566,0.0,0.0,0.028181731700897217,1.3815754652023315,2.286072254180908,0.0,0.0
165,teacher_expert,1.0,0.0,0.0,0.429478778257105,0.0,0.045795802026987076,0.0,1.4184893369674683,2.328239679336548,0.0,0.0
165,game_cfm_raw,1.0,0.0,0.0,0.42484325936382816,0.001696308609098196,0.007973520085215569,0.02386978082358837,1.4065332412719727,2.3013062477111816,0.0,0.0
165,game_cfm_anchored,1.0,0.0,0.0,0.4249089210479158,0.0,0.0,0.02414496030282132,1.4054078851528353,2.3013047483354243,0.0,0.0
165,nash_reference_hocbf,1.0,0.0,0.0,0.5066526674268422,0.0,0.05907902685978926,0.018309367687939324,1.3557659256374044,2.143554979063968,0.6134301270417423,0.4818517514068201
165,game_cfm_hocbf,1.0,0.0,0.0,0.5065898544791031,0.0,0.059207234673770495,0.018558705783917464,1.352737108076999,2.1554852947584933,0.6116152450090744,0.32543003083001004
166,nash_reference,1.0,0.0,1.0,0.29791766357518407,0.0,0.0,0.01430360134691,1.227760910987854,1.7156239748001099,0.0,0.0
166,teacher_expert,1.0,0.0,0.0,0.3896585144179554,0.0,0.019447604194283485,0.0,1.2273564338684082,1.7098042964935303,0.0,0.0
166,game_cfm_raw,1.0,0.0,1.0,0.34034184160940373,0.0022125225514173508,0.01617869734764099,0.020641958341002464,1.229130506515503,1.711853265762329,0.0,0.0
166,game_cfm_anchored,1.0,0.0,1.0,0.3378232005826281,0.0,0.0,0.01731269350322948,1.2266933942766487,1.7118558349427038,0.0,0.0
166,nash_reference_hocbf,1.0,0.0,0.0,0.4077531939073334,0.0,0.033346042553954604,0.02020628810614452,1.2238180876365388,1.5488026295326445,0.6388384754990926,0.5253875694253742
166,game_cfm_hocbf,1.0,0.0,0.0,0.4077531939073334,0.0,0.03380896236123372,0.022047740053597425,1.2194624964890637,1.4937053371824296,0.5934664246823956,0.4555329358412375
167,nash_reference,1.0,0.0,1.0,0.29970791789723344,0.0,0.0,0.025460397824645042,1.319756269454956,1.8965792655944824,0.0,0.0
167,teacher_expert,1.0,0.0,0.0,0.43358045062084577,0.0,0.03756839781999588,0.0,1.3429948091506958,1.9143481254577637,0.0,0.0
167,game_cfm_raw,1.0,0.0,0.0,0.3803445569130142,0.003110378049314022,0.023576173931360245,0.026740901172161102,1.3441493511199951,2.1355819702148438,0.0,0.0
167,game_cfm_anchored,1.0,0.0,0.0,0.3917403127301526,0.0,0.0,0.022358131286616952,1.343148940098451,2.1355786749700076,0.0,0.0
167,nash_reference_hocbf,1.0,0.0,0.0,0.5331856378564843,0.0,0.03750511281677591,0.011044151896798318,1.3562518482996504,1.8529454753600694,0.14337568058076225,0.9750022404808073
167,game_cfm_hocbf,1.0,0.0,0.0,0.5411236136716209,0.0,0.03693460035091901,0.015023513384923451,1.358873308432489,1.9879308558030968,0.10526315789473684,0.7447104920366313
168,nash_reference,1.0,0.0,1.0,0.30919037751457684,0.0,0.0,0.016631698235869408,1.3999366760253906,2.1266469955444336,0.0,0.0
168,teacher_expert,1.0,0.0,0.0,0.41486534034918615,0.0,0.023059822618961334,0.0,1.4028689861297607,2.0827701091766357,0.0,0.0
168,game_cfm_raw,1.0,0.0,0.0,0.3862322137634706,0.002618002239614725,0.027181461453437805,0.020424453541636467,1.4078582525253296,2.236433982849121,0.0,0.0
168,game_cfm_anchored,1.0,0.0,0.0,0.38064051952224,0.0,0.0,0.017542547042815555,1.411253762880912,2.236433042859033,0.0,0.0
168,nash_reference_hocbf,1.0,0.0,0.0,0.5174394521528943,0.0,0.023094074708332777,0.01231756456913111,1.3907121066498347,1.9529337962091438,0.21052631578947367,0.9022415503678105
168,game_cfm_hocbf,1.0,0.0,0.0,0.5278720758710053,0.0,0.02314776524389263,0.02172803514168581,1.4128273740459825,2.027284957230111,0.2014519056261343,0.7270252702074488
169,nash_reference,1.0,0.0,1.0,0.3052171716481666,0.0,0.0,0.018960492685437202,1.3915704488754272,2.09871244430542,0.0,0.0
169,teacher_expert,1.0,0.0,0.0,0.37524420932720387,0.0,0.038085900247097015,0.0,1.3689817190170288,2.138719081878662,0.0,0.0
169,game_cfm_raw,1.0,0.0,1.0,0.3177997595286401,0.002566911745816469,0.029049508273601532,0.0307775866240263,1.4123531579971313,2.2968339920043945,0.0,0.0
169,game_cfm_anchored,1.0,0.0,1.0,0.32033249934919283,0.0,0.0,0.026608300690060104,1.4111022718224884,2.2968367380534946,0.0,0.0
169,nash_reference_hocbf,1.0,0.0,0.0,0.4888557107326735,0.0,0.03829198802572227,0.012806569828822327,1.3638646438245514,2.1023638491701306,0.15970961887477314,1.1070091070597778
169,game_cfm_hocbf,1.0,0.0,0.0,0.4903631708229786,0.0,0.03804456899562663,0.023266541924759698,1.4020398282918833,2.11952458397447,0.16152450090744103,1.0092377634426666
170,nash_reference,1.0,0.0,1.0,0.30749525171140896,0.0,0.0,0.021970560774207115,1.4438018798828125,2.2304534912109375,0.0,0.0
170,teacher_expert,1.0,0.0,0.0,0.41770262457860113,0.0,0.03307727724313736,0.0,1.463424801826477,2.245750665664673,0.0,0.0
170,game_cfm_raw,1.0,0.0,0.0,0.4201922590254715,0.0044970279559493065,0.02898680418729782,0.027643131092190742,1.4376333951950073,2.591785192489624,0.0,0.0
170,game_cfm_anchored,1.0,0.0,0.0,0.42132168192002756,0.0,0.0,0.022286132340385307,1.439511250943097,2.5917894813876217,0.0,0.0
170,nash_reference_hocbf,1.0,0.0,0.0,0.5154921103970883,0.0,0.033015675721507154,0.012902076248273374,1.4534763579897239,2.118737396088411,0.20871143375680581,0.86599826892273
170,game_cfm_hocbf,1.0,0.0,0.0,0.536709979685268,0.0,0.034098271144701944,0.017837800729792422,1.4463258479123347,2.1487492927242458,0.16333938294010888,0.6065956123491477
171,nash_reference,1.0,0.0,1.0,0.30317741652311964,0.0,0.0,0.01609615795314312,1.288257360458374,1.7377817630767822,0.0,0.0
171,teacher_expert,1.0,0.0,0.0,0.4144511803555889,0.0,0.018133725970983505,0.0,1.3082891702651978,1.7475186586380005,0.0,0.0
171,game_cfm_raw,1.0,0.0,0.0,0.4189968643607396,0.0026545238215476274,0.02248053252696991,0.015630826354026794,1.2826969623565674,1.902068853378296,0.0,0.0
171,game_cfm_anchored,1.0,0.0,0.0,0.40229905708675395,0.0,0.0,0.012155643152698611,1.2835231238181686,1.9020725981709117,0.0,0.0
171,nash_reference_hocbf,1.0,0.0,0.0,0.5148061068216612,0.0,0.01843173328857376,0.015764298084371065,1.2791699093316415,1.6632732930463026,0.26678765880217786,0.8530976370136328
171,game_cfm_hocbf,1.0,0.0,0.0,0.5153772773300693,0.0,0.018311372796045,0.019111482850032432,1.2721013714531,1.67054957887408,0.2250453720508167,0.6928843684911596
172,nash_reference,1.0,0.0,1.0,0.31335333765175427,0.0,0.0,0.018280917778611183,1.4082826375961304,2.2896556854248047,0.0,0.0
172,teacher_expert,1.0,0.0,0.0,0.4283901238705357,0.0,0.021495509892702103,0.0,1.3889232873916626,2.284714937210083,0.0,0.0
172,game_cfm_raw,1.0,0.0,0.0,0.36105479984770605,0.003047028323635459,0.013729264959692955,0.01730922795832157,1.4992554187774658,2.2609171867370605,0.0,0.0
172,game_cfm_anchored,1.0,0.0,0.0,0.3650213729150732,0.0,0.0,0.017319726921175414,1.5005132766277471,2.2609163040054505,0.0,0.0
172,nash_reference_hocbf,1.0,0.0,0.0,0.5243899165936418,0.0,0.021551481783540074,0.010919999148850872,1.3733351605762723,2.1946090981354573,0.1869328493647913,0.9684140451297792
172,game_cfm_hocbf,1.0,0.0,0.0,0.5456962896325283,0.0,0.020233550305463855,0.017087145249026898,1.4519844658982919,2.1537035095289876,0.16696914700544466,0.9613824178370683
173,nash_reference,1.0,0.0,1.0,0.2974054395827542,0.0,0.0,0.016544321551918983,1.2366288900375366,1.8499782085418701,0.0,0.0
173,teacher_expert,1.0,0.0,0.0,0.39658030937453104,0.0,0.02170761302113533,0.0,1.2305700778961182,1.818867564201355,0.0,0.0
173,game_cfm_raw,1.0,0.0,0.0,0.38012792930341344,0.002238880144432187,0.021454734727740288,0.016654858365654945,1.2391395568847656,1.8780994415283203,0.0,0.0
173,game_cfm_anchored,1.0,0.0,0.0,0.38023776918076535,0.0,0.0,0.013440766395193099,1.2356503655363458,1.8781020861453361,0.0,0.0
173,nash_reference_hocbf,1.0,0.0,0.0,0.508690305579091,0.0,0.021608718708353687,0.01274068549504362,1.223550595882143,1.7315503513796164,0.18874773139745918,0.767080304336634
173,game_cfm_hocbf,1.0,0.0,0.0,0.5101107272105541,0.0,0.02068374172723943,0.015608754463335569,1.207260737115709,1.7527561586008804,0.17422867513611615,0.4854221419340011
174,nash_reference,1.0,0.0,1.0,0.3077112928503225,0.0,0.0,0.01851709373295307,1.2505741119384766,1.894362211227417,0.0,0.0
174,teacher_expert,1.0,0.0,0.0,0.4249913605958039,0.0,0.024155335500836372,0.0,1.2796118259429932,1.9031764268875122,0.0,0.0
174,game_cfm_raw,1.0,0.0,1.0,0.3475328830084994,0.004691994749009609,0.030776020139455795,0.021678593009710312,1.3252495527267456,2.096771001815796,0.0,0.0
174,game_cfm_anchored,1.0,0.0,0.0,0.3603316981180318,0.0,0.0,0.015567720827459714,1.3214275721211854,2.096771083833022,0.0,0.0
174,nash_reference_hocbf,1.0,0.0,0.0,0.45747211200524485,0.0,0.03442567791932176,0.01695287280114573,1.2604210861951082,1.8162931254494428,0.6098003629764065,0.47966381032558686
174,game_cfm_hocbf,1.0,0.0,0.0,0.45747211200524485,0.0,0.034740950006331775,0.021550821295272003,1.2948731013777255,1.9572667485253379,0.588021778584392,0.4076637154161595
175,nash_reference,1.0,0.0,1.0,0.30659861527791604,0.0,0.0,0.015705229714512825,1.301945447921753,1.8636164665222168,0.0,0.0
175,teacher_expert,1.0,0.0,0.0,0.39726676311502934,0.0,0.025358974933624268,0.0,1.2817552089691162,1.7603051662445068,0.0,0.0
175,game_cfm_raw,1.0,0.0,0.0,0.392052047261409,0.004592401906847954,0.02466404438018799,0.01615137979388237,1.3178210258483887,1.9431707859039307,0.0,0.0
175,game_cfm_anchored,1.0,0.0,0.0,0.3972924184440233,0.0,0.0,0.014407431872156005,1.3141190984755264,1.9431737254601928,0.0,0.0
175,nash_reference_hocbf,1.0,0.0,0.0,0.4910546708798408,0.0,0.02495410452954404,0.01790182045618764,1.226949698639625,1.724263132517372,0.2813067150635209,1.1118807308045686
175,game_cfm_hocbf,1.0,0.0,0.0,0.4910546708798408,0.0,0.024625480061534588,0.017588433338653797,1.2209604991451108,1.7866843263059604,0.26678765880217786,0.8448012978714683
176,nash_reference,1.0,0.0,1.0,0.3051959709459497,0.0,0.0,0.018915481865406036,1.3636213541030884,2.113882541656494,0.0,0.0
176,teacher_expert,1.0,0.0,0.0,0.4012315300522265,0.0,0.029769696295261383,0.0,1.363057255744934,2.1216537952423096,0.0,0.0
176,game_cfm_raw,1.0,0.0,0.0,0.3986100117027358,0.00219910591840744,0.010648728348314762,0.018486006185412407,1.4285979270935059,2.0815343856811523,0.0,0.0
176,game_cfm_anchored,1.0,0.0,0.0,0.390827192573228,0.0,0.0,0.018060458684456052,1.4260522656839523,2.081530252908323,0.0,0.0
176,nash_reference_hocbf,1.0,0.0,0.0,0.5071691780418913,0.0,0.029832491736911007,0.011955890907721619,1.3484439085476105,2.0431329075538374,0.1996370235934664,0.8559639621748736
176,game_cfm_hocbf,1.0,0.0,0.0,0.5259360712543615,0.0,0.029958175660153345,0.016774034355926642,1.4020022316760423,1.9799111940234115,0.1542649727767695,0.7525885516034136
177,nash_reference,1.0,0.0,1.0,0.30297227885241135,0.0,0.0,0.01975015550851822,1.3977675437927246,1.8933777809143066,0.0,0.0
177,teacher_expert,1.0,0.0,0.0,0.4371166351279932,0.0,0.021895967423915863,0.0,1.4246233701705933,1.9128477573394775,0.0,0.0
177,game_cfm_raw,1.0,0.0,0.0,0.3746417003890934,0.001949399709701538,0.017396140843629837,0.023375343531370163,1.4020073413848877,2.072437286376953,0.0,0.0
177,game_cfm_anchored,1.0,0.0,0.0,0.3766225560688562,0.0,0.0,0.019072825933611065,1.4040750906026611,2.0724336383280537,0.0,0.0
177,nash_reference_hocbf,1.0,0.0,0.0,0.5364998046073335,0.0,0.021854605233616882,0.011341577503787089,1.4215641933820335,1.8660310398838902,0.2159709618874773,0.7746996843440604
177,game_cfm_hocbf,1.0,0.0,0.0,0.5519779148932246,0.0,0.021485776574318816,0.016532395588706866,1.4133256417965088,1.9365306645360938,0.16333938294010888,0.7770985973210414
178,nash_reference,1.0,0.0,1.0,0.2932735928865283,0.0,0.0,0.01642785221338272,1.0943105220794678,1.4178088903427124,0.0,0.0
178,teacher_expert,1.0,0.0,0.0,0.3999452219967658,0.0,0.01922832615673542,0.0,1.0975301265716553,1.4195351600646973,0.0,0.0
178,game_cfm_raw,1.0,0.0,1.0,0.31734417125789854,0.003502510255202651,0.02881792187690735,0.019568784162402153,1.2144972085952759,1.586366891860962,0.0,0.0
178,game_cfm_anchored,1.0,0.0,1.0,0.33730887818943284,0.0,0.0,0.014195144782222141,1.2148442157531283,1.5863731905140492,0.0,0.0
178,nash_reference_hocbf,1.0,0.0,0.0,0.5129858202878905,0.0,0.018943576243385232,0.012862619418012644,1.0901439081864857,1.3954389906796074,0.17967332123411978,0.7970045597108171
178,game_cfm_hocbf,1.0,0.0,0.0,0.5296424065468315,0.0,0.017038142767233012,0.019747195627993635,1.1785200834887726,1.439285986033609,0.1397459165154265,0.8406771483812828
179,nash_reference,1.0,0.0,1.0,0.3040187673649295,0.0,0.0,0.013679148629307747,1.3051005601882935,1.933285117149353,0.0,0.0
179,teacher_expert,1.0,0.0,0.0,0.38294673653062794,0.0,0.02478582039475441,0.0,1.2934693098068237,1.8862138986587524,0.0,0.0
179,game_cfm_raw,1.0,0.0,0.0,0.39205152583715275,0.002951711416244507,0.007809888571500778,0.014448205009102821,1.325581669807434,1.8932723999023438,0.0,0.0
179,game_cfm_anchored,1.0,0.0,0.0,0.3957053180831914,0.0,0.0,0.014741028691459634,1.3264269567632085,1.8932728329559512,0.0,0.0
179,nash_reference_hocbf,1.0,0.0,0.0,0.4948759664873717,0.0,0.025003688441734694,0.012511746494346738,1.2822939831450628,1.7941969765135817,0.19600725952813067,0.897600098225226
179,game_cfm_hocbf,1.0,0.0,0.0,0.5003104340001852,0.0,0.025380536810867917,0.014020296925526782,1.3033158929584412,1.795393992384486,0.1542649727767695,0.6897447909541247
180,nash_reference,1.0,0.0,1.0,0.2946018107510741,0.0,0.0,0.019362477585673332,1.224206566810608,1.7311477661132812,0.0,0.0
180,teacher_expert,1.0,0.0,0.0,0.384195205964282,0.0,0.03191555291414261,0.0,1.2491792440414429,1.7543991804122925,0.0,0.0
180,game_cfm_raw,1.0,0.0,0.0,0.37278259495846033,0.0019191543105989695,0.01968572288751602,0.02594047598540783,1.2458161115646362,1.8437355756759644,0.0,0.0
180,game_cfm_anchored,1.0,0.0,1.0,0.35950783195431985,0.0,0.0,0.021588676951347346,1.2497072516574024,1.843731873608819,0.0,0.0
180,nash_reference_hocbf,1.0,0.0,0.0,0.5021793076026041,0.0,0.03198209355854927,0.013668591886591218,1.2662778343786338,1.7366354977042513,0.19237749546279492,0.8908786685412017
180,game_cfm_hocbf,1.0,0.0,0.0,0.5038830687884305,0.0,0.03219116057809215,0.017614443633007733,1.2818457273832162,1.7884303068252196,0.17967332123411978,0.6744336319568095
181,nash_reference,1.0,0.0,1.0,0.3012347794135191,0.0,0.0,0.012448170222342014,1.2014052867889404,1.8260674476623535,0.0,0.0
181,teacher_expert,1.0,0.0,0.0,0.39616761429469466,0.0,0.011335663497447968,0.0,1.197644591331482,1.5571953058242798,0.0,0.0
181,game_cfm_raw,1.0,0.0,1.0,0.31987873189575533,0.002754520159214735,0.02415349893271923,0.020281551405787468,1.1952693462371826,1.8491063117980957,0.0,0.0
181,game_cfm_anchored,1.0,0.0,1.0,0.3093127996603172,0.0,0.0,0.015388547350706836,1.1908773863553783,1.8491039760935388,0.0,0.0
181,nash_reference_hocbf,1.0,0.0,0.0,0.4699902990365144,0.0,0.01552746922045884,0.018391464463731126,1.1963229024606097,1.5694436973013546,0.5843920145190563,0.5636804443639687
181,game_cfm_hocbf,1.0,0.0,0.0,0.4699902990365144,0.0,0.016128942359204455,0.02321374051855525,1.1711172138780106,1.5271137724037522,0.5680580762250453,0.5169917968935084
182,nash_reference,1.0,0.0,1.0,0.30084187935669565,0.0,0.0,0.02075272798538208,1.2747197151184082,1.892730712890625,0.0,0.0
182,teacher_expert,1.0,0.0,0.0,0.4224348520622369,0.0,0.029391242191195488,0.0,1.2756589651107788,1.9010343551635742,0.0,0.0
182,game_cfm_raw,1.0,0.0,1.0,0.3116577345014427,0.0036888783797621727,0.027513235807418823,0.02597522735595703,1.2854366302490234,2.105684518814087,0.0,0.0
182,game_cfm_anchored,1.0,0.0,1.0,0.32221410220453284,0.0,0.0,0.01954185133083961,1.287427327077772,2.1056848431464674,0.0,0.0
182,nash_reference_hocbf,1.0,0.0,0.0,0.523769864522353,0.0,0.02986491107763445,0.012516494500239153,1.2645411772520079,1.8335315117017728,0.22686025408348456,0.7393075482844106
182,game_cfm_hocbf,1.0,0.0,0.0,0.5269645975064096,0.0,0.03088554812434829,0.02104122591839635,1.2749231330350301,1.8108086532171102,0.19600725952813067,0.7957792077948632
183,nash_reference,1.0,0.0,1.0,0.3104641061736277,0.0,0.0,0.014750207774341106,1.448105812072754,2.2517712116241455,0.0,0.0
183,teacher_expert,1.0,0.0,0.0,0.41104426518655707,0.0,0.017734047025442123,0.0,1.4342485666275024,2.2551381587982178,0.0,0.0
183,game_cfm_raw,1.0,0.0,1.0,0.3598515373001702,0.00248113926500082,0.03926190733909607,0.027123156934976578,1.4554603099822998,2.547924757003784,0.0,0.0
183,game_cfm_anchored,1.0,0.0,1.0,0.34354464700538173,0.0,0.0,0.0179607091259012,1.4487260777091555,2.5479236933330562,0.0,0.0
183,nash_reference_hocbf,1.0,0.0,0.0,0.5116685098452936,0.0,0.01777915149983982,0.010925729064568998,1.4185964677552607,2.1712211460497968,0.1306715063520871,1.2054711627069523
183,game_cfm_hocbf,1.0,0.0,0.0,0.5208499132411385,0.0,0.018648979908292777,0.019525398585815555,1.4094844543065137,2.2293842287733328,0.12522686025408347,1.0971271430866967
184,nash_reference,1.0,0.0,1.0,0.3055692743169897,0.0,0.0,0.01946694776415825,1.4189573526382446,2.39618182182312,0.0,0.0
184,teacher_expert,1.0,0.0,0.0,0.38557336651053936,0.0,0.034829046577215195,0.0,1.4133450984954834,2.4044885635375977,0.0,0.0
184,game_cfm_raw,1.0,0.0,1.0,0.3469994251449063,0.003371035447344184,0.031085003167390823,0.034059446305036545,1.4409308433532715,2.161433219909668,0.0,0.0
184,game_cfm_anchored,1.0,0.0,1.0,0.3220852277381416,0.0,0.0,0.026506477057555697,1.436560607381578,2.161432099037594,0.0,0.0
184,nash_reference_hocbf,1.0,0.0,0.0,0.49287223177489425,0.0,0.03485447427691838,0.011844493375234539,1.3944605399856234,2.2726003477208785,0.1560798548094374,1.011852297058742
184,game_cfm_hocbf,1.0,0.0,0.0,0.49918131830302737,0.0,0.035494634257952004,0.019620964539282703,1.3726638101391637,2.0916179977979636,0.14156079854809436,1.033343756895446
185,nash_reference,1.0,0.0,1.0,0.3068161548835968,0.0,0.0,0.01476315874606371,1.411489486694336,2.0593984127044678,0.0,0.0
185,teacher_expert,1.0,0.0,0.0,0.4162881058752294,0.0,0.014717841520905495,0.0,1.4116381406784058,1.9981379508972168,0.0,0.0
185,game_cfm_raw,1.0,0.0,1.0,0.3586890270563914,0.002876673825085163,0.029833968728780746,0.022886794060468674,1.4172865152359009,2.162818431854248,0.0,0.0
185,game_cfm_anchored,1.0,0.0,1.0,0.3559603481560307,0.0,0.0,0.016022557444219057,1.4168657506174072,2.1628204314286172,0.0,0.0
185,nash_reference_hocbf,1.0,0.0,0.0,0.5185220657621873,0.0,0.014878445046769884,0.012797724215250137,1.3995518179720847,1.9294335427926386,0.2159709618874773,0.8710623984453353
185,game_cfm_hocbf,1.0,0.0,0.0,0.5286145451901911,0.0,0.015824629222574407,0.017984438042779872,1.4002422307409546,1.928297365379624,0.17967332123411978,0.8125600335191032
186,nash_reference,1.0,0.0,1.0,0.31038690655851336,0.0,0.0,0.022881800308823586,1.4359081983566284,2.433751344680786,0.0,0.0
186,teacher_expert,1.0,0.0,0.0,0.4496070287710561,0.0,0.029314756393432617,0.0,1.4449001550674438,2.34096097946167,0.0,0.0
186,game_cfm_raw,1.0,0.0,0.0,0.41083695661311476,0.002771213185042143,0.033992424607276917,0.016832415014505386,1.4816439151763916,2.432920217514038,0.0,0.0
186,game_cfm_anchored,1.0,0.0,0.0,0.38385797821159684,0.0,0.0,0.01759638087012086,1.4757776351927048,2.4329170052201614,0.0,0.0
186,nash_reference_hocbf,1.0,0.0,0.0,0.5425604926371729,0.0,0.029309802012151026,0.011451392498987025,1.4324272316097777,2.0939162613258793,0.19419237749546278,0.8713324477834591
186,game_cfm_hocbf,1.0,0.0,0.0,0.5578851181610194,0.0,0.02989693631644208,0.01658080289102666,1.453072506537337,2.072104025498315,0.1705989110707804,0.7494175675780311
187,nash_reference,1.0,0.0,1.0,0.3074192346864211,0.0,0.0,0.01766125299036503,1.354637622833252,2.111403465270996,0.0,0.0
187,teacher_expert,1.0,0.0,0.0,0.4194914962570894,0.0,0.022323576733469963,0.0,1.3889527320861816,2.1173343658447266,0.0,0.0
187,game_cfm_raw,1.0,0.0,0.0,0.3844356550758259,0.001952516846358776,0.014046204276382923,0.020396308973431587,1.4114251136779785,2.1601016521453857,0.0,0.0
187,game_cfm_anchored,1.0,0.0,0.0,0.378491757445605,0.0,0.0,0.017659381236489854,1.4155267470687494,2.1601032812465375,0.0,0.0
187,nash_reference_hocbf,1.0,0.0,0.0,0.5201168005817588,0.0,0.022419641001184216,0.01088468763067858,1.4001502846852718,2.037977135262147,0.13611615245009073,1.2071807033132682
187,game_cfm_hocbf,1.0,0.0,0.0,0.5270895952906027,0.0,0.021706972438627077,0.017723960898087185,1.4420395097181582,2.054926316334129,0.12704174228675136,0.9175477827661863
188,nash_reference,1.0,0.0,1.0,0.30265234775195854,0.0,0.0,0.01491781510412693,1.3397338390350342,1.955816388130188,0.0,0.0
188,teacher_expert,1.0,0.0,0.0,0.4037344587580978,0.0,0.019049085676670074,0.0,1.334797739982605,1.9882959127426147,0.0,0.0
188,game_cfm_raw,1.0,0.0,1.0,0.34232461259396363,0.004465300589799881,0.022869907319545746,0.02215326949954033,1.3237764835357666,1.9682354927062988,0.0,0.0
188,game_cfm_anchored,1.0,0.0,1.0,0.338137303649831,0.0,0.0,0.01773767462968998,1.3223495927706042,1.9682358078284392,0.0,0.0
188,nash_reference_hocbf,1.0,0.0,0.0,0.5115505382486805,0.0,0.019142260715452046,0.011982265164396896,1.3453797310940026,1.9621634293203982,0.15245009074410162,1.018282779586173
188,game_cfm_hocbf,1.0,0.0,0.0,0.5217655804725702,0.0,0.018381707366574105,0.01883805487761516,1.3233547129474423,1.912830464305219,0.12885662431941924,1.0306387257533498
189,nash_reference,1.0,0.0,1.0,0.3139059636853625,0.0,0.0,0.023178568109869957,1.4672526121139526,2.1828131675720215,0.0,0.0
189,teacher_expert,1.0,0.0,0.0,0.448828213644134,0.0,0.027638709172606468,0.0,1.4636443853378296,2.190296173095703,0.0,0.0
189,game_cfm_raw,1.0,0.0,1.0,0.34293913667300224,0.0050435420125722885,0.022100411355495453,0.02759600430727005,1.4784778356552124,2.326754331588745,0.0,0.0
189,game_cfm_anchored,1.0,0.0,1.0,0.3379661284765308,0.0,0.0,0.024735249520957465,1.4750075000528426,2.3267513909163817,0.0,0.0
189,nash_reference_hocbf,1.0,0.0,0.0,0.5433175515401085,0.0,0.02755095363534762,0.01011262814968137,1.455949432537337,2.1123584323071385,0.12885662431941924,1.1911996992812692
189,game_cfm_hocbf,1.0,0.0,0.0,0.561565107927317,0.0,0.02900560109524057,0.017887716638115364,1.4551962778595455,2.1734468556909925,0.11796733212341198,1.2558863247907743
190,nash_reference,1.0,0.0,1.0,0.3045248188184647,0.0,0.0,0.01679263822734356,1.421903371810913,2.1098477840423584,0.0,0.0
190,teacher_expert,1.0,0.0,0.0,0.4161120525539377,0.0,0.01834280788898468,0.0,1.4227644205093384,2.0790700912475586,0.0,0.0
190,game_cfm_raw,1.0,0.0,1.0,0.3397809619616043,0.0038148988969624043,0.028716666623950005,0.02026929147541523,1.4207420349121094,2.076335906982422,0.0,0.0
190,game_cfm_anchored,1.0,0.0,1.0,0.35899854817692434,0.0,0.0,0.013098840398111175,1.4267750960099612,2.076336944027958,0.0,0.0
190,nash_reference_hocbf,1.0,0.0,0.0,0.5189521568566915,0.0,0.018228452306238256,0.01124666610496094,1.4117933983318678,1.9648858644376301,0.17967332123411978,0.7777824562211444
190,game_cfm_hocbf,1.0,0.0,0.0,0.5182894322772403,0.0,0.018895854143799483,0.01728915439225834,1.4304777604640937,2.040570796514222,0.15245009074410162,0.6508454375360522
191,nash_reference,1.0,0.0,1.0,0.30707862363173566,0.0,0.0,0.018861515447497368,1.3070226907730103,2.110187292098999,0.0,0.0
191,teacher_expert,1.0,0.0,0.0,0.4098785713244446,0.0,0.02962212637066841,0.0,1.347022294998169,2.146514892578125,0.0,0.0
191,game_cfm_raw,1.0,0.0,0.0,0.37977322629342375,0.003579798387363553,0.031203046441078186,0.03016440011560917,1.30359947681427,2.390791654586792,0.0,0.0
191,game_cfm_anchored,1.0,0.0,0.0,0.39145677582888017,0.0,0.0,0.022855535486905075,1.2998328906588128,2.3907807981145996,0.0,0.0
191,nash_reference_hocbf,1.0,0.0,0.0,0.5146574535753566,0.0,0.029726780607989858,0.011511189924325886,1.360289917436717,2.1069984563621964,0.14519056261343014,1.113295401512955
191,game_cfm_hocbf,1.0,0.0,0.0,0.531650385563213,0.0,0.027955483550647503,0.016770347205858245,1.344473586754723,2.158293670991421,0.0998185117967332,1.0705172270406595
192,nash_reference,1.0,0.0,1.0,0.30242465259482026,0.0,0.0,0.020937930792570114,1.30337393283844,1.9586424827575684,0.0,0.0
192,teacher_expert,1.0,0.0,0.0,0.41307955088338255,0.0,0.031926002353429794,0.0,1.2861244678497314,1.9612445831298828,0.0,0.0
192,game_cfm_raw,1.0,0.0,1.0,0.34423445947287296,0.0020504798740148544,0.02183777280151844,0.024729378521442413,1.4261184930801392,2.3536605834960938,0.0,0.0
192,game_cfm_anchored,1.0,0.0,1.0,0.3400368342725356,0.0,0.0,0.023778085091601796,1.4247995609469621,2.353662348512545,0.0,0.0
192,nash_reference_hocbf,1.0,0.0,0.0,0.5018288065080053,0.0,0.03193529899395804,0.011473451424861515,1.2757181030309201,1.9028715103434857,0.20689655172413793,0.7637245623027349
192,game_cfm_hocbf,1.0,0.0,0.0,0.5034310244211136,0.0,0.032473270389910325,0.020565202326887643,1.3997016541067386,2.1747306433407045,0.1397459165154265,0.9504000017118269
193,nash_reference,1.0,0.0,1.0,0.30560084988029856,0.0,0.0,0.023038944229483604,1.37101411819458,2.2352049350738525,0.0,0.0
193,teacher_expert,1.0,0.0,0.0,0.42869510019293744,0.0,0.026366082951426506,0.0,1.3813214302062988,2.0922460556030273,0.0,0.0
193,game_cfm_raw,1.0,0.0,0.0,0.39938611273990693,0.0026718233712017536,0.02890678495168686,0.02365490421652794,1.3590232133865356,2.1882410049438477,0.0,0.0
193,game_cfm_anchored,1.0,0.0,0.0,0.39633244663778877,0.0,0.0,0.019118227711136672,1.3596508428281833,2.18824599745382,0.0,0.0
193,nash_reference_hocbf,1.0,0.0,0.0,0.4786061677967737,0.0,0.027386563223571525,0.014645974428201838,1.3748178321762905,1.9383379718266756,0.33030852994555354,0.7834108365072487
193,game_cfm_hocbf,1.0,0.0,0.0,0.4786061677967737,0.0,0.028038302030079055,0.01723422171256502,1.3702356420454203,1.903288237824437,0.32849364791288566,0.6191865273315116
194,nash_reference,1.0,0.0,1.0,0.2982535059680422,0.0,0.0,0.021873166784644127,1.2757065296173096,1.8997384309768677,0.0,0.0
194,teacher_expert,1.0,0.0,0.0,0.38551479938928096,0.0,0.03583730012178421,0.0,1.2828953266143799,1.9106770753860474,0.0,0.0
194,game_cfm_raw,1.0,0.0,0.0,0.3684995678852928,0.0025532259605824947,0.017935674637556076,0.028826508671045303,1.3683654069900513,2.0456950664520264,0.0,0.0
194,game_cfm_anchored,1.0,0.0,0.0,0.3711629392957258,0.0,0.0,0.024767666155940546,1.3703400349376966,2.0456978416479914,0.0,0.0
194,nash_reference_hocbf,1.0,0.0,0.0,0.498977387419037,0.0,0.035890745950938586,0.013024704411915273,1.2764300138897455,1.8442985518166823,0.2776769509981851,0.5761896601881628
194,game_cfm_hocbf,1.0,0.0,0.0,0.51453666449386,0.0,0.03680724559514586,0.017030795111485895,1.3317078252011487,1.7907416088616226,0.1869328493647913,0.5950251177788138
195,nash_reference,1.0,0.0,1.0,0.3052710257398839,0.0,0.0,0.019459625706076622,1.4056261777877808,2.062263250350952,0.0,0.0
195,teacher_expert,1.0,0.0,0.0,0.4388914095021244,0.0,0.022950809448957443,0.0,1.4346590042114258,2.087574005126953,0.0,0.0
195,game_cfm_raw,1.0,0.0,0.0,0.3887257701537286,0.002810743171721697,0.025644786655902863,0.012951488606631756,1.3978583812713623,2.316068410873413,0.0,0.0
195,game_cfm_anchored,1.0,0.0,0.0,0.3906728147493387,0.0,0.0,0.012007002709203808,1.4003745618574899,2.3160679954792824,0.0,0.0
195,nash_reference_hocbf,1.0,0.0,0.0,0.5382376787128756,0.0,0.022886825381327032,0.012093713976376548,1.4114967957233766,2.0219688442061177,0.22141560798548093,0.8309877287585741
195,game_cfm_hocbf,1.0,0.0,0.0,0.5370360630024995,0.0,0.023764515389895154,0.01411379530506571,1.3993416438224944,2.0629018044384,0.17785843920145192,0.5586685081235253
196,nash_reference,1.0,0.0,1.0,0.3007269175496007,0.0,0.0,0.016580870375037193,1.2667615413665771,1.6730257272720337,0.0,0.0
196,teacher_expert,1.0,0.0,0.0,0.39537359539297107,0.0,0.02548786625266075,0.0,1.2959935665130615,1.6601130962371826,0.0,0.0
196,game_cfm_raw,1.0,0.0,0.0,0.3706961714524192,0.003340921364724636,0.03403860330581665,0.028085146099328995,1.260779619216919,1.9042898416519165,0.0,0.0
196,game_cfm_anchored,1.0,0.0,0.0,0.3753282053734325,0.0,0.0,0.02042964766437457,1.2602118927486246,1.9043010134733764,0.0,0.0
196,nash_reference_hocbf,1.0,0.0,0.0,0.5064333758751585,0.0,0.02575816596206651,0.01293392569578461,1.293843014189194,1.6319630703231482,0.23774954627949182,0.8008965328522594
196,game_cfm_hocbf,1.0,0.0,0.0,0.5106209380856416,0.0,0.024613224708483428,0.016418292409351765,1.279405896362236,1.6470675642683676,0.21415607985480944,0.6421293714870512
197,nash_reference,1.0,0.0,1.0,0.3050884774115627,0.0,0.0,0.014908253215253353,1.4965662956237793,2.2733654975891113,0.0,0.0
197,teacher_expert,1.0,0.0,0.0,0.4037760183239016,0.0,0.018542485311627388,0.0,1.4960379600524902,2.2824056148529053,0.0,0.0
197,game_cfm_raw,1.0,0.0,1.0,0.3409305514051378,0.0041234190575778484,0.01983778551220894,0.012900525704026222,1.4948073625564575,2.3122806549072266,0.0,0.0
197,game_cfm_anchored,1.0,0.0,1.0,0.3540755222866873,0.0,0.0,0.011385605436054944,1.4964361012084106,2.3122768243615015,0.0,0.0
197,nash_reference_hocbf,1.0,0.0,0.0,0.505461266209002,0.0,0.01847097615690368,0.012442536849061742,1.4817922871035711,2.1249814639221394,0.2159709618874773,0.7665021822758604
197,game_cfm_hocbf,1.0,0.0,0.0,0.50417582179561,0.0,0.0172698349795525,0.018477859500467417,1.4913431648722861,2.126633694972231,0.21052631578947367,0.6904758808643069
198,nash_reference,1.0,0.0,1.0,0.30247268560853835,0.0,0.0,0.02415727823972702,1.329214334487915,2.0901591777801514,0.0,0.0
198,teacher_expert,1.0,0.0,0.0,0.4411316432930096,0.0,0.0348716638982296,0.0,1.357038974761963,2.1225666999816895,0.0,0.0
198,game_cfm_raw,1.0,0.0,0.0,0.40392436081586847,0.002647118177264929,0.0240938700735569,0.025099478662014008,1.3128656148910522,2.0797879695892334,0.0,0.0
198,game_cfm_anchored,1.0,0.0,0.0,0.40203865691071716,0.0,0.0,0.020191160121746522,1.3152691471408722,2.079786986780223,0.0,0.0
198,nash_reference_hocbf,1.0,0.0,0.0,0.5350080253587778,0.0,0.034722535422836584,0.010249549100000584,1.3427030281391914,2.0295379924861976,0.12704174228675136,0.9742257292788326
198,game_cfm_hocbf,1.0,0.0,0.0,0.5409706031337872,0.0,0.03530304413909089,0.012670353454224348,1.3338421779824499,2.023247656794552,0.10526315789473684,0.5385054687469704
199,nash_reference,1.0,0.0,1.0,0.31296483398241637,0.0,0.0,0.017262205481529236,1.469416856765747,2.3666586875915527,0.0,0.0
199,teacher_expert,1.0,0.0,0.0,0.4433577947899445,0.0,0.014354275539517403,0.0,1.471213459968567,2.3311829566955566,0.0,0.0
199,game_cfm_raw,1.0,0.0,1.0,0.3440471796642149,0.004920557606965303,0.03321780636906624,0.026638083159923553,1.5797703266143799,2.2472102642059326,0.0,0.0
199,game_cfm_anchored,1.0,0.0,0.0,0.36645275517312326,0.0,0.0,0.01899024360133775,1.58330417930454,2.247212641313886,0.0,0.0
199,nash_reference_hocbf,1.0,0.0,0.0,0.5389126864896071,0.0,0.014177758052539005,0.010426314897943276,1.4581677393045611,2.143504056139515,0.1705989110707804,0.8912798241584384
199,game_cfm_hocbf,1.0,0.0,0.0,0.5677486907120405,0.0,0.01373377879266947,0.02033520139450169,1.5839172429131962,2.152267526719172,0.14882032667876588,0.8537827426902104
200,nash_reference,1.0,0.0,1.0,0.27648442625764486,0.0,0.0,0.022570380941033363,1.2441473007202148,1.8150593042373657,0.0,0.0
200,teacher_expert,1.0,0.0,0.0,0.40940133138088763,0.0,0.024528877809643745,0.0,1.2477035522460938,1.8276091814041138,0.0,0.0
200,game_cfm_raw,1.0,0.0,1.0,0.3253014450926319,0.004590264987200499,0.03363567590713501,0.019135193899273872,1.25938880443573,1.7935682535171509,0.0,0.0
200,game_cfm_anchored,1.0,0.0,1.0,0.31011251975511134,0.0,0.0,0.019580463185651886,1.259743259090234,1.7935659625337639,0.0,0.0
200,nash_reference_hocbf,1.0,0.0,0.0,0.4924843462563834,0.0,0.028496325086658947,0.0209449639799262,1.2153174916622649,1.7607711876190337,0.6116152450090744,0.5942131817945611
200,game_cfm_hocbf,1.0,0.0,0.0,0.4932183107464447,0.0,0.03128826691193142,0.0243961636806085,1.2142403794908134,1.733138770935509,0.6061705989110708,0.5809425252101295
201,nash_reference,1.0,0.0,1.0,0.2981799255177713,0.0,0.0,0.02025575377047062,1.206516981124878,1.7061238288879395,0.0,0.0
201,teacher_expert,1.0,0.0,0.0,0.4080698671546897,0.0,0.029260404407978058,0.0,1.2330774068832397,1.7269543409347534,0.0,0.0
201,game_cfm_raw,1.0,0.0,1.0,0.3245637215071981,0.004758892580866814,0.010863738134503365,0.017442751675844193,1.270776391029358,1.8445931673049927,0.0,0.0
201,game_cfm_anchored,1.0,0.0,1.0,0.32776299825244365,0.0,0.0,0.017824726726961705,1.2682929161116365,1.8445906300931116,0.0,0.0
201,nash_reference_hocbf,1.0,0.0,0.0,0.5163832330822193,0.0,0.02922031636988045,0.012101474116589411,1.2485047438396024,1.7078235768956973,0.15970961887477314,0.9458264858214132
201,game_cfm_hocbf,1.0,0.0,0.0,0.5210802745045879,0.0,0.02950921635496774,0.018652878531619,1.2895493603559398,1.7790010084637082,0.14337568058076225,0.912227592630461
202,nash_reference,1.0,0.0,1.0,0.30006165646825694,0.0,0.0,0.022232836112380028,1.2848551273345947,1.9770476818084717,0.0,0.0
202,teacher_expert,1.0,0.0,0.0,0.41837467687719404,0.0,0.027786530554294586,0.0,1.309363842010498,1.9944149255752563,0.0,0.0
202,game_cfm_raw,1.0,0.0,1.0,0.359652706832577,0.003331937128677964,0.03402422368526459,0.02816200442612171,1.261281132698059,2.0117909908294678,0.0,0.0
202,game_cfm_anchored,1.0,0.0,0.0,0.3706720956502604,0.0,0.0,0.020785336497318434,1.2635341536718807,2.0117885921621204,0.0,0.0
202,nash_reference_hocbf,1.0,0.0,0.0,0.5194511349249562,0.0,0.02773168852069249,0.011153646379851645,1.2957856794946963,1.9214107640191183,0.14156079854809436,0.9407226164968796
202,game_cfm_hocbf,1.0,0.0,0.0,0.5155413793391714,0.0,0.028058614360826326,0.014307786856088633,1.2789664006934913,1.9384955608310026,0.13430127041742287,0.598491219614406
203,nash_reference,1.0,0.0,1.0,0.3420341317125452,0.0,0.0,0.014796942472457886,1.436937928199768,2.1452956199645996,0.0,0.0
203,teacher_expert,1.0,0.0,0.0,0.41126304941597547,0.0,0.024078331887722015,0.0,1.4324265718460083,2.1524088382720947,0.0,0.0
203,game_cfm_raw,1.0,0.0,0.0,0.40106827051231075,0.004272900987416506,0.024522814899683,0.023994693532586098,1.4122459888458252,2.2609097957611084,0.0,0.0
203,game_cfm_anchored,1.0,0.0,0.0,0.40843356002349,0.0,0.0,0.017223003330565752,1.4150027760912425,2.2609079166002064,0.0,0.0
203,nash_reference_hocbf,1.0,0.0,0.0,0.4878290461841945,0.0,0.023969734226291416,0.011673737559318791,1.4176208475801413,2.0731359356678687,0.294010889292196,0.5396429707169635
203,game_cfm_hocbf,1.0,0.0,0.0,0.4878290461841945,0.0,0.023702883831616398,0.016485127615321917,1.3904012095997664,2.0277057101526967,0.22686025408348456,0.4693152325831036
204,nash_reference,1.0,0.0,1.0,0.29583153678578067,0.0,0.0,0.01310573611408472,1.2652232646942139,1.7797917127609253,0.0,0.0
204,teacher_expert,1.0,0.0,0.0,0.3740133723301811,0.0,0.017519062384963036,0.0,1.259761095046997,1.7695484161376953,0.0,0.0
204,game_cfm_raw,1.0,0.0,1.0,0.34894860368002034,0.0024817390367388725,0.023114416748285294,0.014022785238921642,1.2821297645568848,1.7830290794372559,0.0,0.0
204,game_cfm_anchored,1.0,0.0,1.0,0.3398203487716689,0.0,0.0,0.011551394298412777,1.2808272263249616,1.7830250628376634,0.0,0.0
204,nash_reference_hocbf,1.0,0.0,0.0,0.49407768603894775,0.0,0.017665851367103705,0.015354389937615587,1.264713708398051,1.713573639419408,0.308529945553539,0.5880978953279247
204,game_cfm_hocbf,1.0,0.0,0.0,0.4957262511492204,0.0,0.01675273668605108,0.01635666277657697,1.2805936495673484,1.8015000404200479,0.2413793103448276,0.5883563222231545
205,nash_reference,1.0,0.0,1.0,0.30354887970221456,0.0,0.0,0.01969613879919052,1.3814857006072998,2.001701831817627,0.0,0.0
205,teacher_expert,1.0,0.0,0.0,0.41839707499318823,0.0,0.027525853365659714,0.0,1.3932158946990967,2.0151803493499756,0.0,0.0
205,game_cfm_raw,1.0,0.0,1.0,0.3208027129294586,0.003707505762577057,0.028599388897418976,0.02620026096701622,1.4257091283798218,2.323373794555664,0.0,0.0
205,game_cfm_anchored,1.0,0.0,1.0,0.3268519737381069,0.0,0.0,0.02267827308746899,1.4299865338725564,2.323371997558877,0.0,0.0
205,nash_reference_hocbf,1.0,0.0,0.0,0.4987287285296399,0.0,0.0274204281391487,0.01217033468940277,1.3865937239244286,1.980209155377148,0.27041742286751363,0.6219292861619778
205,game_cfm_hocbf,1.0,0.0,0.0,0.5004645555670785,0.0,0.028196138413312873,0.02101194053236828,1.4327946393559514,2.194971916893955,0.22867513611615245,0.6694071382581743
206,nash_reference,1.0,0.0,1.0,0.3098830137013161,0.0,0.0,0.020457342267036438,1.504698395729065,2.2253684997558594,0.0,0.0
206,teacher_expert,1.0,0.0,0.0,0.4232013929620817,0.0,0.033515721559524536,0.0,1.5456830263137817,2.264739513397217,0.0,0.0
206,game_cfm_raw,1.0,0.0,0.0,0.377522493242241,0.0019664750434458256,0.0057921623811125755,0.019385933876037598,1.5534645318984985,2.3730533123016357,0.0,0.0
206,game_cfm_anchored,1.0,0.0,0.0,0.377793390712359,0.0,0.0,0.019951842476741276,1.5530091475134196,2.373056679305648,0.0,0.0
206,nash_reference_hocbf,1.0,0.0,0.0,0.5115268886532205,0.0,0.03355293852062923,0.012012875854113444,1.5391110638549719,2.1621752835304906,0.22686025408348456,0.9007947159388103
206,game_cfm_hocbf,1.0,0.0,0.0,0.5114281126970053,0.0,0.03303765218947799,0.019268239285265838,1.5787810455215783,2.2130739454989516,0.24682395644283123,0.6539703944566875
207,nash_reference,1.0,0.0,1.0,0.3047326847421129,0.0,0.0,0.015756113454699516,1.4434376955032349,2.4011740684509277,0.0,0.0
207,teacher_expert,1.0,0.0,0.0,0.3928536943149521,0.0,0.024283915758132935,0.0,1.4388459920883179,2.4129912853240967,0.0,0.0
207,game_cfm_raw,1.0,0.0,0.0,0.3999884101617525,0.0034862649627029896,0.030922502279281616,0.023453649133443832,1.4726674556732178,2.5578112602233887,0.0,0.0
207,game_cfm_anchored,1.0,0.0,0.0,0.3904072259675437,0.0,0.0,0.01706099397335726,1.4685157770351562,2.5578112263971686,0.0,0.0
207,nash_reference_hocbf,1.0,0.0,0.0,0.4964337825724269,0.0,0.0243341405981986,0.012041768945375942,1.4201259082420616,2.2907812122904305,0.20326678765880218,0.7638171811835324
207,game_cfm_hocbf,1.0,0.0,0.0,0.5046568529334307,0.0,0.023775717757984836,0.013949434147266699,1.4486238099315538,2.465240315358076,0.17604355716878403,0.5214593516186881
208,nash_reference,1.0,0.0,1.0,0.29597294428056425,0.0,0.0,0.018664246425032616,1.1014983654022217,1.5429273843765259,0.0,0.0
208,teacher_expert,1.0,0.0,0.0,0.38586808713493403,0.0,0.02688402682542801,0.0,1.0994492769241333,1.4911344051361084,0.0,0.0
208,game_cfm_raw,1.0,0.0,0.0,0.38050430321913997,0.003933325409889221,0.01878131553530693,0.016414986923336983,1.091246247291565,1.5166542530059814,0.0,0.0
208,game_cfm_anchored,1.0,0.0,0.0,0.391049137828618,0.0,0.0,0.01546367538750229,1.0913402540160948,1.5166573908724306,0.0,0.0
208,nash_reference_hocbf,1.0,0.0,0.0,0.47689302308389914,0.0,0.030255945355723506,0.0188327343606223,1.1023030741874082,1.5004230377667929,0.647912885662432,0.4442921376283284
208,game_cfm_hocbf,1.0,0.0,0.0,0.47689302308389914,0.0,0.030512787469834546,0.01978212819281801,1.0871464826525852,1.423962793146929,0.6370235934664247,0.3554158118926583
209,nash_reference,1.0,0.0,1.0,0.30702848434525204,0.0,0.0,0.02556813322007656,1.4797563552856445,2.597566843032837,0.0,0.0
209,teacher_expert,1.0,0.0,0.0,0.36948239527174287,0.0,0.046642933040857315,0.0,1.4589617252349854,2.5520753860473633,0.0,0.0
209,game_cfm_raw,1.0,0.0,1.0,0.34983382658699264,0.003500114195048809,0.03700782731175423,0.04063555598258972,1.5006868839263916,2.655047655105591,0.0,0.0
209,game_cfm_anchored,1.0,0.0,1.0,0.33888428442940627,0.0,0.0,0.0322428364575029,1.4941218235035754,2.655046925564705,0.0,0.0
209,nash_reference_hocbf,1.0,0.0,0.0,0.4877655584939336,0.0,0.04655047136579696,0.022190358477747453,1.4615655541712167,2.293456734041665,0.4029038112522686,0.8364046751421514
209,game_cfm_hocbf,1.0,0.0,0.0,0.49220329465658497,0.0,0.04695691244271869,0.022830827239811186,1.4714272325451832,2.375572087320879,0.3139745916515426,0.7866100315215425
210,nash_reference,1.0,0.0,1.0,0.3000912179700751,0.0,0.0,0.020647607743740082,1.288476586341858,2.1055803298950195,0.0,0.0
210,teacher_expert,1.0,0.0,0.0,0.424211632140785,0.0,0.029894383624196053,0.0,1.3015499114990234,2.141616106033325,0.0,0.0
210,game_cfm_raw,1.0,0.0,0.0,0.40244702717848296,0.004330729134380817,0.02546679973602295,0.020532261580228806,1.276295781135559,2.21328067779541,0.0,0.0
210,game_cfm_anchored,1.0,0.0,0.0,0.40659523970991435,0.0,0.0,0.016433611073144193,1.2786271755760725,2.2132783657777555,0.0,0.0
210,nash_reference_hocbf,1.0,0.0,0.0,0.5210025869861289,0.0,0.02979285649286223,0.010764175093333522,1.2854159163074166,2.0284052067575415,0.13611615245009073,0.9012983705627092
210,game_cfm_hocbf,1.0,0.0,0.0,0.5324284183661707,0.0,0.02812844773770061,0.0148215886431954,1.2783979042303586,2.0061732795224994,0.08348457350272233,0.6486289494908061
211,nash_reference,1.0,0.0,1.0,0.3078197185587873,0.0,0.0,0.015303346328437328,1.3419551849365234,1.89776611328125,0.0,0.0
211,teacher_expert,1.0,0.0,0.0,0.4295755674563247,0.0,0.009899547323584557,0.0,1.3677246570587158,1.921935796737671,0.0,0.0
211,game_cfm_raw,1.0,0.0,1.0,0.3266424263084276,0.002724177436903119,0.02227487415075302,0.01802815869450569,1.3509165048599243,1.973844051361084,0.0,0.0
211,game_cfm_anchored,1.0,0.0,1.0,0.31260248075267705,0.0,0.0,0.01542092043448741,1.3542514723909171,1.9738464624473926,0.0,0.0
211,nash_reference_hocbf,1.0,0.0,0.0,0.5301678265320744,0.0,0.00985275893685881,0.01135620284869719,1.3666389260802987,1.8778588846577446,0.19782214156079855,0.8448245417043758
211,game_cfm_hocbf,1.0,0.0,0.0,0.5350465918406673,0.0,0.01058104957691411,0.0173897788130979,1.3794463477095515,1.8665916813726318,0.19782214156079855,0.8266591469925252
212,nash_reference,1.0,0.0,1.0,0.3151886751407341,0.0,0.0,0.015358809381723404,1.585422158241272,2.505582094192505,0.0,0.0
212,teacher_expert,1.0,0.0,0.0,0.4233630147970904,0.0,0.014199674129486084,0.0,1.577423334121704,2.4645910263061523,0.0,0.0
212,game_cfm_raw,1.0,0.0,0.0,0.43301336138694474,0.002612797310575843,0.02324526011943817,0.019675813615322113,1.5968621969223022,2.603330373764038,0.0,0.0
212,game_cfm_anchored,1.0,0.0,0.0,0.424400463356985,0.0,0.0,0.01392242345527121,1.594303550482166,2.603327223649404,0.0,0.0
212,nash_reference_hocbf,1.0,0.0,0.0,0.5191933630854537,0.0,0.014185889475742995,0.011177809128347753,1.562290047728975,2.309215108145288,0.22686025408348456,0.8027885299868964
212,game_cfm_hocbf,1.0,0.0,0.0,0.5307185398993439,0.0,0.014951937292004152,0.01654498550696721,1.551429588439367,2.3825091990687164,0.17785843920145192,0.5361532178091094
213,nash_reference,1.0,0.0,1.0,0.30807012626023056,0.0,0.0,0.021228211000561714,1.403743863105774,2.16359281539917,0.0,0.0
213,teacher_expert,1.0,0.0,0.0,0.41662326598091926,0.0,0.0328352190554142,0.0,1.4171286821365356,2.1761462688446045,0.0,0.0
213,game_cfm_raw,1.0,0.0,0.0,0.3696839075803716,0.004696168005466461,0.03307270258665085,0.03448446840047836,1.417046308517456,2.237191915512085,0.0,0.0
213,game_cfm_anchored,1.0,0.0,1.0,0.35635324506301913,0.0,0.0,0.02767021545917186,1.414049724858846,2.237190836673855,0.0,0.0
213,nash_reference_hocbf,1.0,0.0,0.0,0.5188815888741845,0.0,0.03281446866709711,0.011140661837104616,1.4270907846807028,2.096293950365876,0.14156079854809436,1.1047377882231968
213,game_cfm_hocbf,1.0,0.0,0.0,0.5244188809273017,0.0,0.031251599756999704,0.02061352071626205,1.4189609540546482,2.18402631231327,0.12704174228675136,0.9556652655436348
214,nash_reference,1.0,0.0,1.0,0.2963719746451679,0.0,0.0,0.02086026780307293,1.2744779586791992,1.6372723579406738,0.0,0.0
214,teacher_expert,1.0,0.0,0.0,0.41115289795241844,0.0,0.030937496572732925,0.0,1.2964749336242676,1.6519776582717896,0.0,0.0
214,game_cfm_raw,1.0,0.0,1.0,0.3268647040988384,0.002095222007483244,0.026585115119814873,0.02484261430799961,1.3067115545272827,2.084235668182373,0.0,0.0
214,game_cfm_anchored,1.0,0.0,1.0,0.3132028264700391,0.0,0.0,0.022049272152746362,1.3133356841947783,2.084234595015807,0.0,0.0
214,nash_reference_hocbf,1.0,0.0,0.0,0.485929440069867,0.0,0.022099688911210714,0.019023179917835052,1.2525382578345272,1.6090880982092666,0.5989110707803993,0.4688020095705408
214,game_cfm_hocbf,1.0,0.0,0.0,0.48619154546032617,0.0,0.021942570137705675,0.026031323078348417,1.2655425458820333,2.0059207481656034,0.5390199637023594,0.504958524484308
215,nash_reference,1.0,0.0,1.0,0.29673793205124543,0.0,0.0,0.016746964305639267,1.273126244544983,1.8741685152053833,0.0,0.0
215,teacher_expert,1.0,0.0,0.0,0.36388619995063193,0.0,0.02892749197781086,0.0,1.2657036781311035,1.8363635540008545,0.0,0.0
215,game_cfm_raw,1.0,0.0,1.0,0.3531342686207492,0.005322696641087532,0.023379601538181305,0.02284977398812771,1.258784294128418,1.8652732372283936,0.0,0.0
215,game_cfm_anchored,1.0,0.0,1.0,0.34141152221300275,0.0,0.0,0.01968107396967559,1.255356178682235,1.865270019711084,0.0,0.0
215,nash_reference_hocbf,1.0,0.0,0.0,0.49150855069120963,0.0,0.029337489537563453,0.020307392800174923,1.2677812056493203,1.7471073476155456,0.3466424682395644,0.7096458356782929
215,game_cfm_hocbf,1.0,0.0,0.0,0.4912732905007269,0.0,0.02826444297159103,0.019404248185909873,1.2539745083969822,1.718345903091354,0.35208711433756806,0.5672294767134627
216,nash_reference,1.0,0.0,1.0,0.30003631714097984,0.0,0.0,0.013045546598732471,1.2261043787002563,1.6404162645339966,0.0,0.0
216,teacher_expert,1.0,0.0,0.0,0.406751463651305,0.0,0.010096450336277485,0.0,1.2515805959701538,1.64254629611969,0.0,0.0
216,game_cfm_raw,1.0,0.0,0.0,0.3883750454400291,0.003997954539954662,0.02392701618373394,0.014399376697838306,1.2344988584518433,1.8118808269500732,0.0,0.0
216,game_cfm_anchored,1.0,0.0,0.0,0.3849753429010146,0.0,0.0,0.00850228641802879,1.2329668510002687,1.811883709420339,0.0,0.0
216,nash_reference_hocbf,1.0,0.0,0.0,0.5152964929946342,0.0,0.009968323207240923,0.01213284413664552,1.2649160279295368,1.6285536943838783,0.15970961887477314,0.9548517815919524
216,game_cfm_hocbf,1.0,0.0,0.0,0.5147865058661927,0.0,0.009586031725786818,0.013266358037643377,1.2519389286066545,1.6291154486656911,0.15789473684210525,0.5810899429381948
217,nash_reference,1.0,0.0,1.0,0.3061111334161607,0.0,0.0,0.027451643720269203,1.3314849138259888,2.175039768218994,0.0,0.0
217,teacher_expert,1.0,0.0,0.0,0.42805843746046285,0.0,0.040117695927619934,0.0,1.3399635553359985,2.185577392578125,0.0,0.0
217,game_cfm_raw,1.0,0.0,1.0,0.32035558260168595,0.001806305954232812,0.02765795588493347,0.02011503465473652,1.3459337949752808,2.358243465423584,0.0,0.0
217,game_cfm_anchored,1.0,0.0,1.0,0.317385728186066,0.0,0.0,0.02489738312480798,1.3490875299341327,2.358240160312668,0.0,0.0
217,nash_reference_hocbf,1.0,0.0,0.0,0.5269098047014804,0.0,0.04017188455169125,0.010759251666448038,1.3509117478248809,2.1296411771554173,0.13793103448275862,0.9634309937401216
217,game_cfm_hocbf,1.0,0.0,0.0,0.5314499612970898,0.0,0.04070403911296146,0.019628383216018796,1.3113282985420132,2.158210409114935,0.13611615245009073,0.9198753715999408
218,nash_reference,1.0,0.0,1.0,0.30146714542419156,0.0,0.0,0.017904242500662804,1.4200502634048462,2.1100454330444336,0.0,0.0
218,teacher_expert,1.0,0.0,0.0,0.41769899721140147,0.0,0.024971839040517807,0.0,1.4542001485824585,2.1419179439544678,0.0,0.0
218,game_cfm_raw,1.0,0.0,0.0,0.38403821355199586,0.002948982873931527,0.029000606387853622,0.021516837179660797,1.4578328132629395,2.222294569015503,0.0,0.0
218,game_cfm_anchored,1.0,0.0,0.0,0.39519705010687045,0.0,0.0,0.016937918177438463,1.4511140354376206,2.222296492595054,0.0,0.0
218,nash_reference_hocbf,1.0,0.0,0.0,0.5219023841258207,0.0,0.025000104439278588,0.011674105369248417,1.465555157941223,2.112354171883609,0.15063520871143377,1.1169606115254593
218,game_cfm_hocbf,1.0,0.0,0.0,0.5217787755381182,0.0,0.026197727187393986,0.01719907317241117,1.4837607262847081,2.161190489618993,0.15063520871143377,0.6606078252233792
219,nash_reference,1.0,0.0,1.0,0.3050102312039842,0.0,0.0,0.019831039011478424,1.2747046947479248,2.053997278213501,0.0,0.0
219,teacher_expert,1.0,0.0,0.0,0.39379627209843704,0.0,0.03452932834625244,0.0,1.2784898281097412,2.0735268592834473,0.0,0.0
219,game_cfm_raw,1.0,0.0,0.0,0.389229501784168,0.0031870021484792233,0.02761835791170597,0.026512684300541878,1.3443427085876465,2.131664991378784,0.0,0.0
219,game_cfm_anchored,1.0,0.0,0.0,0.37177304013205975,0.0,0.0,0.023125531855375532,1.340799403580719,2.1316657171741764,0.0,0.0
219,nash_reference_hocbf,1.0,0.0,0.0,0.4916932445916038,0.0,0.032186483329719615,0.015298655174461504,1.2660638237339792,1.9993931638268727,0.5698729582577132,0.43968508564454023
219,game_cfm_hocbf,1.0,0.0,0.0,0.4922470785583015,0.0,0.031248120560175403,0.023529304508281477,1.325684432769753,2.0801275341876835,0.47186932849364793,0.4578986312746397
220,nash_reference,1.0,0.0,1.0,0.2985614841268247,0.0,0.0,0.01713450253009796,1.2524347305297852,1.7557039260864258,0.0,0.0
220,teacher_expert,1.0,0.0,0.0,0.38328141494449713,0.0,0.02769036963582039,0.0,1.2383288145065308,1.7494101524353027,0.0,0.0
220,game_cfm_raw,1.0,0.0,0.0,0.3712170866739686,0.0020700637251138687,0.022443117573857307,0.020438695326447487,1.26564621925354,1.8565200567245483,0.0,0.0
220,game_cfm_anchored,1.0,0.0,1.0,0.3578268759164148,0.0,0.0,0.017641695992075362,1.2658121497994945,1.8565212172557708,0.0,0.0
220,nash_reference_hocbf,1.0,0.0,0.0,0.49894682860916967,0.0,0.027741795615215635,0.013159771188904448,1.231089000496081,1.690224407606941,0.18148820326678766,0.893689019560894
220,game_cfm_hocbf,1.0,0.0,0.0,0.5074396421471655,0.0,0.027355180139594124,0.01689663766652578,1.2600643876851017,1.813585966678925,0.1306715063520871,0.8908931845016753
221,nash_reference,1.0,0.0,1.0,0.3005493459691833,0.0,0.0,0.016187438741326332,1.4838460683822632,2.210293769836426,0.0,0.0
221,teacher_expert,1.0,0.0,0.0,0.3923978715817209,0.0,0.022770222276449203,0.0,1.492111325263977,2.183922052383423,0.0,0.0
221,game_cfm_raw,1.0,0.0,0.0,0.36399581702127903,0.0031258040107786655,0.012098720297217369,0.01385378185659647,1.494246244430542,2.238635301589966,0.0,0.0
221,game_cfm_anchored,1.0,0.0,0.0,0.36690682756087994,0.0,0.0,0.013841120018616563,1.4930788210116648,2.2386368369146084,0.0,0.0
221,nash_reference_hocbf,1.0,0.0,0.0,0.4979049990266934,0.0,0.022674360590911727,0.020855152786403503,1.4876578968395409,2.0877641437369285,0.35390199637023595,0.7573406587217965
221,game_cfm_hocbf,1.0,0.0,0.0,0.5104643428776988,0.0,0.022064493782231707,0.020258922108584963,1.5121328537371317,2.118813674439036,0.25226860254083483,0.8648624946353612
222,nash_reference,1.0,0.0,1.0,0.30300206568538673,0.0,0.0,0.015982605516910553,1.3805338144302368,1.9188555479049683,0.0,0.0
222,teacher_expert,1.0,0.0,0.0,0.4068618642561191,0.0,0.019333506003022194,0.0,1.3783793449401855,1.9472311735153198,0.0,0.0
222,game_cfm_raw,1.0,0.0,1.0,0.3505327275990625,0.0028520594350993633,0.013474617153406143,0.016142070293426514,1.451095461845398,1.950413703918457,0.0,0.0
222,game_cfm_anchored,1.0,0.0,1.0,0.34888576398644483,0.0,0.0,0.016314196165654632,1.4507464482537704,1.9504139845514161,0.0,0.0
222,nash_reference_hocbf,1.0,0.0,0.0,0.514076952593164,0.0,0.01935954402595786,0.011868280190567893,1.368636801718902,1.9221206927877326,0.1542649727767695,0.9982065511742367
222,game_cfm_hocbf,1.0,0.0,0.0,0.5321908157918419,0.0,0.019317571055904467,0.018424336266676052,1.4324229398260762,1.8586253461874163,0.12704174228675136,1.0274099277707083
223,nash_reference,1.0,0.0,1.0,0.30603969886429694,0.0,0.0,0.025840966030955315,1.4242758750915527,2.2709333896636963,0.0,0.0
223,teacher_expert,1.0,0.0,0.0,0.4235044621640838,0.0,0.03832564875483513,0.0,1.4375790357589722,2.2941465377807617,0.0,0.0
223,game_cfm_raw,1.0,0.0,0.0,0.4031349817003856,0.001954626524820924,0.009820747189223766,0.022468959912657738,1.4436348676681519,2.349759340286255,0.0,0.0
223,game_cfm_anchored,1.0,0.0,0.0,0.3998904948935861,0.0,0.0,0.021838388182519153,1.4427492112168545,2.349755576829352,0.0,0.0
223,nash_reference_hocbf,1.0,0.0,0.0,0.5232562567528497,0.0,0.038242160924383976,0.010837458878294482,1.4219355015943176,2.197033504308652,0.13793103448275862,1.0333664468863724
223,game_cfm_hocbf,1.0,0.0,0.0,0.5300174401173333,0.0,0.038579646276390066,0.012603331316039372,1.436689549807849,2.182753198421774,0.1306715063520871,0.6061432345284857
224,nash_reference,1.0,0.0,1.0,0.3010182721492896,0.0,0.0,0.016674481332302094,1.3190910816192627,1.8330532312393188,0.0,0.0
224,teacher_expert,1.0,0.0,0.0,0.38588261358582143,0.0,0.026411980390548706,0.0,1.3198974132537842,1.8425332307815552,0.0,0.0
224,game_cfm_raw,1.0,0.0,1.0,0.3505745567600727,0.0022648079320788383,0.022071266546845436,0.019322508946061134,1.3835972547531128,2.0098371505737305,0.0,0.0
224,game_cfm_anchored,1.0,0.0,1.0,0.3523268912560962,0.0,0.0,0.018048453203161827,1.3813022923695386,2.0098411493291226,0.0,0.0
224,nash_reference_hocbf,1.0,0.0,0.0,0.49882292738396933,0.0,0.02651622616339063,0.012741994249782522,1.3105328724561354,1.7806599881214031,0.1705989110707804,0.9225084103685992
224,game_cfm_hocbf,1.0,0.0,0.0,0.5140775959016977,0.0,0.026848897361404993,0.018697716409826537,1.3677957762116895,1.836953937692727,0.12704174228675136,0.9749868431984993
225,nash_reference,1.0,0.0,1.0,0.303491288798305,0.0,0.0,0.01773325726389885,1.3317450284957886,1.7354494333267212,0.0,0.0
225,teacher_expert,1.0,0.0,0.0,0.4028533722266221,0.0,0.027301998808979988,0.0,1.3505280017852783,1.7231509685516357,0.0,0.0
225,game_cfm_raw,1.0,0.0,0.0,0.3845516173027356,0.0025075040757656097,0.011700809001922607,0.01798282563686371,1.3305481672286987,1.761499285697937,0.0,0.0
225,game_cfm_anchored,1.0,0.0,0.0,0.38341543811262196,0.0,0.0,0.0167167717136185,1.3320238024080477,1.7615009409899398,0.0,0.0
225,nash_reference_hocbf,1.0,0.0,0.0,0.5129406152425074,0.0,0.02710920145093077,0.014768455665277264,1.303693366991613,1.692473894131708,0.24319419237749546,0.9030589677974264
225,game_cfm_hocbf,1.0,0.0,0.0,0.513287592313142,0.0,0.027107292307331027,0.015320493778543531,1.29584897919474,1.6847385931482213,0.23593466424682397,0.6521007641665503
226,nash_reference,1.0,0.0,1.0,0.3023378978649226,0.0,0.0,0.018582284450531006,1.274585247039795,2.0277161598205566,0.0,0.0
226,teacher_expert,1.0,0.0,0.0,0.39586270590034167,0.0,0.028055228292942047,0.0,1.2840747833251953,2.0454866886138916,0.0,0.0
226,game_cfm_raw,1.0,0.0,0.0,0.39363647702915644,0.002557346597313881,0.018195483833551407,0.013345743529498577,1.2872741222381592,1.9658805131912231,0.0,0.0
226,game_cfm_anchored,1.0,0.0,0.0,0.3980120033854653,0.0,0.0,0.015139694496429984,1.2851778457912026,1.9658774050586463,0.0,0.0
226,nash_reference_hocbf,1.0,0.0,0.0,0.5027614274453975,0.0,0.028043440121817344,0.011954475846366119,1.2702258337469352,1.9611115007243316,0.15245009074410162,1.0185692995495166
226,game_cfm_hocbf,1.0,0.0,0.0,0.5177593326847747,0.0,0.027634158392602144,0.015356979013929245,1.284508377081612,1.906943416389335,0.0998185117967332,0.9393718319933831
227,nash_reference,1.0,0.0,1.0,0.29891595637816787,0.0,0.0,0.022273357957601547,1.3120487928390503,1.8418006896972656,0.0,0.0
227,teacher_expert,1.0,0.0,0.0,0.3986332577037265,0.0,0.03576010465621948,0.0,1.330125093460083,1.858528733253479,0.0,0.0
227,game_cfm_raw,1.0,0.0,1.0,0.34722059809880934,0.0015283810207620263,0.03849998116493225,0.01943705976009369,1.3283374309539795,2.037630081176758,0.0,0.0
227,game_cfm_anchored,1.0,0.0,1.0,0.3339496642289121,0.0,0.0,0.017541992482054708,1.3218646528413296,2.0376265651836327,0.0,0.0
227,nash_reference_hocbf,1.0,0.0,0.0,0.5084782518853891,0.0,0.03580262754440912,0.012357648035601524,1.3189927345897705,1.795810005999553,0.16152450090744103,0.9241437909511264
227,game_cfm_hocbf,1.0,0.0,0.0,0.5110526859381651,0.0,0.03445384447826866,0.01922599115195268,1.309458727044583,1.7816142970385735,0.1542649727767695,0.8132803318510945
228,nash_reference,1.0,0.0,1.0,0.30676497717112566,0.0,0.0,0.02148718200623989,1.563617467880249,2.3005669116973877,0.0,0.0
228,teacher_expert,1.0,0.0,0.0,0.4679776289549701,0.0,0.021120566874742508,0.0,1.5987322330474854,2.334156036376953,0.0,0.0
228,game_cfm_raw,1.0,0.0,1.0,0.33668490187873906,0.006048306822776794,0.024767380207777023,0.020593727007508278,1.6036077737808228,2.718376874923706,0.0,0.0
228,game_cfm_anchored,1.0,0.0,1.0,0.32374556598079013,0.0,0.0,0.0206061442968925,1.6088669106589684,2.718381270703081,0.0,0.0
228,nash_reference_hocbf,1.0,0.0,0.0,0.5503982375163807,0.0,0.020917246065238447,0.010655895511368871,1.5753262114313238,2.2715888559308404,0.20689655172413793,0.854448094711844
228,game_cfm_hocbf,1.0,0.0,0.0,0.5695250237354335,0.0,0.021531184585431327,0.018897131902316382,1.5174853585991732,2.5929818532026,0.1306715063520871,1.149217882424508
229,nash_reference,1.0,0.0,1.0,0.2966309016214031,0.0,0.0,0.01544391643255949,1.1817255020141602,1.6964266300201416,0.0,0.0
229,teacher_expert,1.0,0.0,0.0,0.38024919211067587,0.0,0.026230517774820328,0.0,1.2147173881530762,1.7272474765777588,0.0,0.0
229,game_cfm_raw,1.0,0.0,1.0,0.3483341116589221,0.004273665137588978,0.019575737416744232,0.024053776636719704,1.2423044443130493,1.7862493991851807,0.0,0.0
229,game_cfm_anchored,1.0,0.0,1.0,0.333961610673552,0.0,0.0,0.01791093168691446,1.244717265722924,1.786246494826253,0.0,0.0
229,nash_reference_hocbf,1.0,0.0,0.0,0.4963949279520539,0.0,0.02630239592571021,0.013268999727713348,1.2321252591887415,1.7033337827062698,0.5208711433756806,0.33686235597878156
229,game_cfm_hocbf,1.0,0.0,0.0,0.5012908493786956,0.0,0.025819093624746367,0.02033553662176626,1.2828616088759048,1.689007727935845,0.2813067150635209,0.5316150743380987
230,nash_reference,1.0,0.0,1.0,0.2951724281881902,0.0,0.0,0.019602889195084572,1.2291324138641357,1.7622514963150024,0.0,0.0
230,teacher_expert,1.0,0.0,0.0,0.38006587023896077,0.0,0.03263114392757416,0.0,1.2240186929702759,1.767581582069397,0.0,0.0
230,game_cfm_raw,1.0,0.0,1.0,0.3347736302766052,0.002657713368535042,0.021438438445329666,0.02555350586771965,1.315380334854126,1.7911083698272705,0.0,0.0
230,game_cfm_anchored,1.0,0.0,1.0,0.33116780972779686,0.0,0.0,0.02257096220085268,1.3127305334967003,1.7911070337915485,0.0,0.0
230,nash_reference_hocbf,1.0,0.0,0.0,0.4982782923818094,0.0,0.03264653631068327,0.015139851003451601,1.2182610880536562,1.7179447235764822,0.37568058076225047,0.5084591250032191
230,game_cfm_hocbf,1.0,0.0,0.0,0.5014598870758507,0.0,0.032661664360701725,0.020488328812650784,1.2901041423405457,1.700371006904729,0.2395644283121597,0.61715651884719
231,nash_reference,1.0,0.0,1.0,0.30239805965718475,0.0,0.0,0.024681955575942993,1.3369389772415161,1.8349381685256958,0.0,0.0
231,teacher_expert,1.0,0.0,0.0,0.41100101789576815,0.0,0.03664981573820114,0.0,1.365104079246521,1.8535419702529907,0.0,0.0
231,game_cfm_raw,1.0,0.0,0.0,0.4000278105707352,0.0013594516785815358,0.015614431351423264,0.019756797701120377,1.3607393503189087,1.8421564102172852,0.0,0.0
231,game_cfm_anchored,1.0,0.0,0.0,0.39808715905984404,0.0,0.0,0.02178813222671855,1.3611856286712098,1.842160424996587,0.0,0.0
231,nash_reference_hocbf,1.0,0.0,0.0,0.5187579573223727,0.0,0.036523397337717964,0.011978809813681258,1.3756920167709155,1.8318599898111316,0.15789473684210525,1.0235008031766357
231,game_cfm_hocbf,1.0,0.0,0.0,0.5329266695779735,0.0,0.036906305599693205,0.015551524984386205,1.3747288406056961,1.7639097335076641,0.10707803992740472,0.899894372667807
232,nash_reference,1.0,0.0,1.0,0.3033955526212031,0.0,0.0,0.02085709385573864,1.5332152843475342,2.4159204959869385,0.0,0.0
232,teacher_expert,1.0,0.0,0.0,0.4191516127983894,0.0,0.030700337141752243,0.0,1.5433810949325562,2.4285714626312256,0.0,0.0
232,game_cfm_raw,1.0,0.0,1.0,0.3561691407574034,0.0028050458058714867,0.02433951385319233,0.02756132371723652,1.5758397579193115,2.605060338973999,0.0,0.0
232,game_cfm_anchored,1.0,0.0,1.0,0.3572677585156782,0.0,0.0,0.022397808469097478,1.5771210365391763,2.6050592596432853,0.0,0.0
232,nash_reference_hocbf,1.0,0.0,0.0,0.5146518434385604,0.0,0.03065888698646015,0.011291274085693671,1.5263211564230945,2.34620287050482,0.24863883847549909,0.6311050379586765
232,game_cfm_hocbf,1.0,0.0,0.0,0.5317572410327339,0.0,0.03184617753493712,0.017507475727774828,1.560128671262463,2.237028603481322,0.15970961887477314,0.7721163479149521
233,nash_reference,1.0,0.0,1.0,0.30402477534976374,0.0,0.0,0.025078628212213516,1.3037928342819214,1.8593924045562744,0.0,0.0
233,teacher_expert,1.0,0.0,0.0,0.4529469257786216,0.0,0.034079257398843765,0.0,1.3299823999404907,1.8904651403427124,0.0,0.0
233,game_cfm_raw,1.0,0.0,1.0,0.29699418531433464,0.003237308468669653,0.026040395721793175,0.0338355116546154,1.3782798051834106,2.5042874813079834,0.0,0.0
233,game_cfm_anchored,1.0,0.0,1.0,0.30593398345059586,0.0,0.0,0.027442526275085182,1.3776379306515412,2.504262182250318,0.0,0.0
233,nash_reference_hocbf,1.0,0.0,0.0,0.5474192262426314,0.0,0.03401385237785567,0.010412772741383473,1.3365876577184554,1.8536345214012666,0.19600725952813067,0.7458385480665336
233,game_cfm_hocbf,1.0,0.0,0.0,0.5582831053613395,0.0,0.03496925485809001,0.019873099648304016,1.3395892337251654,2.115881363077051,0.20508166969147004,0.7568647162887746
234,nash_reference,1.0,0.0,1.0,0.3051723852641518,0.0,0.0,0.015680810436606407,1.467756986618042,2.3780672550201416,0.0,0.0
234,teacher_expert,1.0,0.0,0.0,0.36017599696661806,0.0,0.03930404782295227,0.0,1.461043357849121,2.1718227863311768,0.0,0.0
234,game_cfm_raw,1.0,0.0,1.0,0.35157591549032924,0.006409839726984501,0.023246435448527336,0.020990919321775436,1.5218573808670044,2.2826461791992188,0.0,0.0
234,game_cfm_anchored,1.0,0.0,0.0,0.36848358541253007,0.0,0.0,0.021911919829518654,1.5221379192607039,2.2826401304596504,0.0,0.0
234,nash_reference_hocbf,1.0,0.0,0.0,0.40393173102116686,0.0,0.03720853732383927,0.02672479566408869,1.4634040505318304,2.109254991798795,0.7695099818511797,0.6725201324630166
234,game_cfm_hocbf,1.0,0.0,0.0,0.40393173102116686,0.0,0.0371168885447728,0.029798551552925625,1.5228087015720955,2.1398538674588443,0.6932849364791288,0.6555819146639373
235,nash_reference,1.0,0.0,1.0,0.2945203017176817,0.0,0.0,0.015522702597081661,1.1658371686935425,1.511738657951355,0.0,0.0
235,teacher_expert,1.0,0.0,0.0,0.40146978894694607,0.0,0.018346160650253296,0.0,1.1692407131195068,1.503578782081604,0.0,0.0
235,game_cfm_raw,1.0,0.0,0.0,0.3984442362024726,0.0014052598271518946,0.022502101957798004,0.014059241861104965,1.1765862703323364,1.767726182937622,0.0,0.0
235,game_cfm_anchored,1.0,0.0,0.0,0.39070978127264927,0.0,0.0,0.011518281240937216,1.174101193638064,1.767722437695675,0.0,0.0
235,nash_reference_hocbf,1.0,0.0,0.0,0.47667489116649897,0.0,0.019795403993864515,0.016683501267050625,1.178633334142587,1.5448047681882764,0.39201451905626133,0.5643329512262691
235,game_cfm_hocbf,1.0,0.0,0.0,0.47667489116649897,0.0,0.020994015190064975,0.01655033433295795,1.177807615796897,1.5826356713434773,0.30490018148820325,0.5338614812405359
236,nash_reference,1.0,0.0,1.0,0.3135938792502803,0.0,0.0,0.017458733171224594,1.5329339504241943,2.4422249794006348,0.0,0.0
236,teacher_expert,1.0,0.0,0.0,0.4503481570549342,0.0,0.019296877086162567,0.0,1.5709912776947021,2.456242322921753,0.0,0.0
236,game_cfm_raw,1.0,0.0,0.0,0.3739147328630721,0.0019783133175224066,0.02782798558473587,0.017106059938669205,1.5250164270401,2.2742998600006104,0.0,0.0
236,game_cfm_anchored,1.0,0.0,0.0,0.3828191841096124,0.0,0.0,0.014095437854846442,1.5251117504618685,2.2742979695820096,0.0,0.0
236,nash_reference_hocbf,1.0,0.0,0.0,0.5443661272162273,0.0,0.019362304245342063,0.010114246609511223,1.5777138874038559,2.3780371546676355,0.1306715063520871,1.3018674864304627
236,game_cfm_hocbf,1.0,0.0,0.0,0.5655497360228185,0.0,0.018216678687643494,0.015959049110052522,1.565969651421264,2.19397938808099,0.10344827586206896,1.2860083116106127
237,nash_reference,1.0,0.0,1.0,0.30026069727956556,0.0,0.0,0.017648961395025253,1.2599303722381592,1.8453408479690552,0.0,0.0
237,teacher_expert,1.0,0.0,0.0,0.3766856223343764,0.0,0.03432852774858475,0.0,1.2952244281768799,1.8820136785507202,0.0,0.0
237,game_cfm_raw,1.0,0.0,0.0,0.3691011551999613,0.0035997950471937656,0.020340532064437866,0.02616618573665619,1.2686707973480225,1.9015495777130127,0.0,0.0
237,game_cfm_anchored,1.0,0.0,0.0,0.36278407838040644,0.0,0.0,0.022405325226645196,1.2676639943454964,1.9015483736538954,0.0,0.0
237,nash_reference_hocbf,1.0,0.0,0.0,0.4929163877068475,0.0,0.034578809456950535,0.013073295314751574,1.3117513560702234,1.862771291649606,0.1705989110707804,1.059277871105447
237,game_cfm_hocbf,1.0,0.0,0.0,0.5020457880015983,0.0,0.034546554387935524,0.016984226432583,1.312756997159265,1.8299499143709328,0.1397459165154265,0.9704913177181149
238,nash_reference,1.0,0.0,1.0,0.2990573018845508,0.0,0.0,0.012743313796818256,1.257010817527771,1.6625300645828247,0.0,0.0
238,teacher_expert,1.0,0.0,0.0,0.38227666524195963,0.0,0.017816070467233658,0.0,1.2546002864837646,1.6693618297576904,0.0,0.0
238,game_cfm_raw,1.0,0.0,1.0,0.3443780190653233,0.003410695819184184,0.027759945020079613,0.020674487575888634,1.2581725120544434,1.7068408727645874,0.0,0.0
238,game_cfm_anchored,1.0,0.0,1.0,0.33290083164347556,0.0,0.0,0.015925291799331276,1.257655894614827,1.7068433313152063,0.0,0.0
238,nash_reference_hocbf,1.0,0.0,0.0,0.4973239618131038,0.0,0.017866616203279107,0.014849801719718534,1.254175804055087,1.671325657143415,0.35208711433756806,0.5983084333422465
238,game_cfm_hocbf,1.0,0.0,0.0,0.5008553494904897,0.0,0.019323578381362963,0.021981183637356176,1.2417213347596576,1.638312518701974,0.33575317604355714,0.5792587238611383
239,nash_reference,1.0,0.0,1.0,0.30383722045887734,0.0,0.0,0.021287931129336357,1.3975013494491577,2.2743685245513916,0.0,0.0
239,teacher_expert,1.0,0.0,0.0,0.40257441980800096,0.0,0.033502835780382156,0.0,1.3967759609222412,2.2961981296539307,0.0,0.0
239,game_cfm_raw,1.0,0.0,0.0,0.3855511097919635,0.003885852172970772,0.03363056108355522,0.03095087595283985,1.4172964096069336,2.3188583850860596,0.0,0.0
239,game_cfm_anchored,1.0,0.0,0.0,0.36267427813606334,0.0,0.0,0.023223115421223607,1.4109783921876922,2.3188599738496163,0.0,0.0
239,nash_reference_hocbf,1.0,0.0,0.0,0.5077910404478344,0.0,0.033489883987330354,0.01149852075619481,1.3814728262573241,2.1853450914496473,0.14519056261343014,1.0648964008938275
239,game_cfm_hocbf,1.0,0.0,0.0,0.5145640267839355,0.0,0.0336588929060534,0.016677147423573298,1.3796768271803932,2.1058420050703464,0.12522686025408347,0.9073981243749647
240,nash_reference,1.0,0.0,1.0,0.3019754349594624,0.0,0.0,0.026565726846456528,1.3596380949020386,2.2027299404144287,0.0,0.0
240,teacher_expert,1.0,0.0,0.0,0.3818992335784876,0.0,0.048115551471710205,0.0,1.359503149986267,2.164329767227173,0.0,0.0
240,game_cfm_raw,1.0,0.0,1.0,0.3211988486060665,0.003558175638318062,0.026975467801094055,0.03313536196947098,1.411721110343933,2.1895105838775635,0.0,0.0
240,game_cfm_anchored,1.0,0.0,1.0,0.333877261048486,0.0,0.0,0.030440947740332187,1.415800505082153,2.189511215739523,0.0,0.0
240,nash_reference_hocbf,1.0,0.0,0.0,0.49598723779590015,0.0,0.04822032337779177,0.01300887227796553,1.3480531093450125,2.024842661466435,0.21234119782214156,0.7810839494163168
240,game_cfm_hocbf,1.0,0.0,0.0,0.5044707573577599,0.0,0.04680719639451902,0.017781535758424453,1.375900794244561,2.0033959633078022,0.17604355716878403,0.8204596487903801
241,nash_reference,1.0,0.0,1.0,0.30336800515276,0.0,0.0,0.0230629350990057,1.3600707054138184,2.009474754333496,0.0,0.0
241,teacher_expert,1.0,0.0,0.0,0.4252103485911002,0.0,0.03396020829677582,0.0,1.389257788658142,2.0362467765808105,0.0,0.0
241,game_cfm_raw,1.0,0.0,0.0,0.39061098742658557,0.00255261966958642,0.017004340887069702,0.026129890233278275,1.402500867843628,2.136828899383545,0.0,0.0
241,game_cfm_anchored,1.0,0.0,0.0,0.3843371309746575,0.0,0.0,0.02174831187112792,1.4075840662821213,2.136831095454795,0.0,0.0
241,nash_reference_hocbf,1.0,0.0,0.0,0.528285349974582,0.0,0.0339327381890465,0.011351832000281897,1.400054760459901,2.007752260969044,0.14882032667876588,1.0057024594862554
241,game_cfm_hocbf,1.0,0.0,0.0,0.5466858488720786,0.0,0.03309986586620793,0.0191415988549489,1.4342814092832032,2.0824215043085945,0.1161524500907441,0.8756152906033419
242,nash_reference,1.0,0.0,1.0,0.29921221227932454,0.0,0.0,0.015736786648631096,1.2767703533172607,1.7321743965148926,0.0,0.0
242,teacher_expert,1.0,0.0,0.0,0.4113681220484282,0.0,0.015012790448963642,0.0,1.277788758277893,1.730255126953125,0.0,0.0
242,game_cfm_raw,1.0,0.0,0.0,0.41037604597286276,0.002075685653835535,0.016206201165914536,0.013562789186835289,1.2788907289505005,1.9877841472625732,0.0,0.0
242,game_cfm_anchored,1.0,0.0,0.0,0.40022256626565544,0.0,0.0,0.010544888183981667,1.2770350412127776,1.9877701065220217,0.0,0.0
242,nash_reference_hocbf,1.0,0.0,0.0,0.5196322657163515,0.0,0.014582097836975626,0.01202953399497534,1.2765672251076021,1.7120800792105668,0.15970961887477314,0.9050961254305279
242,game_cfm_hocbf,1.0,0.0,0.0,0.5241971288555795,0.0,0.015025761788327725,0.015508572714203025,1.2848224003555324,1.7510563745518548,0.14519056261343014,0.5103143138983696
243,nash_reference,1.0,0.0,1.0,0.30205603494371547,0.0,0.0,0.019448090344667435,1.249048113822937,1.9505969285964966,0.0,0.0
243,teacher_expert,1.0,0.0,0.0,0.39820105426303326,0.0,0.028761018067598343,0.0,1.276725172996521,1.952255129814148,0.0,0.0
243,game_cfm_raw,1.0,0.0,0.0,0.3646109459245722,0.0024919575080275536,0.031216345727443695,0.0331602618098259,1.2749956846237183,2.066666603088379,0.0,0.0
243,game_cfm_anchored,1.0,0.0,0.0,0.3601799401849279,0.0,0.0,0.0251834539123519,1.2789875700352074,2.06666480586143,0.0,0.0
243,nash_reference_hocbf,1.0,0.0,0.0,0.506563185257765,0.0,0.061149491271621025,0.01986382184121291,1.2732684175691245,1.8780073424377923,0.6152450090744102,0.5322774603126078
243,game_cfm_hocbf,1.0,0.0,0.0,0.5102926825370886,0.0,0.0608930498595921,0.025934574530835176,1.2461882987500885,1.8196574524904399,0.5825771324863884,0.49398384825049263
244,nash_reference,1.0,0.0,1.0,0.2963882953313439,0.0,0.0,0.015112023800611496,1.1538105010986328,1.684306025505066,0.0,0.0
244,teacher_expert,1.0,0.0,0.0,0.39625441916723264,0.0,0.018229078501462936,0.0,1.1634938716888428,1.7048053741455078,0.0,0.0
244,game_cfm_raw,1.0,0.0,0.0,0.36679825075633327,0.003397017251700163,0.022194763645529747,0.015497795306146145,1.1649163961410522,1.8112446069717407,0.0,0.0
244,game_cfm_anchored,1.0,0.0,0.0,0.37504059556236696,0.0,0.0,0.013426526125187015,1.1682701176540031,1.8112425843855706,0.0,0.0
244,nash_reference_hocbf,1.0,0.0,0.0,0.5097918891840733,0.0,0.01806549454296861,0.012837449554711335,1.1794722417641772,1.6885345095036213,0.17785843920145192,0.832078873836905
244,game_cfm_hocbf,1.0,0.0,0.0,0.5208694405481041,0.0,0.017444880985242415,0.01792625258737233,1.170765195557111,1.669132673629259,0.13793103448275862,0.6680199717157718
245,nash_reference,1.0,0.0,1.0,0.30270445096962395,0.0,0.0,0.02307985909283161,1.4110897779464722,2.254796266555786,0.0,0.0
245,teacher_expert,1.0,0.0,0.0,0.3899184568592197,0.0,0.0342593714594841,0.0,1.402052879333496,2.2593770027160645,0.0,0.0
245,game_cfm_raw,1.0,0.0,0.0,0.36910553280655095,0.004025761969387531,0.036714985966682434,0.036198992282152176,1.4631576538085938,2.3070454597473145,0.0,0.0
245,game_cfm_anchored,1.0,0.0,1.0,0.3511681586749316,0.0,0.0,0.027017732510881836,1.4585346589624333,2.3070414171873606,0.0,0.0
245,nash_reference_hocbf,1.0,0.0,0.0,0.5041860405240303,0.0,0.034315050522344306,0.013403533965105156,1.3935227600542428,2.172733143345545,0.23774954627949182,0.7030152490690916
245,game_cfm_hocbf,1.0,0.0,0.0,0.5067614118756224,0.0,0.031995376743845595,0.01889567070104672,1.4184800255596686,2.1423137080350574,0.1542649727767695,0.7883248563493112
246,nash_reference,1.0,0.0,1.0,0.30569107111401395,0.0,0.0,0.024068523198366165,1.384935975074768,2.221620559692383,0.0,0.0
246,teacher_expert,1.0,0.0,0.0,0.4449917553493145,0.0,0.034700799733400345,0.0,1.402740240097046,2.2593882083892822,0.0,0.0
246,game_cfm_raw,1.0,0.0,0.0,0.3949476365551452,0.003063599579036236,0.027075793594121933,0.027434224262833595,1.3904794454574585,2.3895673751831055,0.0,0.0
246,game_cfm_anchored,1.0,0.0,0.0,0.40125318830848833,0.0,0.0,0.021865825906160898,1.3938747878962106,2.3895657683471705,0.0,0.0
246,nash_reference_hocbf,1.0,0.0,0.0,0.48677973361725174,0.0,0.034538757804906624,0.010579180687989279,1.3921324883027502,2.2126499079781548,0.19237749546279492,0.7406167438733406
246,game_cfm_hocbf,1.0,0.0,0.0,0.48677973361725174,0.0,0.03574827901874615,0.013209342634050818,1.3997174558798613,2.2204757253939267,0.1542649727767695,0.5378782370979348
247,nash_reference,1.0,0.0,1.0,0.3067017391901388,0.0,0.0,0.018851734697818756,1.3592796325683594,2.2217421531677246,0.0,0.0
247,teacher_expert,1.0,0.0,0.0,0.3983730195564036,0.0,0.022166982293128967,0.0,1.3575212955474854,2.1852684020996094,0.0,0.0
247,game_cfm_raw,1.0,0.0,0.0,0.36894868793470936,0.004635198041796684,0.03179454430937767,0.02283833548426628,1.3443434238433838,2.3350980281829834,0.0,0.0
247,game_cfm_anchored,1.0,0.0,0.0,0.3766097529838958,0.0,0.0,0.016852704927410724,1.347551758824818,2.335089279431461,0.0,0.0
247,nash_reference_hocbf,1.0,0.0,0.0,0.5059086395029403,0.0,0.022257405278364714,0.011975205910952955,1.348725693748501,2.0749223982225335,0.19782214156079855,0.795707056003531
247,game_cfm_hocbf,1.0,0.0,0.0,0.508091287621752,0.0,0.023018513909445107,0.019072429859300036,1.3717083667185446,2.0558382265787953,0.21960072595281308,0.5590348657673935
248,nash_reference,1.0,0.0,1.0,0.3024390579069653,0.0,0.0,0.01643775776028633,1.3506288528442383,2.2980566024780273,0.0,0.0
248,teacher_expert,1.0,0.0,0.0,0.41457516307447556,0.0,0.01889648474752903,0.0,1.3611087799072266,2.3239407539367676,0.0,0.0
248,game_cfm_raw,1.0,0.0,1.0,0.29306651782064275,0.005790961906313896,0.022458117455244064,0.021748917177319527,1.362220048904419,2.350536346435547,0.0,0.0
248,game_cfm_anchored,1.0,0.0,1.0,0.2999403336929022,0.0,0.0,0.019336137491904323,1.3630050081510618,2.3505308755837486,0.0,0.0
248,nash_reference_hocbf,1.0,0.0,0.0,0.5146068552662372,0.0,0.01879038174083765,0.011025050056020565,1.3430961025885035,2.196560193324856,0.1397459165154265,0.9570031207786522
248,game_cfm_hocbf,1.0,0.0,0.0,0.5128894866969108,0.0,0.019861277845354568,0.016955246072055122,1.3422029094822459,2.1817715301010625,0.14337568058076225,0.932855216621367
249,nash_reference,1.0,0.0,1.0,0.2966128319253263,0.0,0.0,0.01660582795739174,1.1755002737045288,1.7162541151046753,0.0,0.0
249,teacher_expert,1.0,0.0,0.0,0.39537967456056056,0.0,0.022732850164175034,0.0,1.204084873199463,1.743194341659546,0.0,0.0
249,game_cfm_raw,1.0,0.0,1.0,0.32747268458529327,0.0037180238869041204,0.020808689296245575,0.019795605912804604,1.158153772354126,1.7185426950454712,0.0,0.0
249,game_cfm_anchored,1.0,0.0,1.0,0.32221232590972343,0.0,0.0,0.017805633040678167,1.162309556244668,1.7185465734523384,0.0,0.0
249,nash_reference_hocbf,1.0,0.0,0.0,0.5082371847265089,0.0,0.022752919926888996,0.012811697414169746,1.2181238280748345,1.7239033067985756,0.1705989110707804,0.9666509121580847
249,game_cfm_hocbf,1.0,0.0,0.0,0.5122296033221144,0.0,0.02355690739478345,0.01710588412098546,1.1716850692046257,1.7106065941346276,0.15789473684210525,0.9198629449219239
250,nash_reference,1.0,0.0,1.0,0.3108204398066478,0.0,0.0,0.02414269745349884,1.4410486221313477,2.351086378097534,0.0,0.0
250,teacher_expert,1.0,0.0,0.0,0.43378935595843937,0.0,0.03629928082227707,0.0,1.4817874431610107,2.388855457305908,0.0,0.0
250,game_cfm_raw,1.0,0.0,0.0,0.36635463343886615,0.0026612356305122375,0.022778121754527092,0.0344417542219162,1.4725711345672607,2.4227070808410645,0.0,0.0
250,game_cfm_anchored,1.0,0.0,1.0,0.3575746595610348,0.0,0.0,0.02912723291126635,1.4750656997988956,2.422706204437292,0.0,0.0
250,nash_reference_hocbf,1.0,0.0,0.0,0.5332621703726761,0.0,0.03629646772472413,0.010727174386649245,1.4892559375100034,2.338403512409114,0.1397459165154265,1.197197982005179
250,game_cfm_hocbf,1.0,0.0,0.0,0.5551898736556071,0.0,0.03735989022740431,0.020815372951338687,1.4919527547396703,2.3331951385176293,0.1306715063520871,1.1484089334015122
251,nash_reference,1.0,0.0,1.0,0.2988610707473559,0.0,0.0,0.01613709144294262,1.2307696342468262,1.8601291179656982,0.0,0.0
251,teacher_expert,1.0,0.0,0.0,0.3890584984409894,0.0,0.023245777934789658,0.0,1.2133129835128784,1.8621996641159058,0.0,0.0
251,game_cfm_raw,1.0,0.0,1.0,0.3442357449463385,0.0018310698214918375,0.01689445786178112,0.018507620319724083,1.2376500368118286,1.983702540397644,0.0,0.0
251,game_cfm_anchored,1.0,0.0,1.0,0.33449927221962195,0.0,0.0,0.016623334106890604,1.2343934742751579,1.9836994874171436,0.0,0.0
251,nash_reference_hocbf,1.0,0.0,0.0,0.42888656074474,0.0,0.023380680104402043,0.013013693916533297,1.2012190359167692,1.7809517517185933,0.29219600725952816,0.6165793301871608
251,game_cfm_hocbf,1.0,0.0,0.0,0.42888656074474,0.0,0.02406611701523134,0.013852112076979593,1.2079312685964303,1.8504180202961706,0.38294010889292196,0.44894585427465744
252,nash_reference,1.0,0.0,1.0,0.30865278568788823,0.0,0.0,0.017638415098190308,1.4634608030319214,2.317864179611206,0.0,0.0
252,teacher_expert,1.0,0.0,0.0,0.4234753389105853,0.0,0.0192362479865551,0.0,1.4604601860046387,2.200518846511841,0.0,0.0
252,game_cfm_raw,1.0,0.0,0.0,0.3860742395585607,0.0013229261385276914,0.028170626610517502,0.020726818591356277,1.4319710731506348,2.2765920162200928,0.0,0.0
252,game_cfm_anchored,1.0,0.0,0.0,0.38819999926230875,0.0,0.0,0.015945172899756815,1.4365307349178322,2.27659054051266,0.0,0.0
252,nash_reference_hocbf,1.0,0.0,0.0,0.5214031710400244,0.0,0.019078782849227333,0.012724410470013905,1.4476815088781307,2.042031994470091,0.2159709618874773,0.8891184170140001
252,game_cfm_hocbf,1.0,0.0,0.0,0.5220026500597861,0.0,0.01960725849807244,0.017888577553319397,1.4279691282810583,2.128368004066157,0.18330308529945555,0.7232296880810437
253,nash_reference,1.0,0.0,1.0,0.3126196977538775,0.0,0.0,0.019044306129217148,1.495474934577942,2.435058832168579,0.0,0.0
253,teacher_expert,1.0,0.0,0.0,0.445153998021609,0.0,0.020376108586788177,0.0,1.4887880086898804,2.449944257736206,0.0,0.0
253,game_cfm_raw,1.0,0.0,0.0,0.38046998144858024,0.0016381239984184504,0.020088037475943565,0.02097903937101364,1.5189613103866577,2.453066110610962,0.0,0.0
253,game_cfm_anchored,1.0,0.0,0.0,0.37372829209451447,0.0,0.0,0.015973627783823545,1.5164296885933288,2.4530693313187686,0.0,0.0
253,nash_reference_hocbf,1.0,0.0,0.0,0.5369513457508189,0.0,0.020347976536933148,0.009769053593381106,1.4721203319508922,2.3383004081267766,0.12159709618874773,1.1735020226011064
253,game_cfm_hocbf,1.0,0.0,0.0,0.5528235667527327,0.0,0.018136261000255352,0.0197721073240126,1.4547700987020902,2.2239732630197064,0.12522686025408347,0.8702767727501234
254,nash_reference,1.0,0.0,1.0,0.31121779730951965,0.0,0.0,0.017959902063012123,1.4163671731948853,2.339399814605713,0.0,0.0
254,teacher_expert,1.0,0.0,0.0,0.44589980187193473,0.0,0.013703720644116402,0.0,1.4201159477233887,2.3636906147003174,0.0,0.0
254,game_cfm_raw,1.0,0.0,1.0,0.3145933785439699,0.0031181368976831436,0.028895223513245583,0.02387847937643528,1.424294114112854,2.262813091278076,0.0,0.0
254,game_cfm_anchored,1.0,0.0,1.0,0.32604936008042595,0.0,0.0,0.016210807786962503,1.4259247799772974,2.2628115211267725,0.0,0.0
254,nash_reference_hocbf,1.0,0.0,0.0,0.45732194921269254,0.0,0.0331010369148968,0.015646866747186978,1.401110008908258,2.23265885127823,0.5716878402903811,0.5105403933488653
254,game_cfm_hocbf,1.0,0.0,0.0,0.45732194921269254,0.0,0.03326853548704563,0.02156935253096499,1.444788277397067,2.3321804770411445,0.5843920145190563,0.5136648336961018
255,nash_reference,1.0,0.0,1.0,0.2980732994501353,0.0,0.0,0.023074235767126083,1.2319626808166504,1.8406946659088135,0.0,0.0
255,teacher_expert,1.0,0.0,0.0,0.4033383321673146,0.0,0.03612630069255829,0.0,1.240045189857483,1.852145791053772,0.0,0.0
255,game_cfm_raw,1.0,0.0,1.0,0.3446830408918381,0.005355197004973888,0.020014358684420586,0.03066660463809967,1.354403018951416,1.9352446794509888,0.0,0.0
255,game_cfm_anchored,1.0,0.0,1.0,0.35041095429543456,0.0,0.0,0.027438205440650343,1.3545455234076607,1.9352460187357157,0.0,0.0
255,nash_reference_hocbf,1.0,0.0,0.0,0.5103366087973047,0.0,0.036121988199266965,0.011966785372312563,1.2293066866847382,1.7861098857471565,0.1542649727767695,0.9449880707287222
255,game_cfm_hocbf,1.0,0.0,0.0,0.5300676563374327,0.0,0.036284422246853916,0.020922009769938223,1.3566827949217897,1.8759646098878213,0.13611615245009073,0.8765636248037646
