sample,method,both_passed,collision,margin_violation,minimum_separation_m,start_error_m,goal_error_m,expert_rmse_m,maximum_speed_mps,maximum_acceleration_mps2,hocbf_intervention_rate,mean_hocbf_correction
0,nash_reference,1.0,0.0,1.0,0.29987212817707554,0.0,0.0,0.013678992167115211,1.42262864112854,2.247957706451416,0.0,0.0
0,teacher_expert,1.0,0.0,0.0,0.3668384150203546,0.0,0.023175640031695366,0.0,1.4158624410629272,2.212080240249634,0.0,0.0
0,game_cfm_raw,1.0,0.0,0.0,0.3876399914532811,0.006968586705625057,0.025098565965890884,0.019123636186122894,1.4389843940734863,2.1981074810028076,0.0,0.0
0,game_cfm_anchored,1.0,0.0,0.0,0.3896059972226831,0.0,0.0,0.015825769892403786,1.4404840921802637,2.198107783933347,0.0,0.0
0,nash_reference_hocbf,1.0,0.0,0.0,0.4912194749438995,0.0,0.023202300303445382,0.022319924137420292,1.4209397520278013,2.0950526613440115,0.38475499092558985,0.6975812882040319
0,game_cfm_hocbf,1.0,0.0,0.0,0.4911988768707927,0.0,0.023893196004065462,0.021655328108625506,1.4383505852644323,2.095162900427912,0.38838475499092556,0.46438364505035856
1,nash_reference,1.0,0.0,1.0,0.3065772078570152,0.0,0.0,0.022413505241274834,1.3292044401168823,1.9586522579193115,0.0,0.0
1,teacher_expert,1.0,0.0,0.0,0.4166758903528634,0.0,0.035907380282878876,0.0,1.3389493227005005,1.9611579179763794,0.0,0.0
1,game_cfm_raw,1.0,0.0,0.0,0.4004029591936561,0.003543661441653967,0.03333485871553421,0.028377311304211617,1.3913300037384033,2.0674996376037598,0.0,0.0
1,game_cfm_anchored,1.0,0.0,0.0,0.38016235011945226,0.0,0.0,0.023158201571910238,1.3846258280591366,2.067496540031178,0.0,0.0
1,nash_reference_hocbf,1.0,0.0,0.0,0.4902006643031614,0.0,0.03163917305283901,0.017046841192501657,1.3133721465930661,1.89122167814804,0.5045372050816697,0.6069588589463247
1,game_cfm_hocbf,1.0,0.0,0.0,0.49102555384887375,0.0,0.029008018380696048,0.022640570582744844,1.3336792125594104,1.8259515466755092,0.4101633393829401,0.6968502821949629
2,nash_reference,1.0,0.0,1.0,0.299115413687748,0.0,0.0,0.020935367792844772,1.2338835000991821,1.6849932670593262,0.0,0.0
2,teacher_expert,1.0,0.0,0.0,0.4222057965830006,0.0,0.029949702322483063,0.0,1.2559136152267456,1.7048996686935425,0.0,0.0
2,game_cfm_raw,1.0,0.0,0.0,0.38267710075089617,0.004275546874850988,0.01836085319519043,0.022970978170633316,1.245606541633606,1.7766023874282837,0.0,0.0
2,game_cfm_anchored,1.0,0.0,0.0,0.38409786926718287,0.0,0.0,0.019163239091811828,1.2491665288123086,1.776600383299286,0.0,0.0
2,nash_reference_hocbf,1.0,0.0,0.0,0.5267468232611677,0.0,0.02972819611027869,0.011630281344071824,1.2683808970136903,1.690001529216304,0.1560798548094374,0.8777384924985454
2,game_cfm_hocbf,1.0,0.0,0.0,0.5337696936970018,0.0,0.029366288092570685,0.014050149004789018,1.2618773752798491,1.6871286334125069,0.11978221415607986,0.6554647099538229
3,nash_reference,1.0,0.0,1.0,0.30402385539302285,0.0,0.0,0.016245640814304352,1.3323428630828857,1.9593759775161743,0.0,0.0
3,teacher_expert,1.0,0.0,0.0,0.4180062562222111,0.0,0.014950588345527649,0.0,1.3376131057739258,1.9699031114578247,0.0,0.0
3,game_cfm_raw,1.0,0.0,0.0,0.4138210166061151,0.004002727102488279,0.028538713231682777,0.02202994003891945,1.3393086194992065,2.052802324295044,0.0,0.0
3,game_cfm_anchored,1.0,0.0,0.0,0.4190966887175423,0.0,0.0,0.013655945397667589,1.3372284198370692,2.0528020655100665,0.0,0.0
3,nash_reference_hocbf,1.0,0.0,0.0,0.48506197493619696,0.0,0.03432444646717796,0.016954875943203364,1.3258809872120323,1.900112480417346,0.5390199637023594,0.5413185089087064
3,game_cfm_hocbf,1.0,0.0,0.0,0.48506197493619696,0.0,0.03553150364069517,0.01909052662138576,1.3433625810703718,2.039158367749021,0.515426497277677,0.3949937504145708
4,nash_reference,1.0,0.0,1.0,0.3020585076420581,0.0,0.0,0.019671902060508728,1.29354989528656,1.8042192459106445,0.0,0.0
4,teacher_expert,1.0,0.0,0.0,0.41010051203450076,0.0,0.029760219156742096,0.0,1.306606411933899,1.8184971809387207,0.0,0.0
4,game_cfm_raw,1.0,0.0,1.0,0.33938583621353174,0.004777777940034866,0.02369401417672634,0.02450738288462162,1.379676103591919,1.9367607831954956,0.0,0.0
4,game_cfm_anchored,1.0,0.0,1.0,0.337301624526706,0.0,0.0,0.02120563906846838,1.3802674920891147,1.9367594938934705,0.0,0.0
4,nash_reference_hocbf,1.0,0.0,0.0,0.5138956539811091,0.0,0.029331800961653498,0.011875783567760886,1.2962709787771212,1.7495546708209806,0.24319419237749546,0.6572463300271101
4,game_cfm_hocbf,1.0,0.0,0.0,0.531587918918044,0.0,0.02913476923893217,0.018778514435446717,1.374551173928724,1.7295657382233576,0.22141560798548093,0.6797863026433933
5,nash_reference,1.0,0.0,1.0,0.2942189795066262,0.0,0.0,0.015436944551765919,1.0767626762390137,1.4796173572540283,0.0,0.0
5,teacher_expert,1.0,0.0,0.0,0.3979373282564472,0.0,0.019254077225923538,0.0,1.0982143878936768,1.489738941192627,0.0,0.0
5,game_cfm_raw,1.0,0.0,1.0,0.34261633600929625,0.002451013308018446,0.023064618930220604,0.01265682652592659,1.1272400617599487,1.5049346685409546,0.0,0.0
5,game_cfm_anchored,1.0,0.0,1.0,0.33849723419523703,0.0,0.0,0.011613920439313221,1.1271104933587115,1.5049307960917198,0.0,0.0
5,nash_reference_hocbf,1.0,0.0,0.0,0.49512562116550013,0.0,0.023039337424709885,0.017045984432587,1.097456912808592,1.4397060954391092,0.573502722323049,0.4304450204217927
5,game_cfm_hocbf,1.0,0.0,0.0,0.49525529038360455,0.0,0.02317048550679042,0.02150962728401846,1.1264943369739464,1.395725810564948,0.5317604355716878,0.4067360184217079
6,nash_reference,1.0,0.0,1.0,0.3028039522833533,0.0,0.0,0.02104845829308033,1.532855749130249,2.3809804916381836,0.0,0.0
6,teacher_expert,1.0,0.0,0.0,0.3831637324099808,0.0,0.034242261201143265,0.0,1.5244274139404297,2.3503551483154297,0.0,0.0
6,game_cfm_raw,1.0,0.0,0.0,0.38273264505565696,0.0014472310431301594,0.028052285313606262,0.025055287405848503,1.5503957271575928,2.381861448287964,0.0,0.0
6,game_cfm_anchored,1.0,0.0,0.0,0.36686197892264777,0.0,0.0,0.021596554392111156,1.5506989620181584,2.381859570580515,0.0,0.0
6,nash_reference_hocbf,1.0,0.0,0.0,0.4931851490682624,0.0,0.03427869265876619,0.021953524139483732,1.5165336692413465,2.227271367224406,0.3720508166969147,0.7784231195558563
6,game_cfm_hocbf,1.0,0.0,0.0,0.4963999969498507,0.0,0.035683697333351916,0.019531507969305216,1.5228166677580515,2.1762307047963456,0.33756805807622503,0.7183682624529265
7,nash_reference,1.0,0.0,1.0,0.2981915793328838,0.0,0.0,0.014527158811688423,1.2348861694335938,1.7793245315551758,0.0,0.0
7,teacher_expert,1.0,0.0,0.0,0.39490516212883664,0.0,0.01928599923849106,0.0,1.262864351272583,1.8056169748306274,0.0,0.0
7,game_cfm_raw,1.0,0.0,1.0,0.3308907798019277,0.0036808419972658157,0.027248196303844452,0.02197769656777382,1.2508952617645264,1.8272464275360107,0.0,0.0
7,game_cfm_anchored,1.0,0.0,1.0,0.34318637260390983,0.0,0.0,0.01706154870453714,1.248522905651597,1.8272484414249965,0.0,0.0
7,nash_reference_hocbf,1.0,0.0,0.0,0.5010568930940913,0.0,0.019344341960153943,0.012571800101866058,1.2776960198671994,1.7702081764371582,0.24319419237749546,0.6917444726274296
7,game_cfm_hocbf,1.0,0.0,0.0,0.5035266908550365,0.0,0.020281126003414706,0.01683517389017801,1.2742404667682248,1.7950887832821574,0.3176043557168784,0.47265286304185583
8,nash_reference,1.0,0.0,1.0,0.3067760890988571,0.0,0.0,0.014401372522115707,1.3904026746749878,2.0171213150024414,0.0,0.0
8,teacher_expert,1.0,0.0,0.0,0.41197067549758687,0.0,0.014296304434537888,0.0,1.393471598625183,2.0211706161499023,0.0,0.0
8,game_cfm_raw,1.0,0.0,0.0,0.42461286405826393,0.005193848162889481,0.030622782185673714,0.01836158148944378,1.4208018779754639,2.118170738220215,0.0,0.0
8,game_cfm_anchored,1.0,0.0,0.0,0.4323766512177964,0.0,0.0,0.01283539027655504,1.4234073951048194,2.1181680722473786,0.0,0.0
8,nash_reference_hocbf,1.0,0.0,0.0,0.5155169424926362,0.0,0.014361630531818131,0.01128881042414931,1.4040450453611926,1.9506308023665955,0.14156079854809436,1.1474717232489862
8,game_cfm_hocbf,1.0,0.0,0.0,0.517076609642741,0.0,0.015215151797863875,0.013536925171067095,1.3911226402348924,1.9478678626381447,0.10344827586206896,0.6851972873102452
9,nash_reference,1.0,0.0,1.0,0.34534102644681197,0.0,0.0,0.012213459238409996,1.4201841354370117,2.3367249965667725,0.0,0.0
9,teacher_expert,1.0,0.0,0.0,0.3627523546453945,0.0,0.01626032590866089,0.0,1.4266142845153809,2.369751214981079,0.0,0.0
9,game_cfm_raw,1.0,0.0,0.0,0.3600220011896731,0.005458386614918709,0.023563586175441742,0.018596608191728592,1.4464606046676636,2.430555820465088,0.0,0.0
9,game_cfm_anchored,1.0,0.0,1.0,0.3529495826439906,0.0,0.0,0.012177748136818316,1.450722039357042,2.4305540905444873,0.0,0.0
9,nash_reference_hocbf,1.0,0.0,0.0,0.3705999603760437,0.0,0.01642388176820288,0.0162654483747594,1.413044530791788,2.3126867648666574,0.2867513611615245,0.7345283534397521
9,game_cfm_hocbf,1.0,0.0,0.0,0.3705999603760437,0.0,0.016550301214578723,0.018484940400719286,1.4155161526304687,2.2723650426526487,0.27223230490018147,0.5916466407522979
10,nash_reference,1.0,0.0,1.0,0.27873184786503413,0.0,0.0,0.0193928349763155,1.2447017431259155,1.8277417421340942,0.0,0.0
10,teacher_expert,1.0,0.0,1.0,0.3524720153461135,0.0,0.036379411816596985,0.0,1.2344911098480225,1.8312201499938965,0.0,0.0
10,game_cfm_raw,1.0,0.0,1.0,0.3371174416255281,0.0020736106671392918,0.01240556314587593,0.020606638863682747,1.2387089729309082,1.8617444038391113,0.0,0.0
10,game_cfm_anchored,1.0,0.0,1.0,0.33826656750214906,0.0,0.0,0.019990775269379337,1.2402116531298089,1.8617440303296435,0.0,0.0
10,nash_reference_hocbf,1.0,0.0,0.0,0.48529370189351895,0.0,0.03653713806993131,0.018245470770181786,1.2554446966561148,1.7671606754078355,0.2776769509981851,0.8498491395847387
10,game_cfm_hocbf,1.0,0.0,0.0,0.48619763877944716,0.0,0.03766784661933158,0.018895120298199772,1.2453183720852647,1.72367871125367,0.2540834845735027,0.722618573304542
11,nash_reference,1.0,0.0,1.0,0.306162702464383,0.0,0.0,0.01659204624593258,1.288743257522583,2.0747454166412354,0.0,0.0
11,teacher_expert,1.0,0.0,0.0,0.37215598723049353,0.0,0.034013427793979645,0.0,1.2681375741958618,2.0272910594940186,0.0,0.0
11,game_cfm_raw,1.0,0.0,1.0,0.3007096188659295,0.001696301158517599,0.027611561119556427,0.018430907279253006,1.2965682744979858,2.209902763366699,0.0,0.0
11,game_cfm_anchored,1.0,0.0,1.0,0.3131591724692869,0.0,0.0,0.019440966107836723,1.3024234868575908,2.209901624171615,0.0,0.0
11,nash_reference_hocbf,1.0,0.0,0.0,0.4873907731992194,0.0,0.03419768853036824,0.013076152381465112,1.264284121265757,1.8829992343926447,0.21415607985480944,0.8868174231964493
11,game_cfm_hocbf,1.0,0.0,0.0,0.48718651065732527,0.0,0.036097454450800814,0.01677368471350038,1.2668812868636865,2.0329758546507,0.21052631578947367,0.8533203343236585
12,nash_reference,1.0,0.0,1.0,0.31067796189123487,0.0,0.0,0.012694775126874447,1.3622119426727295,2.1462249755859375,0.0,0.0
12,teacher_expert,1.0,0.0,0.0,0.4179771531554303,0.0,0.01257333718240261,0.0,1.3712291717529297,2.151555061340332,0.0,0.0
12,game_cfm_raw,1.0,0.0,1.0,0.3538610421868532,0.003069946076720953,0.0208723284304142,0.01886609196662903,1.3918647766113281,2.49147629737854,0.0,0.0
12,game_cfm_anchored,1.0,0.0,1.0,0.3521366411298307,0.0,0.0,0.016196410891864514,1.3905224629250765,2.491476175553939,0.0,0.0
12,nash_reference_hocbf,1.0,0.0,0.0,0.5182902724182439,0.0,0.012683802099951357,0.010788782089270988,1.382485456945458,2.0704306593679496,0.13430127041742287,1.2071216417143809
12,game_cfm_hocbf,1.0,0.0,0.0,0.5364979345931902,0.0,0.014756487210079265,0.01826420767371077,1.3776248393523207,2.370689855272309,0.12341197822141561,1.1600971471942967
13,nash_reference,1.0,0.0,1.0,0.30389668510060003,0.0,0.0,0.01223605964332819,1.3559484481811523,2.0249061584472656,0.0,0.0
13,teacher_expert,1.0,0.0,0.0,0.4063216171907607,0.0,0.012534508481621742,0.0,1.3851003646850586,2.0607986450195312,0.0,0.0
13,game_cfm_raw,1.0,0.0,0.0,0.4015954737147537,0.0022886248771101236,0.02985413372516632,0.020170699805021286,1.3905534744262695,1.9995239973068237,0.0,0.0
13,game_cfm_anchored,1.0,0.0,0.0,0.3868565961005501,0.0,0.0,0.011952752668884356,1.3948295959942891,1.999524215201162,0.0,0.0
13,nash_reference_hocbf,1.0,0.0,0.0,0.5139057021839591,0.0,0.012723677756710277,0.011915659162721874,1.3952052228344722,2.033679382378084,0.15245009074410162,1.0708451777547383
13,game_cfm_hocbf,1.0,0.0,0.0,0.5239026710233803,0.0,0.014895123378922997,0.016805135432656295,1.4151981473354365,1.9720059069927678,0.13430127041742287,0.8038105159390443
14,nash_reference,1.0,0.0,1.0,0.3024031520222056,0.0,0.0,0.02117765322327614,1.4410995244979858,2.168774366378784,0.0,0.0
14,teacher_expert,1.0,0.0,0.0,0.3952061651712045,0.0,0.02678774669766426,0.0,1.4624403715133667,2.122234344482422,0.0,0.0
14,game_cfm_raw,1.0,0.0,1.0,0.34744508042973826,0.003797573270276189,0.02467014268040657,0.021439669653773308,1.4363373517990112,2.3163228034973145,0.0,0.0
14,game_cfm_anchored,1.0,0.0,1.0,0.3383772018045369,0.0,0.0,0.0199560636537095,1.433816791984844,2.3163211510266186,0.0,0.0
14,nash_reference_hocbf,1.0,0.0,0.0,0.4975245795721409,0.0,0.04277781886594551,0.025180574150941687,1.4709821052398406,2.0787617235047384,0.7531760435571688,0.5745434433666574
14,game_cfm_hocbf,1.0,0.0,0.0,0.4968075783978041,0.0,0.04276540671704492,0.028644150130453745,1.498443853539593,2.2648087478621495,0.631578947368421,0.6687867912177361
15,nash_reference,1.0,0.0,1.0,0.2973164654990864,0.0,0.0,0.011807817034423351,1.2763302326202393,1.8994654417037964,0.0,0.0
15,teacher_expert,1.0,0.0,0.0,0.39115060172043226,0.0,0.015052404254674911,0.0,1.30762779712677,1.931248664855957,0.0,0.0
15,game_cfm_raw,1.0,0.0,0.0,0.3703678299136042,0.004661169834434986,0.0271651279181242,0.018082981929183006,1.344228744506836,2.246535062789917,0.0,0.0
15,game_cfm_anchored,1.0,0.0,0.0,0.3667228412763448,0.0,0.0,0.011647624214518084,1.3452616883330961,2.2465360447287157,0.0,0.0
15,nash_reference_hocbf,1.0,0.0,0.0,0.5049947935452759,0.0,0.015341219015897977,0.013079847267545045,1.3239658140231487,1.9094852826857545,0.17422867513611615,1.0030231409072339
15,game_cfm_hocbf,1.0,0.0,0.0,0.5112180583683863,0.0,0.012936266382028593,0.017368433587750528,1.3552695112410271,1.8413615822960518,0.147005444646098,0.8298757366266187
16,nash_reference,1.0,0.0,1.0,0.3004740837254269,0.0,0.0,0.013287336565554142,1.3288718461990356,2.094933032989502,0.0,0.0
16,teacher_expert,1.0,0.0,0.0,0.38913052781032587,0.0,0.013789916411042213,0.0,1.3239247798919678,2.1008460521698,0.0,0.0
16,game_cfm_raw,1.0,0.0,1.0,0.311677433867082,0.004967389162629843,0.020379241555929184,0.011838698759675026,1.3211381435394287,2.0909011363983154,0.0,0.0
16,game_cfm_anchored,1.0,0.0,1.0,0.308474171186817,0.0,0.0,0.011032993649154417,1.3204782851601478,2.090899389127248,0.0,0.0
16,nash_reference_hocbf,1.0,0.0,0.0,0.4999478763866071,0.0,0.013762200127976928,0.014286390651364804,1.3124426227919133,2.02496601703327,0.2813067150635209,0.6437205531816882
16,game_cfm_hocbf,1.0,0.0,0.0,0.5003631598819892,0.0,0.013882349943308059,0.02022595603245451,1.3075402997045775,2.0304924422741593,0.29945553539019965,0.6110670103648573
17,nash_reference,1.0,0.0,1.0,0.3008386033887614,0.0,0.0,0.016245808452367783,1.4025704860687256,1.9943947792053223,0.0,0.0
17,teacher_expert,1.0,0.0,0.0,0.3842594528671568,0.0,0.026461459696292877,0.0,1.396780014038086,1.9611238241195679,0.0,0.0
17,game_cfm_raw,1.0,0.0,0.0,0.3653525099690321,0.0023396504111588,0.03020516410470009,0.02259061485528946,1.4239814281463623,2.290217161178589,0.0,0.0
17,game_cfm_anchored,1.0,0.0,0.0,0.36065640372359553,0.0,0.0,0.01734126585450167,1.4231272032646554,2.2902172855557628,0.0,0.0
17,nash_reference_hocbf,1.0,0.0,0.0,0.4961211231675253,0.0,0.026581381687717585,0.013987764244460365,1.3897934489887804,1.8886254678501668,0.2958257713248639,0.6382041155702521
17,game_cfm_hocbf,1.0,0.0,0.0,0.4955401956381685,0.0,0.0263182298791972,0.01669106513960372,1.4185325300321894,2.0549182796117362,0.2958257713248639,0.5987448301219798
18,nash_reference,1.0,0.0,1.0,0.29664242783646366,0.0,0.0,0.015752676874399185,1.1458863019943237,1.5552207231521606,0.0,0.0
18,teacher_expert,1.0,0.0,0.0,0.3922933399023907,0.0,0.02082732506096363,0.0,1.1639983654022217,1.5642526149749756,0.0,0.0
18,game_cfm_raw,1.0,0.0,0.0,0.368129388264816,0.0022714193910360336,0.02956332452595234,0.02513115294277668,1.1964828968048096,1.7639321088790894,0.0,0.0
18,game_cfm_anchored,1.0,0.0,0.0,0.3722624453747603,0.0,0.0,0.017017403129999466,1.1984029916019658,1.763931155066928,0.0,0.0
18,nash_reference_hocbf,1.0,0.0,0.0,0.5062633054869978,0.0,0.020988495158503703,0.01296683357425558,1.1790799008011152,1.51258122166594,0.17422867513611615,0.914576322470833
18,game_cfm_hocbf,1.0,0.0,0.0,0.5127078474703828,0.0,0.02073782844428787,0.01788960257101081,1.1984967542926865,1.5428167165219413,0.14156079854809436,0.7437582108132956
19,nash_reference,1.0,0.0,1.0,0.30827462030124625,0.0,0.0,0.01783687248826027,1.3771675825119019,1.9832048416137695,0.0,0.0
19,teacher_expert,1.0,0.0,0.0,0.4194606373543737,0.0,0.025353819131851196,0.0,1.3956127166748047,1.9851740598678589,0.0,0.0
19,game_cfm_raw,1.0,0.0,1.0,0.29644111321316174,0.003766195382922888,0.02153070643544197,0.02961093932390213,1.464143991470337,2.490342855453491,0.0,0.0
19,game_cfm_anchored,1.0,0.0,1.0,0.3119072011867434,0.0,0.0,0.02482120550385674,1.4625522279379943,2.490345045214406,0.0,0.0
19,nash_reference_hocbf,1.0,0.0,0.0,0.5225691353367745,0.0,0.025089470664179978,0.014551307931711518,1.3633671799332592,1.8818553739951234,0.23774954627949182,0.9422771820595657
19,game_cfm_hocbf,1.0,0.0,0.0,0.5371448785058818,0.0,0.024687154956412143,0.02313513277087367,1.3868083093518824,2.2511042431879815,0.23774954627949182,0.9704854091469246
20,nash_reference,1.0,0.0,1.0,0.2994310778289545,0.0,0.0,0.014160512015223503,1.2269903421401978,1.9092180728912354,0.0,0.0
20,teacher_expert,1.0,0.0,0.0,0.3870017965854064,0.0,0.01813569851219654,0.0,1.2323492765426636,1.8758164644241333,0.0,0.0
20,game_cfm_raw,1.0,0.0,0.0,0.3821912477433942,0.0034982049837708473,0.024185845628380775,0.018170200288295746,1.2579624652862549,1.9469496011734009,0.0,0.0
20,game_cfm_anchored,1.0,0.0,0.0,0.38494454306313886,0.0,0.0,0.013916578442304886,1.2596110813263013,1.9469549455437583,0.0,0.0
20,nash_reference_hocbf,1.0,0.0,0.0,0.5015243946772219,0.0,0.018105234784818014,0.01320247849594971,1.2266121143355697,1.7785840279134102,0.19237749546279492,0.8187644331539673
20,game_cfm_hocbf,1.0,0.0,0.0,0.5150222411370745,0.0,0.016944444016091454,0.0171738343834349,1.2656389949326179,1.7900448254136592,0.11433756805807622,0.8359526101807887
21,nash_reference,1.0,0.0,1.0,0.29556516778266073,0.0,0.0,0.017574697732925415,1.1584398746490479,1.534067153930664,0.0,0.0
21,teacher_expert,1.0,0.0,0.0,0.3889049537642338,0.0,0.02710120379924774,0.0,1.1632535457611084,1.5496407747268677,0.0,0.0
21,game_cfm_raw,1.0,0.0,0.0,0.38139835999641825,0.0062059988267719746,0.030415412038564682,0.022169871255755424,1.1793041229248047,1.7474476099014282,0.0,0.0
21,game_cfm_anchored,1.0,0.0,0.0,0.37223229594293283,0.0,0.0,0.01617641817181635,1.181339510681888,1.747445293775297,0.0,0.0
21,nash_reference_hocbf,1.0,0.0,0.0,0.5041472978637426,0.0,0.027119686303616067,0.013259756275277899,1.1568164716655216,1.537989525890803,0.17967332123411978,0.8469941196221714
21,game_cfm_hocbf,1.0,0.0,0.0,0.5073884793270781,0.0,0.026405835430730787,0.01622472331833451,1.151925871775907,1.6025115098763587,0.2014519056261343,0.5005790779891424
22,nash_reference,1.0,0.0,1.0,0.29777364502937503,0.0,0.0,0.01604393869638443,1.1864649057388306,1.7793246507644653,0.0,0.0
22,teacher_expert,1.0,0.0,0.0,0.39345701101022135,0.0,0.023474231362342834,0.0,1.2205981016159058,1.8140252828598022,0.0,0.0
22,game_cfm_raw,1.0,0.0,1.0,0.34197438860340584,0.0020228128414601088,0.030685994774103165,0.018886752426624298,1.1875804662704468,2.2098145484924316,0.0,0.0
22,game_cfm_anchored,1.0,0.0,1.0,0.34852759844899256,0.0,0.0,0.014167750168589665,1.1899458114261623,2.2098123670626686,0.0,0.0
22,nash_reference_hocbf,1.0,0.0,0.0,0.5045606890597796,0.0,0.023528103157448087,0.012479804924692244,1.2389775581134022,1.795568243179067,0.16152450090744103,1.0421099821805646
22,game_cfm_hocbf,1.0,0.0,0.0,0.5023395066088295,0.0,0.022026347864629023,0.015322266093558886,1.2368958311010232,1.9136628212720763,0.16515426497277677,0.7875762610679597
23,nash_reference,1.0,0.0,1.0,0.3101445567637081,0.0,0.0,0.017424622550606728,1.3913273811340332,2.2734897136688232,0.0,0.0
23,teacher_expert,1.0,0.0,0.0,0.40140991433898776,0.0,0.02864626981317997,0.0,1.3754465579986572,2.234109878540039,0.0,0.0
23,game_cfm_raw,1.0,0.0,0.0,0.3895529777069649,0.003545015584677458,0.011707369238138199,0.01951068453490734,1.4455901384353638,2.4134466648101807,0.0,0.0
23,game_cfm_anchored,1.0,0.0,0.0,0.38721225959638733,0.0,0.0,0.018236443565371862,1.446090240277422,2.41344451497091,0.0,0.0
23,nash_reference_hocbf,1.0,0.0,0.0,0.5058537069658978,0.0,0.028626541716054346,0.012257239971235265,1.3693509103130461,1.9933803364452087,0.2577132486388385,0.7378265801320346
23,game_cfm_hocbf,1.0,0.0,0.0,0.5262684028200888,0.0,0.02902831670795871,0.016735428623635973,1.415420753409274,2.094078336931772,0.23411978221415608,0.6245494963387325
24,nash_reference,1.0,0.0,1.0,0.31466056458946906,0.0,0.0,0.02568828873336315,1.518159031867981,2.4161465167999268,0.0,0.0
24,teacher_expert,1.0,0.0,0.0,0.4488716162081166,0.0,0.031448811292648315,0.0,1.5426952838897705,2.453784942626953,0.0,0.0
24,game_cfm_raw,1.0,0.0,0.0,0.3930777475724497,0.006869263015687466,0.04011125862598419,0.02169092930853367,1.546342134475708,2.698573112487793,0.0,0.0
24,game_cfm_anchored,1.0,0.0,1.0,0.35992057299329855,0.0,0.0,0.021234589050547936,1.5429658785121767,2.6985728424723034,0.0,0.0
24,nash_reference_hocbf,1.0,0.0,0.0,0.4818124130239365,0.0,0.0314458144543925,0.012067897538286446,1.532433915668526,2.419515326168,0.26497277676951,0.762707405309176
24,game_cfm_hocbf,1.0,0.0,0.0,0.4818124130239365,0.0,0.03329798707746737,0.018770144582275262,1.5412619935720706,2.4174748507065518,0.24319419237749546,0.7578262807355713
25,nash_reference,1.0,0.0,1.0,0.299203281700516,0.0,0.0,0.01898251287639141,1.3244895935058594,1.7710850238800049,0.0,0.0
25,teacher_expert,1.0,0.0,0.0,0.3890408995411709,0.0,0.031614452600479126,0.0,1.3044644594192505,1.7473230361938477,0.0,0.0
25,game_cfm_raw,1.0,0.0,1.0,0.3549631274277167,0.005778136663138866,0.022272780537605286,0.021348826587200165,1.3607197999954224,1.851902723312378,0.0,0.0
25,game_cfm_anchored,1.0,0.0,1.0,0.35860475163278815,0.0,0.0,0.017990754323014863,1.361939930801658,1.8519043951908167,0.0,0.0
25,nash_reference_hocbf,1.0,0.0,0.0,0.4980276871712749,0.0,0.030092947245675607,0.021534201225987905,1.2490286241595603,1.77429346199502,0.32667876588021777,1.0551756639532035
25,game_cfm_hocbf,1.0,0.0,0.0,0.4999521453696177,0.0,0.028858916679258204,0.02586412844138794,1.2487531652082917,1.684699844148212,0.3466424682395644,0.8662061206460817
26,nash_reference,1.0,0.0,1.0,0.298622807468435,0.0,0.0,0.013060824014246464,1.1992303133010864,1.675794005393982,0.0,0.0
26,teacher_expert,1.0,0.0,0.0,0.38238375467159674,0.0,0.01885262131690979,0.0,1.228342056274414,1.7014621496200562,0.0,0.0
26,game_cfm_raw,1.0,0.0,1.0,0.34316513453140957,0.0025193197652697563,0.025293661281466484,0.018697913736104965,1.2672182321548462,1.8869808912277222,0.0,0.0
26,game_cfm_anchored,1.0,0.0,1.0,0.34665638053046116,0.0,0.0,0.014195809008243182,1.2692910905617196,1.8869860761593464,0.0,0.0
26,nash_reference_hocbf,1.0,0.0,0.0,0.4987069331250049,0.0,0.018645602551560767,0.014735422731054833,1.213890702340123,1.626773690975566,0.26497277676951,0.7856686160937666
26,game_cfm_hocbf,1.0,0.0,0.0,0.5025793307097253,0.0,0.01801457088185145,0.01997936937125019,1.25231469933329,1.6398094887177252,0.25045372050816694,0.7002365746602667
27,nash_reference,1.0,0.0,1.0,0.30640186526284285,0.0,0.0,0.013397776521742344,1.4952102899551392,2.19586181640625,0.0,0.0
27,teacher_expert,1.0,0.0,0.0,0.39626597612472686,0.0,0.01684594340622425,0.0,1.4895504713058472,2.185690402984619,0.0,0.0
27,game_cfm_raw,1.0,0.0,0.0,0.3635597180444791,0.002948854584246874,0.03023971989750862,0.020549096167087555,1.4947913885116577,2.2388410568237305,0.0,0.0
27,game_cfm_anchored,1.0,0.0,1.0,0.347251718277013,0.0,0.0,0.013801204950396844,1.4897784035560953,2.2388406874788767,0.0,0.0
27,nash_reference_hocbf,1.0,0.0,0.0,0.5028350168378777,0.0,0.01701929786022584,0.011714527048167035,1.4763515543312178,2.109230447479159,0.14882032667876588,1.0320299452374644
27,game_cfm_hocbf,1.0,0.0,0.0,0.5065471560597062,0.0,0.016656176943624302,0.015610391047037526,1.4532942907391906,2.0807434810583474,0.1397459165154265,0.9012441480465616
28,nash_reference,1.0,0.0,1.0,0.3091444806793018,0.0,0.0,0.023161787539720535,1.3737748861312866,2.3412728309631348,0.0,0.0
28,teacher_expert,1.0,0.0,0.0,0.43599787517129673,0.0,0.025425929576158524,0.0,1.3764735460281372,2.2094554901123047,0.0,0.0
28,game_cfm_raw,1.0,0.0,1.0,0.358609276702566,0.0031230051536113024,0.03243501856923103,0.023433072492480278,1.3873041868209839,2.359306812286377,0.0,0.0
28,game_cfm_anchored,1.0,0.0,1.0,0.338383510158389,0.0,0.0,0.021772096452659196,1.380744581665343,2.3593033207669727,0.0,0.0
28,nash_reference_hocbf,1.0,0.0,0.0,0.5349505528739409,0.0,0.025708301640153287,0.012391667238693466,1.366775779918894,1.9329334192134118,0.20871143375680581,0.9117598179366714
28,game_cfm_hocbf,1.0,0.0,0.0,0.5433775645475685,0.0,0.025758322731353558,0.01959779047373247,1.3482460985489046,1.8956611635364253,0.2014519056261343,0.8602655667192575
29,nash_reference,1.0,0.0,1.0,0.3119482688015612,0.0,0.0,0.023179689422249794,1.4496164321899414,2.189920663833618,0.0,0.0
29,teacher_expert,1.0,0.0,0.0,0.43457760958859015,0.0,0.02940601110458374,0.0,1.479514241218567,2.182269811630249,0.0,0.0
29,game_cfm_raw,1.0,0.0,0.0,0.37629175375281704,0.0038908591959625483,0.024877306073904037,0.02378014661371708,1.4693435430526733,2.528541088104248,0.0,0.0
29,game_cfm_anchored,1.0,0.0,0.0,0.38864329106536205,0.0,0.0,0.018794234499988984,1.4672478894713672,2.528544405323754,0.0,0.0
29,nash_reference_hocbf,1.0,0.0,0.0,0.439991872208448,0.0,0.03351002262203416,0.0161054731634831,1.482650631462319,2.1059072343957412,0.5607985480943739,0.5180843602631203
29,game_cfm_hocbf,1.0,0.0,0.0,0.439991872208448,0.0,0.03254080334038218,0.01713932991240752,1.4840579944923005,2.2893017695913307,0.604355716878403,0.4276209810461106
30,nash_reference,1.0,0.0,1.0,0.3080362899988217,0.0,0.0,0.021387269720435143,1.4239317178726196,2.03074312210083,0.0,0.0
30,teacher_expert,1.0,0.0,0.0,0.44479664072768965,0.0,0.027597548440098763,0.0,1.438368558883667,2.044205904006958,0.0,0.0
30,game_cfm_raw,1.0,0.0,1.0,0.32851073400633257,0.004019318148493767,0.0249294675886631,0.025231700390577316,1.4231995344161987,2.2188491821289062,0.0,0.0
30,game_cfm_anchored,1.0,0.0,1.0,0.33288188071045016,0.0,0.0,0.019725688034893975,1.426536065342708,2.218845891639292,0.0,0.0
30,nash_reference_hocbf,1.0,0.0,0.0,0.5409983369246504,0.0,0.027441850861127798,0.01035762120080579,1.4260417729679062,2.00311839808975,0.13430127041742287,1.0348837569622942
30,game_cfm_hocbf,1.0,0.0,0.0,0.5464590143586684,0.0,0.0277253584427997,0.016380916564150208,1.4374852465286219,2.0652992234341383,0.11978221415607986,1.0269293287261725
31,nash_reference,1.0,0.0,1.0,0.2977829290318864,0.0,0.0,0.012418926693499088,1.1969338655471802,1.6521133184432983,0.0,0.0
31,teacher_expert,1.0,0.0,0.0,0.379008734840049,0.0,0.018168747425079346,0.0,1.2255539894104004,1.6743972301483154,0.0,0.0
31,game_cfm_raw,1.0,0.0,1.0,0.3076190597421004,0.006337584927678108,0.036873362958431244,0.017895467579364777,1.2252490520477295,1.8451368808746338,0.0,0.0
31,game_cfm_anchored,1.0,0.0,1.0,0.3035630192533902,0.0,0.0,0.011511236137534235,1.228126107136516,1.8451340926832465,0.0,0.0
31,nash_reference_hocbf,1.0,0.0,0.0,0.49679816079919537,0.0,0.017935923551311496,0.014393124176966478,1.2160888814694768,1.62311779948759,0.2613430127041742,0.7682960769248197
31,game_cfm_hocbf,1.0,0.0,0.0,0.49728004013396887,0.0,0.018925537815587958,0.01849317628926364,1.2190443400216535,1.7363039643014644,0.2577132486388385,0.7981539289596624
32,nash_reference,1.0,0.0,1.0,0.3103408918063797,0.0,0.0,0.015566413290798664,1.4255024194717407,2.1538548469543457,0.0,0.0
32,teacher_expert,1.0,0.0,0.0,0.424728118134618,0.0,0.011084483005106449,0.0,1.4347606897354126,2.1047792434692383,0.0,0.0
32,game_cfm_raw,1.0,0.0,0.0,0.4024052606313338,0.005537374410778284,0.03985761106014252,0.02642018161714077,1.3995343446731567,2.278064250946045,0.0,0.0
32,game_cfm_anchored,1.0,0.0,0.0,0.42857478442378416,0.0,0.0,0.015227425223523923,1.4051613698206795,2.278062508729293,0.0,0.0
32,nash_reference_hocbf,1.0,0.0,0.0,0.5220798739012142,0.0,0.011667218428835823,0.013565415635135076,1.4264772874468274,2.030756903524934,0.2831215970961887,0.8153122107532326
32,game_cfm_hocbf,1.0,0.0,0.0,0.519454415668687,0.0,0.01167738045289092,0.01665785215920153,1.4019390052876721,1.9194434428168605,0.2540834845735027,0.6684295154074169
33,nash_reference,1.0,0.0,1.0,0.2974274979637465,0.0,0.0,0.021491874009370804,1.187243103981018,1.7056599855422974,0.0,0.0
33,teacher_expert,1.0,0.0,0.0,0.42880857302517383,0.0,0.028158141300082207,0.0,1.2025940418243408,1.7160351276397705,0.0,0.0
33,game_cfm_raw,1.0,0.0,1.0,0.34650106573725753,0.005887968465685844,0.031211234629154205,0.02649889886379242,1.2354000806808472,2.130270481109619,0.0,0.0
33,game_cfm_anchored,1.0,0.0,1.0,0.3234576540701737,0.0,0.0,0.022739788315950287,1.2383881806800592,2.130267684617043,0.0,0.0
33,nash_reference_hocbf,1.0,0.0,0.0,0.5307551405200414,0.0,0.027877301488359894,0.011309672455927147,1.2118033552716787,1.6602974212897237,0.14882032667876588,0.9354139310718951
33,game_cfm_hocbf,1.0,0.0,0.0,0.539725691620135,0.0,0.02690546158073329,0.01918008734127142,1.170498225758291,1.9529896956307464,0.14156079854809436,0.8993231109948702
34,nash_reference,1.0,0.0,1.0,0.31369994718973715,0.0,0.0,0.020450133830308914,1.445447564125061,2.1945321559906006,0.0,0.0
34,teacher_expert,1.0,0.0,0.0,0.445857067198215,0.0,0.02534293383359909,0.0,1.4468647241592407,2.200186252593994,0.0,0.0
34,game_cfm_raw,1.0,0.0,1.0,0.35494620133487115,0.001964518101885915,0.031066525727510452,0.020150013267993927,1.4544072151184082,2.33004093170166,0.0,0.0
34,game_cfm_anchored,1.0,0.0,1.0,0.33680405098069627,0.0,0.0,0.021752901958808444,1.459349150157978,2.3300392517950255,0.0,0.0
34,nash_reference_hocbf,1.0,0.0,0.0,0.4893651028334428,0.0,0.02520606697331952,0.015868487775052186,1.4073263382105023,2.1368093840951463,0.24319419237749546,1.1696228697373063
34,game_cfm_hocbf,1.0,0.0,0.0,0.49219968280665244,0.0,0.02246902472373182,0.015082609458536924,1.3982207812592853,2.1691497394656407,0.3466424682395644,0.8380978384257114
35,nash_reference,1.0,0.0,1.0,0.3006067385532119,0.0,0.0,0.015861865133047104,1.3326438665390015,1.9360519647598267,0.0,0.0
35,teacher_expert,1.0,0.0,0.0,0.393635357709252,0.0,0.023355849087238312,0.0,1.3317824602127075,1.9051882028579712,0.0,0.0
35,game_cfm_raw,1.0,0.0,1.0,0.34121438529548537,0.008573431521654129,0.013668463565409184,0.012906450778245926,1.3289258480072021,2.0154988765716553,0.0,0.0
35,game_cfm_anchored,1.0,0.0,1.0,0.3287184612726498,0.0,0.0,0.012708869746988316,1.3286100618749757,2.0155011470367152,0.0,0.0
35,nash_reference_hocbf,1.0,0.0,0.0,0.5009077459277641,0.0,0.022028712017885296,0.014851119459702815,1.3322723931983473,1.701089542527451,0.3430127041742287,0.6280951994379109
35,game_cfm_hocbf,1.0,0.0,0.0,0.4984435053489093,0.0,0.02280306982226845,0.016978475926412512,1.3329684478672028,1.645050753788424,0.35753176043557167,0.5716822706688843
36,nash_reference,1.0,0.0,1.0,0.3091219086739603,0.0,0.0,0.01945381611585617,1.532028317451477,2.474269390106201,0.0,0.0
36,teacher_expert,1.0,0.0,0.0,0.41584853352130025,0.0,0.027102399617433548,0.0,1.541011095046997,2.503223419189453,0.0,0.0
36,game_cfm_raw,1.0,0.0,1.0,0.3463747306040107,0.005686954595148563,0.01628081686794758,0.020856359973549843,1.6539363861083984,2.5596923828125,0.0,0.0
36,game_cfm_anchored,1.0,0.0,1.0,0.3506676558023558,0.0,0.0,0.020680042577643852,1.6549596716379622,2.5596871754679387,0.0,0.0
36,nash_reference_hocbf,1.0,0.0,0.0,0.5139574244340368,0.0,0.027087421738329967,0.01118031405383392,1.525687704034292,2.3876114564527557,0.2323049001814882,0.7183281832082766
36,game_cfm_hocbf,1.0,0.0,0.0,0.5394956785829363,0.0,0.02669686971692193,0.017893177381875267,1.6162492231230787,2.444191246308852,0.21234119782214156,0.7162205542971274
37,nash_reference,1.0,0.0,1.0,0.2980257524728383,0.0,0.0,0.014826997183263302,1.1677700281143188,1.7523231506347656,0.0,0.0
37,teacher_expert,1.0,0.0,0.0,0.399774578822627,0.0,0.01707611419260502,0.0,1.175682544708252,1.7607598304748535,0.0,0.0
37,game_cfm_raw,1.0,0.0,0.0,0.3911665229830254,0.0048235319554805756,0.023520393297076225,0.018615825101733208,1.2116754055023193,1.8875353336334229,0.0,0.0
37,game_cfm_anchored,1.0,0.0,0.0,0.392565919027731,0.0,0.0,0.012890108655564447,1.213116399561319,1.8875347586151616,0.0,0.0
37,nash_reference_hocbf,1.0,0.0,0.0,0.5100324306082303,0.0,0.017076858023480572,0.01231497516767023,1.1907574318762764,1.697678639204984,0.20689655172413793,0.7449627574573351
37,game_cfm_hocbf,1.0,0.0,0.0,0.5159154841835626,0.0,0.017568035823589376,0.01818681998991499,1.220937992565877,1.7210890307659346,0.19600725952813067,0.447247045377438
38,nash_reference,1.0,0.0,1.0,0.3065987273494192,0.0,0.0,0.01928330585360527,1.3979710340499878,2.2283849716186523,0.0,0.0
38,teacher_expert,1.0,0.0,0.0,0.4096360751322428,0.0,0.02930125594139099,0.0,1.3885139226913452,2.2330708503723145,0.0,0.0
38,game_cfm_raw,1.0,0.0,1.0,0.35193294460074065,0.0043335482478141785,0.024271156638860703,0.02826271392405033,1.491528034210205,2.5099048614501953,0.0,0.0
38,game_cfm_anchored,1.0,0.0,1.0,0.3430223695168001,0.0,0.0,0.02276043029811011,1.4907425160227779,2.5099081175437044,0.0,0.0
38,nash_reference_hocbf,1.0,0.0,0.0,0.5103526818130165,0.0,0.029377018710659723,0.011174546901486143,1.3731590532150026,2.1478071314972436,0.13611615245009073,1.0521486897641543
38,game_cfm_hocbf,1.0,0.0,0.0,0.5306238969181832,0.0,0.029268211797613835,0.018647435450410636,1.4361680043687244,2.2074947278823425,0.12159709618874773,1.0499760662733313
39,nash_reference,1.0,0.0,1.0,0.29920944485836704,0.0,0.0,0.013555360957980156,1.1931328773498535,1.7554121017456055,0.0,0.0
39,teacher_expert,1.0,0.0,0.0,0.40192970222664426,0.0,0.012586606666445732,0.0,1.2161321640014648,1.770036220550537,0.0,0.0
39,game_cfm_raw,1.0,0.0,0.0,0.3827239462727351,0.004394261632114649,0.021316464990377426,0.016776317730545998,1.2345287799835205,2.1109135150909424,0.0,0.0
39,game_cfm_anchored,1.0,0.0,0.0,0.37573711068419363,0.0,0.0,0.011249590845904388,1.2373843237727944,2.1109176491505672,0.0,0.0
39,nash_reference_hocbf,1.0,0.0,0.0,0.5016171053917737,0.0,0.012626319068452425,0.015623849780600866,1.190400302130236,1.6610437844430028,0.26860254083484575,0.7840638378606383
39,game_cfm_hocbf,1.0,0.0,0.0,0.5041469397544165,0.0,0.01262682502113785,0.016246516956296385,1.1943569796572595,1.7930214861812723,0.32849364791288566,0.5158505454821688
40,nash_reference,1.0,0.0,1.0,0.29874531897721046,0.0,0.0,0.016893280670046806,1.148026466369629,1.7025219202041626,0.0,0.0
40,teacher_expert,1.0,0.0,0.0,0.391647428063676,0.0,0.024392738938331604,0.0,1.173972487449646,1.6661475896835327,0.0,0.0
40,game_cfm_raw,1.0,0.0,1.0,0.34130150030609424,0.005035200156271458,0.024826467037200928,0.024650191888213158,1.1703933477401733,1.9208735227584839,0.0,0.0
40,game_cfm_anchored,1.0,0.0,1.0,0.32935593491808735,0.0,0.0,0.0213965598029848,1.1728603290138986,1.9208684601718955,0.0,0.0
40,nash_reference_hocbf,1.0,0.0,0.0,0.5053185492042829,0.0,0.024745489185801002,0.014948665258421591,1.162573191521924,1.5331073770967032,0.26497277676951,0.7757500445393604
40,game_cfm_hocbf,1.0,0.0,0.0,0.5127973783993605,0.0,0.022842541336733656,0.022082417811487304,1.1699931713628502,1.6275489078903744,0.24863883847549909,0.760542685227272
41,nash_reference,1.0,0.0,1.0,0.30139327828530454,0.0,0.0,0.01524418592453003,1.3553922176361084,1.9904508590698242,0.0,0.0
41,teacher_expert,1.0,0.0,0.0,0.3893673710273644,0.0,0.022526917979121208,0.0,1.3599286079406738,2.000901937484741,0.0,0.0
41,game_cfm_raw,1.0,0.0,0.0,0.3965053088051821,0.0033544658217579126,0.030468128621578217,0.025807704776525497,1.3350176811218262,1.9239349365234375,0.0,0.0
41,game_cfm_anchored,1.0,0.0,0.0,0.39379891435731335,0.0,0.0,0.017678752890016608,1.3373950848672822,1.9239353039049922,0.0,0.0
41,nash_reference_hocbf,1.0,0.0,0.0,0.49814312875484673,0.0,0.022623305831559852,0.012882669343741222,1.349977964151602,1.8989444109279048,0.2250453720508167,0.7474538444464306
41,game_cfm_hocbf,1.0,0.0,0.0,0.4983521472371658,0.0,0.023094230998609872,0.015398155050189152,1.3517583270769025,1.9452787000719438,0.2323049001814882,0.451483705983796
42,nash_reference,1.0,0.0,1.0,0.2986769103117774,0.0,0.0,0.02687925286591053,1.1925936937332153,1.6234928369522095,0.0,0.0
42,teacher_expert,1.0,0.0,0.0,0.4108589195626649,0.0,0.042094167321920395,0.0,1.180299162864685,1.5969091653823853,0.0,0.0
42,game_cfm_raw,1.0,0.0,1.0,0.33871382145382606,0.002271905541419983,0.029548605903983116,0.030094757676124573,1.2734897136688232,1.7295328378677368,0.0,0.0
42,game_cfm_anchored,1.0,0.0,1.0,0.33040522967833974,0.0,0.0,0.027093788732441556,1.2690455045304483,1.7295354581006392,0.0,0.0
42,nash_reference_hocbf,1.0,0.0,0.0,0.5189524101994487,0.0,0.042079381972307345,0.012217570835544008,1.1777166830431478,1.5587534369197242,0.21960072595281308,0.7235146388549635
42,game_cfm_hocbf,1.0,0.0,0.0,0.5222385989496148,0.0,0.04165484947551204,0.020697700176468846,1.2028281508763177,1.6762764463189697,0.23774954627949182,0.5887168123094427
43,nash_reference,1.0,0.0,1.0,0.3047626538574903,0.0,0.0,0.014111367054283619,1.4601305723190308,2.3804197311401367,0.0,0.0
43,teacher_expert,1.0,0.0,0.0,0.40378479733424344,0.0,0.014796013943850994,0.0,1.4557256698608398,2.3982656002044678,0.0,0.0
43,game_cfm_raw,1.0,0.0,0.0,0.3638928381099504,0.0025330346543341875,0.022250093519687653,0.02083113044500351,1.5606764554977417,2.443618059158325,0.0,0.0
43,game_cfm_anchored,1.0,0.0,0.0,0.36331903237247326,0.0,0.0,0.017277125764326082,1.5578388317685385,2.4436193063633205,0.0,0.0
43,nash_reference_hocbf,1.0,0.0,0.0,0.5054461485869183,0.0,0.014789653380322242,0.013343952902285891,1.444199806148491,2.2749108032017458,0.2250453720508167,0.8108128065788699
43,game_cfm_hocbf,1.0,0.0,0.0,0.5267225405016831,0.0,0.016417718994453434,0.019866980625602798,1.54408309923205,2.315970177778749,0.19600725952813067,0.7590573118817063
44,nash_reference,1.0,0.0,1.0,0.3008083447829635,0.0,0.0,0.018497148528695107,1.2555186748504639,1.7553576231002808,0.0,0.0
44,teacher_expert,1.0,0.0,0.0,0.41028931020714277,0.0,0.025080841034650803,0.0,1.2813385725021362,1.774366021156311,0.0,0.0
44,game_cfm_raw,1.0,0.0,0.0,0.3836244633120147,0.002982925157994032,0.016349289566278458,0.013693294487893581,1.2553772926330566,1.8963713645935059,0.0,0.0
44,game_cfm_anchored,1.0,0.0,0.0,0.37710987618033165,0.0,0.0,0.014773352504569218,1.2577240095248627,1.8963761661135479,0.0,0.0
44,nash_reference_hocbf,1.0,0.0,0.0,0.5191126325374089,0.0,0.025027698185285087,0.012084823124581985,1.29493057805448,1.7542576773169296,0.16152450090744103,0.9553007471425858
44,game_cfm_hocbf,1.0,0.0,0.0,0.525427009252455,0.0,0.025438771239923542,0.014901011044129185,1.280310482156567,1.7571975429311186,0.15245009074410162,0.6661133338185975
45,nash_reference,1.0,0.0,1.0,0.30514009706861667,0.0,0.0,0.022773850709199905,1.436805009841919,2.2542624473571777,0.0,0.0
45,teacher_expert,1.0,0.0,0.0,0.41926433262554114,0.0,0.035378970205783844,0.0,1.4421279430389404,2.2643380165100098,0.0,0.0
45,game_cfm_raw,1.0,0.0,0.0,0.3850301362004605,0.003647097386419773,0.032507359981536865,0.02519521676003933,1.5138146877288818,2.352640390396118,0.0,0.0
45,game_cfm_anchored,1.0,0.0,0.0,0.37023527444141324,0.0,0.0,0.021604576784815647,1.5106861635445734,2.352644469226147,0.0,0.0
45,nash_reference_hocbf,1.0,0.0,0.0,0.5162582465832604,0.0,0.03532287126149331,0.01086333517434801,1.4265146836384375,2.1795267883721414,0.17967332123411978,0.7762018526634477
45,game_cfm_hocbf,1.0,0.0,0.0,0.5366842782137785,0.0,0.03628430350800446,0.018521430713653943,1.4975364512438667,2.282149833958578,0.21415607985480944,0.5663933266292213
46,nash_reference,1.0,0.0,1.0,0.30888786431077775,0.0,0.0,0.01812029257416725,1.3712084293365479,1.9311182498931885,0.0,0.0
46,teacher_expert,1.0,0.0,0.0,0.39423913536322497,0.0,0.015594402328133583,0.0,1.3733729124069214,1.9437034130096436,0.0,0.0
46,game_cfm_raw,1.0,0.0,0.0,0.3846509726370818,0.001002980163320899,0.0362178236246109,0.01808765158057213,1.443350076675415,2.1113662719726562,0.0,0.0
46,game_cfm_anchored,1.0,0.0,0.0,0.36235411748525165,0.0,0.0,0.01781855128429567,1.4378546904014753,2.11136677491588,0.0,0.0
46,nash_reference_hocbf,1.0,0.0,0.0,0.40920988338455955,0.0,0.05149660032546122,0.020729358310774063,1.3727938218469582,1.9845323516579585,0.6261343012704175,0.6605898962695452
46,game_cfm_hocbf,1.0,0.0,0.0,0.40920988338455955,0.0,0.052088185652397236,0.025125637012191615,1.4390193317842654,2.073697068335281,0.5934664246823956,0.652861045591329
47,nash_reference,1.0,0.0,1.0,0.293618275701445,0.0,0.0,0.018652236089110374,1.205834984779358,1.7384024858474731,0.0,0.0
47,teacher_expert,1.0,0.0,0.0,0.3849020971864152,0.0,0.029497629031538963,0.0,1.2351429462432861,1.7646970748901367,0.0,0.0
47,game_cfm_raw,1.0,0.0,1.0,0.30389583406726006,0.0021571496035903692,0.023217953741550446,0.026524195447564125,1.2258552312850952,1.830859899520874,0.0,0.0
47,game_cfm_anchored,1.0,0.0,1.0,0.3010616018880058,0.0,0.0,0.022905666002208277,1.2266693953129486,1.8308621908862448,0.0,0.0
47,nash_reference_hocbf,1.0,0.0,0.0,0.503655746932647,0.0,0.02971622492303458,0.013864944945519882,1.2472200749035058,1.7462109025334265,0.2413793103448276,0.7676012931029508
47,game_cfm_hocbf,1.0,0.0,0.0,0.5041500630253697,0.0,0.031110930513268555,0.021152655986994603,1.2714551866879948,1.8101745538596772,0.20508166969147004,0.8504543574657957
48,nash_reference,1.0,0.0,0.0,0.48644386641144083,0.0,0.0,0.023570168763399124,1.4118849039077759,2.388462543487549,0.0,0.0
48,teacher_expert,1.0,0.0,0.0,0.5465014958703038,0.0,0.04028546065092087,0.0,1.4342474937438965,2.4298815727233887,0.0,0.0
48,game_cfm_raw,1.0,0.0,0.0,0.5142295348141465,0.0077703348360955715,0.03795365244150162,0.02133535034954548,1.4352868795394897,2.3504638671875,0.0,0.0
48,game_cfm_anchored,1.0,0.0,0.0,0.49044814695313715,0.0,0.0,0.021845170969125006,1.4340663251985482,2.3504661971075205,0.0,0.0
48,nash_reference_hocbf,1.0,0.0,0.0,0.6021502914360577,0.0,0.04022136846432799,0.005797807200939133,1.4154795842227885,2.2980630258689767,0.0998185117967332,0.46330083850375564
48,game_cfm_hocbf,1.0,0.0,0.0,0.6047406962584652,0.0,0.04013485004195177,0.010232408044733767,1.4164049605777105,2.3405280783083673,0.1161524500907441,0.4331903607309047
49,nash_reference,1.0,0.0,1.0,0.30447686619029063,0.0,0.0,0.0215618759393692,1.3264636993408203,1.9087241888046265,0.0,0.0
49,teacher_expert,1.0,0.0,0.0,0.4124891811127869,0.0,0.02683359570801258,0.0,1.3303898572921753,1.9188177585601807,0.0,0.0
49,game_cfm_raw,1.0,0.0,0.0,0.38971633157165436,0.004214473068714142,0.0336606465280056,0.019065072759985924,1.3775811195373535,2.0126194953918457,0.0,0.0
49,game_cfm_anchored,1.0,0.0,0.0,0.3632844339905833,0.0,0.0,0.017794388038750986,1.3709965714355123,2.0126157533320805,0.0,0.0
49,nash_reference_hocbf,1.0,0.0,0.0,0.4520988514077519,0.0,0.03661287208625254,0.019391881268727644,1.323114586512395,1.902528017052498,0.6134301270417423,0.5719752504404924
49,game_cfm_hocbf,1.0,0.0,0.0,0.4520988514077519,0.0,0.03665053662634907,0.023303121657583737,1.37514685380056,1.8986929916447828,0.5644283121597096,0.5490955757612487
50,nash_reference,1.0,0.0,1.0,0.30915807645860643,0.0,0.0,0.023370003327727318,1.4245275259017944,2.383753538131714,0.0,0.0
50,teacher_expert,1.0,0.0,0.0,0.42040518865209825,0.0,0.03512752801179886,0.0,1.4375872611999512,2.196441411972046,0.0,0.0
50,game_cfm_raw,1.0,0.0,1.0,0.3213510981350911,0.004229838028550148,0.018265966325998306,0.024734754115343094,1.5035234689712524,2.767582654953003,0.0,0.0
50,game_cfm_anchored,1.0,0.0,1.0,0.3191335785511439,0.0,0.0,0.02367472460311001,1.5020021050531676,2.767584759806122,0.0,0.0
50,nash_reference_hocbf,1.0,0.0,0.0,0.5218703660514598,0.0,0.035353446586841086,0.0133710972364161,1.4290591209061205,1.9186748913660305,0.27223230490018147,0.8291878044712536
50,game_cfm_hocbf,1.0,0.0,0.0,0.5237595184755343,0.0,0.03444338746267597,0.024062367734647327,1.4337153816429593,2.409747829151122,0.27586206896551724,0.8347845584145496
51,nash_reference,1.0,0.0,1.0,0.3025040190844158,0.0,0.0,0.018532179296016693,1.3136497735977173,2.0851752758026123,0.0,0.0
51,teacher_expert,1.0,0.0,0.0,0.4148066236924351,0.0,0.02232510782778263,0.0,1.3296319246292114,2.1082825660705566,0.0,0.0
51,game_cfm_raw,1.0,0.0,0.0,0.3911063484891164,0.0028961810749024153,0.0279212836176157,0.016463927924633026,1.3283956050872803,2.053697109222412,0.0,0.0
51,game_cfm_anchored,1.0,0.0,0.0,0.3788124342916601,0.0,0.0,0.01353974623882713,1.3255553525182875,2.0536979540136193,0.0,0.0
51,nash_reference_hocbf,1.0,0.0,0.0,0.5152301748718043,0.0,0.02228678780488244,0.011043986997372256,1.3153581688276097,2.019048569839753,0.13793103448275862,1.0080312961281799
51,game_cfm_hocbf,1.0,0.0,0.0,0.5205058903369127,0.0,0.02225470320509479,0.016758321223445588,1.324558962948118,2.017391653871706,0.16515426497277677,0.5518430643189861
52,nash_reference,1.0,0.0,1.0,0.2936189417755792,0.0,0.0,0.023578133434057236,1.1126207113265991,1.5353437662124634,0.0,0.0
52,teacher_expert,1.0,0.0,0.0,0.41562556838561604,0.0,0.035897016525268555,0.0,1.1281747817993164,1.5147534608840942,0.0,0.0
52,game_cfm_raw,1.0,0.0,1.0,0.3501529093498806,0.0032450396101921797,0.02094366028904915,0.024432029575109482,1.1158182621002197,1.9415863752365112,0.0,0.0
52,game_cfm_anchored,1.0,0.0,1.0,0.3582258475952047,0.0,0.0,0.02006098533020049,1.1208192904150667,1.9415770570578343,0.0,0.0
52,nash_reference_hocbf,1.0,0.0,0.0,0.5246440316298482,0.0,0.035590515924732134,0.01235073282721819,1.1205767721046462,1.4462558167247117,0.17604355716878403,0.7208884231576621
52,game_cfm_hocbf,1.0,0.0,0.0,0.5323647475162191,0.0,0.03531564469748406,0.014970697550733941,1.1238118703304323,1.4762023865958327,0.10526315789473684,0.7107134587489814
53,nash_reference,1.0,0.0,1.0,0.29995842742163,0.0,0.0,0.014078943990170956,1.2116199731826782,1.6752201318740845,0.0,0.0
53,teacher_expert,1.0,0.0,0.0,0.3862410874162664,0.0,0.02032376639544964,0.0,1.2017338275909424,1.670575737953186,0.0,0.0
53,game_cfm_raw,1.0,0.0,1.0,0.325377706838686,0.005786525085568428,0.016674716025590897,0.01341419667005539,1.208040475845337,1.8596910238265991,0.0,0.0
53,game_cfm_anchored,1.0,0.0,1.0,0.3224569417404014,0.0,0.0,0.01292851425761502,1.2067348558114765,1.8596918688271296,0.0,0.0
53,nash_reference_hocbf,1.0,0.0,0.0,0.4994909207555945,0.0,0.020442784138527348,0.012726601672357295,1.1932701686911245,1.6148209971958536,0.22867513611615245,0.724376726747944
53,game_cfm_hocbf,1.0,0.0,0.0,0.49867348932721034,0.0,0.020619795716586377,0.016083039520283268,1.1841734161500883,1.7316648991928074,0.19237749546279492,0.752519258716138
54,nash_reference,1.0,0.0,1.0,0.29681441101392375,0.0,0.0,0.01717233657836914,1.2172021865844727,1.6107980012893677,0.0,0.0
54,teacher_expert,1.0,0.0,0.0,0.3954183327587593,0.0,0.02314860001206398,0.0,1.2188795804977417,1.619394063949585,0.0,0.0
54,game_cfm_raw,1.0,0.0,0.0,0.3777233709299524,0.002850989578291774,0.026910241693258286,0.014238239265978336,1.2243554592132568,1.816953420639038,0.0,0.0
54,game_cfm_anchored,1.0,0.0,0.0,0.39393970382299043,0.0,0.0,0.012696920815075936,1.2274543913876856,1.8169532115989855,0.0,0.0
54,nash_reference_hocbf,1.0,0.0,0.0,0.5039728795999635,0.0,0.023195289294432386,0.012674537284201063,1.2105806967703023,1.575096556189596,0.22141560798548093,0.7121609818423578
54,game_cfm_hocbf,1.0,0.0,0.0,0.5037763278896022,0.0,0.022391852096233882,0.01364173170784255,1.2106732318929687,1.702628598159392,0.23049001814882034,0.39592310585908946
55,nash_reference,1.0,0.0,1.0,0.2971417421160877,0.0,0.0,0.01742035709321499,1.3298308849334717,1.7358217239379883,0.0,0.0
55,teacher_expert,1.0,0.0,0.0,0.4068495877399408,0.0,0.020611992105841637,0.0,1.3307465314865112,1.739348292350769,0.0,0.0
55,game_cfm_raw,1.0,0.0,0.0,0.42471503050002624,0.0029517130460590124,0.02067067287862301,0.0131752360612154,1.3523457050323486,1.8891112804412842,0.0,0.0
55,game_cfm_anchored,1.0,0.0,0.0,0.40816956634558754,0.0,0.0,0.012174702819866143,1.351657339166053,1.8891098639835755,0.0,0.0
55,nash_reference_hocbf,1.0,0.0,0.0,0.5148444374513524,0.0,0.0204119018029646,0.011995986719234688,1.32152232819837,1.6985181506403138,0.15970961887477314,0.8577986374218813
55,game_cfm_hocbf,1.0,0.0,0.0,0.5213568068042563,0.0,0.020212534538222506,0.015483176252010537,1.3494387111253194,1.852270475574355,0.15245009074410162,0.3972955128618324
56,nash_reference,1.0,0.0,1.0,0.3032649918289777,0.0,0.0,0.015530143864452839,1.34355890750885,1.949373722076416,0.0,0.0
56,teacher_expert,1.0,0.0,0.0,0.4025221766003336,0.0,0.020973343402147293,0.0,1.3369154930114746,1.9136120080947876,0.0,0.0
56,game_cfm_raw,1.0,0.0,0.0,0.4023623606411009,0.0025150063447654247,0.018429411575198174,0.014153117313981056,1.3473740816116333,1.8883285522460938,0.0,0.0
56,game_cfm_anchored,1.0,0.0,0.0,0.4122738675189822,0.0,0.0,0.012428650696739684,1.349531790551398,1.8883316735071098,0.0,0.0
56,nash_reference_hocbf,1.0,0.0,0.0,0.5090580937187388,0.0,0.02083714115322921,0.01231158922840095,1.3254271398973618,1.8370763577428777,0.21234119782214156,0.8042489045613621
56,game_cfm_hocbf,1.0,0.0,0.0,0.5077707973894322,0.0,0.020759894628386476,0.012019051056785558,1.3204011086724476,1.7907436840891422,0.20326678765880218,0.4557752748428539
57,nash_reference,1.0,0.0,1.0,0.30658823195115203,0.0,0.0,0.02534029260277748,1.3079665899276733,2.063913583755493,0.0,0.0
57,teacher_expert,1.0,0.0,0.0,0.4147194089222625,0.0,0.030163343995809555,0.0,1.299073576927185,1.852424144744873,0.0,0.0
57,game_cfm_raw,1.0,0.0,1.0,0.3297362467033599,0.0018790729809552431,0.028072964400053024,0.02608213759958744,1.3313989639282227,2.004868268966675,0.0,0.0
57,game_cfm_anchored,1.0,0.0,1.0,0.34521779267192715,0.0,0.0,0.023043500356387435,1.3344011288042477,2.0048674146218737,0.0,0.0
57,nash_reference_hocbf,1.0,0.0,0.0,0.4351077037975331,0.0,0.03094939934122426,0.017025865182971386,1.2862781641596768,1.7787907964998537,0.3103448275862069,1.083279585203215
57,game_cfm_hocbf,1.0,0.0,0.0,0.4351077037975331,0.0,0.030627482223779437,0.018174575658228272,1.2923638889472775,1.7155655342068947,0.3030852994555354,0.8616392823506627
58,nash_reference,1.0,0.0,1.0,0.3048845840662796,0.0,0.0,0.014742176048457623,1.362064242362976,1.9541460275650024,0.0,0.0
58,teacher_expert,1.0,0.0,0.0,0.40476994445685693,0.0,0.01928955875337124,0.0,1.3672723770141602,1.8272212743759155,0.0,0.0
58,game_cfm_raw,1.0,0.0,0.0,0.3639045411215061,0.003186426591128111,0.04086364433169365,0.02434813790023327,1.3921566009521484,2.007246732711792,0.0,0.0
58,game_cfm_anchored,1.0,0.0,1.0,0.33120822891816337,0.0,0.0,0.016871987201676174,1.384997711821501,2.007243986164307,0.0,0.0
58,nash_reference_hocbf,1.0,0.0,0.0,0.4997791969869814,0.0,0.018433065814625112,0.015520912918123811,1.3635195307133097,1.806943624188959,0.4646098003629764,0.5577588606598227
58,game_cfm_hocbf,1.0,0.0,0.0,0.5013799436806983,0.0,0.018356826042182185,0.019993221468890363,1.3920431832545852,1.8629428841616793,0.4010889292196007,0.654816685494042
59,nash_reference,1.0,0.0,1.0,0.311064831079142,0.0,0.0,0.015018253587186337,1.450573444366455,2.2739992141723633,0.0,0.0
59,teacher_expert,1.0,0.0,0.0,0.41577809638559454,0.0,0.020295940339565277,0.0,1.441335678100586,2.2790024280548096,0.0,0.0
59,game_cfm_raw,1.0,0.0,1.0,0.3560961105446926,0.003161593107506633,0.032487642019987106,0.03155190870165825,1.4575952291488647,2.384373426437378,0.0,0.0
59,game_cfm_anchored,1.0,0.0,1.0,0.35487336024567856,0.0,0.0,0.02467400372252681,1.4592218878746641,2.3843775328087298,0.0,0.0
59,nash_reference_hocbf,1.0,0.0,0.0,0.515777781843936,0.0,0.02037350153106099,0.010759008196433707,1.425570676564668,2.1935196925032403,0.15789473684210525,1.0200969178970036
59,game_cfm_hocbf,1.0,0.0,0.0,0.5154547940150818,0.0,0.020998512344288622,0.019217296383786445,1.4123377981365108,2.132460654152418,0.13611615245009073,0.9638643462545785
60,nash_reference,1.0,0.0,1.0,0.2961488397228707,0.0,0.0,0.013024874031543732,1.2378087043762207,1.696984887123108,0.0,0.0
60,teacher_expert,1.0,0.0,0.0,0.39085869123339684,0.0,0.017856378108263016,0.0,1.2680219411849976,1.6873714923858643,0.0,0.0
60,game_cfm_raw,1.0,0.0,1.0,0.3207066859527895,0.0018596570007503033,0.03042321279644966,0.016298647969961166,1.278080940246582,1.8524999618530273,0.0,0.0
60,game_cfm_anchored,1.0,0.0,1.0,0.3139814959354799,0.0,0.0,0.012118331591375011,1.279947444194199,1.8524930178673094,0.0,0.0
60,nash_reference_hocbf,1.0,0.0,0.0,0.5038760033655204,0.0,0.01805692187184842,0.013085010374878966,1.2681396249005397,1.6639331208698034,0.24863883847549909,0.7325290964322468
60,game_cfm_hocbf,1.0,0.0,0.0,0.49682946465549965,0.0,0.01809164758544416,0.015238914625288294,1.267654840841695,1.7355657767773525,0.27404718693284935,0.6855356138135243
61,nash_reference,1.0,0.0,1.0,0.3160954145381236,0.0,0.0,0.019047601148486137,1.5542967319488525,2.3916544914245605,0.0,0.0
61,teacher_expert,1.0,0.0,0.0,0.42671785421766667,0.0,0.024699263274669647,0.0,1.5409071445465088,2.3438148498535156,0.0,0.0
61,game_cfm_raw,1.0,0.0,0.0,0.39263812578481333,0.004511413164436817,0.025272633880376816,0.018687771633267403,1.5592198371887207,2.437251567840576,0.0,0.0
61,game_cfm_anchored,1.0,0.0,0.0,0.37660317623422157,0.0,0.0,0.016044961921239106,1.558267451971017,2.43724952491146,0.0,0.0
61,nash_reference_hocbf,1.0,0.0,0.0,0.5242032557783177,0.0,0.02475536005164835,0.010397500298041828,1.5274463152315032,2.2462738519744074,0.1560798548094374,1.0349511592091223
61,game_cfm_hocbf,1.0,0.0,0.0,0.5276038135409262,0.0,0.025191761465877108,0.015802746309191918,1.529426811225057,2.255616549603615,0.147005444646098,0.7921220744973558
62,nash_reference,1.0,0.0,1.0,0.3041393237739866,0.0,0.0,0.0140697555616498,1.3298228979110718,2.101529359817505,0.0,0.0
62,teacher_expert,1.0,0.0,0.0,0.3950500594083523,0.0,0.018692217767238617,0.0,1.327504277229309,2.0604889392852783,0.0,0.0
62,game_cfm_raw,1.0,0.0,0.0,0.3949134160414783,0.0037335515953600407,0.023486493155360222,0.02138201706111431,1.3503986597061157,2.2192494869232178,0.0,0.0
62,game_cfm_anchored,1.0,0.0,0.0,0.3739725076602996,0.0,0.0,0.015979838638854254,1.3488220838150877,2.2192468975232624,0.0,0.0
62,nash_reference_hocbf,1.0,0.0,0.0,0.503263121293015,0.0,0.018707004269107885,0.013562519558746681,1.3160498486241812,1.8433509280860354,0.23411978221415608,0.810346020934065
62,game_cfm_hocbf,1.0,0.0,0.0,0.5168041734958196,0.0,0.01983481189192792,0.020201609640323477,1.3412159226335507,1.9135400947056014,0.22141560798548093,0.6446562812898168
63,nash_reference,1.0,0.0,1.0,0.3004908715759796,0.0,0.0,0.02050880156457424,1.2945246696472168,2.022812604904175,0.0,0.0
63,teacher_expert,1.0,0.0,0.0,0.3697477484815964,0.0,0.030509646981954575,0.0,1.3053333759307861,2.03470516204834,0.0,0.0
63,game_cfm_raw,1.0,0.0,1.0,0.3554160803916281,0.004362574312835932,0.03564148396253586,0.025943314656615257,1.2790647745132446,2.281804323196411,0.0,0.0
63,game_cfm_anchored,1.0,0.0,1.0,0.3363216221221144,0.0,0.0,0.021371632273526647,1.2756113157662694,2.2818042730238917,0.0,0.0
63,nash_reference_hocbf,1.0,0.0,0.0,0.4822845448558287,0.0,0.0494367836274087,0.023054145526423958,1.2913637621679195,1.9580910992380547,0.5970961887477314,0.6528369873109812
63,game_cfm_hocbf,1.0,0.0,0.0,0.4822845448558287,0.0,0.050251195897230025,0.028761299955916697,1.288421422276886,2.200042808951587,0.5644283121597096,0.6587786189310287
64,nash_reference,1.0,0.0,1.0,0.3039152930906035,0.0,0.0,0.01691657118499279,1.3526371717453003,2.3399977684020996,0.0,0.0
64,teacher_expert,1.0,0.0,0.0,0.42459815126080774,0.0,0.017212551087141037,0.0,1.3605040311813354,2.363201141357422,0.0,0.0
64,game_cfm_raw,1.0,0.0,1.0,0.3597764498674036,0.009937599301338196,0.042498327791690826,0.02041027508676052,1.367329716682434,2.3956758975982666,0.0,0.0
64,game_cfm_anchored,1.0,0.0,1.0,0.3303201171787465,0.0,0.0,0.01588147994245331,1.3605657135964324,2.395681490005879,0.0,0.0
64,nash_reference_hocbf,1.0,0.0,0.0,0.5219992194722822,0.0,0.017183385469398536,0.010525965771170718,1.342254860987011,2.2316419970118235,0.1306715063520871,1.0595957945508105
64,game_cfm_hocbf,1.0,0.0,0.0,0.5252416146169171,0.0,0.016466814799403418,0.013473418811118479,1.345064911884098,2.2184251188780317,0.12885662431941924,0.9454071520306111
65,nash_reference,1.0,0.0,1.0,0.30064367740748593,0.0,0.0,0.014180963858962059,1.2477446794509888,1.8806111812591553,0.0,0.0
65,teacher_expert,1.0,0.0,0.0,0.37576149082567695,0.0,0.02553887479007244,0.0,1.236547589302063,1.8423058986663818,0.0,0.0
65,game_cfm_raw,1.0,0.0,0.0,0.42449353515976296,0.0037602651864290237,0.02867065742611885,0.02908989228308201,1.2535817623138428,2.021759510040283,0.0,0.0
65,game_cfm_anchored,1.0,0.0,0.0,0.4053774123440667,0.0,0.0,0.019872257437917994,1.2524378912756085,2.021758618810117,0.0,0.0
65,nash_reference_hocbf,1.0,0.0,0.0,0.4917685912776823,0.0,0.02542877109338039,0.014727152585410479,1.2283647027250437,1.7723374719833114,0.2577132486388385,0.8012853923588822
65,game_cfm_hocbf,1.0,0.0,0.0,0.49688167166105723,0.0,0.025587681036131953,0.020050439094572735,1.2178653113466895,1.8035672947242922,0.22686025408348456,0.5690627321526882
66,nash_reference,1.0,0.0,1.0,0.29557468777577617,0.0,0.0,0.014493240974843502,1.2185554504394531,1.7231988906860352,0.0,0.0
66,teacher_expert,1.0,0.0,0.0,0.3901754006617969,0.0,0.018590047955513,0.0,1.210029125213623,1.7270524501800537,0.0,0.0
66,game_cfm_raw,1.0,0.0,1.0,0.35956118806071274,0.005455410107970238,0.03238527476787567,0.02384210377931595,1.2566379308700562,1.8314579725265503,0.0,0.0
66,game_cfm_anchored,1.0,0.0,1.0,0.3321791942530833,0.0,0.0,0.01725341699374478,1.254092171321548,1.8314626006405705,0.0,0.0
66,nash_reference_hocbf,1.0,0.0,0.0,0.5046761849412682,0.0,0.018571235813829592,0.012951812349985551,1.2182052285270124,1.6680744228967668,0.17785843920145192,0.8895034841852952
66,game_cfm_hocbf,1.0,0.0,0.0,0.508486167143198,0.0,0.018194676255362953,0.01735449683718119,1.234023526083089,1.6429373120611321,0.16333938294010888,0.8162551501783414
67,nash_reference,1.0,0.0,1.0,0.29618054364500973,0.0,0.0,0.010625208728015423,1.1319172382354736,1.5212992429733276,0.0,0.0
67,teacher_expert,1.0,0.0,0.0,0.3826741504862907,0.0,0.010985380969941616,0.0,1.1358613967895508,1.527315616607666,0.0,0.0
67,game_cfm_raw,1.0,0.0,1.0,0.3515487560323531,0.0031441771425306797,0.03141970932483673,0.02613629214465618,1.1921807527542114,1.7393097877502441,0.0,0.0
67,game_cfm_anchored,1.0,0.0,0.0,0.37137639705429604,0.0,0.0,0.01878224955362117,1.189106767442663,1.7393093982689516,0.0,0.0
67,nash_reference_hocbf,1.0,0.0,0.0,0.38846454556987864,0.0,0.058098715147442845,0.024500706792227805,1.1383927782071317,1.5149461656789418,0.662431941923775,0.6243209730278778
67,game_cfm_hocbf,1.0,0.0,0.0,0.38846454556987864,0.0,0.05803853575662188,0.029994883044002867,1.166602848817194,1.4065310366140866,0.6116152450090744,0.6240937482696415
68,nash_reference,1.0,0.0,1.0,0.29613668132630167,0.0,0.0,0.014474121853709221,1.2849763631820679,1.6981202363967896,0.0,0.0
68,teacher_expert,1.0,0.0,0.0,0.39037121907614414,0.0,0.021486200392246246,0.0,1.3129968643188477,1.7199466228485107,0.0,0.0
68,game_cfm_raw,1.0,0.0,1.0,0.2953293504816048,0.0038146660663187504,0.021897245198488235,0.021507946774363518,1.3238672018051147,1.9032877683639526,0.0,0.0
68,game_cfm_anchored,1.0,0.0,1.0,0.3081217628810098,0.0,0.0,0.01589912391069277,1.3201386744789845,1.9032890217868916,0.0,0.0
68,nash_reference_hocbf,1.0,0.0,0.0,0.5052822076750448,0.0,0.02160354586899828,0.014184854338112878,1.2904337773470391,1.6890132655805201,0.2776769509981851,0.7385540338657687
68,game_cfm_hocbf,1.0,0.0,0.0,0.502501672923007,0.0,0.02026478066579875,0.01571437399424766,1.3097374132494224,1.8156791037586384,0.29038112522686027,0.7001064687792311
69,nash_reference,1.0,0.0,1.0,0.30105456165933947,0.0,0.0,0.013846502639353275,1.287015438079834,1.9745573997497559,0.0,0.0
69,teacher_expert,1.0,0.0,0.0,0.401823430786781,0.0,0.014821898192167282,0.0,1.2801330089569092,1.9806811809539795,0.0,0.0
69,game_cfm_raw,1.0,0.0,0.0,0.39897036725729057,0.004180721007287502,0.014486024156212807,0.015206833370029926,1.3519659042358398,1.8779789209365845,0.0,0.0
69,game_cfm_anchored,1.0,0.0,0.0,0.39439524426119626,0.0,0.0,0.013695613041737643,1.3491642588575075,1.877974777718506,0.0,0.0
69,nash_reference_hocbf,1.0,0.0,0.0,0.44258109029639536,0.0,0.014867023041572863,0.014376174281264373,1.2741268143191842,1.9845797487712533,0.23593466424682397,0.8337488671488728
69,game_cfm_hocbf,1.0,0.0,0.0,0.44258109029639536,0.0,0.015906377088741482,0.018460512049506925,1.3353824607656621,1.863268666699758,0.19600725952813067,0.6730518521017499
70,nash_reference,1.0,0.0,1.0,0.3009120874362997,0.0,0.0,0.021806025877594948,1.391198754310608,2.011138677597046,0.0,0.0
70,teacher_expert,1.0,0.0,0.0,0.39555752593473104,0.0,0.03362590819597244,0.0,1.398667335510254,2.0216331481933594,0.0,0.0
70,game_cfm_raw,1.0,0.0,1.0,0.31976090431948384,0.002961043268442154,0.02213715948164463,0.02243408001959324,1.3888187408447266,2.135981321334839,0.0,0.0
70,game_cfm_anchored,1.0,0.0,1.0,0.3296505750397286,0.0,0.0,0.02015312372825079,1.3906699147645518,2.135982003987997,0.0,0.0
70,nash_reference_hocbf,1.0,0.0,0.0,0.5006459737007947,0.0,0.033652333990591116,0.016101499481739612,1.3977996069368113,1.9712386881634114,0.2867513611615245,0.7287528902969823
70,game_cfm_hocbf,1.0,0.0,0.0,0.5000842958786496,0.0,0.034721381207756655,0.02366423280473954,1.39114052741898,1.9464824093057895,0.27223230490018147,0.6998688717469091
71,nash_reference,1.0,0.0,1.0,0.2994195093643406,0.0,0.0,0.018904436379671097,1.4462989568710327,2.2044880390167236,0.0,0.0
71,teacher_expert,1.0,0.0,0.0,0.43292487962605375,0.0,0.019853245466947556,0.0,1.4817990064620972,2.237400531768799,0.0,0.0
71,game_cfm_raw,1.0,0.0,0.0,0.4182731092934973,0.0022611310705542564,0.015810944139957428,0.011172219179570675,1.4719940423965454,2.1088497638702393,0.0,0.0
71,game_cfm_anchored,1.0,0.0,0.0,0.4147905119976688,0.0,0.0,0.01250772567862697,1.472836320717891,2.1088524954913854,0.0,0.0
71,nash_reference_hocbf,1.0,0.0,0.0,0.5009027365827614,0.0,0.01956839121122487,0.015594187977249447,1.4179244449741653,2.1543642907389704,0.27404718693284935,0.8160123058097815
71,game_cfm_hocbf,1.0,0.0,0.0,0.5034437752071282,0.0,0.019562183626479455,0.01736534742693847,1.4249956069050582,2.048400635374046,0.30490018148820325,0.4932849710383485
72,nash_reference,1.0,0.0,1.0,0.2992914836413678,0.0,0.0,0.01963120698928833,1.255068063735962,1.670979380607605,0.0,0.0
72,teacher_expert,1.0,0.0,0.0,0.37720235046044026,0.0,0.03347893804311752,0.0,1.2419451475143433,1.6948261260986328,0.0,0.0
72,game_cfm_raw,1.0,0.0,1.0,0.35169006034618694,0.003152883378788829,0.028179995715618134,0.027806375175714493,1.3182086944580078,2.0405807495117188,0.0,0.0
72,game_cfm_anchored,1.0,0.0,1.0,0.33310430202077296,0.0,0.0,0.0240358713919318,1.315328686598019,2.040577575806128,0.0,0.0
72,nash_reference_hocbf,1.0,0.0,0.0,0.4940410159735617,0.0,0.033835556837727335,0.013416731318539297,1.2355886089691819,1.6768575634560943,0.21960072595281308,0.8265031829743111
72,game_cfm_hocbf,1.0,0.0,0.0,0.4987441225471471,0.0,0.03516191335414883,0.02041940541847894,1.2342640522379675,1.8550380987394437,0.19056261343012704,0.8019027079809857
73,nash_reference,1.0,0.0,1.0,0.3100692243759323,0.0,0.0,0.013763811439275742,1.4232529401779175,2.2851688861846924,0.0,0.0
73,teacher_expert,1.0,0.0,0.0,0.40267419001632565,0.0,0.01801486685872078,0.0,1.4228589534759521,2.2905337810516357,0.0,0.0
73,game_cfm_raw,1.0,0.0,0.0,0.36239621072801464,0.0034624619875103235,0.017097972333431244,0.018076136708259583,1.5700371265411377,2.346928596496582,0.0,0.0
73,game_cfm_anchored,1.0,0.0,0.0,0.36860281467248,0.0,0.0,0.01761601971603447,1.5682137653145245,2.3469278366679625,0.0,0.0
73,nash_reference_hocbf,1.0,0.0,0.0,0.49997278095744785,0.0,0.018095389574454383,0.015149541252132774,1.4202337475365459,2.2556409649783165,0.27041742286751363,0.8844050669807646
73,game_cfm_hocbf,1.0,0.0,0.0,0.5027040610226698,0.0,0.019285640369636328,0.02177015413098148,1.5502271274073998,2.3604772740154525,0.23593466424682397,0.8754177956019806
74,nash_reference,1.0,0.0,1.0,0.3108901222312228,0.0,0.0,0.022265590727329254,1.5180110931396484,2.4681849479675293,0.0,0.0
74,teacher_expert,1.0,0.0,0.0,0.4547382136729783,0.0,0.022878572344779968,0.0,1.522584319114685,2.4746623039245605,0.0,0.0
74,game_cfm_raw,1.0,0.0,1.0,0.34778293343235334,0.0034629818983376026,0.032491233199834824,0.03146715089678764,1.5383350849151611,2.7156918048858643,0.0,0.0
74,game_cfm_anchored,1.0,0.0,1.0,0.33372086837265563,0.0,0.0,0.02536196718173848,1.5412241380861333,2.715689275226926,0.0,0.0
74,nash_reference_hocbf,1.0,0.0,0.0,0.522767490481565,0.0,0.02258529793533324,0.016099621030934687,1.4527363759917007,2.2908246915363715,0.2540834845735027,1.0233914427511013
74,game_cfm_hocbf,1.0,0.0,0.0,0.5209590762362043,0.0,0.02305049142633086,0.025344578840177306,1.454929446143121,2.463107629423614,0.33575317604355714,0.7831867113218356
75,nash_reference,1.0,0.0,1.0,0.2993989951211447,0.0,0.0,0.013969315215945244,1.3232766389846802,1.7931044101715088,0.0,0.0
75,teacher_expert,1.0,0.0,0.0,0.3905324519002973,0.0,0.018624601885676384,0.0,1.3251383304595947,1.769287347793579,0.0,0.0
75,game_cfm_raw,1.0,0.0,0.0,0.36547547624090143,0.0027296494226902723,0.02601712942123413,0.017651518806815147,1.3282959461212158,1.8735971450805664,0.0,0.0
75,game_cfm_anchored,1.0,0.0,0.0,0.38492685973276725,0.0,0.0,0.013314764013385317,1.329659079860302,1.8735956536038094,0.0,0.0
75,nash_reference_hocbf,1.0,0.0,0.0,0.49589206379632556,0.0,0.018637200886019,0.01396347693388429,1.3217467728467376,1.7541177104850887,0.279491833030853,0.662895747547534
75,game_cfm_hocbf,1.0,0.0,0.0,0.49712991601023443,0.0,0.01877030509082723,0.01613321186013503,1.3442908492715555,1.815028650510286,0.27404718693284935,0.4863818313152634
76,nash_reference,1.0,0.0,1.0,0.30273990800235634,0.0,0.0,0.02532152645289898,1.436221718788147,2.1162376403808594,0.0,0.0
76,teacher_expert,1.0,0.0,0.0,0.3846639507114479,0.0,0.036367617547512054,0.0,1.4594131708145142,2.066694736480713,0.0,0.0
76,game_cfm_raw,1.0,0.0,1.0,0.33594878600823874,0.0029640765860676765,0.02735065296292305,0.03243093937635422,1.4348623752593994,2.221377372741699,0.0,0.0
76,game_cfm_anchored,1.0,0.0,1.0,0.3372783737218971,0.0,0.0,0.026216797291155235,1.438866388716589,2.221378130035218,0.0,0.0
76,nash_reference_hocbf,1.0,0.0,0.0,0.47434891670361695,0.0,0.06071933648122367,0.027016793126626137,1.4701762259749493,2.077465951764487,0.7622504537205081,0.6534779983456835
76,game_cfm_hocbf,1.0,0.0,0.0,0.47434891670361695,0.0,0.061036716726139945,0.02545205595048416,1.4595407426893712,2.1284485144552403,0.7622504537205081,0.5061265615815335
77,nash_reference,1.0,0.0,1.0,0.3061174406427371,0.0,0.0,0.019639940932393074,1.3110222816467285,2.0441701412200928,0.0,0.0
77,teacher_expert,1.0,0.0,0.0,0.40941732553393784,0.0,0.027416517958045006,0.0,1.334544062614441,2.0759575366973877,0.0,0.0
77,game_cfm_raw,1.0,0.0,1.0,0.30013325642976185,0.0027588699012994766,0.02392173744738102,0.027062557637691498,1.4312747716903687,2.25581955909729,0.0,0.0
77,game_cfm_anchored,1.0,0.0,1.0,0.31438976280497233,0.0,0.0,0.022371245064588232,1.4382108247086562,2.255818828390513,0.0,0.0
77,nash_reference_hocbf,1.0,0.0,0.0,0.5147760248993872,0.0,0.027428109581398134,0.01150515069682874,1.3445795005733165,2.0404122477770725,0.147005444646098,1.0566793743369312
77,game_cfm_hocbf,1.0,0.0,0.0,0.528171920742307,0.0,0.027777298032409223,0.015464356151199234,1.383285099815863,2.0138997958926845,0.11796733212341198,1.3146402229872374
78,nash_reference,1.0,0.0,1.0,0.30392868591180294,0.0,0.0,0.02153358794748783,1.3311619758605957,2.091675043106079,0.0,0.0
78,teacher_expert,1.0,0.0,0.0,0.4252612214390129,0.0,0.03153982013463974,0.0,1.3589047193527222,2.1271674633026123,0.0,0.0
78,game_cfm_raw,1.0,0.0,0.0,0.40857185782408034,0.004598190076649189,0.0175099465996027,0.017192691564559937,1.3617196083068848,2.2183680534362793,0.0,0.0
78,game_cfm_anchored,1.0,0.0,0.0,0.4115824036447462,0.0,0.0,0.017219847309121128,1.3630651868072194,2.218371016697592,0.0,0.0
78,nash_reference_hocbf,1.0,0.0,0.0,0.5260931867261236,0.0,0.03151635581083328,0.01105671887298153,1.3716176151487884,2.093362373684348,0.1397459165154265,1.0749805217654
78,game_cfm_hocbf,1.0,0.0,0.0,0.5344342074376325,0.0,0.03336345472644623,0.01371594774793176,1.3757007050763121,2.2027157832137445,0.09618874773139746,0.7829732385074063
79,nash_reference,1.0,0.0,1.0,0.3166468304526921,0.0,0.0,0.019995275884866714,1.4908607006072998,2.41353702545166,0.0,0.0
79,teacher_expert,1.0,0.0,0.0,0.44907570902293226,0.0,0.021564196795225143,0.0,1.5281147956848145,2.45456600189209,0.0,0.0
79,game_cfm_raw,1.0,0.0,0.0,0.4002950601380333,0.004824732430279255,0.018376793712377548,0.022069398313760757,1.5575817823410034,2.6334280967712402,0.0,0.0
79,game_cfm_anchored,1.0,0.0,0.0,0.3987030559826872,0.0,0.0,0.01892608771964802,1.5589813672817767,2.633426172473462,0.0,0.0
79,nash_reference_hocbf,1.0,0.0,0.0,0.5428364423926126,0.0,0.021564039611817916,0.010011823309740604,1.532392110414955,2.4042986976792524,0.12704174228675136,1.2291625397164554
79,game_cfm_hocbf,1.0,0.0,0.0,0.5636022027292789,0.0,0.02350523258281901,0.016294749675182095,1.554205488006783,2.596648620536678,0.1088929219600726,1.0232247427002026
80,nash_reference,1.0,0.0,1.0,0.3075285979546173,0.0,0.0,0.01862780936062336,1.313192367553711,1.8925449848175049,0.0,0.0
80,teacher_expert,1.0,0.0,0.0,0.4100891839336458,0.0,0.023632457479834557,0.0,1.3117340803146362,1.8974623680114746,0.0,0.0
80,game_cfm_raw,1.0,0.0,0.0,0.4134649592508419,0.005683642812073231,0.01665586605668068,0.020149486139416695,1.3188328742980957,1.9914358854293823,0.0,0.0
80,game_cfm_anchored,1.0,0.0,0.0,0.4111835848012134,0.0,0.0,0.01905040488032021,1.320448082285782,1.991435398485225,0.0,0.0
80,nash_reference_hocbf,1.0,0.0,0.0,0.49388991936711457,0.0,0.02384040346643621,0.015894777346537603,1.2678668991479274,1.8555030732665871,0.2540834845735027,1.035077755186222
80,game_cfm_hocbf,1.0,0.0,0.0,0.49388991936711457,0.0,0.024637163206336146,0.019989910157261915,1.26551529948159,1.983075535994283,0.20326678765880218,0.8090257399078276
81,nash_reference,1.0,0.0,1.0,0.3122403746862039,0.0,0.0,0.020724164322018623,1.527090072631836,2.3498382568359375,0.0,0.0
81,teacher_expert,1.0,0.0,0.0,0.4399292462112323,0.0,0.02572331205010414,0.0,1.546791672706604,2.366788864135742,0.0,0.0
81,game_cfm_raw,1.0,0.0,0.0,0.40668161142372183,0.004957172088325024,0.024611324071884155,0.016643960028886795,1.540591835975647,2.430482864379883,0.0,0.0
81,game_cfm_anchored,1.0,0.0,0.0,0.3896363308751427,0.0,0.0,0.0148094564477846,1.5387277234164276,2.4304862154371145,0.0,0.0
81,nash_reference_hocbf,1.0,0.0,0.0,0.4527710793740159,0.0,0.025804996207375166,0.011667796430938914,1.5297725288508703,2.2760056060558207,0.24682395644283123,0.742228729722132
81,game_cfm_hocbf,1.0,0.0,0.0,0.4527710793740159,0.0,0.025723375860951733,0.021167113052485607,1.539335704717469,2.1152714117190237,0.2558983666061706,0.5671053751253678
82,nash_reference,1.0,0.0,1.0,0.2999806253309241,0.0,0.0,0.020722704008221626,1.1988357305526733,1.850509762763977,0.0,0.0
82,teacher_expert,1.0,0.0,0.0,0.4021172796616782,0.0,0.031999021768569946,0.0,1.2158640623092651,1.8193212747573853,0.0,0.0
82,game_cfm_raw,1.0,0.0,0.0,0.38180376906226865,0.002686415333300829,0.018131792545318604,0.021305344998836517,1.2181557416915894,1.9067342281341553,0.0,0.0
82,game_cfm_anchored,1.0,0.0,0.0,0.38214297379999096,0.0,0.0,0.018542180067452747,1.219859941295451,1.9067323718179456,0.0,0.0
82,nash_reference_hocbf,1.0,0.0,0.0,0.5096704711001325,0.0,0.03194390244332867,0.012099312054458546,1.2057141426827724,1.7275327285992361,0.15970961887477314,0.8831109996706733
82,game_cfm_hocbf,1.0,0.0,0.0,0.5136177712552359,0.0,0.031954911642757086,0.013249508713858642,1.208939321806021,1.726648637609886,0.10344827586206896,0.7809284284260137
83,nash_reference,1.0,0.0,1.0,0.3032763036302879,0.0,0.0,0.01877838745713234,1.2528650760650635,1.980941891670227,0.0,0.0
83,teacher_expert,1.0,0.0,0.0,0.40098163200373266,0.0,0.027253281325101852,0.0,1.266930103302002,1.9992163181304932,0.0,0.0
83,game_cfm_raw,1.0,0.0,0.0,0.3650857512336591,0.002550767734646797,0.01128909457474947,0.01772506907582283,1.2484732866287231,2.085678815841675,0.0,0.0
83,game_cfm_anchored,1.0,0.0,1.0,0.35847221544445995,0.0,0.0,0.016261744517639027,1.2478457558618674,2.08568145511179,0.0,0.0
83,nash_reference_hocbf,1.0,0.0,0.0,0.5065007255737752,0.0,0.027213394307405617,0.011980346572822586,1.2535190778636924,1.9192352818517155,0.2558983666061706,0.639091955963413
83,game_cfm_hocbf,1.0,0.0,0.0,0.5071639709865082,0.0,0.028164589495856724,0.012431761535172633,1.25306659390482,1.9467034787397142,0.27404718693284935,0.47756044600059727
84,nash_reference,1.0,0.0,1.0,0.2972997347796981,0.0,0.0,0.016113361343741417,1.2546226978302002,1.6548160314559937,0.0,0.0
84,teacher_expert,1.0,0.0,0.0,0.38669558425849726,0.0,0.02364528924226761,0.0,1.2519819736480713,1.661068320274353,0.0,0.0
84,game_cfm_raw,1.0,0.0,1.0,0.2993676976411239,0.004527795594185591,0.025247760117053986,0.024266254156827927,1.299936056137085,2.365837574005127,0.0,0.0
84,game_cfm_anchored,1.0,0.0,1.0,0.3018638878057566,0.0,0.0,0.018988155793252522,1.3021807263417704,2.3658688354611166,0.0,0.0
84,nash_reference_hocbf,1.0,0.0,0.0,0.4620773438690778,0.0,0.0237418178170115,0.01380455809174833,1.2447430071680043,1.63971030036775,0.33756805807622503,0.5498340030933149
84,game_cfm_hocbf,1.0,0.0,0.0,0.4620773438690778,0.0,0.02321814283157879,0.016847159322112684,1.2750263176739296,1.6664937761760605,0.3176043557168784,0.7006005665559287
85,nash_reference,1.0,0.0,1.0,0.3081162047905081,0.0,0.0,0.0197066068649292,1.2658677101135254,1.9409059286117554,0.0,0.0
85,teacher_expert,1.0,0.0,0.0,0.4232122729482672,0.0,0.02812090516090393,0.0,1.2835911512374878,1.971717119216919,0.0,0.0
85,game_cfm_raw,1.0,0.0,1.0,0.34554099301732266,0.002852895762771368,0.027195923030376434,0.03008968196809292,1.3633668422698975,2.343461513519287,0.0,0.0
85,game_cfm_anchored,1.0,0.0,1.0,0.33023669183585636,0.0,0.0,0.02494306527437171,1.3620922981687236,2.3434630541402357,0.0,0.0
85,nash_reference_hocbf,1.0,0.0,0.0,0.522818926301901,0.0,0.028061704716404748,0.010920641651636288,1.2910450178479047,1.9412249871430924,0.13611615245009073,1.0568138242923042
85,game_cfm_hocbf,1.0,0.0,0.0,0.52651712730605,0.0,0.02668205900931027,0.022743194224030403,1.279117080307873,2.1293411736250545,0.1306715063520871,0.9872918885035836
86,nash_reference,1.0,0.0,1.0,0.30184501700124483,0.0,0.0,0.013934718444943428,1.3876034021377563,2.0954928398132324,0.0,0.0
86,teacher_expert,1.0,0.0,0.0,0.4178628882854616,0.0,0.010241873562335968,0.0,1.416319727897644,2.130676507949829,0.0,0.0
86,game_cfm_raw,1.0,0.0,0.0,0.373207426161613,0.0071982587687671185,0.031911857426166534,0.022556589916348457,1.4181381464004517,2.353375196456909,0.0,0.0
86,game_cfm_anchored,1.0,0.0,1.0,0.3596290326062298,0.0,0.0,0.014587565259296222,1.4241152471428857,2.353375882141307,0.0,0.0
86,nash_reference_hocbf,1.0,0.0,0.0,0.5229354993632942,0.0,0.01031491404413705,0.011766550838042119,1.4290773546471793,2.101487970816176,0.1542649727767695,1.0554145808981854
86,game_cfm_hocbf,1.0,0.0,0.0,0.5283648441092345,0.0,0.01118746969863093,0.01693283661476562,1.4397772821471866,2.2264689657318653,0.16878402903811252,0.7358067187227529
87,nash_reference,1.0,0.0,1.0,0.30300085943690025,0.0,0.0,0.014058873057365417,1.3550715446472168,1.7789827585220337,0.0,0.0
87,teacher_expert,1.0,0.0,0.0,0.3968160273842645,0.0,0.02215132862329483,0.0,1.3372827768325806,1.7755824327468872,0.0,0.0
87,game_cfm_raw,1.0,0.0,1.0,0.357748984632539,0.0052757407538592815,0.03439369052648544,0.025846131145954132,1.39464271068573,2.166548013687134,0.0,0.0
87,game_cfm_anchored,1.0,0.0,1.0,0.34450185644401793,0.0,0.0,0.019309630462578792,1.3956933879662536,2.1665543167005272,0.0,0.0
87,nash_reference_hocbf,1.0,0.0,0.0,0.4877739549620115,0.0,0.017272950972451736,0.02091555919884435,1.2784146311300137,1.7436743256524874,0.32304900181488205,1.125362651561255
87,game_cfm_hocbf,1.0,0.0,0.0,0.48799681243414517,0.0,0.019913745906397985,0.024493347737413594,1.3035599611455178,2.009423385217929,0.2867513611615245,1.1125324005560049
88,nash_reference,1.0,0.0,1.0,0.2988136464808716,0.0,0.0,0.02492254413664341,1.3877192735671997,1.9834779500961304,0.0,0.0
88,teacher_expert,1.0,0.0,0.0,0.4299582198919345,0.0,0.037005648016929626,0.0,1.4193848371505737,2.0108628273010254,0.0,0.0
88,game_cfm_raw,1.0,0.0,0.0,0.3695558592927599,0.004574514925479889,0.033183228224515915,0.03838695213198662,1.3701039552688599,2.8719544410705566,0.0,0.0
88,game_cfm_anchored,1.0,0.0,0.0,0.39098143246808664,0.0,0.0,0.028239337266643443,1.3705133144873887,2.8719725612407823,0.0,0.0
88,nash_reference_hocbf,1.0,0.0,0.0,0.5167239881980611,0.0,0.0532355901133251,0.014775060581224025,1.3789844356196224,1.9682652399680265,0.6079854809437386,0.41439080867665795
88,game_cfm_hocbf,1.0,0.0,0.0,0.5137750452044458,0.0,0.0534913162791794,0.020707968551191912,1.351361086289523,1.9428962229303466,0.6188747731397459,0.31969392481488706
89,nash_reference,1.0,0.0,1.0,0.30260673443239317,0.0,0.0,0.020397532731294632,1.3333740234375,1.9688138961791992,0.0,0.0
89,teacher_expert,1.0,0.0,0.0,0.4467356935447131,0.0,0.022284477949142456,0.0,1.3619211912155151,1.9967221021652222,0.0,0.0
89,game_cfm_raw,1.0,0.0,0.0,0.41816209245094516,0.0043679834343492985,0.025354603305459023,0.02195516787469387,1.3534026145935059,1.9241878986358643,0.0,0.0
89,game_cfm_anchored,1.0,0.0,0.0,0.42145080247618955,0.0,0.0,0.015345490929086493,1.354951119782844,1.9241900942179853,0.0,0.0
89,nash_reference_hocbf,1.0,0.0,0.0,0.5446361456175085,0.0,0.022033421543193068,0.010790126198551336,1.3652918786530055,1.9633668794627246,0.1869328493647913,0.7834827708894312
89,game_cfm_hocbf,1.0,0.0,0.0,0.5435692222993384,0.0,0.022337501826134813,0.013490609440436308,1.3451800212094387,1.9115737618622368,0.18874773139745918,0.3382630161463163
90,nash_reference,1.0,0.0,1.0,0.29180966628603616,0.0,0.0,0.015282269567251205,1.1825212240219116,1.777937412261963,0.0,0.0
90,teacher_expert,1.0,0.0,0.0,0.40423280875527007,0.0,0.014458883553743362,0.0,1.2067174911499023,1.8001117706298828,0.0,0.0
90,game_cfm_raw,1.0,0.0,1.0,0.3134923434288901,0.004275978077203035,0.017402920871973038,0.01970222406089306,1.1756988763809204,1.9082306623458862,0.0,0.0
90,game_cfm_anchored,1.0,0.0,1.0,0.32274583623234393,0.0,0.0,0.015269677856199584,1.1734684586671633,1.9082296883448306,0.0,0.0
90,nash_reference_hocbf,1.0,0.0,0.0,0.5187181257200227,0.0,0.014072294158238543,0.013463211415608377,1.2182018604044542,1.777212952712288,0.2395644283121597,0.6529777347904473
90,game_cfm_hocbf,1.0,0.0,0.0,0.5188005310497594,0.0,0.01542053374542298,0.014082546433638663,1.2050382206143435,1.8306848490217527,0.19782214156079855,0.6557150552791557
91,nash_reference,1.0,0.0,1.0,0.29746470317209583,0.0,0.0,0.019321439787745476,1.1846368312835693,1.7894207239151,0.0,0.0
91,teacher_expert,1.0,0.0,0.0,0.407814853256323,0.0,0.026767579838633537,0.0,1.216119647026062,1.817489743232727,0.0,0.0
91,game_cfm_raw,1.0,0.0,1.0,0.3341338715330282,0.0033240271732211113,0.026051342487335205,0.022434484213590622,1.214858055114746,1.9171690940856934,0.0,0.0
91,game_cfm_anchored,1.0,0.0,1.0,0.3333831990702504,0.0,0.0,0.018177828338024057,1.2158751551621785,1.9171690535261414,0.0,0.0
91,nash_reference_hocbf,1.0,0.0,0.0,0.47591825584987446,0.0,0.026720681669198797,0.011950368582051741,1.234126256337439,1.7965640901378077,0.1869328493647913,0.8154258194013853
91,game_cfm_hocbf,1.0,0.0,0.0,0.47591825584987446,0.0,0.027893780376011684,0.01759956095984452,1.247891526397534,1.8519144554381208,0.14156079854809436,0.8717430943531235
92,nash_reference,1.0,0.0,1.0,0.31541897269119495,0.0,0.0,0.01919066533446312,1.4191168546676636,2.308619499206543,0.0,0.0
92,teacher_expert,1.0,0.0,0.0,0.4584835313315766,0.0,0.014931892976164818,0.0,1.4545739889144897,2.3232040405273438,0.0,0.0
92,game_cfm_raw,1.0,0.0,0.0,0.4437750141037455,0.0027655670419335365,0.02413882687687874,0.017734989523887634,1.4591692686080933,2.359189033508301,0.0,0.0
92,game_cfm_anchored,1.0,0.0,0.0,0.4418970794035731,0.0,0.0,0.012084755261905208,1.4619178050703918,2.3591872780027083,0.0,0.0
92,nash_reference_hocbf,1.0,0.0,0.0,0.5482547002471124,0.0,0.014892879949734433,0.009548455653791404,1.4609681333521969,2.2546966052623554,0.13430127041742287,1.161564560421356
92,game_cfm_hocbf,1.0,0.0,0.0,0.5567612794941064,0.0,0.015084376951547764,0.013991026673893951,1.4737058469042124,2.3179058332478353,0.12159709618874773,0.5858625474840082
93,nash_reference,1.0,0.0,1.0,0.3064475642518231,0.0,0.0,0.01621394045650959,1.546262502670288,2.277756929397583,0.0,0.0
93,teacher_expert,1.0,0.0,0.0,0.39621963297226664,0.0,0.0242068562656641,0.0,1.5400381088256836,2.2850868701934814,0.0,0.0
93,game_cfm_raw,1.0,0.0,0.0,0.3851063009293048,0.003208660753443837,0.01494063250720501,0.014250288717448711,1.556156873703003,2.2066078186035156,0.0,0.0
93,game_cfm_anchored,1.0,0.0,0.0,0.3823585925500232,0.0,0.0,0.014127510287314897,1.5558956486289368,2.206608134194852,0.0,0.0
93,nash_reference_hocbf,1.0,0.0,0.0,0.49732131880892444,0.0,0.02425729893709242,0.012867664388548819,1.5297441710426969,2.2273476981663043,0.29764065335753176,0.6472767542453874
93,game_cfm_hocbf,1.0,0.0,0.0,0.49732131880892444,0.0,0.023967203333890456,0.018500084773569292,1.5313944989618031,2.121726052927478,0.23411978221415608,0.5197418330808812
94,nash_reference,1.0,0.0,1.0,0.3052966634949087,0.0,0.0,0.020794590935111046,1.3630586862564087,1.8730300664901733,0.0,0.0
94,teacher_expert,1.0,0.0,0.0,0.4329549738607854,0.0,0.026657752692699432,0.0,1.3865528106689453,1.858508825302124,0.0,0.0
94,game_cfm_raw,1.0,0.0,1.0,0.3359533484922749,0.007326346822082996,0.027518050745129585,0.02583666890859604,1.3654019832611084,3.126793146133423,0.0,0.0
94,game_cfm_anchored,1.0,0.0,1.0,0.3219981239941711,0.0,0.0,0.022280246351090167,1.36867720160676,3.126791164118571,0.0,0.0
94,nash_reference_hocbf,1.0,0.0,0.0,0.5333414483178922,0.0,0.026788137361204334,0.012718474779283884,1.3724558882395446,1.7948637869088304,0.21960072595281308,0.8424269330602788
94,game_cfm_hocbf,1.0,0.0,0.0,0.5367450497833117,0.0,0.027358758407149415,0.01904215974176499,1.359932684221934,1.893663881185809,0.22686025408348456,0.8144796823012697
95,nash_reference,1.0,0.0,1.0,0.3094397938819211,0.0,0.0,0.01670011132955551,1.3827121257781982,2.0602924823760986,0.0,0.0
95,teacher_expert,1.0,0.0,0.0,0.4344235547120016,0.0,0.017379846423864365,0.0,1.4091784954071045,2.016869068145752,0.0,0.0
95,game_cfm_raw,1.0,0.0,0.0,0.3980822825826065,0.006460175849497318,0.024260839447379112,0.017295319586992264,1.4525222778320312,2.3302299976348877,0.0,0.0
95,game_cfm_anchored,1.0,0.0,0.0,0.38262572965928565,0.0,0.0,0.013742936065455052,1.4520292523140368,2.3302303725851083,0.0,0.0
95,nash_reference_hocbf,1.0,0.0,0.0,0.5328728958577827,0.0,0.01732353462792672,0.012008938702592597,1.3973856531068123,1.8973716205512265,0.20508166969147004,0.8893108593049306
95,game_cfm_hocbf,1.0,0.0,0.0,0.5546797534524869,0.0,0.016745238854762912,0.019328721417082164,1.4161625923549834,1.8847289432763121,0.18874773139745918,0.8222448881128526
96,nash_reference,1.0,0.0,1.0,0.2973928169882704,0.0,0.0,0.019357452169060707,1.253889799118042,1.5922027826309204,0.0,0.0
96,teacher_expert,1.0,0.0,0.0,0.4188621611496552,0.0,0.02630678564310074,0.0,1.26568603515625,1.6166086196899414,0.0,0.0
96,game_cfm_raw,1.0,0.0,1.0,0.3338322479535031,0.005795381031930447,0.02694321796298027,0.023036157712340355,1.2662941217422485,1.8380939960479736,0.0,0.0
96,game_cfm_anchored,1.0,0.0,1.0,0.31575175986551157,0.0,0.0,0.01824561910895952,1.266828178308991,1.8380915520048566,0.0,0.0
96,nash_reference_hocbf,1.0,0.0,0.0,0.5101492934986326,0.0,0.025526282565154317,0.01767555978849261,1.2078864404473022,1.5923495757688009,0.30127041742286753,0.787517656726413
96,game_cfm_hocbf,1.0,0.0,0.0,0.5136113766544279,0.0,0.024903982624524798,0.024066351233653794,1.21105415334626,1.58507404711332,0.2867513611615245,0.7763264926753519
97,nash_reference,1.0,0.0,1.0,0.2947794855894651,0.0,0.0,0.02264186181128025,1.196791648864746,1.8097208738327026,0.0,0.0
97,teacher_expert,1.0,0.0,0.0,0.39271323798782437,0.0,0.037637580186128616,0.0,1.2236151695251465,1.8426282405853271,0.0,0.0
97,game_cfm_raw,1.0,0.0,1.0,0.3379868354450836,0.0022782208397984505,0.02879980020225048,0.022293642163276672,1.199492335319519,2.029100179672241,0.0,0.0
97,game_cfm_anchored,1.0,0.0,1.0,0.3547985353248059,0.0,0.0,0.01930715519880357,1.1961890523388288,2.0290990265854374,0.0,0.0
97,nash_reference_hocbf,1.0,0.0,0.0,0.5063828087078504,0.0,0.037643435991788154,0.012997790196455177,1.2437308102007296,1.8240000974899337,0.17604355716878403,0.9050548972926113
97,game_cfm_hocbf,1.0,0.0,0.0,0.5054571051516267,0.0,0.037248626580584185,0.013935466528865006,1.2318923597993305,1.7988478977235078,0.1851179673321234,0.620165702558194
98,nash_reference,1.0,0.0,1.0,0.29858479377547026,0.0,0.0,0.02319570817053318,1.2573573589324951,1.9816255569458008,0.0,0.0
98,teacher_expert,1.0,0.0,0.0,0.41355145004465105,0.0,0.03681398928165436,0.0,1.2820814847946167,2.0113203525543213,0.0,0.0
98,game_cfm_raw,1.0,0.0,0.0,0.40332297161244046,0.003311032894998789,0.027783846482634544,0.022657999768853188,1.2792459726333618,2.0991945266723633,0.0,0.0
98,game_cfm_anchored,1.0,0.0,0.0,0.38002006953801065,0.0,0.0,0.020793052561667833,1.284539188995502,2.0991968604514857,0.0,0.0
98,nash_reference_hocbf,1.0,0.0,0.0,0.5060411704883597,0.0,0.03680803485981768,0.013989154775895931,1.2560010735401665,1.9168356394788382,0.26860254083484575,0.7019306840650319
98,game_cfm_hocbf,1.0,0.0,0.0,0.5065430743863343,0.0,0.03597128707673297,0.019801317627849434,1.2721697363486881,1.9886069063210623,0.24319419237749546,0.5216202779683284
99,nash_reference,1.0,0.0,1.0,0.300098746367998,0.0,0.0,0.015774207189679146,1.1733804941177368,1.6656266450881958,0.0,0.0
99,teacher_expert,1.0,0.0,0.0,0.388487993386012,0.0,0.02489493042230606,0.0,1.1636149883270264,1.62933349609375,0.0,0.0
99,game_cfm_raw,1.0,0.0,0.0,0.395242082237391,0.0050408076494932175,0.03352232649922371,0.022744785994291306,1.1874459981918335,1.6359466314315796,0.0,0.0
99,game_cfm_anchored,1.0,0.0,0.0,0.3729119168266642,0.0,0.0,0.014212085876375364,1.1861767506663132,1.635949922108089,0.0,0.0
99,nash_reference_hocbf,1.0,0.0,0.0,0.501298716804281,0.0,0.02486003691866165,0.012896786212964981,1.1667507861467634,1.5589406227791587,0.21052631578947367,0.7750568412918406
99,game_cfm_hocbf,1.0,0.0,0.0,0.5051733521012429,0.0,0.025482783479072554,0.017433096954382346,1.180644526463909,1.5404319011157113,0.19237749546279492,0.5640002237905074
100,nash_reference,1.0,0.0,1.0,0.30425924693370454,0.0,0.0,0.016735170036554337,1.3888121843338013,2.128183364868164,0.0,0.0
100,teacher_expert,1.0,0.0,0.0,0.4153773508688532,0.0,0.02034471184015274,0.0,1.3807873725891113,2.161761999130249,0.0,0.0
100,game_cfm_raw,1.0,0.0,0.0,0.4086619427475647,0.0024470589123666286,0.01997772976756096,0.019982606172561646,1.4460912942886353,2.31243896484375,0.0,0.0
100,game_cfm_anchored,1.0,0.0,0.0,0.3977505993302114,0.0,0.0,0.017338867926230322,1.4435243474099992,2.3124412939806276,0.0,0.0
100,nash_reference_hocbf,1.0,0.0,0.0,0.5196200815358929,0.0,0.02032906698112191,0.011504698574213124,1.3686235188511509,2.122770790968876,0.14882032667876588,1.0197537872350422
100,game_cfm_hocbf,1.0,0.0,0.0,0.5382651917014963,0.0,0.02158461003055883,0.017526268206838728,1.4294620094030042,2.1460133247224698,0.1088929219600726,0.8654153716719759
101,nash_reference,1.0,0.0,1.0,0.3017339184300264,0.0,0.0,0.023780271410942078,1.3589177131652832,2.101097822189331,0.0,0.0
101,teacher_expert,1.0,0.0,0.0,0.4270078675821931,0.0,0.03401676565408707,0.0,1.3879444599151611,2.138129472732544,0.0,0.0
101,game_cfm_raw,1.0,0.0,1.0,0.3522741582392791,0.005097631365060806,0.019919274374842644,0.023632368072867393,1.3728293180465698,2.0901882648468018,0.0,0.0
101,game_cfm_anchored,1.0,0.0,1.0,0.34576867705119446,0.0,0.0,0.023632382030174055,1.3746431546149473,2.090190015158672,0.0,0.0
101,nash_reference_hocbf,1.0,0.0,0.0,0.5295469982112467,0.0,0.03398691675088448,0.011342351689714581,1.4016857552894735,2.106993079963842,0.15063520871143377,1.036613092821813
101,game_cfm_hocbf,1.0,0.0,0.0,0.5463124116933966,0.0,0.03415961871981027,0.019255893924175652,1.4077988563074397,2.0478417378786706,0.15063520871143377,0.9158803011870746
102,nash_reference,1.0,0.0,1.0,0.303218778384976,0.0,0.0,0.014940408058464527,1.2393105030059814,1.9898229837417603,0.0,0.0
102,teacher_expert,1.0,0.0,0.0,0.40082623784039556,0.0,0.01771598309278488,0.0,1.2403115034103394,1.759225845336914,0.0,0.0
102,game_cfm_raw,1.0,0.0,0.0,0.40853789641144017,0.0036872439086437225,0.035978395491838455,0.02271994948387146,1.284860372543335,2.0560615062713623,0.0,0.0
102,game_cfm_anchored,1.0,0.0,0.0,0.3993286896430002,0.0,0.0,0.014141045763672276,1.2801791543882854,2.0560657194353373,0.0,0.0
102,nash_reference_hocbf,1.0,0.0,0.0,0.4935030838604129,0.0,0.017762451213227573,0.015823887782602852,1.2317837892782009,1.6344422714777913,0.5353901996370236,0.4785583518968273
102,game_cfm_hocbf,1.0,0.0,0.0,0.4935030838604129,0.0,0.018595518515694413,0.02020227793355335,1.2543518241606912,1.6827147945535972,0.38475499092558985,0.5472480739579089
103,nash_reference,1.0,0.0,1.0,0.30461877414175326,0.0,0.0,0.016158776357769966,1.3524997234344482,1.9458932876586914,0.0,0.0
103,teacher_expert,1.0,0.0,0.0,0.42204723431740365,0.0,0.013901641592383385,0.0,1.3808341026306152,1.9721319675445557,0.0,0.0
103,game_cfm_raw,1.0,0.0,0.0,0.3879471995788212,0.007217197213321924,0.021186556667089462,0.014900753274559975,1.4042489528656006,2.0628929138183594,0.0,0.0
103,game_cfm_anchored,1.0,0.0,0.0,0.3918803797900549,0.0,0.0,0.011077251651746127,1.4070455860219142,2.062890088969265,0.0,0.0
103,nash_reference_hocbf,1.0,0.0,0.0,0.5254945259478883,0.0,0.013789779801041267,0.011288328142546055,1.3908042631034323,1.9469716642877437,0.147005444646098,1.0318321016949352
103,game_cfm_hocbf,1.0,0.0,0.0,0.5393365179132954,0.0,0.013637421001399135,0.01577611482771409,1.413009213904618,1.9350018016869877,0.11433756805807622,0.8421269661651314
104,nash_reference,1.0,0.0,1.0,0.3105120608330127,0.0,0.0,0.023195311427116394,1.376139760017395,2.08380126953125,0.0,0.0
104,teacher_expert,1.0,0.0,0.0,0.4307972467991981,0.0,0.025636738166213036,0.0,1.3568941354751587,1.9467322826385498,0.0,0.0
104,game_cfm_raw,1.0,0.0,0.0,0.38648718782760977,0.0052839829586446285,0.02244282141327858,0.027874058112502098,1.3983417749404907,2.058650016784668,0.0,0.0
104,game_cfm_anchored,1.0,0.0,0.0,0.39002047317165406,0.0,0.0,0.023446628888896925,1.397284775373999,2.0586505754426736,0.0,0.0
104,nash_reference_hocbf,1.0,0.0,0.0,0.5178131867406293,0.0,0.02522866299747443,0.01677118537542914,1.3052079853892078,1.878145509541279,0.2595281306715064,1.2465934247055428
104,game_cfm_hocbf,1.0,0.0,0.0,0.5178721610172135,0.0,0.025220660034974283,0.0214945928729876,1.3698047926726697,1.8447603371619687,0.2540834845735027,1.115034365181653
105,nash_reference,1.0,0.0,1.0,0.308929250862942,0.0,0.0,0.013483385555446148,1.4402492046356201,2.2086334228515625,0.0,0.0
105,teacher_expert,1.0,0.0,0.0,0.40634279296750203,0.0,0.013324135914444923,0.0,1.4407109022140503,2.0272326469421387,0.0,0.0
105,game_cfm_raw,1.0,0.0,0.0,0.3759566503182369,0.001941752852872014,0.0215679332613945,0.0170736201107502,1.4411035776138306,2.2906837463378906,0.0,0.0
105,game_cfm_anchored,1.0,0.0,0.0,0.38062660259242165,0.0,0.0,0.013182825099082238,1.4443112033799594,2.2907172540711116,0.0,0.0
105,nash_reference_hocbf,1.0,0.0,0.0,0.5036582270021309,0.0,0.01666353299012988,0.01703285111135645,1.444922328133957,2.0189022119711257,0.542649727767695,0.585696420371457
105,game_cfm_hocbf,1.0,0.0,0.0,0.5057435110215036,0.0,0.017838170017531088,0.023363014176792353,1.4073871136392302,1.8740843783597907,0.44283121597096187,0.6013043300955668
106,nash_reference,1.0,0.0,1.0,0.3047204084494517,0.0,0.0,0.0182946864515543,1.339219570159912,2.1989731788635254,0.0,0.0
106,teacher_expert,1.0,0.0,0.0,0.4172942697584852,0.0,0.024738213047385216,0.0,1.354844570159912,2.239949941635132,0.0,0.0
106,game_cfm_raw,1.0,0.0,1.0,0.3399650388924066,0.002886940259486437,0.026273341849446297,0.02773052267730236,1.3479713201522827,2.313105344772339,0.0,0.0
106,game_cfm_anchored,1.0,0.0,1.0,0.3411621736832316,0.0,0.0,0.021823489338763765,1.3517839618189416,2.3131086258266977,0.0,0.0
106,nash_reference_hocbf,1.0,0.0,0.0,0.5213390113566925,0.0,0.02472537949833941,0.011517740427881874,1.3663301671817083,2.1972091396779176,0.147005444646098,1.0203845985338071
106,game_cfm_hocbf,1.0,0.0,0.0,0.5299801165503796,0.0,0.024632717025821777,0.016079702764484054,1.362465924127357,2.2205457441976577,0.12885662431941924,0.97095087720367
107,nash_reference,1.0,0.0,1.0,0.3081602182356584,0.0,0.0,0.02815316431224346,1.6400150060653687,2.525125026702881,0.0,0.0
107,teacher_expert,1.0,0.0,0.0,0.45634694841055823,0.0,0.04437297582626343,0.0,1.6834673881530762,2.568183422088623,0.0,0.0
107,game_cfm_raw,1.0,0.0,0.0,0.3772713488683412,0.003386077471077442,0.027239680290222168,0.030894115567207336,1.6469582319259644,2.732532024383545,0.0,0.0
107,game_cfm_anchored,1.0,0.0,0.0,0.3708761758606971,0.0,0.0,0.027602254096614823,1.6485010441438641,2.7325346774726578,0.0,0.0
107,nash_reference_hocbf,1.0,0.0,0.0,0.5431626938588607,0.0,0.044445586469895174,0.010778430761554757,1.6712031223035422,2.5097971089272635,0.19782214156079855,0.9802041570746398
107,game_cfm_hocbf,1.0,0.0,0.0,0.5488777408815531,0.0,0.045726100068077404,0.016464239221150003,1.651473889478296,2.6605243576358375,0.16333938294010888,0.948819563012746
108,nash_reference,1.0,0.0,1.0,0.2971519183277963,0.0,0.0,0.02424975298345089,1.0980207920074463,1.5534230470657349,0.0,0.0
108,teacher_expert,1.0,0.0,0.0,0.3880259415999832,0.0,0.036512646824121475,0.0,1.122994303703308,1.5542712211608887,0.0,0.0
108,game_cfm_raw,1.0,0.0,0.0,0.36774559441437915,0.003915487322956324,0.018019426614046097,0.025431355461478233,1.148642659187317,1.672180414199829,0.0,0.0
108,game_cfm_anchored,1.0,0.0,0.0,0.3681846806085246,0.0,0.0,0.02495003111934067,1.1486517460755865,1.67217974115998,0.0,0.0
108,nash_reference_hocbf,1.0,0.0,0.0,0.5032994947043418,0.0,0.0366503005802829,0.013227198527713832,1.1346243710740456,1.5007587894548422,0.23593466424682397,0.7523575529993997
108,game_cfm_hocbf,1.0,0.0,0.0,0.5159918990238008,0.0,0.03718401704333292,0.018672977640981917,1.1306759196031635,1.6152888176339237,0.17604355716878403,0.6881774036512974
109,nash_reference,1.0,0.0,1.0,0.2976612812810305,0.0,0.0,0.015517747960984707,1.3741919994354248,1.868971586227417,0.0,0.0
109,teacher_expert,1.0,0.0,0.0,0.39412147517276663,0.0,0.01830323226749897,0.0,1.3808958530426025,1.879733920097351,0.0,0.0
109,game_cfm_raw,1.0,0.0,0.0,0.3700044958203949,0.004209272563457489,0.02388906478881836,0.011157352477312088,1.3697483539581299,2.002622365951538,0.0,0.0
109,game_cfm_anchored,1.0,0.0,0.0,0.36882533218587416,0.0,0.0,0.00883323882329743,1.3711687758626117,2.0026215108916436,0.0,0.0
109,nash_reference_hocbf,1.0,0.0,0.0,0.5060207729751459,0.0,0.01834674885137157,0.01651734822581439,1.3742765268104655,1.7145138921534298,0.30671506352087113,0.6669366914075118
109,game_cfm_hocbf,1.0,0.0,0.0,0.5073054109351192,0.0,0.017430024291610283,0.018835557080777773,1.3650612750001476,1.7168835353670022,0.27041742286751363,0.44965673158474273
110,nash_reference,1.0,0.0,1.0,0.29537165865508824,0.0,0.0,0.020134998485445976,1.0844316482543945,1.5000537633895874,0.0,0.0
110,teacher_expert,1.0,0.0,0.0,0.3992372282368077,0.0,0.028892260044813156,0.0,1.0807629823684692,1.5052329301834106,0.0,0.0
110,game_cfm_raw,1.0,0.0,1.0,0.31750073614209423,0.0029517151415348053,0.0327879823744297,0.02930244617164135,1.070908546447754,1.6330409049987793,0.0,0.0
110,game_cfm_anchored,1.0,0.0,1.0,0.29737157772412476,0.0,0.0,0.02519623782525339,1.0681114691502942,1.6330433679215928,0.0,0.0
110,nash_reference_hocbf,1.0,0.0,0.0,0.5123666504337459,0.0,0.02881097532373677,0.012838682518159608,1.0788074467353395,1.4547008226044091,0.17604355716878403,0.8634313724204375
110,game_cfm_hocbf,1.0,0.0,0.0,0.5115042313915573,0.0,0.03009167394546633,0.015580140864728524,1.0824495748792065,1.4981661635577919,0.16878402903811252,0.9009320067942755
111,nash_reference,1.0,0.0,1.0,0.30050254660947745,0.0,0.0,0.01235498208552599,1.2451865673065186,1.8529947996139526,0.0,0.0
111,teacher_expert,1.0,0.0,0.0,0.3964139911364651,0.0,0.012941598892211914,0.0,1.2447597980499268,1.8186635971069336,0.0,0.0
111,game_cfm_raw,1.0,0.0,0.0,0.4000523211764635,0.005013247020542622,0.021822335198521614,0.010166727006435394,1.2511405944824219,1.8119380474090576,0.0,0.0
111,game_cfm_anchored,1.0,0.0,0.0,0.4036081426533203,0.0,0.0,0.006970587304617312,1.2495873046783066,1.8119392367154874,0.0,0.0
111,nash_reference_hocbf,1.0,0.0,0.0,0.5072562435742889,0.0,0.012834802656605571,0.01247535739622463,1.2412082856590285,1.7184997584221717,0.21234119782214156,0.7495519062248925
111,game_cfm_hocbf,1.0,0.0,0.0,0.5161781703422762,0.0,0.012583682483861196,0.014821923143793766,1.231438477927423,1.7380492504648948,0.14337568058076225,0.5742570134556454
112,nash_reference,1.0,0.0,1.0,0.3026140615398602,0.0,0.0,0.02198292687535286,1.4104161262512207,2.03383207321167,0.0,0.0
112,teacher_expert,1.0,0.0,0.0,0.4447860074241165,0.0,0.023126140236854553,0.0,1.4410207271575928,2.0611910820007324,0.0,0.0
112,game_cfm_raw,1.0,0.0,0.0,0.42063994364858825,0.00769121665507555,0.042035095393657684,0.03241065889596939,1.4933977127075195,2.207456111907959,0.0,0.0
112,game_cfm_anchored,1.0,0.0,0.0,0.39191360777174294,0.0,0.0,0.02089654726342443,1.500780323858131,2.2074558463596117,0.0,0.0
112,nash_reference_hocbf,1.0,0.0,0.0,0.5255349262499629,0.0,0.02301965061410789,0.01170774772685504,1.422332988365276,1.9974798253210704,0.23774954627949182,0.7578055365601425
112,game_cfm_hocbf,1.0,0.0,0.0,0.5234522388491495,0.0,0.023602596239663223,0.02344856770286214,1.4747042401986001,2.0772516805565924,0.20326678765880218,0.6985744979699403
113,nash_reference,1.0,0.0,1.0,0.30497413114573935,0.0,0.0,0.021104615181684494,1.3582197427749634,1.9768575429916382,0.0,0.0
113,teacher_expert,1.0,0.0,0.0,0.4301831582199197,0.0,0.02937275543808937,0.0,1.3901833295822144,1.9779067039489746,0.0,0.0
113,game_cfm_raw,1.0,0.0,0.0,0.39223452556728877,0.0030921546276658773,0.019856557250022888,0.014843154698610306,1.390824794769287,2.090912103652954,0.0,0.0
113,game_cfm_anchored,1.0,0.0,0.0,0.3939336321866477,0.0,0.0,0.015059243393962972,1.3867275173749078,2.090911093552633,0.0,0.0
113,nash_reference_hocbf,1.0,0.0,0.0,0.5312035411195978,0.0,0.029355750856297304,0.011567901551655678,1.376381524684829,1.9318470205817042,0.2159709618874773,0.8108123849749626
113,game_cfm_hocbf,1.0,0.0,0.0,0.5446017707339189,0.0,0.028740072129153093,0.01691766169604497,1.3915664394745966,1.9577643540050917,0.19600725952813067,0.5961868551614508
114,nash_reference,1.0,0.0,1.0,0.301174273950867,0.0,0.0,0.012033117935061455,1.2959675788879395,1.9616777896881104,0.0,0.0
114,teacher_expert,1.0,0.0,0.0,0.3930008293501878,0.0,0.011572550982236862,0.0,1.2935376167297363,1.903505802154541,0.0,0.0
114,game_cfm_raw,1.0,0.0,0.0,0.4070445654232137,0.002676528412848711,0.017626093700528145,0.016534173861145973,1.3069764375686646,2.029264211654663,0.0,0.0
114,game_cfm_anchored,1.0,0.0,0.0,0.40519458950400833,0.0,0.0,0.013415463872255303,1.3036046222539608,2.0292647278278158,0.0,0.0
114,nash_reference_hocbf,1.0,0.0,0.0,0.4895197050798736,0.0,0.01672255670760929,0.015201446128153676,1.2817701856013648,1.815558834407788,0.6007259528130672,0.3904220526110521
114,game_cfm_hocbf,1.0,0.0,0.0,0.4895197050798736,0.0,0.01666663074969904,0.02062291734141228,1.2903763510562363,1.8827058701658803,0.4827586206896552,0.3248937230438687
115,nash_reference,1.0,0.0,1.0,0.30306706566138364,0.0,0.0,0.020914699882268906,1.39820396900177,2.0668864250183105,0.0,0.0
115,teacher_expert,1.0,0.0,0.0,0.39438016040045115,0.0,0.034178223460912704,0.0,1.386740803718567,2.0611813068389893,0.0,0.0
115,game_cfm_raw,1.0,0.0,0.0,0.4126603065051492,0.00434026587754488,0.02627779170870781,0.022147836163640022,1.435327410697937,2.263490915298462,0.0,0.0
115,game_cfm_anchored,1.0,0.0,0.0,0.41595124264350536,0.0,0.0,0.02022214423765639,1.4326914577940875,2.263490669289134,0.0,0.0
115,nash_reference_hocbf,1.0,0.0,0.0,0.5032784831318541,0.0,0.034224384907384026,0.012012177187276344,1.3744097505449713,1.9883726500128371,0.1560798548094374,0.9713157162648777
115,game_cfm_hocbf,1.0,0.0,0.0,0.5103115707881494,0.0,0.03561278707502258,0.01700801518863408,1.4062380473526486,2.0150231550940765,0.12159709618874773,0.588654637154338
116,nash_reference,1.0,0.0,1.0,0.3078907799964669,0.0,0.0,0.01331065222620964,1.5046594142913818,2.255669116973877,0.0,0.0
116,teacher_expert,1.0,0.0,0.0,0.40720303532260615,0.0,0.013519853353500366,0.0,1.5052984952926636,2.265453577041626,0.0,0.0
116,game_cfm_raw,1.0,0.0,0.0,0.3897780482552985,0.0022677688393741846,0.012665238231420517,0.014001253060996532,1.5089753866195679,2.31724214553833,0.0,0.0
116,game_cfm_anchored,1.0,0.0,0.0,0.39210313468586455,0.0,0.0,0.01134466900947691,1.5110933255009038,2.31723894809313,0.0,0.0
116,nash_reference_hocbf,1.0,0.0,0.0,0.5093648973499451,0.0,0.013544127864531682,0.012200969090547104,1.4973807270201465,2.190268131243258,0.2159709618874773,0.8307258316703353
116,game_cfm_hocbf,1.0,0.0,0.0,0.5074808707676661,0.0,0.011616890677099628,0.012672138174154884,1.5112649124114037,2.3269103514370233,0.2250453720508167,0.562422254820604
117,nash_reference,1.0,0.0,1.0,0.2978295997934109,0.0,0.0,0.018149711191654205,1.1862596273422241,1.812682032585144,0.0,0.0
117,teacher_expert,1.0,0.0,0.0,0.3968868464919939,0.0,0.02660464495420456,0.0,1.1932110786437988,1.7862221002578735,0.0,0.0
117,game_cfm_raw,1.0,0.0,0.0,0.3783655712726872,0.0039039584808051586,0.033088672906160355,0.026879115030169487,1.1943837404251099,1.8047524690628052,0.0,0.0
117,game_cfm_anchored,1.0,0.0,0.0,0.3677603128278556,0.0,0.0,0.01983283331212885,1.1970322224611327,1.8047571414794754,0.0,0.0
117,nash_reference_hocbf,1.0,0.0,0.0,0.509217917089976,0.0,0.02661096188575952,0.012902923380326012,1.186547300095448,1.5925022974715441,0.22867513611615245,0.6732135689035885
117,game_cfm_hocbf,1.0,0.0,0.0,0.5108803561398185,0.0,0.026989849923604918,0.016034155313524423,1.2008602258815138,1.6330343264169649,0.19419237749546278,0.5050994389602088
118,nash_reference,1.0,0.0,1.0,0.30712166897580934,0.0,0.0,0.02166329324245453,1.3179856538772583,2.0571401119232178,0.0,0.0
118,teacher_expert,1.0,0.0,0.0,0.4358451155621617,0.0,0.029077867045998573,0.0,1.3284317255020142,2.068669557571411,0.0,0.0
118,game_cfm_raw,1.0,0.0,0.0,0.4150206360816264,0.003914654720574617,0.029408734291791916,0.015972750261425972,1.3067498207092285,2.2298574447631836,0.0,0.0
118,game_cfm_anchored,1.0,0.0,0.0,0.4288001535498868,0.0,0.0,0.013317695079071417,1.3072465487364855,2.229859762090811,0.0,0.0
118,nash_reference_hocbf,1.0,0.0,0.0,0.4896157422754788,0.0,0.02539926516832611,0.015610111959406146,1.3168942191506416,2.0229189375016925,0.5716878402903811,0.49332035736813584
118,game_cfm_hocbf,1.0,0.0,0.0,0.48995357140362206,0.0,0.027072677852669383,0.017253912157473326,1.3073308699855597,2.1251455890599407,0.5716878402903811,0.3712548831859773
119,nash_reference,1.0,0.0,1.0,0.30433665825997935,0.0,0.0,0.01581779308617115,1.3674758672714233,2.243929147720337,0.0,0.0
119,teacher_expert,1.0,0.0,0.0,0.40027572151083884,0.0,0.023679928854107857,0.0,1.3645124435424805,2.260902166366577,0.0,0.0
119,game_cfm_raw,1.0,0.0,1.0,0.331471557577656,0.003561402438208461,0.0243527851998806,0.022221418097615242,1.463093876838684,2.3552184104919434,0.0,0.0
119,game_cfm_anchored,1.0,0.0,1.0,0.34494026575680514,0.0,0.0,0.019281087799451434,1.4661856122873484,2.355222568135736,0.0,0.0
119,nash_reference_hocbf,1.0,0.0,0.0,0.504936943713992,0.0,0.02371280637042463,0.011510676893747863,1.347607569942054,2.148807154655804,0.14156079854809436,1.0838397725403455
119,game_cfm_hocbf,1.0,0.0,0.0,0.5247902149754977,0.0,0.026337713823766935,0.017898588335343423,1.443323845722017,2.203049063932333,0.14882032667876588,0.9153444961725581
120,nash_reference,1.0,0.0,1.0,0.2966774788387926,0.0,0.0,0.014199688099324703,1.2994316816329956,1.8232157230377197,0.0,0.0
120,teacher_expert,1.0,0.0,0.0,0.37885167048615215,0.0,0.02216482162475586,0.0,1.2870779037475586,1.791717529296875,0.0,0.0
120,game_cfm_raw,1.0,0.0,1.0,0.31416088536984293,0.0022070102859288454,0.024996580556035042,0.02083318494260311,1.2955535650253296,2.178252696990967,0.0,0.0
120,game_cfm_anchored,1.0,0.0,1.0,0.3156413082503261,0.0,0.0,0.018393525392498816,1.2967204053077181,2.1782537316036765,0.0,0.0
120,nash_reference_hocbf,1.0,0.0,0.0,0.49575159027174676,0.0,0.02206842500105172,0.014783151369835048,1.2833998912563618,1.713679473117837,0.3194192377495463,0.5722295658732106
120,game_cfm_hocbf,1.0,0.0,0.0,0.49930422387325063,0.0,0.020706243582353248,0.017871440779603714,1.2688071011287745,1.9869912597849424,0.21415607985480944,0.7234429424672654
121,nash_reference,1.0,0.0,1.0,0.30590826069069255,0.0,0.0,0.01622748002409935,1.3866742849349976,2.005591869354248,0.0,0.0
121,teacher_expert,1.0,0.0,0.0,0.41578100722797484,0.0,0.0206809900701046,0.0,1.3793069124221802,1.9997987747192383,0.0,0.0
121,game_cfm_raw,1.0,0.0,0.0,0.3912810090528205,0.0036278418265283108,0.04416812211275101,0.023009033873677254,1.4028102159500122,2.077294111251831,0.0,0.0
121,game_cfm_anchored,1.0,0.0,0.0,0.36081379520420725,0.0,0.0,0.01614175449476193,1.3979298652897982,2.077294109166978,0.0,0.0
121,nash_reference_hocbf,1.0,0.0,0.0,0.5192121172210564,0.0,0.02063121473208112,0.01131713667674777,1.367258682005746,1.9305687661289666,0.14337568058076225,1.060803727586352
121,game_cfm_hocbf,1.0,0.0,0.0,0.5195565982828345,0.0,0.020169107410954432,0.015391009980858173,1.3704900974824878,1.9626092447581334,0.13611615245009073,0.8324826186518675
122,nash_reference,1.0,0.0,1.0,0.300962133242813,0.0,0.0,0.012217831797897816,1.2166184186935425,1.8434298038482666,0.0,0.0
122,teacher_expert,1.0,0.0,0.0,0.3760948996620972,0.0,0.023292668163776398,0.0,1.2103755474090576,1.849724531173706,0.0,0.0
122,game_cfm_raw,1.0,0.0,0.0,0.39545837341195045,0.00565621443092823,0.01896912418305874,0.01770537719130516,1.233810544013977,1.873356580734253,0.0,0.0
122,game_cfm_anchored,1.0,0.0,0.0,0.3885650098292386,0.0,0.0,0.015013414184052873,1.2344944332290513,1.8733516479413073,0.0,0.0
122,nash_reference_hocbf,1.0,0.0,0.0,0.44254408646115145,0.0,0.02632177102396654,0.021870844156916862,1.205608014222478,1.8332648849784332,0.7096188747731398,0.5615731633807485
122,game_cfm_hocbf,1.0,0.0,0.0,0.44254408646115145,0.0,0.026969230982633784,0.024032074591121867,1.2075280642711552,1.770699147787164,0.6932849364791288,0.4762295671856223
123,nash_reference,1.0,0.0,1.0,0.30426406843317516,0.0,0.0,0.021210841834545135,1.3373267650604248,1.960664987564087,0.0,0.0
123,teacher_expert,1.0,0.0,0.0,0.4127493472651034,0.0,0.0330173522233963,0.0,1.3412293195724487,1.9284342527389526,0.0,0.0
123,game_cfm_raw,1.0,0.0,1.0,0.35342308294682795,0.009908724576234818,0.03608677536249161,0.023336466401815414,1.3558659553527832,2.523322105407715,0.0,0.0
123,game_cfm_anchored,1.0,0.0,1.0,0.33883744420714074,0.0,0.0,0.019949144677853105,1.3555912352722246,2.523322137636863,0.0,0.0
123,nash_reference_hocbf,1.0,0.0,0.0,0.5146839733980905,0.0,0.03293674718177789,0.011783180605570955,1.3351010304251754,1.8157719163584796,0.2413793103448276,0.662436562057547
123,game_cfm_hocbf,1.0,0.0,0.0,0.5179473806718685,0.0,0.0323745065599646,0.018012970574201495,1.3548399481298512,1.8971450670034071,0.25226860254083483,0.5817511120223867
124,nash_reference,1.0,0.0,1.0,0.33310141456248626,0.0,0.0,0.013544620014727116,1.351656436920166,2.3143253326416016,0.0,0.0
124,teacher_expert,1.0,0.0,0.0,0.4045483127587613,0.0,0.02083396166563034,0.0,1.3422625064849854,2.318683385848999,0.0,0.0
124,game_cfm_raw,1.0,0.0,1.0,0.35728259472777985,0.0046627880074083805,0.020837005227804184,0.021568121388554573,1.3747036457061768,2.396728277206421,0.0,0.0
124,game_cfm_anchored,1.0,0.0,1.0,0.35670991931093254,0.0,0.0,0.01702379869326865,1.375816598698958,2.3967284333168686,0.0,0.0
124,nash_reference_hocbf,1.0,0.0,0.0,0.5047914032463505,0.0,0.020889697385755284,0.010967625174150801,1.324144092961587,2.1896771919979146,0.13611615245009073,0.9700841251615897
124,game_cfm_hocbf,1.0,0.0,0.0,0.5127570106724628,0.0,0.0215347666898566,0.01386398776284778,1.3526830387382436,2.214522880781853,0.10526315789473684,1.1049731563544358
125,nash_reference,1.0,0.0,1.0,0.29691662254138373,0.0,0.0,0.023572536185383797,1.240686297416687,1.86762273311615,0.0,0.0
125,teacher_expert,1.0,0.0,0.0,0.4240301590874093,0.0,0.034252066165208817,0.0,1.2371418476104736,1.874983310699463,0.0,0.0
125,game_cfm_raw,1.0,0.0,1.0,0.34611634138825587,0.002323348540812731,0.03040829859673977,0.02705535478889942,1.2542452812194824,1.88315749168396,0.0,0.0
125,game_cfm_anchored,1.0,0.0,1.0,0.33523377480474575,0.0,0.0,0.022986690167291192,1.2544719615723932,1.8831548976364292,0.0,0.0
125,nash_reference_hocbf,1.0,0.0,0.0,0.5264438735126875,0.0,0.0341388150383426,0.011371174790927266,1.226324648675103,1.8074874336343287,0.147005444646098,0.891303857546735
125,game_cfm_hocbf,1.0,0.0,0.0,0.5312241114654681,0.0,0.03422015876867069,0.015456860996054868,1.2360916164340965,1.8066651552864925,0.1306715063520871,0.8198932075691547
126,nash_reference,1.0,0.0,1.0,0.2920158109570511,0.0,0.0,0.01972649246454239,1.188003659248352,1.6104294061660767,0.0,0.0
126,teacher_expert,1.0,0.0,0.0,0.3902429330182847,0.0,0.030468769371509552,0.0,1.2108346223831177,1.632415771484375,0.0,0.0
126,game_cfm_raw,1.0,0.0,0.0,0.39762251301318235,0.00315163005143404,0.03286658972501755,0.02460823953151703,1.2142744064331055,1.7568552494049072,0.0,0.0
126,game_cfm_anchored,1.0,0.0,0.0,0.40230164456019046,0.0,0.0,0.018566097480393895,1.2156847591988937,1.756851235745659,0.0,0.0
126,nash_reference_hocbf,1.0,0.0,0.0,0.5082203790045581,0.0,0.030581712267690637,0.013950396335285605,1.2254757111811025,1.6205493133476114,0.2177858439201452,0.7882500880050024
126,game_cfm_hocbf,1.0,0.0,0.0,0.5093923219262105,0.0,0.02960921466917659,0.016695642973224668,1.2339076642374605,1.618779472478401,0.2558983666061706,0.35426965030014673
127,nash_reference,1.0,0.0,1.0,0.3115751357979301,0.0,0.0,0.023205382749438286,1.3914810419082642,2.2504022121429443,0.0,0.0
127,teacher_expert,1.0,0.0,0.0,0.4438754792889282,0.0,0.032417405396699905,0.0,1.4281976222991943,2.2924795150756836,0.0,0.0
127,game_cfm_raw,1.0,0.0,0.0,0.3775016704842462,0.0055478778667747974,0.02999086305499077,0.021118246018886566,1.4273756742477417,2.3500800132751465,0.0,0.0
127,game_cfm_anchored,1.0,0.0,0.0,0.36270549055587076,0.0,0.0,0.018653031944962494,1.43005695388748,2.3500810951798865,0.0,0.0
127,nash_reference_hocbf,1.0,0.0,0.0,0.5412039457800837,0.0,0.03235859531291671,0.011052192727804716,1.4153817673072024,2.208063331344563,0.19056261343012704,0.8703863438879209
127,game_cfm_hocbf,1.0,0.0,0.0,0.5623836583963129,0.0,0.03290332341047609,0.021517477991774423,1.4145534249108458,2.229155132951288,0.16515426497277677,0.7966620956256145
128,nash_reference,1.0,0.0,1.0,0.29721040461311204,0.0,0.0,0.01694118045270443,1.1733226776123047,1.6734914779663086,0.0,0.0
128,teacher_expert,1.0,0.0,0.0,0.408099893681365,0.0,0.020085152238607407,0.0,1.1809468269348145,1.6840614080429077,0.0,0.0
128,game_cfm_raw,1.0,0.0,0.0,0.37398651753477724,0.003403072478249669,0.01722409948706627,0.018600238487124443,1.182572603225708,1.7707538604736328,0.0,0.0
128,game_cfm_anchored,1.0,0.0,0.0,0.3726315000304519,0.0,0.0,0.01483497995297035,1.1834892566989452,1.7707501229540044,0.0,0.0
128,nash_reference_hocbf,1.0,0.0,0.0,0.5152682246961412,0.0,0.019907016811084883,0.01198260797373797,1.1709992338433457,1.6263317492236933,0.1560798548094374,0.8940402994532491
128,game_cfm_hocbf,1.0,0.0,0.0,0.5170350045505105,0.0,0.020184944521132092,0.013132384063025393,1.1846531060881247,1.699087356310892,0.1161524500907441,0.7185655255303871
129,nash_reference,1.0,0.0,1.0,0.30179034634203483,0.0,0.0,0.02184263803064823,1.3356859683990479,1.9555639028549194,0.0,0.0
129,teacher_expert,1.0,0.0,0.0,0.38917504188947744,0.0,0.03774115443229675,0.0,1.3222323656082153,1.9173412322998047,0.0,0.0
129,game_cfm_raw,1.0,0.0,0.0,0.3963997038327335,0.003842605510726571,0.025047022849321365,0.030593032017350197,1.3483935594558716,1.9135581254959106,0.0,0.0
129,game_cfm_anchored,1.0,0.0,0.0,0.38749138826102886,0.0,0.0,0.023534219834050307,1.3480683805100389,1.9135551813668528,0.0,0.0
129,nash_reference_hocbf,1.0,0.0,0.0,0.5021407788511828,0.0,0.03788073809291453,0.01277284053124086,1.3129235305003928,1.8317436395555866,0.16696914700544466,0.9891741862980598
129,game_cfm_hocbf,1.0,0.0,0.0,0.5002862022731307,0.0,0.037268857676649794,0.013515340197420843,1.3195530588719688,1.8114192502228341,0.1724137931034483,0.6152162007079132
130,nash_reference,1.0,0.0,1.0,0.30920796324173067,0.0,0.0,0.021798891946673393,1.4379643201828003,2.2001075744628906,0.0,0.0
130,teacher_expert,1.0,0.0,0.0,0.38955060856110646,0.0,0.04183575510978699,0.0,1.4779658317565918,2.235623598098755,0.0,0.0
130,game_cfm_raw,1.0,0.0,0.0,0.40487701017403804,0.005464869551360607,0.039405956864356995,0.03438611328601837,1.4318205118179321,2.723289966583252,0.0,0.0
130,game_cfm_anchored,1.0,0.0,0.0,0.3817624601653414,0.0,0.0,0.0258271603849765,1.4283877617249254,2.723284136057758,0.0,0.0
130,nash_reference_hocbf,1.0,0.0,0.0,0.4980598359341673,0.0,0.041950884020186784,0.012012025145233916,1.487961079154927,2.199421767920506,0.147005444646098,1.2525864565765115
130,game_cfm_hocbf,1.0,0.0,0.0,0.5109241253012662,0.0,0.0446274758662908,0.019510162955769454,1.4599212779768675,2.392801269137134,0.12885662431941924,1.076838490916325
131,nash_reference,1.0,0.0,1.0,0.3038677377999271,0.0,0.0,0.017264945432543755,1.2988814115524292,1.867612361907959,0.0,0.0
131,teacher_expert,1.0,0.0,0.0,0.40541328984584685,0.0,0.02383982390165329,0.0,1.3114136457443237,1.7451711893081665,0.0,0.0
131,game_cfm_raw,1.0,0.0,0.0,0.3671378326450476,0.009099103510379791,0.033645376563072205,0.022218508645892143,1.312353253364563,2.2943408489227295,0.0,0.0
131,game_cfm_anchored,1.0,0.0,0.0,0.3645108648114291,0.0,0.0,0.0173886332890016,1.3115523096816886,2.2943180104801355,0.0,0.0
131,nash_reference_hocbf,1.0,0.0,0.0,0.5132800922784154,0.0,0.023868684726600118,0.015012653153675781,1.2780434654527164,1.6863034196462212,0.24500907441016334,0.9025249569511317
131,game_cfm_hocbf,1.0,0.0,0.0,0.5186119161562183,0.0,0.021685235891948443,0.018894161158141,1.2788648852863687,1.9869025806642218,0.24500907441016334,0.7098975515588484
132,nash_reference,1.0,0.0,1.0,0.3110819846591807,0.0,0.0,0.014802810736000538,1.3357760906219482,2.0492115020751953,0.0,0.0
132,teacher_expert,1.0,0.0,0.0,0.3934833484882065,0.0,0.022416383028030396,0.0,1.334450602531433,2.0567398071289062,0.0,0.0
132,game_cfm_raw,1.0,0.0,1.0,0.3478826633372148,0.002872913610190153,0.021158620715141296,0.01689055934548378,1.357623815536499,2.1191234588623047,0.0,0.0
132,game_cfm_anchored,1.0,0.0,1.0,0.33991625210049325,0.0,0.0,0.014189557378240547,1.354129095755527,2.119126859694792,0.0,0.0
132,nash_reference_hocbf,1.0,0.0,0.0,0.49923974908060587,0.0,0.02220238830502347,0.013184733972443128,1.3203816353461981,1.9981190264320605,0.29764065335753176,0.5951667614840027
132,game_cfm_hocbf,1.0,0.0,0.0,0.5008599702070968,0.0,0.02283408189194607,0.018551919481445602,1.3508966907145699,2.074768440661955,0.3139745916515426,0.5313623472724135
133,nash_reference,1.0,0.0,1.0,0.2920546100187157,0.0,0.0,0.017530031502246857,1.14215886592865,1.6218181848526,0.0,0.0
133,teacher_expert,1.0,0.0,0.0,0.3820074110531517,0.0,0.027279067784547806,0.0,1.1678234338760376,1.643532395362854,0.0,0.0
133,game_cfm_raw,1.0,0.0,1.0,0.3050749691141298,0.007313370704650879,0.026180533692240715,0.027912134304642677,1.1582210063934326,1.8499057292938232,0.0,0.0
133,game_cfm_anchored,1.0,0.0,1.0,0.30261310747028325,0.0,0.0,0.021848753955566014,1.1609730914939844,1.8499020231894614,0.0,0.0
133,nash_reference_hocbf,1.0,0.0,0.0,0.5033698636240765,0.0,0.027359768266163917,0.014458638208293944,1.186104836116898,1.6314366136026957,0.21052631578947367,0.8127363779574588
133,game_cfm_hocbf,1.0,0.0,0.0,0.5030511864236517,0.0,0.02982373081170435,0.015624916434585719,1.1982484590310951,1.695690870363317,0.20326678765880218,0.7626717135582152
134,nash_reference,1.0,0.0,1.0,0.30102064639816983,0.0,0.0,0.0188236553221941,1.2200804948806763,1.7698099613189697,0.0,0.0
134,teacher_expert,1.0,0.0,0.0,0.4243384733595525,0.0,0.021733731031417847,0.0,1.23091721534729,1.740225076675415,0.0,0.0
134,game_cfm_raw,1.0,0.0,1.0,0.3354492682893054,0.005657002329826355,0.016275327652692795,0.02243529073894024,1.228165626525879,1.8059197664260864,0.0,0.0
134,game_cfm_anchored,1.0,0.0,1.0,0.3378585337873316,0.0,0.0,0.020663436497622287,1.2316812506885169,1.8059184318873653,0.0,0.0
134,nash_reference_hocbf,1.0,0.0,0.0,0.5209047838585528,0.0,0.021799310418128354,0.011473256755692426,1.222899372836331,1.6823314050536446,0.2395644283121597,0.6101807319404441
134,game_cfm_hocbf,1.0,0.0,0.0,0.5252547708427379,0.0,0.024028732438381176,0.015741037320882913,1.2230215212888425,1.6882994950257812,0.18874773139745918,0.6550749777167645
135,nash_reference,1.0,0.0,1.0,0.2996866296417239,0.0,0.0,0.0185700710862875,1.1980738639831543,1.7599735260009766,0.0,0.0
135,teacher_expert,1.0,0.0,0.0,0.38230760262414926,0.0,0.025901105254888535,0.0,1.2016888856887817,1.768945574760437,0.0,0.0
135,game_cfm_raw,1.0,0.0,1.0,0.3502410792619353,0.004455753602087498,0.026944108307361603,0.028074152767658234,1.194084882736206,1.8409841060638428,0.0,0.0
135,game_cfm_anchored,1.0,0.0,1.0,0.3478456943200803,0.0,0.0,0.021035107040334074,1.1966949092384427,1.8409815595110073,0.0,0.0
135,nash_reference_hocbf,1.0,0.0,0.0,0.49650106291007245,0.0,0.02581411464072803,0.013790979284444449,1.1920282909959243,1.7067011207468405,0.24319419237749546,0.7739849276878037
135,game_cfm_hocbf,1.0,0.0,0.0,0.49929898974344766,0.0,0.0282094114887118,0.018293470379806012,1.1916907374023442,1.7486433487554591,0.21415607985480944,0.7040666833251261
136,nash_reference,1.0,0.0,1.0,0.30225023517286487,0.0,0.0,0.02538030780851841,1.3974809646606445,2.3344380855560303,0.0,0.0
136,teacher_expert,1.0,0.0,0.0,0.41924932771819173,0.0,0.03958678990602493,0.0,1.4305163621902466,2.3901336193084717,0.0,0.0
136,game_cfm_raw,1.0,0.0,1.0,0.3442126944409359,0.003049242775887251,0.021243929862976074,0.024355143308639526,1.4176042079925537,2.406015396118164,0.0,0.0
136,game_cfm_anchored,1.0,0.0,1.0,0.34000505647258555,0.0,0.0,0.022400851529178596,1.4152186923709538,2.406019963405595,0.0,0.0
136,nash_reference_hocbf,1.0,0.0,0.0,0.5168520610476286,0.0,0.03951695389092905,0.011205134732489375,1.4125213718470666,2.2634690828581774,0.20326678765880218,0.6727019906527284
136,game_cfm_hocbf,1.0,0.0,0.0,0.5185980334387634,0.0,0.03954309646523664,0.018328452127200263,1.4276124355888924,2.306894428293169,0.18330308529945555,0.5880344014285062
137,nash_reference,1.0,0.0,1.0,0.30325124448161084,0.0,0.0,0.018361765891313553,1.3646159172058105,1.8827229738235474,0.0,0.0
137,teacher_expert,1.0,0.0,0.0,0.4006191646906141,0.0,0.028717145323753357,0.0,1.3564931154251099,1.8482556343078613,0.0,0.0
137,game_cfm_raw,1.0,0.0,1.0,0.33218289440536836,0.006201357580721378,0.019407527521252632,0.027472734451293945,1.3821743726730347,2.049312114715576,0.0,0.0
137,game_cfm_anchored,1.0,0.0,1.0,0.315370760905179,0.0,0.0,0.022919422900475536,1.3779999503894258,2.049312838193634,0.0,0.0
137,nash_reference_hocbf,1.0,0.0,0.0,0.5076911949810102,0.0,0.028787100469619117,0.01203014219243899,1.3474429184646248,1.821543613708424,0.1869328493647913,0.829479242198487
137,game_cfm_hocbf,1.0,0.0,0.0,0.5163340171366247,0.0,0.029185795316135663,0.017773783874400782,1.3399527305649455,1.9145546524531385,0.14519056261343014,1.0039246099870152
138,nash_reference,1.0,0.0,1.0,0.30538728180129976,0.0,0.0,0.01745748519897461,1.4592376947402954,2.1478111743927,0.0,0.0
138,teacher_expert,1.0,0.0,0.0,0.41515427859691806,0.0,0.02099863439798355,0.0,1.4585832357406616,2.156813621520996,0.0,0.0
138,game_cfm_raw,1.0,0.0,1.0,0.3496683126574944,0.0029180741403251886,0.016686778515577316,0.015360938385128975,1.4625685214996338,2.3221476078033447,0.0,0.0
138,game_cfm_anchored,1.0,0.0,1.0,0.3473669665906463,0.0,0.0,0.013723017268504013,1.4616837503802014,2.3221514213517485,0.0,0.0
138,nash_reference_hocbf,1.0,0.0,0.0,0.5145872603998657,0.0,0.020866349600383183,0.011344511157782941,1.447219512213844,2.0246057807798308,0.19600725952813067,0.7516248831978841
138,game_cfm_hocbf,1.0,0.0,0.0,0.5157320242243326,0.0,0.020858614892309404,0.014350167477831514,1.4557110558098727,2.094279389829689,0.19782214156079855,0.6514546024725844
139,nash_reference,1.0,0.0,1.0,0.31033306857472254,0.0,0.0,0.0222322978079319,1.4723291397094727,2.3499863147735596,0.0,0.0
139,teacher_expert,1.0,0.0,0.0,0.42179662601177087,0.0,0.03165875002741814,0.0,1.4518760442733765,2.35085391998291,0.0,0.0
139,game_cfm_raw,1.0,0.0,1.0,0.33859130815546623,0.0052788471803069115,0.02046217769384384,0.028778545558452606,1.4854658842086792,2.4732515811920166,0.0,0.0
139,game_cfm_anchored,1.0,0.0,1.0,0.33256652430832867,0.0,0.0,0.025377574666544323,1.485686291217173,2.4732512467224357,0.0,0.0
139,nash_reference_hocbf,1.0,0.0,0.0,0.5195607612963163,0.0,0.03167408294567978,0.010675090028835245,1.4356906078977554,2.2568680083131465,0.147005444646098,1.0760819911148871
139,game_cfm_hocbf,1.0,0.0,0.0,0.5211664585934673,0.0,0.03226536156724759,0.018278982633268184,1.4361288602383158,2.3611059158714416,0.14337568058076225,1.0098787349841252
140,nash_reference,1.0,0.0,1.0,0.30651695184759714,0.0,0.0,0.01611289009451866,1.4201021194458008,2.3937768936157227,0.0,0.0
140,teacher_expert,1.0,0.0,0.0,0.39712741606827934,0.0,0.023303447291254997,0.0,1.4080244302749634,2.3960318565368652,0.0,0.0
140,game_cfm_raw,1.0,0.0,0.0,0.3907557247193558,0.0021783176343888044,0.018102120608091354,0.013208984397351742,1.5413509607315063,2.533376693725586,0.0,0.0
140,game_cfm_anchored,1.0,0.0,0.0,0.3885995863399963,0.0,0.0,0.014500805059113766,1.542909707891314,2.533373534366842,0.0,0.0
140,nash_reference_hocbf,1.0,0.0,0.0,0.4997533230712208,0.0,0.02322443622330491,0.011789568271198933,1.389137502000592,2.2644041311292513,0.19782214156079855,0.8630516579018657
140,game_cfm_hocbf,1.0,0.0,0.0,0.5277909574654712,0.0,0.023042051167601642,0.01777448608035147,1.5020999101513413,2.3800036490796264,0.2014519056261343,0.6784335055424036
141,nash_reference,1.0,0.0,1.0,0.30327537395398285,0.0,0.0,0.018070634454488754,1.3739711046218872,2.034749746322632,0.0,0.0
141,teacher_expert,1.0,0.0,0.0,0.4099982905539257,0.0,0.0208002720028162,0.0,1.3720225095748901,2.047421455383301,0.0,0.0
141,game_cfm_raw,1.0,0.0,0.0,0.3817171124308417,0.0018941891612485051,0.016807660460472107,0.016810327768325806,1.3917068243026733,2.2546892166137695,0.0,0.0
141,game_cfm_anchored,1.0,0.0,0.0,0.3836190881843967,0.0,0.0,0.014209006910817883,1.3919587796219117,2.2546899921866004,0.0,0.0
141,nash_reference_hocbf,1.0,0.0,0.0,0.4672536548083907,0.0,0.03694618915620719,0.01891151794180515,1.376504719309604,2.0719005509397985,0.631578947368421,0.5315810227015693
141,game_cfm_hocbf,1.0,0.0,0.0,0.4672536548083907,0.0,0.03751518041317669,0.0196913340707787,1.3827172880749798,2.0435871670547847,0.5571687840290381,0.47211822063348896
142,nash_reference,1.0,0.0,1.0,0.29755649557669533,0.0,0.0,0.027611663565039635,1.279627799987793,1.9856555461883545,0.0,0.0
142,teacher_expert,1.0,0.0,0.0,0.43380747590943863,0.0,0.043807778507471085,0.0,1.2953245639801025,1.998679757118225,0.0,0.0
142,game_cfm_raw,1.0,0.0,1.0,0.3269509560530899,0.003582263132557273,0.0280296690762043,0.022258594632148743,1.3401485681533813,1.9527735710144043,0.0,0.0
142,game_cfm_anchored,1.0,0.0,1.0,0.3214204312886464,0.0,0.0,0.022482456115771383,1.339212528082168,1.9527693151107353,0.0,0.0
142,nash_reference_hocbf,1.0,0.0,0.0,0.5325210416781162,0.0,0.043708426319499796,0.010704897768051922,1.2816802667220737,1.92483086714567,0.14337568058076225,0.8338753394348835
142,game_cfm_hocbf,1.0,0.0,0.0,0.5475317542717553,0.0,0.04533283849106498,0.01933595473673132,1.3526437892285024,2.016305864444176,0.132486388384755,0.8512968627985943
143,nash_reference,1.0,0.0,1.0,0.2958005367777154,0.0,0.0,0.021327374503016472,1.1549690961837769,1.6770527362823486,0.0,0.0
143,teacher_expert,1.0,0.0,0.0,0.3927638310517185,0.0,0.03346753865480423,0.0,1.155002236366272,1.6840553283691406,0.0,0.0
143,game_cfm_raw,1.0,0.0,1.0,0.32935267530980783,0.005533969029784203,0.03563125431537628,0.028533995151519775,1.1879500150680542,1.9351264238357544,0.0,0.0
143,game_cfm_anchored,1.0,0.0,1.0,0.3169111959224354,0.0,0.0,0.02373289559361765,1.1868725631586479,1.9351250190812126,0.0,0.0
143,nash_reference_hocbf,1.0,0.0,0.0,0.5067874196267381,0.0,0.033461049820970104,0.012939002874195544,1.1454185224386824,1.6253213848721482,0.17785843920145192,0.8826431978767005
143,game_cfm_hocbf,1.0,0.0,0.0,0.5182114267406552,0.0,0.0332202018455252,0.02056191966567857,1.1708647572392972,1.782330439363349,0.147005444646098,0.9888103370682844
144,nash_reference,1.0,0.0,1.0,0.30647000885379067,0.0,0.0,0.025600682944059372,1.223150372505188,1.8828699588775635,0.0,0.0
144,teacher_expert,1.0,0.0,0.0,0.3870653942597199,0.0,0.029034946113824844,0.0,1.21268892288208,1.886663794517517,0.0,0.0
144,game_cfm_raw,1.0,0.0,1.0,0.34919202148431755,0.004278257489204407,0.029233049601316452,0.019325710833072662,1.2640269994735718,2.0047857761383057,0.0,0.0
144,game_cfm_anchored,1.0,0.0,1.0,0.33636804590550484,0.0,0.0,0.020521861282306684,1.2611635171539568,2.0047828940660444,0.0,0.0
144,nash_reference_hocbf,1.0,0.0,0.0,0.3952425689342559,0.0,0.028780774499865235,0.021713894569435017,1.2046612549698512,1.8835332515151453,0.6116152450090744,0.7284547695288555
144,game_cfm_hocbf,1.0,0.0,0.0,0.3952425689342559,0.0,0.02865544998730452,0.027642217208996615,1.2320911430245196,1.9426995847044888,0.5009074410163339,0.8189087272100974
145,nash_reference,1.0,0.0,1.0,0.30474577865658153,0.0,0.0,0.021029014140367508,1.4604990482330322,2.099151611328125,0.0,0.0
145,teacher_expert,1.0,0.0,0.0,0.39608660812960733,0.0,0.03646944463253021,0.0,1.4626002311706543,2.056236982345581,0.0,0.0
145,game_cfm_raw,1.0,0.0,0.0,0.374274205437619,0.005025275517255068,0.03849305212497711,0.026296382769942284,1.4668668508529663,2.231905221939087,0.0,0.0
145,game_cfm_anchored,1.0,0.0,1.0,0.3541430696918857,0.0,0.0,0.020981286255351,1.4613594778209833,2.231902623278997,0.0,0.0
145,nash_reference_hocbf,1.0,0.0,0.0,0.48997723077747396,0.0,0.033829096546880016,0.01805436057860923,1.4624356835779893,2.033912622503883,0.5190562613430127,0.5909730073730767
145,game_cfm_hocbf,1.0,0.0,0.0,0.49047622050928763,0.0,0.03280174716819941,0.01977963614379756,1.4829766051298818,2.056288420658562,0.47731397459165154,0.6518782920361718
146,nash_reference,1.0,0.0,1.0,0.30086837250985776,0.0,0.0,0.016176240518689156,1.2384147644042969,1.8688043355941772,0.0,0.0
146,teacher_expert,1.0,0.0,0.0,0.40661313110433167,0.0,0.021450452506542206,0.0,1.2658644914627075,1.8716540336608887,0.0,0.0
146,game_cfm_raw,1.0,0.0,1.0,0.3581807326910713,0.0028552873991429806,0.018400724977254868,0.017891349270939827,1.2698402404785156,2.1222333908081055,0.0,0.0
146,game_cfm_anchored,1.0,0.0,0.0,0.36135395598787956,0.0,0.0,0.014151081278365094,1.2673973170340276,2.1222317767095373,0.0,0.0
146,nash_reference_hocbf,1.0,0.0,0.0,0.5131397291095189,0.0,0.021483899819294716,0.011805969107506968,1.280834215106256,1.80377273043186,0.15245009074410162,1.0120271859620702
146,game_cfm_hocbf,1.0,0.0,0.0,0.5210559058366603,0.0,0.02199286611991602,0.01695547554667037,1.2901035107049377,1.8683587511486766,0.12885662431941924,0.8796093271301847
147,nash_reference,1.0,0.0,1.0,0.30325191330292656,0.0,0.0,0.018839770928025246,1.3098088502883911,2.081498622894287,0.0,0.0
147,teacher_expert,1.0,0.0,0.0,0.4232179864632064,0.0,0.02159760892391205,0.0,1.3449950218200684,2.1119890213012695,0.0,0.0
147,game_cfm_raw,1.0,0.0,1.0,0.3079067120930987,0.006175766699016094,0.03723502159118652,0.023313414305448532,1.3434633016586304,2.014009475708008,0.0,0.0
147,game_cfm_anchored,1.0,0.0,1.0,0.3046937764830517,0.0,0.0,0.018835567637665668,1.340395530126396,2.0140117822382746,0.0,0.0
147,nash_reference_hocbf,1.0,0.0,0.0,0.5079435585012814,0.0,0.03314889446544235,0.01493192366985701,1.3220876194361515,1.9665483926288212,0.6152450090744102,0.39325847624774013
147,game_cfm_hocbf,1.0,0.0,0.0,0.5080229945940171,0.0,0.032778760892128514,0.018704500683445487,1.323251924279156,1.9157406766859473,0.5662431941923775,0.4183337750696518
148,nash_reference,1.0,0.0,1.0,0.307071639537177,0.0,0.0,0.016359928995370865,1.359040379524231,2.1472394466400146,0.0,0.0
148,teacher_expert,1.0,0.0,0.0,0.42356434107133295,0.0,0.016114752739667892,0.0,1.3966960906982422,2.1838951110839844,0.0,0.0
148,game_cfm_raw,1.0,0.0,0.0,0.39889592547854497,0.0030377977527678013,0.02735707350075245,0.021432561799883842,1.3581877946853638,2.2472426891326904,0.0,0.0
148,game_cfm_anchored,1.0,0.0,0.0,0.37995536790616996,0.0,0.0,0.015409246548979518,1.3644415873283757,2.2472421208123468,0.0,0.0
148,nash_reference_hocbf,1.0,0.0,0.0,0.5241459927298108,0.0,0.016100613553573406,0.010876998804420961,1.4079799344552473,2.1492605120130595,0.15789473684210525,0.9491693750076529
148,game_cfm_hocbf,1.0,0.0,0.0,0.5371165808625873,0.0,0.015740420750533838,0.017099979632116832,1.401551286094381,2.043013313910185,0.1088929219600726,0.9759839632548718
149,nash_reference,1.0,0.0,1.0,0.3047288000372522,0.0,0.0,0.018135901540517807,1.369451642036438,2.169182300567627,0.0,0.0
149,teacher_expert,1.0,0.0,0.0,0.4286838227131847,0.0,0.020816322416067123,0.0,1.4000604152679443,2.2072978019714355,0.0,0.0
149,game_cfm_raw,1.0,0.0,1.0,0.35826232307300615,0.004698661155998707,0.029270650818943977,0.025757955387234688,1.3419936895370483,2.11909556388855,0.0,0.0
149,game_cfm_anchored,1.0,0.0,0.0,0.36074233772801134,0.0,0.0,0.019174642673253705,1.3434942916940655,2.119094180868258,0.0,0.0
149,nash_reference_hocbf,1.0,0.0,0.0,0.5294096278015833,0.0,0.020764446528437258,0.010979375936100435,1.4082454313522133,2.1682300421065346,0.16515426497277677,0.9199054228037418
149,game_cfm_hocbf,1.0,0.0,0.0,0.5430279004663671,0.0,0.021034190058186412,0.016139999183270557,1.3840885217118857,2.1223599520637055,0.1542649727767695,0.7765751003269475
150,nash_reference,1.0,0.0,1.0,0.3015449317944647,0.0,0.0,0.020944086834788322,1.3188786506652832,1.8963885307312012,0.0,0.0
150,teacher_expert,1.0,0.0,0.0,0.42306801847336517,0.0,0.027384871616959572,0.0,1.3464633226394653,1.9037699699401855,0.0,0.0
150,game_cfm_raw,1.0,0.0,1.0,0.34688836398914186,0.0038018785417079926,0.020858265459537506,0.02567249909043312,1.3265175819396973,1.967908263206482,0.0,0.0
150,game_cfm_anchored,1.0,0.0,1.0,0.344972981544461,0.0,0.0,0.022112235560099256,1.3234090287592721,1.9679053117158491,0.0,0.0
150,nash_reference_hocbf,1.0,0.0,0.0,0.5250179656037685,0.0,0.027405575344350973,0.011227484256602223,1.357694098194339,1.847534817142622,0.14519056261343014,1.067881363245707
150,game_cfm_hocbf,1.0,0.0,0.0,0.5365770395713714,0.0,0.02705801668242674,0.016224384013657143,1.3569537978889357,1.8974473496811004,0.12341197822141561,1.0460287814044582
151,nash_reference,1.0,0.0,1.0,0.300463042726334,0.0,0.0,0.018291635438799858,1.3079338073730469,2.000192642211914,0.0,0.0
151,teacher_expert,1.0,0.0,0.0,0.40301353445460186,0.0,0.027007507160305977,0.0,1.3413923978805542,2.031582832336426,0.0,0.0
151,game_cfm_raw,1.0,0.0,1.0,0.32894192618288826,0.0015282165259122849,0.029203733429312706,0.02645263634622097,1.3510284423828125,2.0982820987701416,0.0,0.0
151,game_cfm_anchored,1.0,0.0,1.0,0.33047083052557835,0.0,0.0,0.02040189699041421,1.3491083812312312,2.0982790278117753,0.0,0.0
151,nash_reference_hocbf,1.0,0.0,0.0,0.5124197525682099,0.0,0.027030653551614523,0.01213755788389803,1.3541138519157827,2.001759115564722,0.15789473684210525,1.0272120130256561
151,game_cfm_hocbf,1.0,0.0,0.0,0.5169795746747993,0.0,0.02662752306003341,0.0207426279665623,1.3788665219346359,2.0607704975920274,0.14156079854809436,0.9886953384434193
152,nash_reference,1.0,0.0,1.0,0.30488654785202357,0.0,0.0,0.019227685406804085,1.393955945968628,2.079868793487549,0.0,0.0
152,teacher_expert,1.0,0.0,0.0,0.4089672652965572,0.0,0.02860087901353836,0.0,1.3985002040863037,2.0289340019226074,0.0,0.0
152,game_cfm_raw,1.0,0.0,0.0,0.40393252166381416,0.0058642723597586155,0.022478796541690826,0.01856064237654209,1.4147076606750488,2.5826220512390137,0.0,0.0
152,game_cfm_anchored,1.0,0.0,0.0,0.40191861931262585,0.0,0.0,0.016458350774043184,1.414592169572407,2.582629318342026,0.0,0.0
152,nash_reference_hocbf,1.0,0.0,0.0,0.5092113694685255,0.0,0.02843690830008177,0.013814192510786855,1.3932242661310918,1.8767793714464907,0.30490018148820325,0.7033690672376546
152,game_cfm_hocbf,1.0,0.0,0.0,0.5090135653203302,0.0,0.02929508620581875,0.01747807069822461,1.385047311285896,1.7976532884565672,0.27404718693284935,0.5823833972074152
153,nash_reference,1.0,0.0,1.0,0.35143068028898644,0.0,0.0,0.0166163370013237,1.2880661487579346,2.024567127227783,0.0,0.0
153,teacher_expert,1.0,0.0,0.0,0.4143358970486292,0.0,0.02861597388982773,0.0,1.275445580482483,2.0276641845703125,0.0,0.0
153,game_cfm_raw,1.0,0.0,0.0,0.41061937574370916,0.0011355977039784193,0.020362377166748047,0.023966263979673386,1.2833505868911743,2.234738826751709,0.0,0.0
153,game_cfm_anchored,1.0,0.0,0.0,0.4187057602567962,0.0,0.0,0.01886121515335854,1.2833150095914054,2.234745683781432,0.0,0.0
153,nash_reference_hocbf,1.0,0.0,0.0,0.5117317937542368,0.0,0.02861483870194894,0.010620383732972525,1.2615954867034134,1.9512640303424977,0.132486388384755,0.8319378027477206
153,game_cfm_hocbf,1.0,0.0,0.0,0.5153199755289474,0.0,0.030041930237998095,0.012053467453378208,1.2397661655926142,1.798423378800797,0.08892921960072596,0.7234135359219498
154,nash_reference,1.0,0.0,1.0,0.29318998587648165,0.0,0.0,0.019014883786439896,1.0777018070220947,1.392634630203247,0.0,0.0
154,teacher_expert,1.0,0.0,0.0,0.3891415226754128,0.0,0.0248714629560709,0.0,1.0963579416275024,1.4058120250701904,0.0,0.0
154,game_cfm_raw,1.0,0.0,1.0,0.3428964760934284,0.0032522669062018394,0.022760851308703423,0.029990974813699722,1.2053622007369995,1.462351679801941,0.0,0.0
154,game_cfm_anchored,1.0,0.0,1.0,0.34922571221111437,0.0,0.0,0.024763392018329285,1.2044403008832212,1.4623488982554769,0.0,0.0
154,nash_reference_hocbf,1.0,0.0,0.0,0.5066667977661401,0.0,0.024660290268057185,0.013698520013763068,1.1131179078592244,1.3954908379257713,0.19237749546279492,0.8221308097827639
154,game_cfm_hocbf,1.0,0.0,0.0,0.5200900714174053,0.0,0.02520109448877164,0.021055617482418923,1.1939360190271444,1.483744450422657,0.15970961887477314,0.7564350461134651
155,nash_reference,1.0,0.0,1.0,0.3117135944938083,0.0,0.0,0.02171085588634014,1.5700827836990356,2.357532024383545,0.0,0.0
155,teacher_expert,1.0,0.0,0.0,0.43608153616766265,0.0,0.030896252021193504,0.0,1.5625214576721191,2.3642048835754395,0.0,0.0
155,game_cfm_raw,1.0,0.0,0.0,0.44273940369525755,0.002431549597531557,0.028091777116060257,0.022487107664346695,1.599770426750183,2.3700149059295654,0.0,0.0
155,game_cfm_anchored,1.0,0.0,0.0,0.4258794307506408,0.0,0.0,0.018836428586141544,1.5969516751610915,2.3700117351478105,0.0,0.0
155,nash_reference_hocbf,1.0,0.0,0.0,0.5307848013429104,0.0,0.030891621543112514,0.010252349294089958,1.5503915574943932,2.2881271603261117,0.1724137931034483,0.8796865893727245
155,game_cfm_hocbf,1.0,0.0,0.0,0.5390223521690765,0.0,0.029396129321037696,0.016787592321658402,1.5726692849121204,2.336234126050838,0.15063520871143377,0.55000071312478
156,nash_reference,1.0,0.0,1.0,0.3072176729905614,0.0,0.0,0.01875700056552887,1.4766614437103271,2.3601887226104736,0.0,0.0
156,teacher_expert,1.0,0.0,0.0,0.404801771480601,0.0,0.029818503186106682,0.0,1.4894142150878906,2.289496898651123,0.0,0.0
156,game_cfm_raw,1.0,0.0,1.0,0.31524279683665407,0.003104262985289097,0.03035733290016651,0.016592202708125114,1.4616018533706665,2.271923065185547,0.0,0.0
156,game_cfm_anchored,1.0,0.0,1.0,0.32562925514142493,0.0,0.0,0.015895408519379338,1.4627120367058442,2.271923930263355,0.0,0.0
156,nash_reference_hocbf,1.0,0.0,0.0,0.5028006824355828,0.0,0.02946311013519755,0.017187923552226928,1.484978377565114,2.117484226592156,0.3393829401088929,0.8169164274788918
156,game_cfm_hocbf,1.0,0.0,0.0,0.49295711867441006,0.0,0.030328325860736742,0.024971522134148494,1.4707872033008416,1.9902843667858379,0.38475499092558985,0.8576531710297749
157,nash_reference,1.0,0.0,1.0,0.30957085118398187,0.0,0.0,0.01519105490297079,1.3733246326446533,2.191537380218506,0.0,0.0
157,teacher_expert,1.0,0.0,0.0,0.4076882799673954,0.0,0.021525681018829346,0.0,1.3737843036651611,2.151111602783203,0.0,0.0
157,game_cfm_raw,1.0,0.0,1.0,0.342597367123729,0.003495951183140278,0.04406161606311798,0.02288307622075081,1.3692123889923096,2.1447741985321045,0.0,0.0
157,game_cfm_anchored,1.0,0.0,1.0,0.31473632017155745,0.0,0.0,0.01647477398498742,1.3621070935210007,2.1447727481547463,0.0,0.0
157,nash_reference_hocbf,1.0,0.0,0.0,0.5130413519945312,0.0,0.021403859166657394,0.01239398328375248,1.3542797497092742,1.8630336485373822,0.20326678765880218,0.9012403416245017
157,game_cfm_hocbf,1.0,0.0,0.0,0.5144779439887208,0.0,0.0206298294445486,0.016453465870731807,1.3474721840282944,1.857204085323391,0.21052631578947367,0.8813280812152362
158,nash_reference,1.0,0.0,1.0,0.29956466178772967,0.0,0.0,0.021980706602334976,1.3432700634002686,2.1785926818847656,0.0,0.0
158,teacher_expert,1.0,0.0,0.0,0.421442547672901,0.0,0.0313376858830452,0.0,1.3470994234085083,2.2013566493988037,0.0,0.0
158,game_cfm_raw,1.0,0.0,1.0,0.30090862505058363,0.002915153745561838,0.020453281700611115,0.021854855120182037,1.3640906810760498,2.4068715572357178,0.0,0.0
158,game_cfm_anchored,1.0,0.0,1.0,0.2870014894546884,0.0,0.0,0.024083900699316915,1.361696889664872,2.4068697303710245,0.0,0.0
158,nash_reference_hocbf,1.0,0.0,0.0,0.5233729045455254,0.0,0.031245419477426324,0.011259086077895048,1.3326002356863609,2.0975432783799746,0.15063520871143377,0.8734879535291046
158,game_cfm_hocbf,1.0,0.0,0.0,0.5209499569012765,0.0,0.03215998747913765,0.012958172439540451,1.3151427569444802,2.072705298527506,0.15970961887477314,0.8814758263116563
159,nash_reference,1.0,0.0,1.0,0.3094887483432179,0.0,0.0,0.01601850427687168,1.3812059164047241,2.2249927520751953,0.0,0.0
159,teacher_expert,1.0,0.0,0.0,0.4140905495361379,0.0,0.022414173930883408,0.0,1.3703060150146484,2.1814348697662354,0.0,0.0
159,game_cfm_raw,1.0,0.0,0.0,0.39038748299577447,0.0037540365010499954,0.028936000540852547,0.01857594959437847,1.3916881084442139,2.26064395904541,0.0,0.0
159,game_cfm_anchored,1.0,0.0,0.0,0.40102262681329864,0.0,0.0,0.016227885573889374,1.3933658524982213,2.2606467253854454,0.0,0.0
159,nash_reference_hocbf,1.0,0.0,0.0,0.5173768676986976,0.0,0.02230877647365135,0.012231494918162838,1.360497225045831,1.986438839332955,0.20689655172413793,0.8866916572480273
159,game_cfm_hocbf,1.0,0.0,0.0,0.5320776300792427,0.0,0.02319344430688647,0.015266795126199327,1.3692480743715414,1.9918576747434598,0.16878402903811252,0.7539100354403493
160,nash_reference,1.0,0.0,1.0,0.30307242850128024,0.0,0.0,0.023060891777276993,1.4723197221755981,2.2246451377868652,0.0,0.0
160,teacher_expert,1.0,0.0,0.0,0.391436950387919,0.0,0.039358943700790405,0.0,1.487493872642517,2.190911293029785,0.0,0.0
160,game_cfm_raw,1.0,0.0,1.0,0.29758273648329203,0.006029635202139616,0.014489984139800072,0.024994784966111183,1.4745279550552368,2.262667417526245,0.0,0.0
160,game_cfm_anchored,1.0,0.0,1.0,0.29638534973438324,0.0,0.0,0.02478993530668437,1.4775917119749455,2.2626698246352484,0.0,0.0
160,nash_reference_hocbf,1.0,0.0,0.0,0.5013201128610449,0.0,0.03936336332784235,0.012221530481643934,1.4749154048914817,2.0945869435689675,0.16152450090744103,0.9281745497778368
160,game_cfm_hocbf,1.0,0.0,0.0,0.5024594742759341,0.0,0.039123519636193343,0.014497183691984314,1.4348795160704215,2.0580834678809024,0.1705989110707804,0.9225299081705546
161,nash_reference,1.0,0.0,1.0,0.3063169605100419,0.0,0.0,0.01900225132703781,1.286698818206787,1.9375053644180298,0.0,0.0
161,teacher_expert,1.0,0.0,0.0,0.41452098725648917,0.0,0.025612015277147293,0.0,1.2875688076019287,1.9452115297317505,0.0,0.0
161,game_cfm_raw,1.0,0.0,0.0,0.36246057480395105,0.0020963544957339764,0.02462518960237503,0.024533262476325035,1.3116261959075928,2.419860601425171,0.0,0.0
161,game_cfm_anchored,1.0,0.0,0.0,0.36158953378520814,0.0,0.0,0.02029812675631267,1.313126415389006,2.419857810605218,0.0,0.0
161,nash_reference_hocbf,1.0,0.0,0.0,0.4876866725434966,0.0,0.026148246257930136,0.012798425574193376,1.2895275708417147,1.8757540754562376,0.4355716878402904,0.44866449576210804
161,game_cfm_hocbf,1.0,0.0,0.0,0.4876866725434966,0.0,0.02765900780385391,0.01933044877540099,1.2992901046002796,2.131520256351942,0.294010889292196,0.5573408618871719
162,nash_reference,1.0,0.0,1.0,0.2977126569970682,0.0,0.0,0.01616024784743786,1.1640839576721191,1.7050939798355103,0.0,0.0
162,teacher_expert,1.0,0.0,0.0,0.3819191493673871,0.0,0.025017961859703064,0.0,1.1698827743530273,1.7147818803787231,0.0,0.0
162,game_cfm_raw,1.0,0.0,0.0,0.3706786822261124,0.005162246525287628,0.018137190490961075,0.02000335231423378,1.1814903020858765,1.7739800214767456,0.0,0.0
162,game_cfm_anchored,1.0,0.0,0.0,0.3804917798386155,0.0,0.0,0.018542471848533304,1.1861584267162621,1.7739805719513493,0.0,0.0
162,nash_reference_hocbf,1.0,0.0,0.0,0.49736526425470073,0.0,0.02508922455963189,0.013559614018102677,1.1608855390644954,1.654612233989294,0.18148820326678766,0.8944463764422875
162,game_cfm_hocbf,1.0,0.0,0.0,0.4973973138952645,0.0,0.02640459492638718,0.014714285939996078,1.1745004758953361,1.6278733561599128,0.16878402903811252,0.5903587446306248
163,nash_reference,1.0,0.0,1.0,0.3026933436392746,0.0,0.0,0.01066211611032486,1.396966576576233,2.230752944946289,0.0,0.0
163,teacher_expert,1.0,0.0,0.0,0.3805393459502872,0.0,0.01573832705616951,0.0,1.3898662328720093,2.1940157413482666,0.0,0.0
163,game_cfm_raw,1.0,0.0,1.0,0.3076671051415716,0.004358862526714802,0.023471053689718246,0.021584343165159225,1.4160473346710205,2.1793808937072754,0.0,0.0
163,game_cfm_anchored,1.0,0.0,1.0,0.3134277047799658,0.0,0.0,0.017919809956998357,1.4186817480253537,2.1793781070292106,0.0,0.0
163,nash_reference_hocbf,1.0,0.0,0.0,0.4926105670437619,0.0,0.015983797237131787,0.013035039746330494,1.3778810326778812,2.0828217888387583,0.2577132486388385,0.6501747470733104
163,game_cfm_hocbf,1.0,0.0,0.0,0.5003189889873677,0.0,0.015822146558581628,0.017619815815711717,1.3788873812855018,2.054665172147987,0.18874773139745918,0.8302501463911253
164,nash_reference,1.0,0.0,1.0,0.30375551361454356,0.0,0.0,0.021450694650411606,1.4062602519989014,2.243227481842041,0.0,0.0
164,teacher_expert,1.0,0.0,0.0,0.42038921704519017,0.0,0.029211748391389847,0.0,1.4116649627685547,2.2566843032836914,0.0,0.0
164,game_cfm_raw,1.0,0.0,1.0,0.32434110704926084,0.007676550652831793,0.030988458544015884,0.019296640530228615,1.394866943359375,2.3829965591430664,0.0,0.0
164,game_cfm_anchored,1.0,0.0,1.0,0.31135288749121864,0.0,0.0,0.021543607840327734,1.3998339705124017,2.3829938234611654,0.0,0.0
164,nash_reference_hocbf,1.0,0.0,0.0,0.5192201774562557,0.0,0.02909794336508107,0.011022384843191084,1.3967079643910711,2.151985530986767,0.1869328493647913,0.7491481859159451
164,game_cfm_hocbf,1.0,0.0,0.0,0.5182290296091575,0.0,0.02951712266952492,0.014898464843958379,1.377391159742623,2.126611662491538,0.14519056261343014,0.8497873284159733
165,nash_reference,1.0,0.0,1.0,0.30312504182556566,0.0,0.0,0.028181731700897217,1.3815754652023315,2.286072254180908,0.0,0.0
165,teacher_expert,1.0,0.0,0.0,0.429478778257105,0.0,0.045795802026987076,0.0,1.4184893369674683,2.328239679336548,0.0,0.0
165,game_cfm_raw,1.0,0.0,0.0,0.42713448390295583,0.0018932088278234005,0.006848364137113094,0.02193746343255043,1.4073708057403564,2.312777280807495,0.0,0.0
165,game_cfm_anchored,1.0,0.0,0.0,0.4226842042357579,0.0,0.0,0.023363864211725538,1.4075245010082167,2.3127783044313435,0.0,0.0
165,nash_reference_hocbf,1.0,0.0,0.0,0.5066526674268422,0.0,0.05907902685978926,0.018309367687939324,1.3557659256374044,2.143554979063968,0.6134301270417423,0.4818517514068201
165,game_cfm_hocbf,1.0,0.0,0.0,0.5066100266612505,0.0,0.05942849240518655,0.01843686045662173,1.3502251149505684,2.145453486491868,0.6152450090744102,0.3241006811948963
166,nash_reference,1.0,0.0,1.0,0.29791766357518407,0.0,0.0,0.01430360134691,1.227760910987854,1.7156239748001099,0.0,0.0
166,teacher_expert,1.0,0.0,0.0,0.3896585144179554,0.0,0.019447604194283485,0.0,1.2273564338684082,1.7098042964935303,0.0,0.0
166,game_cfm_raw,1.0,0.0,1.0,0.32462470748354244,0.002641024999320507,0.01467860583215952,0.018477216362953186,1.226520299911499,1.6669881343841553,0.0,0.0
166,game_cfm_anchored,1.0,0.0,1.0,0.3187322573732512,0.0,0.0,0.016747247289591677,1.2252076308204658,1.6669909347597456,0.0,0.0
166,nash_reference_hocbf,1.0,0.0,0.0,0.4077531939073334,0.0,0.033346042553954604,0.02020628810614452,1.2238180876365388,1.5488026295326445,0.6388384754990926,0.5253875694253742
166,game_cfm_hocbf,1.0,0.0,0.0,0.4077531939073334,0.0,0.03380489822212768,0.021417554441407048,1.215868715744603,1.4942378298037462,0.6134301270417423,0.46967735562615065
167,nash_reference,1.0,0.0,1.0,0.29970791789723344,0.0,0.0,0.025460397824645042,1.319756269454956,1.8965792655944824,0.0,0.0
167,teacher_expert,1.0,0.0,0.0,0.43358045062084577,0.0,0.03756839781999588,0.0,1.3429948091506958,1.9143481254577637,0.0,0.0
167,game_cfm_raw,1.0,0.0,0.0,0.3884086301508253,0.004644941538572311,0.024878907948732376,0.026320023462176323,1.3482648134231567,2.0811123847961426,0.0,0.0
167,game_cfm_anchored,1.0,0.0,0.0,0.39826164847240936,0.0,0.0,0.021740912692526943,1.3472036328846329,2.081109463205928,0.0,0.0
167,nash_reference_hocbf,1.0,0.0,0.0,0.5331856378564843,0.0,0.03750511281677591,0.011044151896798318,1.3562518482996504,1.8529454753600694,0.14337568058076225,0.9750022404808073
167,game_cfm_hocbf,1.0,0.0,0.0,0.5337917925973305,0.0,0.03677141460434464,0.014254201483051586,1.3620262536184502,1.9751479169316593,0.132486388384755,0.5256246988126629
168,nash_reference,1.0,0.0,1.0,0.30919037751457684,0.0,0.0,0.016631698235869408,1.3999366760253906,2.1266469955444336,0.0,0.0
168,teacher_expert,1.0,0.0,0.0,0.41486534034918615,0.0,0.023059822618961334,0.0,1.4028689861297607,2.0827701091766357,0.0,0.0
168,game_cfm_raw,1.0,0.0,0.0,0.39288540615163275,0.0043462044559419155,0.026324592530727386,0.022901443764567375,1.4135874509811401,2.2433602809906006,0.0,0.0
168,game_cfm_anchored,1.0,0.0,0.0,0.38350942181380415,0.0,0.0,0.01927657424591327,1.4178003724426054,2.2433643997001322,0.0,0.0
168,nash_reference_hocbf,1.0,0.0,0.0,0.5174394521528943,0.0,0.023094074708332777,0.01231756456913111,1.3907121066498347,1.9529337962091438,0.21052631578947367,0.9022415503678105
168,game_cfm_hocbf,1.0,0.0,0.0,0.5275063758658652,0.0,0.022994146202067946,0.021722382767086556,1.4111133920998096,2.013477657721636,0.1996370235934664,0.7313322752292085
169,nash_reference,1.0,0.0,1.0,0.3052171716481666,0.0,0.0,0.018960492685437202,1.3915704488754272,2.09871244430542,0.0,0.0
169,teacher_expert,1.0,0.0,0.0,0.37524420932720387,0.0,0.038085900247097015,0.0,1.3689817190170288,2.138719081878662,0.0,0.0
169,game_cfm_raw,1.0,0.0,1.0,0.302535348307347,0.003028372535482049,0.025233397260308266,0.027689756825566292,1.425500512123108,2.1603331565856934,0.0,0.0
169,game_cfm_anchored,1.0,0.0,1.0,0.30479031477183677,0.0,0.0,0.02469782730888546,1.4253435893501352,2.1603358317805235,0.0,0.0
169,nash_reference_hocbf,1.0,0.0,0.0,0.4888557107326735,0.0,0.03829198802572227,0.012806569828822327,1.3638646438245514,2.1023638491701306,0.15970961887477314,1.1070091070597778
169,game_cfm_hocbf,1.0,0.0,0.0,0.4883353100379232,0.0,0.03747639238137949,0.022346468817018746,1.402695369722618,2.1441285824435545,0.16696914700544466,1.0507503933951254
170,nash_reference,1.0,0.0,1.0,0.30749525171140896,0.0,0.0,0.021970560774207115,1.4438018798828125,2.2304534912109375,0.0,0.0
170,teacher_expert,1.0,0.0,0.0,0.41770262457860113,0.0,0.03307727724313736,0.0,1.463424801826477,2.245750665664673,0.0,0.0
170,game_cfm_raw,1.0,0.0,0.0,0.40957788562600467,0.005140258930623531,0.030675414949655533,0.02795598655939102,1.4277945756912231,2.472640037536621,0.0,0.0
170,game_cfm_anchored,1.0,0.0,0.0,0.41662313364080983,0.0,0.0,0.021636221810450742,1.4317503616823553,2.47263863989401,0.0,0.0
170,nash_reference_hocbf,1.0,0.0,0.0,0.5154921103970883,0.0,0.033015675721507154,0.012902076248273374,1.4534763579897239,2.118737396088411,0.20871143375680581,0.86599826892273
170,game_cfm_hocbf,1.0,0.0,0.0,0.5266454729076193,0.0,0.033652501459408485,0.01569295937979662,1.43519450086951,2.106348739244647,0.1724137931034483,0.5994481880576672
171,nash_reference,1.0,0.0,1.0,0.30317741652311964,0.0,0.0,0.01609615795314312,1.288257360458374,1.7377817630767822,0.0,0.0
171,teacher_expert,1.0,0.0,0.0,0.4144511803555889,0.0,0.018133725970983505,0.0,1.3082891702651978,1.7475186586380005,0.0,0.0
171,game_cfm_raw,1.0,0.0,0.0,0.4263696482260733,0.003581955563277006,0.024164702743291855,0.016367923468351364,1.286199688911438,1.9365941286087036,0.0,0.0
171,game_cfm_anchored,1.0,0.0,0.0,0.40664240625470055,0.0,0.0,0.012646595150048442,1.2883296704472236,1.9365999457360805,0.0,0.0
171,nash_reference_hocbf,1.0,0.0,0.0,0.5148061068216612,0.0,0.01843173328857376,0.015764298084371065,1.2791699093316415,1.6632732930463026,0.26678765880217786,0.8530976370136328
171,game_cfm_hocbf,1.0,0.0,0.0,0.5151376087643785,0.0,0.018554810489320908,0.019618616761409944,1.2722142519904185,1.68588045739544,0.22867513611615245,0.6882275989956725
172,nash_reference,1.0,0.0,1.0,0.31335333765175427,0.0,0.0,0.018280917778611183,1.4082826375961304,2.2896556854248047,0.0,0.0
172,teacher_expert,1.0,0.0,0.0,0.4283901238705357,0.0,0.021495509892702103,0.0,1.3889232873916626,2.284714937210083,0.0,0.0
172,game_cfm_raw,1.0,0.0,1.0,0.3568069226673171,0.0036324216052889824,0.016854548826813698,0.020219482481479645,1.468614101409912,2.271777391433716,0.0,0.0
172,game_cfm_anchored,1.0,0.0,1.0,0.3531044138617826,0.0,0.0,0.018418061410580167,1.469291708202389,2.27177707339476,0.0,0.0
172,nash_reference_hocbf,1.0,0.0,0.0,0.5243899165936418,0.0,0.021551481783540074,0.010919999148850872,1.3733351605762723,2.1946090981354573,0.1869328493647913,0.9684140451297792
172,game_cfm_hocbf,1.0,0.0,0.0,0.5388322175967801,0.0,0.020171572753590064,0.017498198617325128,1.4220990973227927,2.1555509048934853,0.18148820326678766,0.9212097231626175
173,nash_reference,1.0,0.0,1.0,0.2974054395827542,0.0,0.0,0.016544321551918983,1.2366288900375366,1.8499782085418701,0.0,0.0
173,teacher_expert,1.0,0.0,0.0,0.39658030937453104,0.0,0.02170761302113533,0.0,1.2305700778961182,1.818867564201355,0.0,0.0
173,game_cfm_raw,1.0,0.0,0.0,0.386686588217505,0.0025685725267976522,0.020632151514291763,0.01839829422533512,1.2443108558654785,1.9635206460952759,0.0,0.0
173,game_cfm_anchored,1.0,0.0,0.0,0.3811282722312053,0.0,0.0,0.014406255335339539,1.2404741489826296,1.963518610411288,0.0,0.0
173,nash_reference_hocbf,1.0,0.0,0.0,0.508690305579091,0.0,0.021608718708353687,0.01274068549504362,1.223550595882143,1.7315503513796164,0.18874773139745918,0.767080304336634
173,game_cfm_hocbf,1.0,0.0,0.0,0.5097310869622976,0.0,0.02061920169099006,0.01538901618228672,1.2098616262473305,1.7556205620701533,0.1724137931034483,0.4870472595903625
174,nash_reference,1.0,0.0,1.0,0.3077112928503225,0.0,0.0,0.01851709373295307,1.2505741119384766,1.894362211227417,0.0,0.0
174,teacher_expert,1.0,0.0,0.0,0.4249913605958039,0.0,0.024155335500836372,0.0,1.2796118259429932,1.9031764268875122,0.0,0.0
174,game_cfm_raw,1.0,0.0,1.0,0.32242398575587256,0.005249593872576952,0.02850308269262314,0.020745908841490746,1.312839388847351,2.070246458053589,0.0,0.0
174,game_cfm_anchored,1.0,0.0,1.0,0.33264052131587896,0.0,0.0,0.01566553007203631,1.3106904749600434,2.070248514655791,0.0,0.0
174,nash_reference_hocbf,1.0,0.0,0.0,0.45747211200524485,0.0,0.03442567791932176,0.01695287280114573,1.2604210861951082,1.8162931254494428,0.6098003629764065,0.47966381032558686
174,game_cfm_hocbf,1.0,0.0,0.0,0.45747211200524485,0.0,0.03459762216736886,0.021719933049585402,1.2954446521319047,1.9696074133448367,0.6152450090744102,0.42850324120950367
175,nash_reference,1.0,0.0,1.0,0.30659861527791604,0.0,0.0,0.015705229714512825,1.301945447921753,1.8636164665222168,0.0,0.0
175,teacher_expert,1.0,0.0,0.0,0.39726676311502934,0.0,0.025358974933624268,0.0,1.2817552089691162,1.7603051662445068,0.0,0.0
175,game_cfm_raw,1.0,0.0,0.0,0.36568020305123,0.004835372790694237,0.032226111739873886,0.02130698598921299,1.3249856233596802,1.9541587829589844,0.0,0.0
175,game_cfm_anchored,1.0,0.0,0.0,0.3873422155235663,0.0,0.0,0.01558885130290335,1.321821079494478,1.9541593986195196,0.0,0.0
175,nash_reference_hocbf,1.0,0.0,0.0,0.4910546708798408,0.0,0.02495410452954404,0.01790182045618764,1.226949698639625,1.724263132517372,0.2813067150635209,1.1118807308045686
175,game_cfm_hocbf,1.0,0.0,0.0,0.4910546708798408,0.0,0.024561791063348742,0.018269275378298686,1.2171965649460503,1.773072261973535,0.27586206896551724,0.926806366842609
176,nash_reference,1.0,0.0,1.0,0.3051959709459497,0.0,0.0,0.018915481865406036,1.3636213541030884,2.113882541656494,0.0,0.0
176,teacher_expert,1.0,0.0,0.0,0.4012315300522265,0.0,0.029769696295261383,0.0,1.363057255744934,2.1216537952423096,0.0,0.0
176,game_cfm_raw,1.0,0.0,0.0,0.4093019129643623,0.00314879696816206,0.016349149867892265,0.017675476148724556,1.4230093955993652,2.131582736968994,0.0,0.0
176,game_cfm_anchored,1.0,0.0,0.0,0.3983318614873586,0.0,0.0,0.01736259824731654,1.4200923248562967,2.131579936942616,0.0,0.0
176,nash_reference_hocbf,1.0,0.0,0.0,0.5071691780418913,0.0,0.029832491736911007,0.011955890907721619,1.3484439085476105,2.0431329075538374,0.1996370235934664,0.8559639621748736
176,game_cfm_hocbf,1.0,0.0,0.0,0.5248896248130213,0.0,0.02963502144334456,0.016599295912790128,1.3980323871102416,1.9933487733024544,0.14882032667876588,0.7408358970368601
177,nash_reference,1.0,0.0,1.0,0.30297227885241135,0.0,0.0,0.01975015550851822,1.3977675437927246,1.8933777809143066,0.0,0.0
177,teacher_expert,1.0,0.0,0.0,0.4371166351279932,0.0,0.021895967423915863,0.0,1.4246233701705933,1.9128477573394775,0.0,0.0
177,game_cfm_raw,1.0,0.0,0.0,0.3804096139529894,0.002769488375633955,0.01934528537094593,0.024046223610639572,1.4065921306610107,2.10703444480896,0.0,0.0
177,game_cfm_anchored,1.0,0.0,0.0,0.3805791616766815,0.0,0.0,0.019469373517412642,1.4095932347770013,2.1070371763207434,0.0,0.0
177,nash_reference_hocbf,1.0,0.0,0.0,0.5364998046073335,0.0,0.021854605233616882,0.011341577503787089,1.4215641933820335,1.8660310398838902,0.2159709618874773,0.7746996843440604
177,game_cfm_hocbf,1.0,0.0,0.0,0.548183822150568,0.0,0.021734806219969066,0.015398671171063886,1.4137757016609154,1.928951459435783,0.16152450090744103,0.7601990941810728
178,nash_reference,1.0,0.0,1.0,0.2932735928865283,0.0,0.0,0.01642785221338272,1.0943105220794678,1.4178088903427124,0.0,0.0
178,teacher_expert,1.0,0.0,0.0,0.3999452219967658,0.0,0.01922832615673542,0.0,1.0975301265716553,1.4195351600646973,0.0,0.0
178,game_cfm_raw,1.0,0.0,1.0,0.317827545811069,0.004216580651700497,0.030134249478578568,0.019799236208200455,1.2023377418518066,1.5866053104400635,0.0,0.0
178,game_cfm_anchored,1.0,0.0,1.0,0.3334001786367599,0.0,0.0,0.014248202883748402,1.2025601800315002,1.5866030742696118,0.0,0.0
178,nash_reference_hocbf,1.0,0.0,0.0,0.5129858202878905,0.0,0.018943576243385232,0.012862619418012644,1.0901439081864857,1.3954389906796074,0.17967332123411978,0.7970045597108171
178,game_cfm_hocbf,1.0,0.0,0.0,0.5304518175349766,0.0,0.016930276563421158,0.020216787816595343,1.1670458646845523,1.447652714403636,0.13430127041742287,0.8921747245275348
179,nash_reference,1.0,0.0,1.0,0.3040187673649295,0.0,0.0,0.013679148629307747,1.3051005601882935,1.933285117149353,0.0,0.0
179,teacher_expert,1.0,0.0,0.0,0.38294673653062794,0.0,0.02478582039475441,0.0,1.2934693098068237,1.8862138986587524,0.0,0.0
179,game_cfm_raw,1.0,0.0,0.0,0.39733521361399216,0.004485313314944506,0.01238381676375866,0.015314579010009766,1.3245892524719238,1.9066128730773926,0.0,0.0
179,game_cfm_anchored,1.0,0.0,0.0,0.39618810363584606,0.0,0.0,0.014406401303372637,1.3250059696132843,1.9066126155196699,0.0,0.0
179,nash_reference_hocbf,1.0,0.0,0.0,0.4948759664873717,0.0,0.025003688441734694,0.012511746494346738,1.2822939831450628,1.7941969765135817,0.19600725952813067,0.897600098225226
179,game_cfm_hocbf,1.0,0.0,0.0,0.499664465992629,0.0,0.02574070536087407,0.01390161018146779,1.3070860734982142,1.8221359552736502,0.16515426497277677,0.6449001494658219
180,nash_reference,1.0,0.0,1.0,0.2946018107510741,0.0,0.0,0.019362477585673332,1.224206566810608,1.7311477661132812,0.0,0.0
180,teacher_expert,1.0,0.0,0.0,0.384195205964282,0.0,0.03191555291414261,0.0,1.2491792440414429,1.7543991804122925,0.0,0.0
180,game_cfm_raw,1.0,0.0,0.0,0.3606500919851608,0.0034405274782329798,0.024572018533945084,0.02737163007259369,1.2460787296295166,1.8717741966247559,0.0,0.0
180,game_cfm_anchored,1.0,0.0,1.0,0.35145783476748205,0.0,0.0,0.022338893747836767,1.2489996874667937,1.8717703989590955,0.0,0.0
180,nash_reference_hocbf,1.0,0.0,0.0,0.5021793076026041,0.0,0.03198209355854927,0.013668591886591218,1.2662778343786338,1.7366354977042513,0.19237749546279492,0.8908786685412017
180,game_cfm_hocbf,1.0,0.0,0.0,0.5022002103382515,0.0,0.03175602041667959,0.017630848001384133,1.2814064043000946,1.8040174398919613,0.19237749546279492,0.6627690705158886
181,nash_reference,1.0,0.0,1.0,0.3012347794135191,0.0,0.0,0.012448170222342014,1.2014052867889404,1.8260674476623535,0.0,0.0
181,teacher_expert,1.0,0.0,0.0,0.39616761429469466,0.0,0.011335663497447968,0.0,1.197644591331482,1.5571953058242798,0.0,0.0
181,game_cfm_raw,1.0,0.0,1.0,0.31069309558045494,0.0018021379364654422,0.025949589908123016,0.02108835056424141,1.2089539766311646,1.8379161357879639,0.0,0.0
181,game_cfm_anchored,1.0,0.0,1.0,0.30446141788578635,0.0,0.0,0.01620544209706132,1.2080981332373026,1.837915299967841,0.0,0.0
181,nash_reference_hocbf,1.0,0.0,0.0,0.4699902990365144,0.0,0.01552746922045884,0.018391464463731126,1.1963229024606097,1.5694436973013546,0.5843920145190563,0.5636804443639687
181,game_cfm_hocbf,1.0,0.0,0.0,0.4699902990365144,0.0,0.015594150184153445,0.0217432700787734,1.2133235165334129,1.6591337784660818,0.5063520871143375,0.535964556661329
182,nash_reference,1.0,0.0,1.0,0.30084187935669565,0.0,0.0,0.02075272798538208,1.2747197151184082,1.892730712890625,0.0,0.0
182,teacher_expert,1.0,0.0,0.0,0.4224348520622369,0.0,0.029391242191195488,0.0,1.2756589651107788,1.9010343551635742,0.0,0.0
182,game_cfm_raw,1.0,0.0,1.0,0.30308584224570734,0.003570521716028452,0.026932492852211,0.02482319436967373,1.2840895652770996,2.1553423404693604,0.0,0.0
182,game_cfm_anchored,1.0,0.0,1.0,0.3111879007141021,0.0,0.0,0.019593360353584964,1.2865493702798922,2.1553399074863706,0.0,0.0
182,nash_reference_hocbf,1.0,0.0,0.0,0.523769864522353,0.0,0.02986491107763445,0.012516494500239153,1.2645411772520079,1.8335315117017728,0.22686025408348456,0.7393075482844106
182,game_cfm_hocbf,1.0,0.0,0.0,0.5247756427783241,0.0,0.030758117292895758,0.018495069517133755,1.2659376463281085,1.7766511503577125,0.20326678765880218,0.794426746998364
183,nash_reference,1.0,0.0,1.0,0.3104641061736277,0.0,0.0,0.014750207774341106,1.448105812072754,2.2517712116241455,0.0,0.0
183,teacher_expert,1.0,0.0,0.0,0.41104426518655707,0.0,0.017734047025442123,0.0,1.4342485666275024,2.2551381587982178,0.0,0.0
183,game_cfm_raw,1.0,0.0,1.0,0.3403326725840751,0.004254655912518501,0.038831986486911774,0.026942770928144455,1.4624179601669312,2.6172921657562256,0.0,0.0
183,game_cfm_anchored,1.0,0.0,1.0,0.32354587457190387,0.0,0.0,0.018424725133918064,1.4589553547629515,2.6172906219960472,0.0,0.0
183,nash_reference_hocbf,1.0,0.0,0.0,0.5116685098452936,0.0,0.01777915149983982,0.010925729064568998,1.4185964677552607,2.1712211460497968,0.1306715063520871,1.2054711627069523
183,game_cfm_hocbf,1.0,0.0,0.0,0.5178924923583245,0.0,0.019287428377555756,0.01807620241553352,1.3963422548781004,2.283595107515251,0.1306715063520871,1.1589043727902195
184,nash_reference,1.0,0.0,1.0,0.3055692743169897,0.0,0.0,0.01946694776415825,1.4189573526382446,2.39618182182312,0.0,0.0
184,teacher_expert,1.0,0.0,0.0,0.38557336651053936,0.0,0.034829046577215195,0.0,1.4133450984954834,2.4044885635375977,0.0,0.0
184,game_cfm_raw,1.0,0.0,1.0,0.33627560883169844,0.006630072370171547,0.029983319342136383,0.03389076888561249,1.4390567541122437,2.137171983718872,0.0,0.0
184,game_cfm_anchored,1.0,0.0,1.0,0.30843175714283505,0.0,0.0,0.02624831990058905,1.4363018075322969,2.13717709176826,0.0,0.0
184,nash_reference_hocbf,1.0,0.0,0.0,0.49287223177489425,0.0,0.03485447427691838,0.011844493375234539,1.3944605399856234,2.2726003477208785,0.1560798548094374,1.011852297058742
184,game_cfm_hocbf,1.0,0.0,0.0,0.496874074778633,0.0,0.03529310768803102,0.018217464929531767,1.3730283857076737,2.062526977332319,0.14882032667876588,1.0459490525203559
185,nash_reference,1.0,0.0,1.0,0.3068161548835968,0.0,0.0,0.01476315874606371,1.411489486694336,2.0593984127044678,0.0,0.0
185,teacher_expert,1.0,0.0,0.0,0.4162881058752294,0.0,0.014717841520905495,0.0,1.4116381406784058,1.9981379508972168,0.0,0.0
185,game_cfm_raw,1.0,0.0,0.0,0.36611602542073546,0.0034885634668171406,0.02828635834157467,0.021185679361224174,1.4155082702636719,2.1648483276367188,0.0,0.0
185,game_cfm_anchored,1.0,0.0,0.0,0.3609551618486853,0.0,0.0,0.015107711543334785,1.4151415043940008,2.164852696415386,0.0,0.0
185,nash_reference_hocbf,1.0,0.0,0.0,0.5185220657621873,0.0,0.014878445046769884,0.012797724215250137,1.3995518179720847,1.9294335427926386,0.2159709618874773,0.8710623984453353
185,game_cfm_hocbf,1.0,0.0,0.0,0.5237075432180615,0.0,0.015025550938293723,0.015614272976905506,1.3964734510570758,1.9337451042956917,0.18330308529945555,0.779848712618165
186,nash_reference,1.0,0.0,1.0,0.31038690655851336,0.0,0.0,0.022881800308823586,1.4359081983566284,2.433751344680786,0.0,0.0
186,teacher_expert,1.0,0.0,0.0,0.4496070287710561,0.0,0.029314756393432617,0.0,1.4449001550674438,2.34096097946167,0.0,0.0
186,game_cfm_raw,1.0,0.0,0.0,0.40134932488432723,0.0022869936656206846,0.022558510303497314,0.022662336006760597,1.4245319366455078,2.2903542518615723,0.0,0.0
186,game_cfm_anchored,1.0,0.0,0.0,0.4119210191087199,0.0,0.0,0.017990971437104552,1.4254259365441264,2.2903578073375375,0.0,0.0
186,nash_reference_hocbf,1.0,0.0,0.0,0.5425604926371729,0.0,0.029309802012151026,0.011451392498987025,1.4324272316097777,2.0939162613258793,0.19419237749546278,0.8713324477834591
186,game_cfm_hocbf,1.0,0.0,0.0,0.5376795287753557,0.0,0.030774578347396782,0.0115984542967413,1.424459986651987,2.0864115480624825,0.15245009074410162,0.5983538029647286
187,nash_reference,1.0,0.0,1.0,0.3074192346864211,0.0,0.0,0.01766125299036503,1.354637622833252,2.111403465270996,0.0,0.0
187,teacher_expert,1.0,0.0,0.0,0.4194914962570894,0.0,0.022323576733469963,0.0,1.3889527320861816,2.1173343658447266,0.0,0.0
187,game_cfm_raw,1.0,0.0,0.0,0.39441903211970747,0.0026077311486005783,0.023188140243291855,0.023828847333788872,1.4161618947982788,2.1949665546417236,0.0,0.0
187,game_cfm_anchored,1.0,0.0,0.0,0.3814946193924214,0.0,0.0,0.018714233563015218,1.4214083608199686,2.194968237605081,0.0,0.0
187,nash_reference_hocbf,1.0,0.0,0.0,0.5201168005817588,0.0,0.022419641001184216,0.01088468763067858,1.4001502846852718,2.037977135262147,0.13611615245009073,1.2071807033132682
187,game_cfm_hocbf,1.0,0.0,0.0,0.5269029323189661,0.0,0.021010672472491818,0.018361853749779906,1.4489969973464585,2.0413403251139037,0.12522686025408347,0.9156704815985652
188,nash_reference,1.0,0.0,1.0,0.30265234775195854,0.0,0.0,0.01491781510412693,1.3397338390350342,1.955816388130188,0.0,0.0
188,teacher_expert,1.0,0.0,0.0,0.4037344587580978,0.0,0.019049085676670074,0.0,1.334797739982605,1.9882959127426147,0.0,0.0
188,game_cfm_raw,1.0,0.0,1.0,0.3282042749545693,0.007500425912439823,0.02335457131266594,0.023277340456843376,1.3274102210998535,1.9894224405288696,0.0,0.0
188,game_cfm_anchored,1.0,0.0,1.0,0.32333132840263007,0.0,0.0,0.018107265097389476,1.329082288535729,1.9894177542725313,0.0,0.0
188,nash_reference_hocbf,1.0,0.0,0.0,0.5115505382486805,0.0,0.019142260715452046,0.011982265164396896,1.3453797310940026,1.9621634293203982,0.15245009074410162,1.018282779586173
188,game_cfm_hocbf,1.0,0.0,0.0,0.5144292824537768,0.0,0.017757520603099056,0.017272161429367175,1.331889295475654,1.9253536859997942,0.13430127041742287,1.033587499857719
189,nash_reference,1.0,0.0,1.0,0.3139059636853625,0.0,0.0,0.023178568109869957,1.4672526121139526,2.1828131675720215,0.0,0.0
189,teacher_expert,1.0,0.0,0.0,0.448828213644134,0.0,0.027638709172606468,0.0,1.4636443853378296,2.190296173095703,0.0,0.0
189,game_cfm_raw,1.0,0.0,1.0,0.347927735374839,0.006616974249482155,0.023982463404536247,0.030319619923830032,1.4689558744430542,2.3415026664733887,0.0,0.0
189,game_cfm_anchored,1.0,0.0,1.0,0.3379077325633226,0.0,0.0,0.02607198959950472,1.4660147382217552,2.341503233885332,0.0,0.0
189,nash_reference_hocbf,1.0,0.0,0.0,0.5433175515401085,0.0,0.02755095363534762,0.01011262814968137,1.455949432537337,2.1123584323071385,0.12885662431941924,1.1911996992812692
189,game_cfm_hocbf,1.0,0.0,0.0,0.5590421426360012,0.0,0.029357709750594194,0.01707888301975445,1.4557265385405107,2.134571798166668,0.11978221415607986,1.2385043888374367
190,nash_reference,1.0,0.0,1.0,0.3045248188184647,0.0,0.0,0.01679263822734356,1.421903371810913,2.1098477840423584,0.0,0.0
190,teacher_expert,1.0,0.0,0.0,0.4161120525539377,0.0,0.01834280788898468,0.0,1.4227644205093384,2.0790700912475586,0.0,0.0
190,game_cfm_raw,1.0,0.0,1.0,0.356502821577724,0.0031228787265717983,0.018897635862231255,0.019668694585561752,1.518338918685913,2.3647243976593018,0.0,0.0
190,game_cfm_anchored,1.0,0.0,1.0,0.35896073871253836,0.0,0.0,0.016516928140089204,1.5198076298530199,2.364721411646006,0.0,0.0
190,nash_reference_hocbf,1.0,0.0,0.0,0.5189521568566915,0.0,0.018228452306238256,0.01124666610496094,1.4117933983318678,1.9648858644376301,0.17967332123411978,0.7777824562211444
190,game_cfm_hocbf,1.0,0.0,0.0,0.5440564860631082,0.0,0.016485388392361768,0.01756296067200818,1.4841425408002948,2.0821078306163896,0.15063520871143377,0.7326200855364169
191,nash_reference,1.0,0.0,1.0,0.30707862363173566,0.0,0.0,0.018861515447497368,1.3070226907730103,2.110187292098999,0.0,0.0
191,teacher_expert,1.0,0.0,0.0,0.4098785713244446,0.0,0.02962212637066841,0.0,1.347022294998169,2.146514892578125,0.0,0.0
191,game_cfm_raw,1.0,0.0,0.0,0.37463996631838575,0.0031365607865154743,0.033014893531799316,0.03025580383837223,1.3064037561416626,2.269566059112549,0.0,0.0
191,game_cfm_anchored,1.0,0.0,0.0,0.3852535459063144,0.0,0.0,0.022229267428281532,1.3036247771000482,2.269565971527629,0.0,0.0
191,nash_reference_hocbf,1.0,0.0,0.0,0.5146574535753566,0.0,0.029726780607989858,0.011511189924325886,1.360289917436717,2.1069984563621964,0.14519056261343014,1.113295401512955
191,game_cfm_hocbf,1.0,0.0,0.0,0.5210867373836405,0.0,0.0278720477505293,0.016091225172108887,1.347480724504772,2.143846886431636,0.10344827586206896,1.0091634312063982
192,nash_reference,1.0,0.0,1.0,0.30242465259482026,0.0,0.0,0.020937930792570114,1.30337393283844,1.9586424827575684,0.0,0.0
192,teacher_expert,1.0,0.0,0.0,0.41307955088338255,0.0,0.031926002353429794,0.0,1.2861244678497314,1.9612445831298828,0.0,0.0
192,game_cfm_raw,1.0,0.0,1.0,0.33222237264472304,0.002300584688782692,0.024757690727710724,0.021283060312271118,1.4338455200195312,2.1783618927001953,0.0,0.0
192,game_cfm_anchored,1.0,0.0,1.0,0.32944275076233587,0.0,0.0,0.022305886213279197,1.4344976722180014,2.1783577720236718,0.0,0.0
192,nash_reference_hocbf,1.0,0.0,0.0,0.5018288065080053,0.0,0.03193529899395804,0.011473451424861515,1.2757181030309201,1.9028715103434857,0.20689655172413793,0.7637245623027349
192,game_cfm_hocbf,1.0,0.0,0.0,0.5022319911091452,0.0,0.03269255904583395,0.018971955527366535,1.4004109428787463,2.0614946983568507,0.17604355716878403,0.8150712363502117
193,nash_reference,1.0,0.0,1.0,0.30560084988029856,0.0,0.0,0.023038944229483604,1.37101411819458,2.2352049350738525,0.0,0.0
193,teacher_expert,1.0,0.0,0.0,0.42869510019293744,0.0,0.026366082951426506,0.0,1.3813214302062988,2.0922460556030273,0.0,0.0
193,game_cfm_raw,1.0,0.0,0.0,0.39659508063718,0.003632403677329421,0.031289443373680115,0.022339440882205963,1.3620353937149048,2.1953072547912598,0.0,0.0
193,game_cfm_anchored,1.0,0.0,0.0,0.3885613339161325,0.0,0.0,0.019308542772147188,1.3625659491383635,2.195311781436775,0.0,0.0
193,nash_reference_hocbf,1.0,0.0,0.0,0.4786061677967737,0.0,0.027386563223571525,0.014645974428201838,1.3748178321762905,1.9383379718266756,0.33030852994555354,0.7834108365072487
193,game_cfm_hocbf,1.0,0.0,0.0,0.4786061677967737,0.0,0.02844854816657628,0.016612457726951798,1.3693879490704537,1.9049786011507854,0.33212341197822143,0.6364381065423566
194,nash_reference,1.0,0.0,1.0,0.2982535059680422,0.0,0.0,0.021873166784644127,1.2757065296173096,1.8997384309768677,0.0,0.0
194,teacher_expert,1.0,0.0,0.0,0.38551479938928096,0.0,0.03583730012178421,0.0,1.2828953266143799,1.9106770753860474,0.0,0.0
194,game_cfm_raw,1.0,0.0,0.0,0.3798703405266936,0.004573170095682144,0.022303365170955658,0.028644802048802376,1.3645002841949463,2.0081076622009277,0.0,0.0
194,game_cfm_anchored,1.0,0.0,0.0,0.3779027131488072,0.0,0.0,0.02422203788802471,1.3659439553321762,2.0081097172041202,0.0,0.0
194,nash_reference_hocbf,1.0,0.0,0.0,0.498977387419037,0.0,0.035890745950938586,0.013024704411915273,1.2764300138897455,1.8442985518166823,0.2776769509981851,0.5761896601881628
194,game_cfm_hocbf,1.0,0.0,0.0,0.515063859121764,0.0,0.037099388360135765,0.016872525100091428,1.3305319076628108,1.796310522728655,0.18148820326678766,0.5956396993947183
195,nash_reference,1.0,0.0,1.0,0.3052710257398839,0.0,0.0,0.019459625706076622,1.4056261777877808,2.062263250350952,0.0,0.0
195,teacher_expert,1.0,0.0,0.0,0.4388914095021244,0.0,0.022950809448957443,0.0,1.4346590042114258,2.087574005126953,0.0,0.0
195,game_cfm_raw,1.0,0.0,0.0,0.399321311839356,0.004071076866239309,0.027571305632591248,0.012815550900995731,1.4028494358062744,2.2883262634277344,0.0,0.0
195,game_cfm_anchored,1.0,0.0,0.0,0.3959461706252856,0.0,0.0,0.012103346645845727,1.406971992804799,2.2883236995404865,0.0,0.0
195,nash_reference_hocbf,1.0,0.0,0.0,0.5382376787128756,0.0,0.022886825381327032,0.012093713976376548,1.4114967957233766,2.0219688442061177,0.22141560798548093,0.8309877287585741
195,game_cfm_hocbf,1.0,0.0,0.0,0.5366946806779115,0.0,0.023542178540311653,0.014276769916110132,1.3957010978981845,2.0405181317349883,0.1851179673321234,0.5393473138938434
196,nash_reference,1.0,0.0,1.0,0.3007269175496007,0.0,0.0,0.016580870375037193,1.2667615413665771,1.6730257272720337,0.0,0.0
196,teacher_expert,1.0,0.0,0.0,0.39537359539297107,0.0,0.02548786625266075,0.0,1.2959935665130615,1.6601130962371826,0.0,0.0
196,game_cfm_raw,1.0,0.0,0.0,0.3611747803055896,0.0033861193805933,0.032107967883348465,0.029887285083532333,1.2614933252334595,2.4679770469665527,0.0,0.0
196,game_cfm_anchored,1.0,0.0,0.0,0.3633786508901098,0.0,0.0,0.02098320884627078,1.2611945705254908,2.4679583100077314,0.0,0.0
196,nash_reference_hocbf,1.0,0.0,0.0,0.5064333758751585,0.0,0.02575816596206651,0.01293392569578461,1.293843014189194,1.6319630703231482,0.23774954627949182,0.8008965328522594
196,game_cfm_hocbf,1.0,0.0,0.0,0.5042079270609051,0.0,0.02427429064123434,0.015172571143475347,1.2759434442783164,1.660458378570631,0.23774954627949182,0.6278834925928907
197,nash_reference,1.0,0.0,1.0,0.3050884774115627,0.0,0.0,0.014908253215253353,1.4965662956237793,2.2733654975891113,0.0,0.0
197,teacher_expert,1.0,0.0,0.0,0.4037760183239016,0.0,0.018542485311627388,0.0,1.4960379600524902,2.2824056148529053,0.0,0.0
197,game_cfm_raw,1.0,0.0,1.0,0.3103225189875079,0.004498083144426346,0.03317122906446457,0.01838361658155918,1.488171935081482,2.3229730129241943,0.0,0.0
197,game_cfm_anchored,1.0,0.0,1.0,0.32783850682506455,0.0,0.0,0.012850278846008008,1.4922375518049589,2.322970966914646,0.0,0.0
197,nash_reference_hocbf,1.0,0.0,0.0,0.505461266209002,0.0,0.01847097615690368,0.012442536849061742,1.4817922871035711,2.1249814639221394,0.2159709618874773,0.7665021822758604
197,game_cfm_hocbf,1.0,0.0,0.0,0.5019839280872551,0.0,0.017408618734616053,0.01977514072442825,1.4847988547032647,2.1176930054781935,0.24863883847549909,0.6984655159123582
198,nash_reference,1.0,0.0,1.0,0.30247268560853835,0.0,0.0,0.02415727823972702,1.329214334487915,2.0901591777801514,0.0,0.0
198,teacher_expert,1.0,0.0,0.0,0.4411316432930096,0.0,0.0348716638982296,0.0,1.357038974761963,2.1225666999816895,0.0,0.0
198,game_cfm_raw,1.0,0.0,0.0,0.40306585146993273,0.0038409188855439425,0.026222143322229385,0.02506774291396141,1.3101047277450562,2.0924746990203857,0.0,0.0
198,game_cfm_anchored,1.0,0.0,0.0,0.39537602499728813,0.0,0.0,0.020584503606206554,1.3123570092781718,2.0924695830317472,0.0,0.0
198,nash_reference_hocbf,1.0,0.0,0.0,0.5350080253587778,0.0,0.034722535422836584,0.010249549100000584,1.3427030281391914,2.0295379924861976,0.12704174228675136,0.9742257292788326
198,game_cfm_hocbf,1.0,0.0,0.0,0.5422188732848913,0.0,0.035387101239952264,0.012991024217302973,1.3317790010441908,2.022340410827143,0.11252268602540835,0.5451914843725926
199,nash_reference,1.0,0.0,1.0,0.31296483398241637,0.0,0.0,0.017262205481529236,1.469416856765747,2.3666586875915527,0.0,0.0
199,teacher_expert,1.0,0.0,0.0,0.4433577947899445,0.0,0.014354275539517403,0.0,1.471213459968567,2.3311829566955566,0.0,0.0
199,game_cfm_raw,1.0,0.0,1.0,0.3481131569540748,0.0041464767418801785,0.02991928532719612,0.024590257555246353,1.5728464126586914,2.246973991394043,0.0,0.0
199,game_cfm_anchored,1.0,0.0,0.0,0.3679172401148781,0.0,0.0,0.017929122979995552,1.577408757886577,2.2469682361201366,0.0,0.0
199,nash_reference_hocbf,1.0,0.0,0.0,0.5389126864896071,0.0,0.014177758052539005,0.010426314897943276,1.4581677393045611,2.143504056139515,0.1705989110707804,0.8912798241584384
199,game_cfm_hocbf,1.0,0.0,0.0,0.5669973340647146,0.0,0.013812822917526498,0.018948086410082512,1.5653910446958021,2.133189316879389,0.147005444646098,0.8557431942893522
200,nash_reference,1.0,0.0,1.0,0.27648442625764486,0.0,0.0,0.022570380941033363,1.2441473007202148,1.8150593042373657,0.0,0.0
200,teacher_expert,1.0,0.0,0.0,0.40940133138088763,0.0,0.024528877809643745,0.0,1.2477035522460938,1.8276091814041138,0.0,0.0
200,game_cfm_raw,1.0,0.0,1.0,0.3210886199996165,0.006397726945579052,0.033165737986564636,0.0192911084741354,1.2561919689178467,1.8351258039474487,0.0,0.0
200,game_cfm_anchored,1.0,0.0,1.0,0.30155373988240886,0.0,0.0,0.021453892616087145,1.2583213085263962,1.8351236579349812,0.0,0.0
200,nash_reference_hocbf,1.0,0.0,0.0,0.4924843462563834,0.0,0.028496325086658947,0.0209449639799262,1.2153174916622649,1.7607711876190337,0.6116152450090744,0.5942131817945611
200,game_cfm_hocbf,1.0,0.0,0.0,0.4933293251067327,0.0,0.031600583900458654,0.023644054788326287,1.2145067800478577,1.70853992184282,0.5970961887477314,0.6079247222528519
201,nash_reference,1.0,0.0,1.0,0.2981799255177713,0.0,0.0,0.02025575377047062,1.206516981124878,1.7061238288879395,0.0,0.0
201,teacher_expert,1.0,0.0,0.0,0.4080698671546897,0.0,0.029260404407978058,0.0,1.2330774068832397,1.7269543409347534,0.0,0.0
201,game_cfm_raw,1.0,0.0,1.0,0.30412386883079195,0.005686087533831596,0.015454398468136787,0.022925805300474167,1.275614857673645,1.9144790172576904,0.0,0.0
201,game_cfm_anchored,1.0,0.0,1.0,0.30994553719789353,0.0,0.0,0.0203490044874813,1.2737833231309867,1.9144781836583367,0.0,0.0
201,nash_reference_hocbf,1.0,0.0,0.0,0.5163832330822193,0.0,0.02922031636988045,0.012101474116589411,1.2485047438396024,1.7078235768956973,0.15970961887477314,0.9458264858214132
201,game_cfm_hocbf,1.0,0.0,0.0,0.5158546620650502,0.0,0.029446818573182154,0.018838843793824767,1.300424658403182,1.8117463609458917,0.15245009074410162,0.9389952903445882
202,nash_reference,1.0,0.0,1.0,0.30006165646825694,0.0,0.0,0.022232836112380028,1.2848551273345947,1.9770476818084717,0.0,0.0
202,teacher_expert,1.0,0.0,0.0,0.41837467687719404,0.0,0.027786530554294586,0.0,1.309363842010498,1.9944149255752563,0.0,0.0
202,game_cfm_raw,1.0,0.0,1.0,0.3281981317459822,0.004225685261189938,0.034787047654390335,0.02464413084089756,1.3125717639923096,1.897559642791748,0.0,0.0
202,game_cfm_anchored,1.0,0.0,1.0,0.30189620857252814,0.0,0.0,0.02316544036165837,1.3079579954335887,1.8975586552299046,0.0,0.0
202,nash_reference_hocbf,1.0,0.0,0.0,0.5194511349249562,0.0,0.02773168852069249,0.011153646379851645,1.2957856794946963,1.9214107640191183,0.14156079854809436,0.9407226164968796
202,game_cfm_hocbf,1.0,0.0,0.0,0.5233720869315245,0.0,0.028742596942711075,0.013674858641175701,1.3203747425635102,1.9350379452754563,0.14337568058076225,0.9430315144085762
203,nash_reference,1.0,0.0,1.0,0.3420341317125452,0.0,0.0,0.014796942472457886,1.436937928199768,2.1452956199645996,0.0,0.0
203,teacher_expert,1.0,0.0,0.0,0.41126304941597547,0.0,0.024078331887722015,0.0,1.4324265718460083,2.1524088382720947,0.0,0.0
203,game_cfm_raw,1.0,0.0,1.0,0.34601865809608057,0.0036858809180557728,0.026899700984358788,0.01989913173019886,1.4604341983795166,2.2175426483154297,0.0,0.0
203,game_cfm_anchored,1.0,0.0,1.0,0.3587532459965198,0.0,0.0,0.0156557852903386,1.4663147797488896,2.217542004976374,0.0,0.0
203,nash_reference_hocbf,1.0,0.0,0.0,0.4878290461841945,0.0,0.023969734226291416,0.011673737559318791,1.4176208475801413,2.0731359356678687,0.294010889292196,0.5396429707169635
203,game_cfm_hocbf,1.0,0.0,0.0,0.4878290461841945,0.0,0.0244368554550927,0.015553548116114283,1.3897904332270383,1.9967253355494845,0.33575317604355714,0.5094381606531072
204,nash_reference,1.0,0.0,1.0,0.29583153678578067,0.0,0.0,0.01310573611408472,1.2652232646942139,1.7797917127609253,0.0,0.0
204,teacher_expert,1.0,0.0,0.0,0.3740133723301811,0.0,0.017519062384963036,0.0,1.259761095046997,1.7695484161376953,0.0,0.0
204,game_cfm_raw,1.0,0.0,1.0,0.3552123740792557,0.003437767270952463,0.026844928041100502,0.014590615406632423,1.2897961139678955,1.8237428665161133,0.0,0.0
204,game_cfm_anchored,1.0,0.0,1.0,0.34069570338669264,0.0,0.0,0.011197642485084616,1.2880121365212147,1.8237445623330786,0.0,0.0
204,nash_reference_hocbf,1.0,0.0,0.0,0.49407768603894775,0.0,0.017665851367103705,0.015354389937615587,1.264713708398051,1.713573639419408,0.308529945553539,0.5880978953279247
204,game_cfm_hocbf,1.0,0.0,0.0,0.495952461288135,0.0,0.016843408420238733,0.016851262049164158,1.279511684440712,1.7934325574187646,0.23774954627949182,0.5926535493249896
205,nash_reference,1.0,0.0,1.0,0.30354887970221456,0.0,0.0,0.01969613879919052,1.3814857006072998,2.001701831817627,0.0,0.0
205,teacher_expert,1.0,0.0,0.0,0.41839707499318823,0.0,0.027525853365659714,0.0,1.3932158946990967,2.0151803493499756,0.0,0.0
205,game_cfm_raw,1.0,0.0,1.0,0.33834353419642604,0.004834000486880541,0.023275651037693024,0.025319697335362434,1.3656821250915527,2.4550981521606445,0.0,0.0
205,game_cfm_anchored,1.0,0.0,1.0,0.3264900579666278,0.0,0.0,0.0217805459395254,1.3630371347107826,2.455095172501059,0.0,0.0
205,nash_reference_hocbf,1.0,0.0,0.0,0.4987287285296399,0.0,0.0274204281391487,0.01217033468940277,1.3865937239244286,1.980209155377148,0.27041742286751363,0.6219292861619778
205,game_cfm_hocbf,1.0,0.0,0.0,0.5031567040977575,0.0,0.026053666228006877,0.020129673590438935,1.3434896107800045,2.165511488948014,0.20689655172413793,0.7093010305286566
206,nash_reference,1.0,0.0,1.0,0.3098830137013161,0.0,0.0,0.020457342267036438,1.504698395729065,2.2253684997558594,0.0,0.0
206,teacher_expert,1.0,0.0,0.0,0.4232013929620817,0.0,0.033515721559524536,0.0,1.5456830263137817,2.264739513397217,0.0,0.0
206,game_cfm_raw,1.0,0.0,0.0,0.39132910773753793,0.0028165671974420547,0.009203181602060795,0.020076358690857887,1.5560839176177979,2.390507221221924,0.0,0.0
206,game_cfm_anchored,1.0,0.0,0.0,0.38884590976007627,0.0,0.0,0.019917790252158077,1.5565103016411748,2.3905060638432833,0.0,0.0
206,nash_reference_hocbf,1.0,0.0,0.0,0.5115268886532205,0.0,0.03355293852062923,0.012012875854113444,1.5391110638549719,2.1621752835304906,0.22686025408348456,0.9007947159388103
206,game_cfm_hocbf,1.0,0.0,0.0,0.5112999046099266,0.0,0.0331394286626371,0.0187865496196949,1.5804694940461772,2.2172479227343795,0.24682395644283123,0.6264977906254762
207,nash_reference,1.0,0.0,1.0,0.3047326847421129,0.0,0.0,0.015756113454699516,1.4434376955032349,2.4011740684509277,0.0,0.0
207,teacher_expert,1.0,0.0,0.0,0.3928536943149521,0.0,0.024283915758132935,0.0,1.4388459920883179,2.4129912853240967,0.0,0.0
207,game_cfm_raw,1.0,0.0,0.0,0.42178592690258765,0.0022174406331032515,0.015912361443042755,0.011639334261417389,1.4381518363952637,2.528332471847534,0.0,0.0
207,game_cfm_anchored,1.0,0.0,0.0,0.4266156494494295,0.0,0.0,0.012746597207896013,1.4385868917552505,2.5283339541114374,0.0,0.0
207,nash_reference_hocbf,1.0,0.0,0.0,0.4964337825724269,0.0,0.0243341405981986,0.012041768945375942,1.4201259082420616,2.2907812122904305,0.20326678765880218,0.7638171811835324
207,game_cfm_hocbf,1.0,0.0,0.0,0.49515125698514467,0.0,0.024945899057294767,0.013500326202797,1.4055133274790637,2.2389458962041204,0.18148820326678766,0.39032326516717736
208,nash_reference,1.0,0.0,1.0,0.29597294428056425,0.0,0.0,0.018664246425032616,1.1014983654022217,1.5429273843765259,0.0,0.0
208,teacher_expert,1.0,0.0,0.0,0.38586808713493403,0.0,0.02688402682542801,0.0,1.0994492769241333,1.4911344051361084,0.0,0.0
208,game_cfm_raw,1.0,0.0,1.0,0.33129708183970813,0.0034954713191837072,0.030473146587610245,0.01947324350476265,1.0973314046859741,1.4882694482803345,0.0,0.0
208,game_cfm_anchored,1.0,0.0,1.0,0.34716207250288045,0.0,0.0,0.01634499820659923,1.1006302122493745,1.4882675056453012,0.0,0.0
208,nash_reference_hocbf,1.0,0.0,0.0,0.47689302308389914,0.0,0.030255945355723506,0.0188327343606223,1.1023030741874082,1.5004230377667929,0.647912885662432,0.4442921376283284
208,game_cfm_hocbf,1.0,0.0,0.0,0.47689302308389914,0.0,0.030912598821971775,0.021987596802183124,1.09082783007397,1.4164666604597704,0.6642468239564429,0.4323133865912587
209,nash_reference,1.0,0.0,1.0,0.30702848434525204,0.0,0.0,0.02556813322007656,1.4797563552856445,2.597566843032837,0.0,0.0
209,teacher_expert,1.0,0.0,0.0,0.36948239527174287,0.0,0.046642933040857315,0.0,1.4589617252349854,2.5520753860473633,0.0,0.0
209,game_cfm_raw,1.0,0.0,1.0,0.35092898385152943,0.004688622895628214,0.03238140046596527,0.03886258602142334,1.5133349895477295,2.654963970184326,0.0,0.0
209,game_cfm_anchored,1.0,0.0,1.0,0.33523532304318704,0.0,0.0,0.030682870892624437,1.5074169442461816,2.654969619818511,0.0,0.0
209,nash_reference_hocbf,1.0,0.0,0.0,0.4877655584939336,0.0,0.04655047136579696,0.022190358477747453,1.4615655541712167,2.293456734041665,0.4029038112522686,0.8364046751421514
209,game_cfm_hocbf,1.0,0.0,0.0,0.4915381134331283,0.0,0.046515613840825434,0.02156760102294764,1.4900924580416481,2.3577226247864775,0.32849364791288566,0.8287787314371541
210,nash_reference,1.0,0.0,1.0,0.3000912179700751,0.0,0.0,0.020647607743740082,1.288476586341858,2.1055803298950195,0.0,0.0
210,teacher_expert,1.0,0.0,0.0,0.424211632140785,0.0,0.029894383624196053,0.0,1.3015499114990234,2.141616106033325,0.0,0.0
210,game_cfm_raw,1.0,0.0,0.0,0.39703271748318075,0.005199418403208256,0.027612589299678802,0.019484659656882286,1.2827552556991577,2.1697158813476562,0.0,0.0
210,game_cfm_anchored,1.0,0.0,0.0,0.388949399012646,0.0,0.0,0.016655562370918895,1.283091065871404,2.1697172273626992,0.0,0.0
210,nash_reference_hocbf,1.0,0.0,0.0,0.5210025869861289,0.0,0.02979285649286223,0.010764175093333522,1.2854159163074166,2.0284052067575415,0.13611615245009073,0.9012983705627092
210,game_cfm_hocbf,1.0,0.0,0.0,0.5257260742446227,0.0,0.028775830783021566,0.01524947028059253,1.2818155351537937,2.030074700269708,0.10526315789473684,0.5984216863084969
211,nash_reference,1.0,0.0,1.0,0.3078197185587873,0.0,0.0,0.015303346328437328,1.3419551849365234,1.89776611328125,0.0,0.0
211,teacher_expert,1.0,0.0,0.0,0.4295755674563247,0.0,0.009899547323584557,0.0,1.3677246570587158,1.921935796737671,0.0,0.0
211,game_cfm_raw,1.0,0.0,1.0,0.307250541325521,0.00481199286878109,0.028182916343212128,0.023266855627298355,1.35292387008667,1.9800477027893066,0.0,0.0
211,game_cfm_anchored,1.0,0.0,1.0,0.2925687609124209,0.0,0.0,0.019198670672416727,1.3556501376571286,1.980051168469946,0.0,0.0
211,nash_reference_hocbf,1.0,0.0,0.0,0.5301678265320744,0.0,0.00985275893685881,0.01135620284869719,1.3666389260802987,1.8778588846577446,0.19782214156079855,0.8448245417043758
211,game_cfm_hocbf,1.0,0.0,0.0,0.5305644988193907,0.0,0.01123623895964429,0.01546104093770586,1.3751726982585444,1.8493850440071342,0.20689655172413793,0.8760998556967435
212,nash_reference,1.0,0.0,1.0,0.3151886751407341,0.0,0.0,0.015358809381723404,1.585422158241272,2.505582094192505,0.0,0.0
212,teacher_expert,1.0,0.0,0.0,0.4233630147970904,0.0,0.014199674129486084,0.0,1.577423334121704,2.4645910263061523,0.0,0.0
212,game_cfm_raw,1.0,0.0,0.0,0.4208283322136223,0.0026097623631358147,0.023347003385424614,0.01915978081524372,1.5886237621307373,2.6037368774414062,0.0,0.0
212,game_cfm_anchored,1.0,0.0,0.0,0.41582831315560287,0.0,0.0,0.013716253452462215,1.5876240704362785,2.603739304254752,0.0,0.0
212,nash_reference_hocbf,1.0,0.0,0.0,0.5191933630854537,0.0,0.014185889475742995,0.011177809128347753,1.562290047728975,2.309215108145288,0.22686025408348456,0.8027885299868964
212,game_cfm_hocbf,1.0,0.0,0.0,0.5282909342959683,0.0,0.014856687562033542,0.015812823871256727,1.5483122327089385,2.390811883874049,0.19419237749546278,0.5486668751594742
213,nash_reference,1.0,0.0,1.0,0.30807012626023056,0.0,0.0,0.021228211000561714,1.403743863105774,2.16359281539917,0.0,0.0
213,teacher_expert,1.0,0.0,0.0,0.41662326598091926,0.0,0.0328352190554142,0.0,1.4171286821365356,2.1761462688446045,0.0,0.0
213,game_cfm_raw,1.0,0.0,1.0,0.3451925974000778,0.004123999737203121,0.03346491605043411,0.03559177368879318,1.4011025428771973,2.193742513656616,0.0,0.0
213,game_cfm_anchored,1.0,0.0,1.0,0.33262628452108406,0.0,0.0,0.02848056095816949,1.3997168123330601,2.1937417998218574,0.0,0.0
213,nash_reference_hocbf,1.0,0.0,0.0,0.5188815888741845,0.0,0.03281446866709711,0.011140661837104616,1.4270907846807028,2.096293950365876,0.14156079854809436,1.1047377882231968
213,game_cfm_hocbf,1.0,0.0,0.0,0.5208400692697644,0.0,0.031139537763016926,0.019314466132040294,1.421686975908784,2.1645088339233696,0.13430127041742287,1.0222279451007188
214,nash_reference,1.0,0.0,1.0,0.2963719746451679,0.0,0.0,0.02086026780307293,1.2744779586791992,1.6372723579406738,0.0,0.0
214,teacher_expert,1.0,0.0,0.0,0.41115289795241844,0.0,0.030937496572732925,0.0,1.2964749336242676,1.6519776582717896,0.0,0.0
214,game_cfm_raw,1.0,0.0,1.0,0.3140363450346187,0.0025868788361549377,0.030349457636475563,0.024315258488059044,1.3095256090164185,2.1215591430664062,0.0,0.0
214,game_cfm_anchored,1.0,0.0,1.0,0.30064772151580443,0.0,0.0,0.021807593323137565,1.3155783455260845,2.1215635174938168,0.0,0.0
214,nash_reference_hocbf,1.0,0.0,0.0,0.485929440069867,0.0,0.022099688911210714,0.019023179917835052,1.2525382578345272,1.6090880982092666,0.5989110707803993,0.4688020095705408
214,game_cfm_hocbf,1.0,0.0,0.0,0.4862771014868208,0.0,0.021812272783825637,0.025186172721537548,1.2602926875747609,2.0299191852640006,0.5390199637023594,0.5219211948281963
215,nash_reference,1.0,0.0,1.0,0.29673793205124543,0.0,0.0,0.016746964305639267,1.273126244544983,1.8741685152053833,0.0,0.0
215,teacher_expert,1.0,0.0,0.0,0.36388619995063193,0.0,0.02892749197781086,0.0,1.2657036781311035,1.8363635540008545,0.0,0.0
215,game_cfm_raw,1.0,0.0,1.0,0.3522811180647752,0.007292894646525383,0.022580165416002274,0.023640604689717293,1.2573882341384888,1.9148752689361572,0.0,0.0
215,game_cfm_anchored,1.0,0.0,1.0,0.34211575211786116,0.0,0.0,0.020248518515673396,1.2540558511976772,1.9148763697292284,0.0,0.0
215,nash_reference_hocbf,1.0,0.0,0.0,0.49150855069120963,0.0,0.029337489537563453,0.020307392800174923,1.2677812056493203,1.7471073476155456,0.3466424682395644,0.7096458356782929
215,game_cfm_hocbf,1.0,0.0,0.0,0.49115793302730426,0.0,0.027799852932602793,0.01969718463250112,1.2564941232089393,1.721883003796108,0.35208711433756806,0.585526258791551
216,nash_reference,1.0,0.0,1.0,0.30003631714097984,0.0,0.0,0.013045546598732471,1.2261043787002563,1.6404162645339966,0.0,0.0
216,teacher_expert,1.0,0.0,0.0,0.406751463651305,0.0,0.010096450336277485,0.0,1.2515805959701538,1.64254629611969,0.0,0.0
216,game_cfm_raw,1.0,0.0,1.0,0.35407249338973334,0.00458336528390646,0.018525362014770508,0.014046884141862392,1.2502366304397583,1.8046940565109253,0.0,0.0
216,game_cfm_anchored,1.0,0.0,1.0,0.3480939803084112,0.0,0.0,0.010476703378858383,1.2506044631947113,1.8046921474255815,0.0,0.0
216,nash_reference_hocbf,1.0,0.0,0.0,0.5152964929946342,0.0,0.009968323207240923,0.01213284413664552,1.2649160279295368,1.6285536943838783,0.15970961887477314,0.9548517815919524
216,game_cfm_hocbf,1.0,0.0,0.0,0.5162800586989981,0.0,0.009887074366323332,0.01391211058010237,1.268208729968329,1.6129285582754014,0.1542649727767695,0.7475861668320753
217,nash_reference,1.0,0.0,1.0,0.3061111334161607,0.0,0.0,0.027451643720269203,1.3314849138259888,2.175039768218994,0.0,0.0
217,teacher_expert,1.0,0.0,0.0,0.42805843746046285,0.0,0.040117695927619934,0.0,1.3399635553359985,2.185577392578125,0.0,0.0
217,game_cfm_raw,1.0,0.0,1.0,0.3243063144888003,0.0017606050241738558,0.03183331713080406,0.032352514564991,1.3827428817749023,2.3075499534606934,0.0,0.0
217,game_cfm_anchored,1.0,0.0,1.0,0.31544406391238416,0.0,0.0,0.027836793254934544,1.3811332515335908,2.3075458781797002,0.0,0.0
217,nash_reference_hocbf,1.0,0.0,0.0,0.5269098047014804,0.0,0.04017188455169125,0.010759251666448038,1.3509117478248809,2.1296411771554173,0.13793103448275862,0.9634309937401216
217,game_cfm_hocbf,1.0,0.0,0.0,0.528242168063279,0.0,0.038963319907014356,0.016377565743928617,1.3121230275933702,2.092855326293683,0.13793103448275862,0.934470514456519
218,nash_reference,1.0,0.0,1.0,0.30146714542419156,0.0,0.0,0.017904242500662804,1.4200502634048462,2.1100454330444336,0.0,0.0
218,teacher_expert,1.0,0.0,0.0,0.41769899721140147,0.0,0.024971839040517807,0.0,1.4542001485824585,2.1419179439544678,0.0,0.0
218,game_cfm_raw,1.0,0.0,0.0,0.38131770099722656,0.002900386694818735,0.03027983382344246,0.021153908222913742,1.447426438331604,2.207089424133301,0.0,0.0
218,game_cfm_anchored,1.0,0.0,0.0,0.3937495663993742,0.0,0.0,0.01626934065625766,1.441694097155029,2.20708902166177,0.0,0.0
218,nash_reference_hocbf,1.0,0.0,0.0,0.5219023841258207,0.0,0.025000104439278588,0.011674105369248417,1.465555157941223,2.112354171883609,0.15063520871143377,1.1169606115254593
218,game_cfm_hocbf,1.0,0.0,0.0,0.5198479829158733,0.0,0.02631492429171635,0.01542624778847475,1.4788688236039942,2.147937365462177,0.1542649727767695,0.6548464008297535
219,nash_reference,1.0,0.0,1.0,0.3050102312039842,0.0,0.0,0.019831039011478424,1.2747046947479248,2.053997278213501,0.0,0.0
219,teacher_expert,1.0,0.0,0.0,0.39379627209843704,0.0,0.03452932834625244,0.0,1.2784898281097412,2.0735268592834473,0.0,0.0
219,game_cfm_raw,1.0,0.0,0.0,0.38621493982045313,0.004275334533303976,0.022828221321105957,0.027097733691334724,1.354897141456604,2.1203293800354004,0.0,0.0
219,game_cfm_anchored,1.0,0.0,0.0,0.3718041263551705,0.0,0.0,0.024013424848344317,1.35296268813136,2.12033281959149,0.0,0.0
219,nash_reference_hocbf,1.0,0.0,0.0,0.4916932445916038,0.0,0.032186483329719615,0.015298655174461504,1.2660638237339792,1.9993931638268727,0.5698729582577132,0.43968508564454023
219,game_cfm_hocbf,1.0,0.0,0.0,0.492287025633605,0.0,0.030885452565738006,0.02295840448458978,1.33777339311008,2.0727995825285306,0.47186932849364793,0.48772192514580565
220,nash_reference,1.0,0.0,1.0,0.2985614841268247,0.0,0.0,0.01713450253009796,1.2524347305297852,1.7557039260864258,0.0,0.0
220,teacher_expert,1.0,0.0,0.0,0.38328141494449713,0.0,0.02769036963582039,0.0,1.2383288145065308,1.7494101524353027,0.0,0.0
220,game_cfm_raw,1.0,0.0,1.0,0.3598822514210423,0.0038542652036994696,0.02548852562904358,0.020690979436039925,1.259078860282898,1.9254648685455322,0.0,0.0
220,game_cfm_anchored,1.0,0.0,1.0,0.34892247602407145,0.0,0.0,0.01759023415492055,1.2606515119738262,1.9254661227972405,0.0,0.0
220,nash_reference_hocbf,1.0,0.0,0.0,0.49894682860916967,0.0,0.027741795615215635,0.013159771188904448,1.231089000496081,1.690224407606941,0.18148820326678766,0.893689019560894
220,game_cfm_hocbf,1.0,0.0,0.0,0.5038411857086729,0.0,0.02702516753189175,0.0158365915757038,1.2533977222359782,1.7923003056776285,0.13430127041742287,0.8980719641786058
221,nash_reference,1.0,0.0,1.0,0.3005493459691833,0.0,0.0,0.016187438741326332,1.4838460683822632,2.210293769836426,0.0,0.0
221,teacher_expert,1.0,0.0,0.0,0.3923978715817209,0.0,0.022770222276449203,0.0,1.492111325263977,2.183922052383423,0.0,0.0
221,game_cfm_raw,1.0,0.0,1.0,0.34984188913011494,0.0025395317934453487,0.014957794919610023,0.014505403116345406,1.486997365951538,2.250775098800659,0.0,0.0
221,game_cfm_anchored,1.0,0.0,1.0,0.35544938871353854,0.0,0.0,0.014154925382887828,1.4877935333356542,2.2507687974520127,0.0,0.0
221,nash_reference_hocbf,1.0,0.0,0.0,0.4979049990266934,0.0,0.022674360590911727,0.020855152786403503,1.4876578968395409,2.0877641437369285,0.35390199637023595,0.7573406587217965
221,game_cfm_hocbf,1.0,0.0,0.0,0.5051930492893989,0.0,0.021851135258702196,0.01976528780214421,1.5102254733367702,2.1177571939785547,0.27041742286751363,0.8935710652222384
222,nash_reference,1.0,0.0,1.0,0.30300206568538673,0.0,0.0,0.015982605516910553,1.3805338144302368,1.9188555479049683,0.0,0.0
222,teacher_expert,1.0,0.0,0.0,0.4068618642561191,0.0,0.019333506003022194,0.0,1.3783793449401855,1.9472311735153198,0.0,0.0
222,game_cfm_raw,1.0,0.0,1.0,0.3525544974546004,0.0037529636174440384,0.015904625877738,0.014368773438036442,1.4149386882781982,1.9580841064453125,0.0,0.0
222,game_cfm_anchored,1.0,0.0,1.0,0.35031851725294666,0.0,0.0,0.015069785909021484,1.4161244979777108,1.9580848264436879,0.0,0.0
222,nash_reference_hocbf,1.0,0.0,0.0,0.514076952593164,0.0,0.01935954402595786,0.011868280190567893,1.368636801718902,1.9221206927877326,0.1542649727767695,0.9982065511742367
222,game_cfm_hocbf,1.0,0.0,0.0,0.532377011850036,0.0,0.019136040154977055,0.017738687248096522,1.403037251248778,1.8582456970782129,0.12341197822141561,1.0474896312807689
223,nash_reference,1.0,0.0,1.0,0.30603969886429694,0.0,0.0,0.025840966030955315,1.4242758750915527,2.2709333896636963,0.0,0.0
223,teacher_expert,1.0,0.0,0.0,0.4235044621640838,0.0,0.03832564875483513,0.0,1.4375790357589722,2.2941465377807617,0.0,0.0
223,game_cfm_raw,1.0,0.0,0.0,0.4036869695445289,0.002782772993668914,0.02099701389670372,0.02592364139854908,1.44265615940094,2.353395462036133,0.0,0.0
223,game_cfm_anchored,1.0,0.0,0.0,0.3934337604051117,0.0,0.0,0.023178868285270635,1.4410727080541805,2.353391911977294,0.0,0.0
223,nash_reference_hocbf,1.0,0.0,0.0,0.5232562567528497,0.0,0.038242160924383976,0.010837458878294482,1.4219355015943176,2.197033504308652,0.13793103448275862,1.0333664468863724
223,game_cfm_hocbf,1.0,0.0,0.0,0.5289503555127306,0.0,0.03889850313141876,0.012987736272351797,1.4378767579118872,2.209548299538739,0.12704174228675136,0.6527853765673898
224,nash_reference,1.0,0.0,1.0,0.3010182721492896,0.0,0.0,0.016674481332302094,1.3190910816192627,1.8330532312393188,0.0,0.0
224,teacher_expert,1.0,0.0,0.0,0.38588261358582143,0.0,0.026411980390548706,0.0,1.3198974132537842,1.8425332307815552,0.0,0.0
224,game_cfm_raw,1.0,0.0,1.0,0.34991434639547236,0.002718874718993902,0.02015950158238411,0.017187977209687233,1.3766260147094727,2.009254217147827,0.0,0.0
224,game_cfm_anchored,1.0,0.0,1.0,0.35157150716264457,0.0,0.0,0.017036571932999553,1.374285142792028,2.0092547394558613,0.0,0.0
224,nash_reference_hocbf,1.0,0.0,0.0,0.49882292738396933,0.0,0.02651622616339063,0.012741994249782522,1.3105328724561354,1.7806599881214031,0.1705989110707804,0.9225084103685992
224,game_cfm_hocbf,1.0,0.0,0.0,0.5141365913779601,0.0,0.026905205876185636,0.018067729442187243,1.366467195962538,1.8523335487881083,0.12341197822141561,1.0042579699701197
225,nash_reference,1.0,0.0,1.0,0.303491288798305,0.0,0.0,0.01773325726389885,1.3317450284957886,1.7354494333267212,0.0,0.0
225,teacher_expert,1.0,0.0,0.0,0.4028533722266221,0.0,0.027301998808979988,0.0,1.3505280017852783,1.7231509685516357,0.0,0.0
225,game_cfm_raw,1.0,0.0,0.0,0.39915205830147243,0.002994546666741371,0.017932716757059097,0.021309228613972664,1.329656958580017,1.7763938903808594,0.0,0.0
225,game_cfm_anchored,1.0,0.0,0.0,0.3936335393160599,0.0,0.0,0.017592252500936812,1.332457830004079,1.7763961708024898,0.0,0.0
225,nash_reference_hocbf,1.0,0.0,0.0,0.5129406152425074,0.0,0.02710920145093077,0.014768455665277264,1.303693366991613,1.692473894131708,0.24319419237749546,0.9030589677974264
225,game_cfm_hocbf,1.0,0.0,0.0,0.5126512236661332,0.0,0.027046375844580084,0.014891061273642123,1.293130105434208,1.6858366549063841,0.23593466424682397,0.6309070456116967
226,nash_reference,1.0,0.0,1.0,0.3023378978649226,0.0,0.0,0.018582284450531006,1.274585247039795,2.0277161598205566,0.0,0.0
226,teacher_expert,1.0,0.0,0.0,0.39586270590034167,0.0,0.028055228292942047,0.0,1.2840747833251953,2.0454866886138916,0.0,0.0
226,game_cfm_raw,1.0,0.0,0.0,0.3906157424706272,0.003664853051304817,0.01930970884859562,0.01132571417838335,1.2685511112213135,1.9874155521392822,0.0,0.0
226,game_cfm_anchored,1.0,0.0,0.0,0.3953353982660587,0.0,0.0,0.013327717143288722,1.2682557773627916,1.9874129692653713,0.0,0.0
226,nash_reference_hocbf,1.0,0.0,0.0,0.5027614274453975,0.0,0.028043440121817344,0.011954475846366119,1.2702258337469352,1.9611115007243316,0.15245009074410162,1.0185692995495166
226,game_cfm_hocbf,1.0,0.0,0.0,0.5057998852352172,0.0,0.02734523635809073,0.01405808347687726,1.2676997226795792,1.9335828337267624,0.11433756805807622,0.7727935199804211
227,nash_reference,1.0,0.0,1.0,0.29891595637816787,0.0,0.0,0.022273357957601547,1.3120487928390503,1.8418006896972656,0.0,0.0
227,teacher_expert,1.0,0.0,0.0,0.3986332577037265,0.0,0.03576010465621948,0.0,1.330125093460083,1.858528733253479,0.0,0.0
227,game_cfm_raw,1.0,0.0,1.0,0.3421812398243319,0.002726171165704727,0.036842651665210724,0.017855193465948105,1.33090341091156,2.019949436187744,0.0,0.0
227,game_cfm_anchored,1.0,0.0,1.0,0.3272828484356121,0.0,0.0,0.017285145594705568,1.3244472872177935,2.019951120398477,0.0,0.0
227,nash_reference_hocbf,1.0,0.0,0.0,0.5084782518853891,0.0,0.03580262754440912,0.012357648035601524,1.3189927345897705,1.795810005999553,0.16152450090744103,0.9241437909511264
227,game_cfm_hocbf,1.0,0.0,0.0,0.5102803218144841,0.0,0.03449740126162481,0.018421125422011235,1.3083616274032452,1.7639533214311274,0.1542649727767695,0.8406674238305732
228,nash_reference,1.0,0.0,1.0,0.30676497717112566,0.0,0.0,0.02148718200623989,1.563617467880249,2.3005669116973877,0.0,0.0
228,teacher_expert,1.0,0.0,0.0,0.4679776289549701,0.0,0.021120566874742508,0.0,1.5987322330474854,2.334156036376953,0.0,0.0
228,game_cfm_raw,1.0,0.0,1.0,0.3494344731167479,0.007435362320393324,0.033331066370010376,0.021984683349728584,1.6114616394042969,2.9278781414031982,0.0,0.0
228,game_cfm_anchored,1.0,0.0,1.0,0.3274540841976445,0.0,0.0,0.02110725903424508,1.6180850044922241,2.9278746105531845,0.0,0.0
228,nash_reference_hocbf,1.0,0.0,0.0,0.5503982375163807,0.0,0.020917246065238447,0.010655895511368871,1.5753262114313238,2.2715888559308404,0.20689655172413793,0.854448094711844
228,game_cfm_hocbf,1.0,0.0,0.0,0.5668178101992513,0.0,0.021809013654037836,0.018616132284440114,1.5292608400324679,2.7571911860584177,0.132486388384755,1.1157218275613503
229,nash_reference,1.0,0.0,1.0,0.2966309016214031,0.0,0.0,0.01544391643255949,1.1817255020141602,1.6964266300201416,0.0,0.0
229,teacher_expert,1.0,0.0,0.0,0.38024919211067587,0.0,0.026230517774820328,0.0,1.2147173881530762,1.7272474765777588,0.0,0.0
229,game_cfm_raw,1.0,0.0,1.0,0.34611421162647493,0.00618315301835537,0.02229035459458828,0.024814622476696968,1.2438243627548218,1.8100957870483398,0.0,0.0
229,game_cfm_anchored,1.0,0.0,1.0,0.32672336900739907,0.0,0.0,0.017956510294725208,1.2471507119964476,1.8100983429876512,0.0,0.0
229,nash_reference_hocbf,1.0,0.0,0.0,0.4963949279520539,0.0,0.02630239592571021,0.013268999727713348,1.2321252591887415,1.7033337827062698,0.5208711433756806,0.33686235597878156
229,game_cfm_hocbf,1.0,0.0,0.0,0.5006385146946538,0.0,0.025406223843219722,0.020015565295669054,1.284076385522305,1.6947022530800593,0.32123411978221417,0.4871113291005048
230,nash_reference,1.0,0.0,1.0,0.2951724281881902,0.0,0.0,0.019602889195084572,1.2291324138641357,1.7622514963150024,0.0,0.0
230,teacher_expert,1.0,0.0,0.0,0.38006587023896077,0.0,0.03263114392757416,0.0,1.2240186929702759,1.767581582069397,0.0,0.0
230,game_cfm_raw,1.0,0.0,1.0,0.3290037831818586,0.0037074838764965534,0.01713649183511734,0.025694504380226135,1.3091070652008057,1.8214775323867798,0.0,0.0
230,game_cfm_anchored,1.0,0.0,1.0,0.3274133637090088,0.0,0.0,0.02261015952423329,1.3075446186908495,1.8214745717901881,0.0,0.0
230,nash_reference_hocbf,1.0,0.0,0.0,0.4982782923818094,0.0,0.03264653631068327,0.015139851003451601,1.2182610880536562,1.7179447235764822,0.37568058076225047,0.5084591250032191
230,game_cfm_hocbf,1.0,0.0,0.0,0.5014598870758507,0.0,0.032813546063222676,0.018960909094641893,1.2915918003409914,1.7221952243229444,0.26860254083484575,0.6132267407590515
231,nash_reference,1.0,0.0,1.0,0.30239805965718475,0.0,0.0,0.024681955575942993,1.3369389772415161,1.8349381685256958,0.0,0.0
231,teacher_expert,1.0,0.0,0.0,0.41100101789576815,0.0,0.03664981573820114,0.0,1.365104079246521,1.8535419702529907,0.0,0.0
231,game_cfm_raw,1.0,0.0,0.0,0.39951071568581886,0.0013444770593196154,0.016573233529925346,0.022739991545677185,1.3600895404815674,1.7978800535202026,0.0,0.0
231,game_cfm_anchored,1.0,0.0,0.0,0.4015961401267709,0.0,0.0,0.022873093550953048,1.360868737381946,1.7978839882623094,0.0,0.0
231,nash_reference_hocbf,1.0,0.0,0.0,0.5187579573223727,0.0,0.036523397337717964,0.011978809813681258,1.3756920167709155,1.8318599898111316,0.15789473684210525,1.0235008031766357
231,game_cfm_hocbf,1.0,0.0,0.0,0.5272205281117963,0.0,0.036862592706910176,0.014593862387245405,1.3750739484397867,1.7781032686067249,0.10707803992740472,0.8533973283472595
232,nash_reference,1.0,0.0,1.0,0.3033955526212031,0.0,0.0,0.02085709385573864,1.5332152843475342,2.4159204959869385,0.0,0.0
232,teacher_expert,1.0,0.0,0.0,0.4191516127983894,0.0,0.030700337141752243,0.0,1.5433810949325562,2.4285714626312256,0.0,0.0
232,game_cfm_raw,1.0,0.0,1.0,0.3388568619622292,0.002563082380220294,0.02306983806192875,0.02409222163259983,1.553525686264038,2.552617073059082,0.0,0.0
232,game_cfm_anchored,1.0,0.0,1.0,0.3400588064044289,0.0,0.0,0.020985374343411228,1.5550804740283606,2.5526201104489976,0.0,0.0
232,nash_reference_hocbf,1.0,0.0,0.0,0.5146518434385604,0.0,0.03065888698646015,0.011291274085693671,1.5263211564230945,2.34620287050482,0.24863883847549909,0.6311050379586765
232,game_cfm_hocbf,1.0,0.0,0.0,0.5202070911511406,0.0,0.03153756247744125,0.013932505388249548,1.5338189717325794,2.2460959668748735,0.20871143375680581,0.6317931554778543
233,nash_reference,1.0,0.0,1.0,0.30402477534976374,0.0,0.0,0.025078628212213516,1.3037928342819214,1.8593924045562744,0.0,0.0
233,teacher_expert,1.0,0.0,0.0,0.4529469257786216,0.0,0.034079257398843765,0.0,1.3299823999404907,1.8904651403427124,0.0,0.0
233,game_cfm_raw,1.0,0.0,1.0,0.30502970663907375,0.004289194010198116,0.027062447741627693,0.028963614255189896,1.3772616386413574,2.1915218830108643,0.0,0.0
233,game_cfm_anchored,1.0,0.0,1.0,0.30992266984827316,0.0,0.0,0.024812314861336386,1.3785461311544358,2.1915229347744134,0.0,0.0
233,nash_reference_hocbf,1.0,0.0,0.0,0.5474192262426314,0.0,0.03401385237785567,0.010412772741383473,1.3365876577184554,1.8536345214012666,0.19600725952813067,0.7458385480665336
233,game_cfm_hocbf,1.0,0.0,0.0,0.5662183298408869,0.0,0.03413284446001446,0.018147042069309328,1.343451203716729,2.083338306409193,0.1869328493647913,0.8117554888972474
234,nash_reference,1.0,0.0,1.0,0.3051723852641518,0.0,0.0,0.015680810436606407,1.467756986618042,2.3780672550201416,0.0,0.0
234,teacher_expert,1.0,0.0,0.0,0.36017599696661806,0.0,0.03930404782295227,0.0,1.461043357849121,2.1718227863311768,0.0,0.0
234,game_cfm_raw,1.0,0.0,1.0,0.3369349027072424,0.006466776132583618,0.026750029996037483,0.020446939393877983,1.4974684715270996,2.321594476699829,0.0,0.0
234,game_cfm_anchored,1.0,0.0,1.0,0.35480079167254586,0.0,0.0,0.02035514189207983,1.499628370129211,2.3215906717192882,0.0,0.0
234,nash_reference_hocbf,1.0,0.0,0.0,0.40393173102116686,0.0,0.03720853732383927,0.02672479566408869,1.4634040505318304,2.109254991798795,0.7695099818511797,0.6725201324630166
234,game_cfm_hocbf,1.0,0.0,0.0,0.40393173102116686,0.0,0.03694642924172627,0.029194503148942622,1.5010591837898455,2.091891493178261,0.7150635208711433,0.6818705644197347
235,nash_reference,1.0,0.0,1.0,0.2945203017176817,0.0,0.0,0.015522702597081661,1.1658371686935425,1.511738657951355,0.0,0.0
235,teacher_expert,1.0,0.0,0.0,0.40146978894694607,0.0,0.018346160650253296,0.0,1.1692407131195068,1.503578782081604,0.0,0.0
235,game_cfm_raw,1.0,0.0,0.0,0.3948153012949418,0.0016478323377668858,0.0266589168459177,0.014447888359427452,1.1757107973098755,1.8438116312026978,0.0,0.0
235,game_cfm_anchored,1.0,0.0,0.0,0.39449501960595346,0.0,0.0,0.011712963706237015,1.1732035687594897,1.8438054344654182,0.0,0.0
235,nash_reference_hocbf,1.0,0.0,0.0,0.47667489116649897,0.0,0.019795403993864515,0.016683501267050625,1.178633334142587,1.5448047681882764,0.39201451905626133,0.5643329512262691
235,game_cfm_hocbf,1.0,0.0,0.0,0.47667489116649897,0.0,0.021356623245688967,0.01628267714863781,1.1767161275736153,1.5648535926411484,0.30671506352087113,0.540675816988632
236,nash_reference,1.0,0.0,1.0,0.3135938792502803,0.0,0.0,0.017458733171224594,1.5329339504241943,2.4422249794006348,0.0,0.0
236,teacher_expert,1.0,0.0,0.0,0.4503481570549342,0.0,0.019296877086162567,0.0,1.5709912776947021,2.456242322921753,0.0,0.0
236,game_cfm_raw,1.0,0.0,0.0,0.36985008551449,0.0015426166355609894,0.030565164983272552,0.01697813719511032,1.5265830755233765,2.3025617599487305,0.0,0.0
236,game_cfm_anchored,1.0,0.0,0.0,0.3778052691971326,0.0,0.0,0.013660083378010968,1.5283440909571533,2.3025580385579674,0.0,0.0
236,nash_reference_hocbf,1.0,0.0,0.0,0.5443661272162273,0.0,0.019362304245342063,0.010114246609511223,1.5777138874038559,2.3780371546676355,0.1306715063520871,1.3018674864304627
236,game_cfm_hocbf,1.0,0.0,0.0,0.5572915369461046,0.0,0.018936366347428724,0.014426678285670144,1.5679269425974278,2.2566280644540857,0.10526315789473684,1.2432422274336672
237,nash_reference,1.0,0.0,1.0,0.30026069727956556,0.0,0.0,0.017648961395025253,1.2599303722381592,1.8453408479690552,0.0,0.0
237,teacher_expert,1.0,0.0,0.0,0.3766856223343764,0.0,0.03432852774858475,0.0,1.2952244281768799,1.8820136785507202,0.0,0.0
237,game_cfm_raw,1.0,0.0,0.0,0.37975885642440144,0.004366065841168165,0.019386649131774902,0.026804838329553604,1.2714704275131226,1.9606764316558838,0.0,0.0
237,game_cfm_anchored,1.0,0.0,0.0,0.37220229293158236,0.0,0.0,0.022823672092934563,1.2718422478293425,1.960673511936442,0.0,0.0
237,nash_reference_hocbf,1.0,0.0,0.0,0.4929163877068475,0.0,0.034578809456950535,0.013073295314751574,1.3117513560702234,1.862771291649606,0.1705989110707804,1.059277871105447
237,game_cfm_hocbf,1.0,0.0,0.0,0.5019672653102583,0.0,0.034507612894565776,0.016796379079750227,1.3138196094567822,1.8437259098964967,0.13611615245009073,0.9458711476266599
238,nash_reference,1.0,0.0,1.0,0.2990573018845508,0.0,0.0,0.012743313796818256,1.257010817527771,1.6625300645828247,0.0,0.0
238,teacher_expert,1.0,0.0,0.0,0.38227666524195963,0.0,0.017816070467233658,0.0,1.2546002864837646,1.6693618297576904,0.0,0.0
238,game_cfm_raw,1.0,0.0,1.0,0.3453704203519793,0.004541975446045399,0.029941655695438385,0.021575039252638817,1.2656322717666626,1.7099146842956543,0.0,0.0
238,game_cfm_anchored,1.0,0.0,1.0,0.329015910524651,0.0,0.0,0.0161026997471918,1.2660721184834434,1.7099174490486033,0.0,0.0
238,nash_reference_hocbf,1.0,0.0,0.0,0.4973239618131038,0.0,0.017866616203279107,0.014849801719718534,1.254175804055087,1.671325657143415,0.35208711433756806,0.5983084333422465
238,game_cfm_hocbf,1.0,0.0,0.0,0.5003938953737154,0.0,0.01933723080008052,0.02144507392073262,1.2392849883693018,1.6287329863003301,0.33212341197822143,0.6019751935205916
239,nash_reference,1.0,0.0,1.0,0.30383722045887734,0.0,0.0,0.021287931129336357,1.3975013494491577,2.2743685245513916,0.0,0.0
239,teacher_expert,1.0,0.0,0.0,0.40257441980800096,0.0,0.033502835780382156,0.0,1.3967759609222412,2.2961981296539307,0.0,0.0
239,game_cfm_raw,1.0,0.0,0.0,0.38767691927791764,0.0051574124954640865,0.03866296261548996,0.03461330011487007,1.415682077407837,2.3265206813812256,0.0,0.0
239,game_cfm_anchored,1.0,0.0,0.0,0.36145643745491174,0.0,0.0,0.024676902325038816,1.408893132241394,2.326520226891527,0.0,0.0
239,nash_reference_hocbf,1.0,0.0,0.0,0.5077910404478344,0.0,0.033489883987330354,0.01149852075619481,1.3814728262573241,2.1853450914496473,0.14519056261343014,1.0648964008938275
239,game_cfm_hocbf,1.0,0.0,0.0,0.5130895631614415,0.0,0.033601284432069514,0.01689541679439674,1.381500937831286,2.141828482412521,0.12704174228675136,0.9023237106103564
240,nash_reference,1.0,0.0,1.0,0.3019754349594624,0.0,0.0,0.026565726846456528,1.3596380949020386,2.2027299404144287,0.0,0.0
240,teacher_expert,1.0,0.0,0.0,0.3818992335784876,0.0,0.048115551471710205,0.0,1.359503149986267,2.164329767227173,0.0,0.0
240,game_cfm_raw,1.0,0.0,1.0,0.321257801081604,0.004454535897821188,0.028022009879350662,0.032060395926237106,1.4218040704727173,2.162290096282959,0.0,0.0
240,game_cfm_anchored,1.0,0.0,1.0,0.333610923888724,0.0,0.0,0.029368072435088464,1.4268684440576398,2.1622885197629538,0.0,0.0
240,nash_reference_hocbf,1.0,0.0,0.0,0.49598723779590015,0.0,0.04822032337779177,0.01300887227796553,1.3480531093450125,2.024842661466435,0.21234119782214156,0.7810839494163168
240,game_cfm_hocbf,1.0,0.0,0.0,0.503145677652384,0.0,0.04726618786924153,0.0160225595719539,1.378822845369328,1.986054648512135,0.16878402903811252,0.8461316263276429
241,nash_reference,1.0,0.0,1.0,0.30336800515276,0.0,0.0,0.0230629350990057,1.3600707054138184,2.009474754333496,0.0,0.0
241,teacher_expert,1.0,0.0,0.0,0.4252103485911002,0.0,0.03396020829677582,0.0,1.389257788658142,2.0362467765808105,0.0,0.0
241,game_cfm_raw,1.0,0.0,0.0,0.40382262197627494,0.0021584935020655394,0.02146662399172783,0.02541130781173706,1.4078669548034668,2.0740253925323486,0.0,0.0
241,game_cfm_anchored,1.0,0.0,0.0,0.3934244692249871,0.0,0.0,0.020952361809192195,1.4137783169248235,2.074028184795155,0.0,0.0
241,nash_reference_hocbf,1.0,0.0,0.0,0.528285349974582,0.0,0.0339327381890465,0.011351832000281897,1.400054760459901,2.007752260969044,0.14882032667876588,1.0057024594862554
241,game_cfm_hocbf,1.0,0.0,0.0,0.5459628385967252,0.0,0.03259548174655634,0.018520704290414396,1.435225722396056,2.071905939188334,0.1161524500907441,0.8180336211426913
242,nash_reference,1.0,0.0,1.0,0.29921221227932454,0.0,0.0,0.015736786648631096,1.2767703533172607,1.7321743965148926,0.0,0.0
242,teacher_expert,1.0,0.0,0.0,0.4113681220484282,0.0,0.015012790448963642,0.0,1.277788758277893,1.730255126953125,0.0,0.0
242,game_cfm_raw,1.0,0.0,0.0,0.42023280625350395,0.003574010916054249,0.02440926805138588,0.016999701038002968,1.2841261625289917,1.8680626153945923,0.0,0.0
242,game_cfm_anchored,1.0,0.0,0.0,0.4026226745982052,0.0,0.0,0.01194691821489215,1.2816052774220397,1.8680647373736103,0.0,0.0
242,nash_reference_hocbf,1.0,0.0,0.0,0.5196322657163515,0.0,0.014582097836975626,0.01202953399497534,1.2765672251076021,1.7120800792105668,0.15970961887477314,0.9050961254305279
242,game_cfm_hocbf,1.0,0.0,0.0,0.5257854606438784,0.0,0.015856462655497002,0.01596310598163215,1.2875602941063993,1.7553484407250144,0.1397459165154265,0.5274480104817053
243,nash_reference,1.0,0.0,1.0,0.30205603494371547,0.0,0.0,0.019448090344667435,1.249048113822937,1.9505969285964966,0.0,0.0
243,teacher_expert,1.0,0.0,0.0,0.39820105426303326,0.0,0.028761018067598343,0.0,1.276725172996521,1.952255129814148,0.0,0.0
243,game_cfm_raw,1.0,0.0,0.0,0.3687731524519072,0.00339762051589787,0.0330522283911705,0.03303802013397217,1.2740415334701538,2.1158275604248047,0.0,0.0
243,game_cfm_anchored,1.0,0.0,1.0,0.3564864025161011,0.0,0.0,0.024565272550124855,1.2790048026445011,2.115829414495791,0.0,0.0
243,nash_reference_hocbf,1.0,0.0,0.0,0.506563185257765,0.0,0.061149491271621025,0.01986382184121291,1.2732684175691245,1.8780073424377923,0.6152450090744102,0.5322774603126078
243,game_cfm_hocbf,1.0,0.0,0.0,0.510468721628846,0.0,0.06093461242630848,0.02515555428083347,1.2503894780572486,1.8165905619798635,0.5862068965517241,0.49400391676131933
244,nash_reference,1.0,0.0,1.0,0.2963882953313439,0.0,0.0,0.015112023800611496,1.1538105010986328,1.684306025505066,0.0,0.0
244,teacher_expert,1.0,0.0,0.0,0.39625441916723264,0.0,0.018229078501462936,0.0,1.1634938716888428,1.7048053741455078,0.0,0.0
244,game_cfm_raw,1.0,0.0,0.0,0.36142164372085966,0.003505751257762313,0.022233616560697556,0.016440631821751595,1.1492432355880737,1.7429381608963013,0.0,0.0
244,game_cfm_anchored,1.0,0.0,0.0,0.37199261215283075,0.0,0.0,0.01297035428449887,1.1536926030079335,1.7429386165304523,0.0,0.0
244,nash_reference_hocbf,1.0,0.0,0.0,0.5097918891840733,0.0,0.01806549454296861,0.012837449554711335,1.1794722417641772,1.6885345095036213,0.17785843920145192,0.832078873836905
244,game_cfm_hocbf,1.0,0.0,0.0,0.5166721111905435,0.0,0.017048298125474946,0.016153940117971693,1.1713430307733725,1.6140732706331915,0.147005444646098,0.634850261056553
245,nash_reference,1.0,0.0,1.0,0.30270445096962395,0.0,0.0,0.02307985909283161,1.4110897779464722,2.254796266555786,0.0,0.0
245,teacher_expert,1.0,0.0,0.0,0.3899184568592197,0.0,0.0342593714594841,0.0,1.402052879333496,2.2593770027160645,0.0,0.0
245,game_cfm_raw,1.0,0.0,0.0,0.36479256486756984,0.0059615750797092915,0.04083000868558884,0.03661452978849411,1.4775300025939941,2.402202606201172,0.0,0.0
245,game_cfm_anchored,1.0,0.0,1.0,0.3419017594546724,0.0,0.0,0.02685594266912117,1.4735627384507077,2.40220225173125,0.0,0.0
245,nash_reference_hocbf,1.0,0.0,0.0,0.5041860405240303,0.0,0.034315050522344306,0.013403533965105156,1.3935227600542428,2.172733143345545,0.23774954627949182,0.7030152490690916
245,game_cfm_hocbf,1.0,0.0,0.0,0.5072855106750843,0.0,0.03129485677597339,0.01889842513824012,1.4239794304497833,2.1351615515012035,0.1560798548094374,0.8153165137453272
246,nash_reference,1.0,0.0,1.0,0.30569107111401395,0.0,0.0,0.024068523198366165,1.384935975074768,2.221620559692383,0.0,0.0
246,teacher_expert,1.0,0.0,0.0,0.4449917553493145,0.0,0.034700799733400345,0.0,1.402740240097046,2.2593882083892822,0.0,0.0
246,game_cfm_raw,1.0,0.0,0.0,0.39969663060043853,0.00346505269408226,0.03312734514474869,0.02664807066321373,1.3902931213378906,2.339986801147461,0.0,0.0
246,game_cfm_anchored,1.0,0.0,0.0,0.3961618173299632,0.0,0.0,0.022186382427038902,1.3930216758694856,2.33998589511561,0.0,0.0
246,nash_reference_hocbf,1.0,0.0,0.0,0.48677973361725174,0.0,0.034538757804906624,0.010579180687989279,1.3921324883027502,2.2126499079781548,0.19237749546279492,0.7406167438733406
246,game_cfm_hocbf,1.0,0.0,0.0,0.48677973361725174,0.0,0.03594761623467492,0.013328324107905017,1.3941797404503,2.2210037851575124,0.17422867513611615,0.4956511054495431
247,nash_reference,1.0,0.0,1.0,0.3067017391901388,0.0,0.0,0.018851734697818756,1.3592796325683594,2.2217421531677246,0.0,0.0
247,teacher_expert,1.0,0.0,0.0,0.3983730195564036,0.0,0.022166982293128967,0.0,1.3575212955474854,2.1852684020996094,0.0,0.0
247,game_cfm_raw,1.0,0.0,1.0,0.34424962558819444,0.0050735799595713615,0.03276151418685913,0.024533269926905632,1.3416939973831177,2.333590507507324,0.0,0.0
247,game_cfm_anchored,1.0,0.0,1.0,0.350965155667609,0.0,0.0,0.01805505605806271,1.3455506100880392,2.3335919527454863,0.0,0.0
247,nash_reference_hocbf,1.0,0.0,0.0,0.5059086395029403,0.0,0.022257405278364714,0.011975205910952955,1.348725693748501,2.0749223982225335,0.19782214156079855,0.795707056003531
247,game_cfm_hocbf,1.0,0.0,0.0,0.5063793982254062,0.0,0.02353670880019861,0.01881531622465292,1.3725316575608983,2.072061559157082,0.23049001814882034,0.6363523595758017
248,nash_reference,1.0,0.0,1.0,0.3024390579069653,0.0,0.0,0.01643775776028633,1.3506288528442383,2.2980566024780273,0.0,0.0
248,teacher_expert,1.0,0.0,0.0,0.41457516307447556,0.0,0.01889648474752903,0.0,1.3611087799072266,2.3239407539367676,0.0,0.0
248,game_cfm_raw,1.0,0.0,1.0,0.2793301298205042,0.006052103824913502,0.031852465122938156,0.026072155684232712,1.358906865119934,2.2886691093444824,0.0,0.0
248,game_cfm_anchored,1.0,0.0,1.0,0.28818883532134115,0.0,0.0,0.021119838581842167,1.3621824573206067,2.2886675634920643,0.0,0.0
248,nash_reference_hocbf,1.0,0.0,0.0,0.5146068552662372,0.0,0.01879038174083765,0.011025050056020565,1.3430961025885035,2.196560193324856,0.1397459165154265,0.9570031207786522
248,game_cfm_hocbf,1.0,0.0,0.0,0.5110297007391097,0.0,0.019182191282248573,0.016553886357929325,1.3337648714616543,2.140355699310352,0.15063520871143377,0.9419701768871738
249,nash_reference,1.0,0.0,1.0,0.2966128319253263,0.0,0.0,0.01660582795739174,1.1755002737045288,1.7162541151046753,0.0,0.0
249,teacher_expert,1.0,0.0,0.0,0.39537967456056056,0.0,0.022732850164175034,0.0,1.204084873199463,1.743194341659546,0.0,0.0
249,game_cfm_raw,1.0,0.0,1.0,0.3343656021302048,0.004818377085030079,0.029252789914608,0.0244026817381382,1.1548713445663452,1.717793583869934,0.0,0.0
249,game_cfm_anchored,1.0,0.0,1.0,0.32571921369522555,0.0,0.0,0.019540053470855176,1.160093664312062,1.7177919203844048,0.0,0.0
249,nash_reference_hocbf,1.0,0.0,0.0,0.5082371847265089,0.0,0.022752919926888996,0.012811697414169746,1.2181238280748345,1.7239033067985756,0.1705989110707804,0.9666509121580847
249,game_cfm_hocbf,1.0,0.0,0.0,0.511475718508952,0.0,0.02360956461792299,0.017620349298676594,1.1761304961673937,1.7327526957040678,0.15970961887477314,0.8925863992488264
250,nash_reference,1.0,0.0,1.0,0.3108204398066478,0.0,0.0,0.02414269745349884,1.4410486221313477,2.351086378097534,0.0,0.0
250,teacher_expert,1.0,0.0,0.0,0.43378935595843937,0.0,0.03629928082227707,0.0,1.4817874431610107,2.388855457305908,0.0,0.0
250,game_cfm_raw,1.0,0.0,0.0,0.3697923035212848,0.0035308287478983402,0.02167619578540325,0.03520597144961357,1.4632058143615723,2.3651371002197266,0.0,0.0
250,game_cfm_anchored,1.0,0.0,0.0,0.3603221133535211,0.0,0.0,0.029390675443463004,1.4655880726011243,2.365137608122783,0.0,0.0
250,nash_reference_hocbf,1.0,0.0,0.0,0.5332621703726761,0.0,0.03629646772472413,0.010727174386649245,1.4892559375100034,2.338403512409114,0.1397459165154265,1.197197982005179
250,game_cfm_hocbf,1.0,0.0,0.0,0.5538219619185446,0.0,0.037658129944971516,0.020170582613228297,1.4933453307344982,2.3268235508738853,0.1306715063520871,1.1269101568809756
251,nash_reference,1.0,0.0,1.0,0.2988610707473559,0.0,0.0,0.01613709144294262,1.2307696342468262,1.8601291179656982,0.0,0.0
251,teacher_expert,1.0,0.0,0.0,0.3890584984409894,0.0,0.023245777934789658,0.0,1.2133129835128784,1.8621996641159058,0.0,0.0
251,game_cfm_raw,1.0,0.0,1.0,0.27170762374244833,0.009679624810814857,0.018017906695604324,0.024844462051987648,1.2427384853363037,2.498112440109253,0.0,0.0
251,game_cfm_anchored,1.0,0.0,1.0,0.2853478755962763,0.0,0.0,0.02089647991702179,1.2417670274712356,2.498115170612071,0.0,0.0
251,nash_reference_hocbf,1.0,0.0,0.0,0.42888656074474,0.0,0.023380680104402043,0.013013693916533297,1.2012190359167692,1.7809517517185933,0.29219600725952816,0.6165793301871608
251,game_cfm_hocbf,1.0,0.0,0.0,0.42888656074474,0.0,0.023096352549355593,0.021453444843186134,1.2232490987790146,1.8584692023288547,0.4192377495462795,0.6087550853058455
252,nash_reference,1.0,0.0,1.0,0.30865278568788823,0.0,0.0,0.017638415098190308,1.4634608030319214,2.317864179611206,0.0,0.0
252,teacher_expert,1.0,0.0,0.0,0.4234753389105853,0.0,0.0192362479865551,0.0,1.4604601860046387,2.200518846511841,0.0,0.0
252,game_cfm_raw,1.0,0.0,0.0,0.37517601214866253,0.00218926090747118,0.026808449998497963,0.01752670295536518,1.429766058921814,2.2760939598083496,0.0,0.0
252,game_cfm_anchored,1.0,0.0,0.0,0.37718581854264754,0.0,0.0,0.014678817123762344,1.435321334487578,2.2760973519557774,0.0,0.0
252,nash_reference_hocbf,1.0,0.0,0.0,0.5214031710400244,0.0,0.019078782849227333,0.012724410470013905,1.4476815088781307,2.042031994470091,0.2159709618874773,0.8891184170140001
252,game_cfm_hocbf,1.0,0.0,0.0,0.522174584605147,0.0,0.019338872905619336,0.015358642894927572,1.422852678637657,2.128109271081985,0.17967332123411978,0.7805369389223672
253,nash_reference,1.0,0.0,1.0,0.3126196977538775,0.0,0.0,0.019044306129217148,1.495474934577942,2.435058832168579,0.0,0.0
253,teacher_expert,1.0,0.0,0.0,0.445153998021609,0.0,0.020376108586788177,0.0,1.4887880086898804,2.449944257736206,0.0,0.0
253,game_cfm_raw,1.0,0.0,0.0,0.39725665990079473,0.002250823425129056,0.024440918117761612,0.02187121845781803,1.5160188674926758,2.438413619995117,0.0,0.0
253,game_cfm_anchored,1.0,0.0,0.0,0.3888950108585277,0.0,0.0,0.015901844793381935,1.5143699928010264,2.4384112330218173,0.0,0.0
253,nash_reference_hocbf,1.0,0.0,0.0,0.5369513457508189,0.0,0.020347976536933148,0.009769053593381106,1.4721203319508922,2.3383004081267766,0.12159709618874773,1.1735020226011064
253,game_cfm_hocbf,1.0,0.0,0.0,0.5529536457035634,0.0,0.01862106915317441,0.019063421910409904,1.4605208306309991,2.263852223748298,0.12704174228675136,0.7953835138862746
254,nash_reference,1.0,0.0,1.0,0.31121779730951965,0.0,0.0,0.017959902063012123,1.4163671731948853,2.339399814605713,0.0,0.0
254,teacher_expert,1.0,0.0,0.0,0.44589980187193473,0.0,0.013703720644116402,0.0,1.4201159477233887,2.3636906147003174,0.0,0.0
254,game_cfm_raw,1.0,0.0,1.0,0.30030791370034376,0.005230114329606295,0.030851181596517563,0.02449369616806507,1.444246768951416,2.4024088382720947,0.0,0.0
254,game_cfm_anchored,1.0,0.0,1.0,0.30937204017447595,0.0,0.0,0.019443169006032684,1.446984465958987,2.4024089619325197,0.0,0.0
254,nash_reference_hocbf,1.0,0.0,0.0,0.45732194921269254,0.0,0.0331010369148968,0.015646866747186978,1.401110008908258,2.23265885127823,0.5716878402903811,0.5105403933488653
254,game_cfm_hocbf,1.0,0.0,0.0,0.45732194921269254,0.0,0.03475084703722212,0.021180330257379382,1.4353755030649265,2.309406384541744,0.542649727767695,0.5633696579230055
255,nash_reference,1.0,0.0,1.0,0.2980732994501353,0.0,0.0,0.023074235767126083,1.2319626808166504,1.8406946659088135,0.0,0.0
255,teacher_expert,1.0,0.0,0.0,0.4033383321673146,0.0,0.03612630069255829,0.0,1.240045189857483,1.852145791053772,0.0,0.0
255,game_cfm_raw,1.0,0.0,1.0,0.3407359256713573,0.0046547893434762955,0.01701556332409382,0.03257402405142784,1.3377306461334229,1.8994678258895874,0.0,0.0
255,game_cfm_anchored,1.0,0.0,1.0,0.3475038965575486,0.0,0.0,0.028453247287961066,1.3387076305614716,1.899470612089123,0.0,0.0
255,nash_reference_hocbf,1.0,0.0,0.0,0.5103366087973047,0.0,0.036121988199266965,0.011966785372312563,1.2293066866847382,1.7861098857471565,0.1542649727767695,0.9449880707287222
255,game_cfm_hocbf,1.0,0.0,0.0,0.5256166995596552,0.0,0.036329321738334724,0.018867138973814084,1.33846953810132,1.8519802312134082,0.147005444646098,0.8198696582934373
