seed,method,trajectory_index,tracking_rmse_m,maximum_tracking_error_m,crossing_time_error_s,maximum_tilt_degrees,motor_saturation_fraction,ring_passed,collision_free,endpoint_feasible,minimum_barrier,mass_scale,motor_tau_scale,wind_x,wind_y,wind_z
901,quintic_skeleton,0,0.14589343762929366,0.16643074527312612,0.04830473024793225,8.586775101325513,0.0,1,1,0,0.10972498733861442,1.0057863468815393,0.8042978165738838,0.26739870569914914,-0.9704842421013019,-0.6531908358385637
901,quintic_skeleton,1,0.09478145921030931,0.12378915403702333,0.017079566026078297,11.731197437042164,0.0,1,1,1,0.47998317978786786,0.9654488179537104,0.7663190119600178,1.069895943488131,-0.46166984618696233,-0.2866768620404307
901,quintic_skeleton,2,0.12809698840396044,0.14702276218729599,0.00343303540497919,9.167193303320662,0.0,1,1,1,0.2518817936696801,0.9930450313930255,1.0624406913012494,0.635670078429358,-0.7043915683143809,0.7346809306612095
901,quintic_skeleton,3,0.15035758704232868,0.1747343768380294,0.07509730043052176,12.760716769052069,0.0,1,1,0,0.17128083012738238,0.9035012483051229,0.8998727197986577,1.1018555331769473,-0.254784116346023,0.40124735272039036
901,quintic_skeleton,4,0.13587409049330307,0.15946134687141195,0.01577562126150811,8.4539326549044,0.0,1,1,0,0.2012564253911031,1.0240207922061069,0.7082615661347339,0.6581919900077983,0.7262666366939071,-0.6923294567724924
901,quintic_skeleton,5,0.17072930633024244,0.2042864615645417,0.10515802464996282,14.550771715220035,0.0,1,1,0,0.14074393165839705,1.0519366099663892,1.3546876612816283,-0.12335888757148056,-1.0946766793999896,0.4758839695082605
901,quintic_skeleton,6,0.17768442004906598,0.21051847311389324,0.10930207545957904,11.790655155444828,0.0,1,1,0,0.15921158219523082,0.9668672507348255,1.0618294627365232,-0.2979623728644595,-1.1613866333970433,-0.0489848152355629
901,quintic_skeleton,7,0.17519143670062326,0.2042829046173496,0.10709320067517814,11.501815374936978,0.0,1,1,0,0.31365662258748583,1.0042674829764802,0.7891437801116657,-0.4937981007351522,-1.0934152768211283,0.024626573544275523
901,quintic_skeleton,8,0.15237114286736095,0.17275468905300936,0.07389806903294005,10.228548368474199,0.0,1,1,0,0.17047748802036833,1.0613543848406004,1.001821255782303,-0.10641320996787622,1.027831125151983,0.6101142572609995
901,quintic_skeleton,9,0.137599455880843,0.1586120642786696,0.030864393359583797,10.29089388794203,0.0,1,1,0,0.27274790944861105,1.004554495708097,1.0773439883504592,0.11211766307893706,1.046498684633983,-0.5764287750321468
901,quintic_skeleton,10,0.1441571832642814,0.16842606012421144,0.04258149995241878,8.761715141900298,0.0,1,1,0,0.21175784799196715,1.0213087728988806,0.8544801430767028,0.7535968962457966,0.8789415213109826,-0.31552102954357486
901,quintic_skeleton,11,0.18313052389984713,0.21314674507904108,0.14379955625654484,11.520713941326827,0.0,1,1,0,0.27217301928361115,0.9295490558096369,0.8139821448692917,-0.850809655821751,-0.8417615418317407,-0.08695076913704737
901,quintic_skeleton,12,0.1444309858122128,0.1604042372821287,0.014564239182668803,10.020202508218784,0.0,1,1,0,0.10111021702408723,0.9635752086290912,1.0735013613635958,0.251354877836463,-1.1689639717762426,0.10170525098011744
901,quintic_skeleton,13,0.17036141543273534,0.20020646540604867,0.13885142534749084,11.695988318685405,0.0,1,1,0,0.27002284393286596,0.9849959659834565,1.1114535976581847,-0.6128146412652999,-0.9567626532032428,-0.386087348777933
901,quintic_skeleton,14,0.20086209428152535,0.24871249689047148,0.1460285411592659,15.874615849964979,0.0,1,1,0,0.3440843840559022,0.9918244789500447,0.7379250583394104,-1.132252929282826,0.3949844236716197,0.044616243535937274
901,quintic_skeleton,15,0.14123217290940704,0.18104909901916325,0.07528247643804953,11.213937005372221,0.0,1,1,0,0.40625650989424517,1.0712017915145926,1.227536373214333,1.121190558343156,-0.4215064104829275,-0.07255396477077859
901,quintic_skeleton,16,0.21089133912385324,0.26186938179020564,0.15772306590484764,17.593849903017688,0.0,1,1,0,0.25804892550167197,1.0211622066990258,0.7950227652999596,-1.116185065319973,0.43564518732273305,0.06591032331272918
901,quintic_skeleton,17,0.1448842697941635,0.16409830705190925,0.04057840380516842,11.7099209369837,0.0,1,1,0,0.3260101718963583,1.0404599163744035,1.0360994713506944,0.25978893977898754,1.0915954226836262,0.4253576612036809
901,quintic_skeleton,18,0.10276416690287771,0.132601071250422,0.02287566651965367,9.242907984140258,0.0,1,1,1,0.4471252506002795,1.007297600271913,0.9680385979804478,0.8677630908264822,-0.11456353885728235,0.8208912313843816
901,quintic_skeleton,19,0.1296067675167764,0.15853661963591603,0.09166166665514597,8.717143775479464,0.0,1,1,1,0.2416635972681948,0.9696683498122528,1.1671761711622144,-0.14411800601530952,-0.7960654092697538,-0.8862899438142975
901,quintic_skeleton,20,0.16721990637031622,0.1900861217692446,0.041356989986194304,22.132720207340757,0.0,1,1,0,0.06522545613283487,0.9217562561293676,1.2995382432727753,0.16623668883811382,1.1591679817268588,0.26209722131953467
901,quintic_skeleton,21,0.1528293631945993,0.17152489227358753,0.03386952454830494,9.958668944993049,0.0,1,1,0,0.2338729490509583,0.9599651054511683,0.7727281380169386,0.48443438750446005,-0.9169524470947944,0.6037561875211276
901,quintic_skeleton,22,0.2230568996715755,0.26470390553787804,0.2069207416787373,13.764133646445243,0.0,1,1,0,0.21651203895993804,1.081682559361842,1.1440349558437561,-1.0408851024512598,-0.5623983582124426,-0.20066462113431788
901,quintic_skeleton,23,0.20361569343157263,0.2336000288900774,0.1085691580879824,11.614926039103693,0.0,1,1,0,0.20780316555176065,1.0925262763778516,1.1904435692560569,-0.025340146120768996,-1.199729793928965,-0.002509691961469195
901,projected_velocity_cfm,0,0.14762396284091556,0.16990456827564066,0.05195180620452655,26.203655701578707,0.0,1,1,0,0.08829506596838638,1.0057863468815393,0.8042978165738838,0.26739870569914914,-0.9704842421013019,-0.6531908358385637
901,projected_velocity_cfm,1,0.09952141412979022,0.1252255058448879,0.03911724973037778,30.755528673129408,0.0,1,1,1,0.4282388757788742,0.9654488179537104,0.7663190119600178,1.069895943488131,-0.46166984618696233,-0.2866768620404307
901,projected_velocity_cfm,2,0.1270490876000379,0.14936526637831118,0.006437822120695547,14.310779076562234,0.0,1,1,1,0.2527115167780435,0.9930450313930255,1.0624406913012494,0.635670078429358,-0.7043915683143809,0.7346809306612095
901,projected_velocity_cfm,3,0.15037077700680268,0.17785189747832106,0.11035697321604232,24.419777961483334,0.0,1,1,0,0.1795462994212622,0.9035012483051229,0.8998727197986577,1.1018555331769473,-0.254784116346023,0.40124735272039036
901,projected_velocity_cfm,4,0.13829106838571528,0.15421531082723489,0.05662399217674707,14.54879578988626,0.0,1,1,0,0.15267727576494083,1.0240207922061069,0.7082615661347339,0.6581919900077983,0.7262666366939071,-0.6923294567724924
901,projected_velocity_cfm,5,0.17302742571104626,0.2044016458446148,0.10670116353572512,23.564193046707363,0.0,1,1,0,0.12019809640246114,1.0519366099663892,1.3546876612816283,-0.12335888757148056,-1.0946766793999896,0.4758839695082605
901,projected_velocity_cfm,6,0.1742785189458219,0.19529568827887633,0.1373095820336836,18.51005979442963,0.0,1,1,0,0.09427105556151194,0.9668672507348255,1.0618294627365232,-0.2979623728644595,-1.1613866333970433,-0.0489848152355629
901,projected_velocity_cfm,7,0.17391228786048848,0.20059998418626623,0.1355060873783458,19.176384210342835,0.0,1,1,0,0.2834167330203983,1.0042674829764802,0.7891437801116657,-0.4937981007351522,-1.0934152768211283,0.024626573544275523
901,projected_velocity_cfm,8,0.1508061075424721,0.17015039199055773,0.07100300818188598,14.937333986837597,0.0,1,1,0,0.19406714671835834,1.0613543848406004,1.001821255782303,-0.10641320996787622,1.027831125151983,0.6101142572609995
901,projected_velocity_cfm,9,0.1515357706755093,0.17674429105227266,0.011262444898893387,41.13732499054726,0.0,1,1,0,0.2756123817744196,1.004554495708097,1.0773439883504592,0.11211766307893706,1.046498684633983,-0.5764287750321468
901,projected_velocity_cfm,10,0.14682791465063053,0.1693073201471288,0.07247300683683466,18.105364612611325,0.0,1,1,0,0.20697755859004258,1.0213087728988806,0.8544801430767028,0.7535968962457966,0.8789415213109826,-0.31552102954357486
901,projected_velocity_cfm,11,0.18167526008891444,0.21545006310192485,0.19417431560693243,18.20260004172506,0.0,1,1,0,0.2491482447768799,0.9295490558096369,0.8139821448692917,-0.850809655821751,-0.8417615418317407,-0.08695076913704737
901,projected_velocity_cfm,12,0.14370003781662594,0.16259635047771706,0.004591164723369623,13.95321430992785,0.0,1,1,0,0.0760702298233139,0.9635752086290912,1.0735013613635958,0.251354877836463,-1.1689639717762426,0.10170525098011744
901,projected_velocity_cfm,13,0.16831458087055048,0.19408132114518603,0.2397062218952768,17.31908208197589,0.0,1,1,0,0.26492019437646874,0.9849959659834565,1.1114535976581847,-0.6128146412652999,-0.9567626532032428,-0.386087348777933
901,projected_velocity_cfm,14,0.19550221880539423,0.2361030201254536,0.3831940314898792,34.533200420839826,0.0,1,1,0,0.17092326775155087,0.9918244789500447,0.7379250583394104,-1.132252929282826,0.3949844236716197,0.044616243535937274
901,projected_velocity_cfm,15,0.14475080972145024,0.17857682723903134,0.08555133849201768,20.46287641008778,0.0,1,1,0,0.3532557714470932,1.0712017915145926,1.227536373214333,1.121190558343156,-0.4215064104829275,-0.07255396477077859
901,projected_velocity_cfm,16,0.2022460471451744,0.23825103574400594,0.4392092116631954,25.860798890985926,0.0,1,1,0,0.2627342845194137,1.0211622066990258,0.7950227652999596,-1.116185065319973,0.43564518732273305,0.06591032331272918
901,projected_velocity_cfm,17,0.1455592120731683,0.16675204803133936,0.041026103914974854,21.005394203846773,0.0,1,1,0,0.28630490997013713,1.0404599163744035,1.0360994713506944,0.25978893977898754,1.0915954226836262,0.4253576612036809
901,projected_velocity_cfm,18,0.102657631869554,0.12971994775642237,0.05062366597656709,14.277210306870753,0.0,1,1,1,0.5046615636001195,1.007297600271913,0.9680385979804478,0.8677630908264822,-0.11456353885728235,0.8208912313843816
901,projected_velocity_cfm,19,0.12910107744802837,0.15573888681348985,0.09899763275116547,10.55566421989515,0.0,1,1,1,0.18196157440240984,0.9696683498122528,1.1671761711622144,-0.14411800601530952,-0.7960654092697538,-0.8862899438142975
901,projected_velocity_cfm,20,0.15995241708607483,0.18789382544923008,0.04408084512073085,32.5432057797356,0.0,1,1,0,0.048988565504492765,0.9217562561293676,1.2995382432727753,0.16623668883811382,1.1591679817268588,0.26209722131953467
901,projected_velocity_cfm,21,0.15146176045761317,0.16880073359007403,0.035674780095114045,16.383973985639777,0.0,1,1,0,0.28006733357040164,0.9599651054511683,0.7727281380169386,0.48443438750446005,-0.9169524470947944,0.6037561875211276
901,projected_velocity_cfm,22,0.22141609385275574,0.25728148312747806,0.46615918238449305,17.988150959759928,0.0,1,1,0,0.2171245182678681,1.081682559361842,1.1440349558437561,-1.0408851024512598,-0.5623983582124426,-0.20066462113431788
901,projected_velocity_cfm,23,0.20398670000361577,0.23098234307464965,0.13560653287818658,18.16659009946499,0.0,1,1,0,0.24380680425154572,1.0925262763778516,1.1904435692560569,-0.025340146120768996,-1.199729793928965,-0.002509691961469195
901,boundary_only,0,0.5652149362783508,1.255539116574636,0.09810706412290804,49.368675625682904,0.02295918367346939,1,1,0,0.05468948046482561,1.0057863468815393,0.8042978165738838,0.26739870569914914,-0.9704842421013019,-0.6531908358385637
901,boundary_only,1,0.33958244430763473,0.5939767853679344,0.16211337828808747,46.976715045062605,0.010444444444444444,1,1,0,0.2502466192206197,0.9654488179537104,0.7663190119600178,1.069895943488131,-0.46166984618696233,-0.2866768620404307
901,boundary_only,2,0.20717350142401886,0.39332151637056556,0.1268847109076887,52.87768325672065,0.0003427004797806717,1,1,1,0.188320228113927,0.9930450313930255,1.0624406913012494,0.635670078429358,-0.7043915683143809,0.7346809306612095
901,boundary_only,3,0.1794206022519143,0.30938371744941273,0.07173500436791835,52.96174908673243,0.01848937844217152,1,1,0,0.09378676429967424,0.9035012483051229,0.8998727197986577,1.1018555331769473,-0.254784116346023,0.40124735272039036
901,boundary_only,4,0.31638327296767654,0.5514811818956671,0.0773871823431933,51.86889834279941,0.0010972933430870519,1,1,0,0.17318271094584986,1.0240207922061069,0.7082615661347339,0.6581919900077983,0.7262666366939071,-0.6923294567724924
901,boundary_only,5,0.30156007738399143,0.5571741012007692,0.08117991643221978,59.9295605726595,0.0,1,1,0,0.10651809920703746,1.0519366099663892,1.3546876612816283,-0.12335888757148056,-1.0946766793999896,0.4758839695082605
901,boundary_only,6,0.35805931183727685,0.7511537807752907,1.2431224910919472,59.05950108004375,0.0018394648829431438,1,1,0,0.012938528658900196,0.9668672507348255,1.0618294627365232,-0.2979623728644595,-1.1613866333970433,-0.0489848152355629
901,boundary_only,7,0.30339760015090134,0.5970162547438533,0.24324014934670313,41.23644664974261,0.0016273393002441008,1,1,0,0.08203726102733241,1.0042674829764802,0.7891437801116657,-0.4937981007351522,-1.0934152768211283,0.024626573544275523
901,boundary_only,8,0.39543831651355416,0.8062059543107184,nan,66.91117161925105,0.010510510510510511,0,0,0,-0.020755249950449046,1.0613543848406004,1.001821255782303,-0.10641320996787622,1.027831125151983,0.6101142572609995
901,boundary_only,9,0.5806729015886429,1.3854010560233418,nan,61.25523551472566,0.010638297872340425,0,0,0,-0.03274195595910938,1.004554495708097,1.0773439883504592,0.11211766307893706,1.046498684633983,-0.5764287750321468
901,boundary_only,10,0.38163880330918915,0.7878597228431251,0.14896920479702835,60.87566249880314,0.014943741209563995,1,1,0,0.059430322271368796,1.0213087728988806,0.8544801430767028,0.7535968962457966,0.8789415213109826,-0.31552102954357486
901,boundary_only,11,0.31834241529874213,0.7514983308085263,0.23929483840095234,61.28646509083201,0.009904371584699454,1,1,0,0.17391957661112742,0.9295490558096369,0.8139821448692917,-0.850809655821751,-0.8417615418317407,-0.08695076913704737
901,boundary_only,12,0.30813288324925187,0.5846823917746233,0.05028133310320371,59.112591429073156,0.001206064782908339,1,1,0,0.0417508670548663,0.9635752086290912,1.0735013613635958,0.251354877836463,-1.1689639717762426,0.10170525098011744
901,boundary_only,13,0.4169990158381615,0.7938997666373756,nan,59.61528354918385,0.002482811306340718,0,0,0,-0.03281734081458636,0.9849959659834565,1.1114535976581847,-0.6128146412652999,-0.9567626532032428,-0.386087348777933
901,boundary_only,14,0.5181598843276163,0.983028108867514,0.7384944616801059,56.98802587739616,0.0057361376673040155,1,1,0,0.14390238342216685,0.9918244789500447,0.7379250583394104,-1.132252929282826,0.3949844236716197,0.044616243535937274
901,boundary_only,15,0.3240188816797211,0.5599634164514822,0.021387261493538867,60.82628916308545,0.0023023791250959325,1,1,0,0.15214823603764005,1.0712017915145926,1.227536373214333,1.121190558343156,-0.4215064104829275,-0.07255396477077859
901,boundary_only,16,0.6027959397136053,1.2648405699161815,0.5324153266528677,62.762499435045555,0.01125703564727955,1,1,0,0.09598374127086513,1.0211622066990258,0.7950227652999596,-1.116185065319973,0.43564518732273305,0.06591032331272918
901,boundary_only,17,0.42409515136207265,0.7935122425283284,0.23326549919809492,65.26949522943539,0.001413760603204524,1,1,0,0.10046455156106543,1.0404599163744035,1.0360994713506944,0.25978893977898754,1.0915954226836262,0.4253576612036809
901,boundary_only,18,0.2691099019003861,0.6010095122579935,0.13337688957327298,69.76129411682594,0.005040322580645161,1,1,1,0.436287359571916,1.007297600271913,0.9680385979804478,0.8677630908264822,-0.11456353885728235,0.8208912313843816
901,boundary_only,19,0.20877792828232986,0.3403348961154734,0.11256089994986751,34.61933215561414,0.0,1,1,0,0.18702952915458743,0.9696683498122528,1.1671761711622144,-0.14411800601530952,-0.7960654092697538,-0.8862899438142975
901,boundary_only,20,0.197520917899896,0.3380555133893598,0.00011456521040198453,59.15528959003324,0.004010695187165776,1,1,0,0.08643687660891858,0.9217562561293676,1.2995382432727753,0.16623668883811382,1.1591679817268588,0.26209722131953467
901,boundary_only,21,0.20556933896226964,0.3556065899271247,0.13314771723255303,49.97743756873716,0.010149130074565037,1,1,0,0.12021970968355497,0.9599651054511683,0.7727281380169386,0.48443438750446005,-0.9169524470947944,0.6037561875211276
901,boundary_only,22,0.36883477893018063,0.7613760259739484,0.27073971402614694,60.84414882916332,0.0011904761904761906,1,1,0,0.1860804716115796,1.081682559361842,1.1440349558437561,-1.0408851024512598,-0.5623983582124426,-0.20066462113431788
901,boundary_only,23,0.3539063522465113,0.5230300643467181,0.23734993579659447,56.622791193362225,0.006967905405405405,1,1,0,0.012675242682555508,1.0925262763778516,1.1904435692560569,-0.025340146120768996,-1.199729793928965,-0.002509691961469195
901,plus_safe_prior,0,0.5553938139906595,1.2235454658116383,0.33486455725396747,49.299718504397156,0.025278293135435993,1,1,0,0.06782446618594022,1.0057863468815393,0.8042978165738838,0.26739870569914914,-0.9704842421013019,-0.6531908358385637
901,plus_safe_prior,1,0.33958244430763473,0.5939767853679344,0.16211337828808747,46.976715045062605,0.010444444444444444,1,1,0,0.2502466192206197,0.9654488179537104,0.7663190119600178,1.069895943488131,-0.46166984618696233,-0.2866768620404307
901,plus_safe_prior,2,0.20717350142401886,0.39332151637056556,0.1268847109076887,52.87768325672065,0.0003427004797806717,1,1,1,0.188320228113927,0.9930450313930255,1.0624406913012494,0.635670078429358,-0.7043915683143809,0.7346809306612095
901,plus_safe_prior,3,0.1794206022519143,0.30938371744941273,0.07173500436791835,52.96174908673243,0.01848937844217152,1,1,0,0.09378676429967424,0.9035012483051229,0.8998727197986577,1.1018555331769473,-0.254784116346023,0.40124735272039036
901,plus_safe_prior,4,0.25757044987832867,0.41849086362807514,0.04749670908891357,49.7429398663849,0.0,1,1,0,0.05505487260534725,1.0240207922061069,0.7082615661347339,0.6581919900077983,0.7262666366939071,-0.6923294567724924
901,plus_safe_prior,5,0.2912566475295044,0.48289000704516344,0.09642367069239666,54.49306634149761,0.0027821939586645467,1,1,0,0.09683108969208547,1.0519366099663892,1.3546876612816283,-0.12335888757148056,-1.0946766793999896,0.4758839695082605
901,plus_safe_prior,6,0.283998545119458,0.4743262178154748,0.1852180626687594,52.51438443109021,0.0,1,1,0,0.07749023371005208,0.9668672507348255,1.0618294627365232,-0.2979623728644595,-1.1613866333970433,-0.0489848152355629
901,plus_safe_prior,7,0.30339760015090134,0.5970162547438533,0.24324014934670313,41.23644664974261,0.0016273393002441008,1,1,0,0.08203726102733241,1.0042674829764802,0.7891437801116657,-0.4937981007351522,-1.0934152768211283,0.024626573544275523
901,plus_safe_prior,8,0.42999411614647465,1.095148455515314,nan,50.96257052326426,0.0,0,0,0,-0.029183681067587848,1.0613543848406004,1.001821255782303,-0.10641320996787622,1.027831125151983,0.6101142572609995
901,plus_safe_prior,9,0.4363413014580751,0.8860278915316625,nan,59.35258027944644,0.015263644773358002,0,0,0,-0.03273194354105491,1.004554495708097,1.0773439883504592,0.11211766307893706,1.046498684633983,-0.5764287750321468
901,plus_safe_prior,10,0.38163880330918915,0.7878597228431251,0.14896920479702835,60.87566249880314,0.014943741209563995,1,1,0,0.059430322271368796,1.0213087728988806,0.8544801430767028,0.7535968962457966,0.8789415213109826,-0.31552102954357486
901,plus_safe_prior,11,0.2884477624060589,0.4748543562801367,1.1469038329885928,51.23656384586252,0.0008538251366120218,1,1,0,0.13753261305288839,0.9295490558096369,0.8139821448692917,-0.850809655821751,-0.8417615418317407,-0.08695076913704737
901,plus_safe_prior,12,0.2691975132369133,0.42427562215687203,0.0396472494257849,55.66629494844584,0.00017229496898690558,1,1,0,0.07190048700846921,0.9635752086290912,1.0735013613635958,0.251354877836463,-1.1689639717762426,0.10170525098011744
901,plus_safe_prior,13,0.4169990158381615,0.7938997666373756,nan,59.61528354918385,0.002482811306340718,0,0,0,-0.03281734081458636,0.9849959659834565,1.1114535976581847,-0.6128146412652999,-0.9567626532032428,-0.386087348777933
901,plus_safe_prior,14,0.5181598843276163,0.983028108867514,0.7384944616801059,56.98802587739616,0.0057361376673040155,1,1,0,0.14390238342216685,0.9918244789500447,0.7379250583394104,-1.132252929282826,0.3949844236716197,0.044616243535937274
901,plus_safe_prior,15,0.3240188816797211,0.5599634164514822,0.021387261493538867,60.82628916308545,0.0023023791250959325,1,1,0,0.15214823603764005,1.0712017915145926,1.227536373214333,1.121190558343156,-0.4215064104829275,-0.07255396477077859
901,plus_safe_prior,16,0.6027959397136053,1.2648405699161815,0.5324153266528677,62.762499435045555,0.01125703564727955,1,1,0,0.09598374127086513,1.0211622066990258,0.7950227652999596,-1.116185065319973,0.43564518732273305,0.06591032331272918
901,plus_safe_prior,17,0.42409515136207265,0.7935122425283284,0.23326549919809492,65.26949522943539,0.001413760603204524,1,1,0,0.10046455156106543,1.0404599163744035,1.0360994713506944,0.25978893977898754,1.0915954226836262,0.4253576612036809
901,plus_safe_prior,18,0.2691099019003861,0.6010095122579935,0.13337688957327298,69.76129411682594,0.005040322580645161,1,1,1,0.436287359571916,1.007297600271913,0.9680385979804478,0.8677630908264822,-0.11456353885728235,0.8208912313843816
901,plus_safe_prior,19,0.4185075843515378,0.8141895060789066,nan,62.91790371860674,0.006209935897435897,0,0,0,-0.026967221928858812,0.9696683498122528,1.1671761711622144,-0.14411800601530952,-0.7960654092697538,-0.8862899438142975
901,plus_safe_prior,20,0.197520917899896,0.3380555133893598,0.00011456521040198453,59.15528959003324,0.004010695187165776,1,1,0,0.08643687660891858,0.9217562561293676,1.2995382432727753,0.16623668883811382,1.1591679817268588,0.26209722131953467
901,plus_safe_prior,21,0.20556933896226964,0.3556065899271247,0.13314771723255303,49.97743756873716,0.010149130074565037,1,1,0,0.12021970968355497,0.9599651054511683,0.7727281380169386,0.48443438750446005,-0.9169524470947944,0.6037561875211276
901,plus_safe_prior,22,0.40823428516173044,0.7728436507810157,0.4104753272219219,49.374647416453705,0.006547619047619048,1,1,0,0.0751551247042875,1.081682559361842,1.1440349558437561,-1.0408851024512598,-0.5623983582124426,-0.20066462113431788
901,plus_safe_prior,23,0.3539063522465113,0.5230300643467181,0.23734993579659447,56.622791193362225,0.006967905405405405,1,1,0,0.012675242682555508,1.0925262763778516,1.1904435692560569,-0.025340146120768996,-1.199729793928965,-0.002509691961469195
901,plus_cbf,0,0.5553938139906595,1.2235454658116383,0.33486455725396747,49.299718504397156,0.025278293135435993,1,1,0,0.06782446618594022,1.0057863468815393,0.8042978165738838,0.26739870569914914,-0.9704842421013019,-0.6531908358385637
901,plus_cbf,1,0.33958244430763473,0.5939767853679344,0.16211337828808747,46.976715045062605,0.010444444444444444,1,1,0,0.2502466192206197,0.9654488179537104,0.7663190119600178,1.069895943488131,-0.46166984618696233,-0.2866768620404307
901,plus_cbf,2,0.20717350142401886,0.39332151637056556,0.1268847109076887,52.87768325672065,0.0003427004797806717,1,1,1,0.188320228113927,0.9930450313930255,1.0624406913012494,0.635670078429358,-0.7043915683143809,0.7346809306612095
901,plus_cbf,3,0.1794206022519143,0.30938371744941273,0.07173500436791835,52.96174908673243,0.01848937844217152,1,1,0,0.09378676429967424,0.9035012483051229,0.8998727197986577,1.1018555331769473,-0.254784116346023,0.40124735272039036
901,plus_cbf,4,0.25757044987832867,0.41849086362807514,0.04749670908891357,49.7429398663849,0.0,1,1,0,0.05505487260534725,1.0240207922061069,0.7082615661347339,0.6581919900077983,0.7262666366939071,-0.6923294567724924
901,plus_cbf,5,0.2921009430377528,0.4808094908680958,0.09741809149672664,54.583467901663944,0.0025834658187599362,1,1,0,0.09718968486127093,1.0519366099663892,1.3546876612816283,-0.12335888757148056,-1.0946766793999896,0.4758839695082605
901,plus_cbf,6,0.283998545119458,0.4743262178154748,0.1852180626687594,52.51438443109021,0.0,1,1,0,0.07749023371005208,0.9668672507348255,1.0618294627365232,-0.2979623728644595,-1.1613866333970433,-0.0489848152355629
901,plus_cbf,7,0.30339760015090134,0.5970162547438533,0.24324014934670313,41.23644664974261,0.0016273393002441008,1,1,0,0.08203726102733241,1.0042674829764802,0.7891437801116657,-0.4937981007351522,-1.0934152768211283,0.024626573544275523
901,plus_cbf,8,0.42999411614647465,1.095148455515314,nan,50.96257052326426,0.0,0,0,0,-0.029183681067587848,1.0613543848406004,1.001821255782303,-0.10641320996787622,1.027831125151983,0.6101142572609995
901,plus_cbf,9,0.4363413014580751,0.8860278915316625,nan,59.35258027944644,0.015263644773358002,0,0,0,-0.03273194354105491,1.004554495708097,1.0773439883504592,0.11211766307893706,1.046498684633983,-0.5764287750321468
901,plus_cbf,10,0.38163880330918915,0.7878597228431251,0.14896920479702835,60.87566249880314,0.014943741209563995,1,1,0,0.059430322271368796,1.0213087728988806,0.8544801430767028,0.7535968962457966,0.8789415213109826,-0.31552102954357486
901,plus_cbf,11,0.2883327964331025,0.4747288581423697,1.1482219013358184,51.2338561061267,0.0008538251366120218,1,1,0,0.13762061376609536,0.9295490558096369,0.8139821448692917,-0.850809655821751,-0.8417615418317407,-0.08695076913704737
901,plus_cbf,12,0.26968040817782085,0.4245068516031659,0.03914597948405474,55.66981873426245,0.00017229496898690558,1,1,0,0.0714367444811098,0.9635752086290912,1.0735013613635958,0.251354877836463,-1.1689639717762426,0.10170525098011744
901,plus_cbf,13,0.4169990158381615,0.7938997666373756,nan,59.61528354918385,0.002482811306340718,0,0,0,-0.03281734081458636,0.9849959659834565,1.1114535976581847,-0.6128146412652999,-0.9567626532032428,-0.386087348777933
901,plus_cbf,14,0.5181598843276163,0.983028108867514,0.7384944616801059,56.98802587739616,0.0057361376673040155,1,1,0,0.14390238342216685,0.9918244789500447,0.7379250583394104,-1.132252929282826,0.3949844236716197,0.044616243535937274
901,plus_cbf,15,0.3240188816797211,0.5599634164514822,0.021387261493538867,60.82628916308545,0.0023023791250959325,1,1,0,0.15214823603764005,1.0712017915145926,1.227536373214333,1.121190558343156,-0.4215064104829275,-0.07255396477077859
901,plus_cbf,16,0.6027959397136053,1.2648405699161815,0.5324153266528677,62.762499435045555,0.01125703564727955,1,1,0,0.09598374127086513,1.0211622066990258,0.7950227652999596,-1.116185065319973,0.43564518732273305,0.06591032331272918
901,plus_cbf,17,0.42409515136207265,0.7935122425283284,0.23326549919809492,65.26949522943539,0.001413760603204524,1,1,0,0.10046455156106543,1.0404599163744035,1.0360994713506944,0.25978893977898754,1.0915954226836262,0.4253576612036809
901,plus_cbf,18,0.2691099019003861,0.6010095122579935,0.13337688957327298,69.76129411682594,0.005040322580645161,1,1,1,0.436287359571916,1.007297600271913,0.9680385979804478,0.8677630908264822,-0.11456353885728235,0.8208912313843816
901,plus_cbf,19,0.41809736012322435,0.804789400560411,nan,62.281249129228506,0.006209935897435897,0,0,0,-0.026557210211364667,0.9696683498122528,1.1671761711622144,-0.14411800601530952,-0.7960654092697538,-0.8862899438142975
901,plus_cbf,20,0.197520917899896,0.3380555133893598,0.00011456521040198453,59.15528959003324,0.004010695187165776,1,1,0,0.08643687660891858,0.9217562561293676,1.2995382432727753,0.16623668883811382,1.1591679817268588,0.26209722131953467
901,plus_cbf,21,0.20556933896226964,0.3556065899271247,0.13314771723255303,49.97743756873716,0.010149130074565037,1,1,0,0.12021970968355497,0.9599651054511683,0.7727281380169386,0.48443438750446005,-0.9169524470947944,0.6037561875211276
901,plus_cbf,22,0.40823428516173044,0.7728436507810157,0.4104753272219219,49.374647416453705,0.006547619047619048,1,1,0,0.0751551247042875,1.081682559361842,1.1440349558437561,-1.0408851024512598,-0.5623983582124426,-0.20066462113431788
901,plus_cbf,23,0.3539063522465113,0.5230300643467181,0.23734993579659447,56.622791193362225,0.006967905405405405,1,1,0,0.012675242682555508,1.0925262763778516,1.1904435692560569,-0.025340146120768996,-1.199729793928965,-0.002509691961469195
901,plus_kinodynamic,0,0.14914446428762757,0.1748343859974167,0.04641948960981468,14.646572555300137,0.0,1,1,0,0.10831806822564395,1.0057863468815393,0.8042978165738838,0.26739870569914914,-0.9704842421013019,-0.6531908358385637
901,plus_kinodynamic,1,0.09524457493990994,0.12467136271281301,0.022668961907093887,18.35048140984409,0.0,1,1,1,0.4828118686057483,0.9654488179537104,0.7663190119600178,1.069895943488131,-0.46166984618696233,-0.2866768620404307
901,plus_kinodynamic,2,0.1212172812370738,0.14696204567632784,0.014721182871939131,23.90377178754388,0.0,1,1,1,0.2640373383768069,0.9930450313930255,1.0624406913012494,0.635670078429358,-0.7043915683143809,0.7346809306612095
901,plus_kinodynamic,3,0.14396448703270695,0.1770014662750718,0.07031060040284709,23.268207009606524,0.0,1,1,0,0.1863931367835212,0.9035012483051229,0.8998727197986577,1.1018555331769473,-0.254784116346023,0.40124735272039036
901,plus_kinodynamic,4,0.14401328289960724,0.16616455543111025,0.019309577289045254,19.797223361029804,0.0,1,1,0,0.2204359248458161,1.0240207922061069,0.7082615661347339,0.6581919900077983,0.7262666366939071,-0.6923294567724924
901,plus_kinodynamic,5,0.17614516420947046,0.20854145584672248,0.1020012927820253,22.70695547669887,0.0,1,1,0,0.1308527098012458,1.0519366099663892,1.3546876612816283,-0.12335888757148056,-1.0946766793999896,0.4758839695082605
901,plus_kinodynamic,6,0.18272988020642256,0.23102498076879,0.144990504461608,28.186260427146976,0.0,1,1,0,0.15582858978861694,0.9668672507348255,1.0618294627365232,-0.2979623728644595,-1.1613866333970433,-0.0489848152355629
901,plus_kinodynamic,7,0.17669872389820251,0.21389069718191325,0.1202709280923111,14.362865746629186,0.0,1,1,0,0.29886095210169145,1.0042674829764802,0.7891437801116657,-0.4937981007351522,-1.0934152768211283,0.024626573544275523
901,plus_kinodynamic,8,0.15383106103902647,0.18665683303246777,0.05962470031208822,21.230983238746134,0.0,1,1,0,0.15929544441027982,1.0613543848406004,1.001821255782303,-0.10641320996787622,1.027831125151983,0.6101142572609995
901,plus_kinodynamic,9,0.1400022109423957,0.16332085139066765,0.03359906807590818,16.400336220213074,0.0,1,1,0,0.2637061058849794,1.004554495708097,1.0773439883504592,0.11211766307893706,1.046498684633983,-0.5764287750321468
901,plus_kinodynamic,10,0.14582976410496498,0.169096711828543,0.04468964515800122,16.10187354663384,0.0,1,1,0,0.21784913635168468,1.0213087728988806,0.8544801430767028,0.7535968962457966,0.8789415213109826,-0.31552102954357486
901,plus_kinodynamic,11,0.1840883842290047,0.22328412402390863,0.19011701246704638,22.25653307652601,0.0,1,1,0,0.30898073879806726,0.9295490558096369,0.8139821448692917,-0.850809655821751,-0.8417615418317407,-0.08695076913704737
901,plus_kinodynamic,12,0.1438774292560741,0.16455500335430734,0.007140682652273078,21.127446452329142,0.0,1,1,0,0.12803189536050444,0.9635752086290912,1.0735013613635958,0.251354877836463,-1.1689639717762426,0.10170525098011744
901,plus_kinodynamic,13,0.18516845617352612,0.24634614394837803,0.16866477497614873,30.83790384948483,0.0,1,1,0,0.2524243886135535,0.9849959659834565,1.1114535976581847,-0.6128146412652999,-0.9567626532032428,-0.386087348777933
901,plus_kinodynamic,14,0.20268382930635978,0.25931150649141077,0.1391317656678075,21.932202283662683,0.0,1,1,0,0.34400548571461453,0.9918244789500447,0.7379250583394104,-1.132252929282826,0.3949844236716197,0.044616243535937274
901,plus_kinodynamic,15,0.15605931094457332,0.21852872345273744,0.07464056688339182,30.977120772057976,0.0,1,1,0,0.3928454027836426,1.0712017915145926,1.227536373214333,1.121190558343156,-0.4215064104829275,-0.07255396477077859
901,plus_kinodynamic,16,0.2120802028326253,0.26947754889211684,0.1621024123933883,19.71175646397279,0.0,1,1,0,0.2598263973091443,1.0211622066990258,0.7950227652999596,-1.116185065319973,0.43564518732273305,0.06591032331272918
901,plus_kinodynamic,17,0.1459932691594668,0.17000547777314426,0.03770700952416606,22.59138917958036,0.0,1,1,0,0.32014877153258164,1.0404599163744035,1.0360994713506944,0.25978893977898754,1.0915954226836262,0.4253576612036809
901,plus_kinodynamic,18,0.09625995703479448,0.12990275693843936,0.00926467676235987,32.88811190739241,0.0,1,1,1,0.45422339507284987,1.007297600271913,0.9680385979804478,0.8677630908264822,-0.11456353885728235,0.8208912313843816
901,plus_kinodynamic,19,0.13742698722436458,0.1777907339151539,0.09476518197824557,22.868323051781232,0.0,1,1,1,0.21254293333085011,0.9696683498122528,1.1671761711622144,-0.14411800601530952,-0.7960654092697538,-0.8862899438142975
901,plus_kinodynamic,20,0.16323320608585193,0.19484621743309816,0.05183819094868136,29.570170764098723,0.0,1,1,0,0.07720057496722185,0.9217562561293676,1.2995382432727753,0.16623668883811382,1.1591679817268588,0.26209722131953467
901,plus_kinodynamic,21,0.14871105860777958,0.16814147294945372,0.031678736808526065,23.242786067982646,0.0,1,1,0,0.2348471114071325,0.9599651054511683,0.7727281380169386,0.48443438750446005,-0.9169524470947944,0.6037561875211276
901,plus_kinodynamic,22,0.22506480219168618,0.2734640335149746,0.2083619426029828,16.25349939683003,0.0,1,1,0,0.21260216932695775,1.081682559361842,1.1440349558437561,-1.0408851024512598,-0.5623983582124426,-0.20066462113431788
901,plus_kinodynamic,23,0.20849585371219037,0.24604158423420028,0.11860308332538994,16.339397049658523,0.0,1,1,0,0.19380089191657157,1.0925262763778516,1.1904435692560569,-0.025340146120768996,-1.199729793928965,-0.002509691961469195
901,plus_execution_margin,0,0.14681664675743786,0.16913087949328062,0.04661364235606147,10.1642318509027,0.0,1,1,0,0.10993884432680102,1.0057863468815393,0.8042978165738838,0.26739870569914914,-0.9704842421013019,-0.6531908358385637
901,plus_execution_margin,1,0.09484286585927583,0.12409337650314807,0.01967920834463799,13.759805485938704,0.0,1,1,1,0.4795927612857106,0.9654488179537104,0.7663190119600178,1.069895943488131,-0.46166984618696233,-0.2866768620404307
901,plus_execution_margin,2,0.12457207446360011,0.14735604622897147,0.00478715595783008,16.388586382433086,0.0,1,1,1,0.26097983390446317,0.9930450313930255,1.0624406913012494,0.635670078429358,-0.7043915683143809,0.7346809306612095
901,plus_execution_margin,3,0.1467697108373568,0.17569048073951848,0.0715576573263621,18.01751093706821,0.0,1,1,0,0.1788645006038323,0.9035012483051229,0.8998727197986577,1.1018555331769473,-0.254784116346023,0.40124735272039036
901,plus_execution_margin,4,0.1387503163916175,0.15943766141595594,0.016706298591617763,12.455458147239696,0.0,1,1,0,0.2126031296626173,1.0240207922061069,0.7082615661347339,0.6581919900077983,0.7262666366939071,-0.6923294567724924
901,plus_execution_margin,5,0.1726957435999946,0.20602763398151938,0.10792206902993051,17.82933000278974,0.0,1,1,0,0.13643943645113116,1.0519366099663892,1.3546876612816283,-0.12335888757148056,-1.0946766793999896,0.4758839695082605
901,plus_execution_margin,6,0.17958227127236956,0.21959078005751279,0.1326416266743058,21.917740203115706,0.0,1,1,0,0.15465922250115263,0.9668672507348255,1.0618294627365232,-0.2979623728644595,-1.1613866333970433,-0.0489848152355629
901,plus_execution_margin,7,0.17586121229213336,0.21018346722286746,0.11488697205665588,12.664551055744015,0.0,1,1,0,0.3035910950187703,1.0042674829764802,0.7891437801116657,-0.4937981007351522,-1.0934152768211283,0.024626573544275523
901,plus_execution_margin,8,0.15288138086187533,0.17858050781493653,0.06659622939902521,16.34067088027422,0.0,1,1,0,0.1657917408085368,1.0613543848406004,1.001821255782303,-0.10641320996787622,1.027831125151983,0.6101142572609995
901,plus_execution_margin,9,0.13825256668096825,0.16002766846878064,0.0323572144788935,12.325092760936458,0.0,1,1,0,0.2681224743459699,1.004554495708097,1.0773439883504592,0.11211766307893706,1.046498684633983,-0.5764287750321468
901,plus_execution_margin,10,0.14474365612516857,0.16865016161926227,0.04326852003329318,12.173574198750565,0.0,1,1,0,0.2163911072821247,1.0213087728988806,0.8544801430767028,0.7535968962457966,0.8789415213109826,-0.31552102954357486
901,plus_execution_margin,11,0.18330376685445743,0.21862636965217172,0.169652727622438,17.282704457712374,0.0,1,1,0,0.2937428856865347,0.9295490558096369,0.8139821448692917,-0.850809655821751,-0.8417615418317407,-0.08695076913704737
901,plus_execution_margin,12,0.14385609581390707,0.16193580090784307,0.010629362930160813,15.481332856501748,0.0,1,1,0,0.11795622098917874,0.9635752086290912,1.0735013613635958,0.251354877836463,-1.1689639717762426,0.10170525098011744
901,plus_execution_margin,13,0.17534489396825162,0.21613988460096337,0.1481718306331432,21.623915142545954,0.0,1,1,0,0.2684163180135841,0.9849959659834565,1.1114535976581847,-0.6128146412652999,-0.9567626532032428,-0.386087348777933
901,plus_execution_margin,14,0.20152863502947926,0.2542772007912044,0.14093325697917392,18.683233797502915,0.0,1,1,0,0.34405186904966395,0.9918244789500447,0.7379250583394104,-1.132252929282826,0.3949844236716197,0.044616243535937274
901,plus_execution_margin,15,0.146738597704785,0.19715689186507082,0.07542396417213793,23.12090423304449,0.0,1,1,0,0.4005084823703271,1.0712017915145926,1.227536373214333,1.121190558343156,-0.4215064104829275,-0.07255396477077859
901,plus_execution_margin,16,0.21110075831053873,0.26398098770971834,0.15984374352476793,18.22016915867351,0.0,1,1,0,0.25877559153929186,1.0211622066990258,0.7950227652999596,-1.116185065319973,0.43564518732273305,0.06591032331272918
901,plus_execution_margin,17,0.14506780127360352,0.16554324801526094,0.03783035204828611,15.882866523122606,0.0,1,1,0,0.32141155813486605,1.0404599163744035,1.0360994713506944,0.25978893977898754,1.0915954226836262,0.4253576612036809
901,plus_execution_margin,18,0.0987321069049213,0.1303026228250119,0.013967357271826408,23.324875608074777,0.0,1,1,1,0.4498554969858266,1.007297600271913,0.9680385979804478,0.8677630908264822,-0.11456353885728235,0.8208912313843816
901,plus_execution_margin,19,0.13252802780877154,0.16587396421059084,0.09438078205164446,16.064935701094587,0.0,1,1,1,0.2303398923787674,0.9696683498122528,1.1671761711622144,-0.14411800601530952,-0.7960654092697538,-0.8862899438142975
901,plus_execution_margin,20,0.16323654551101272,0.19002772059718975,0.048868216469035275,26.98630923715652,0.0,1,1,0,0.07293800326240985,0.9217562561293676,1.2995382432727753,0.16623668883811382,1.1591679817268588,0.26209722131953467
901,plus_execution_margin,21,0.15090565788866894,0.16935135735046208,0.03214799925103673,17.804412857856498,0.0,1,1,0,0.2349029770006304,0.9599651054511683,0.7727281380169386,0.48443438750446005,-0.9169524470947944,0.6037561875211276
901,plus_execution_margin,22,0.22388120512639934,0.2682648265033124,0.20720022725641307,13.739938334097502,0.0,1,1,0,0.21497899926679437,1.081682559361842,1.1440349558437561,-1.0408851024512598,-0.5623983582124426,-0.20066462113431788
901,plus_execution_margin,23,0.20511801658107504,0.23783217781472316,0.1128604121852339,14.164389126942204,0.0,1,1,0,0.2016849243043603,1.0925262763778516,1.1904435692560569,-0.025340146120768996,-1.199729793928965,-0.002509691961469195
902,quintic_skeleton,0,0.1842150845617627,0.2235768684641906,0.13594809855325662,15.154209379683175,0.0,1,1,0,0.306431475992253,0.9960585434769772,0.7284641231983335,-0.9839423237219904,-0.30338021904162654,0.6162937175428809
902,quintic_skeleton,1,0.1908781876321825,0.22152080876346678,0.07194272869589735,13.763067059174078,0.0,1,1,0,0.19882711618562393,1.0931759654807547,0.9397001058799219,0.008525611860911728,1.1898593210941686,0.15544166091405867
902,quintic_skeleton,2,0.20135195459354918,0.23097928756415026,0.0021901367562948693,12.958083234997188,0.0,1,1,0,0.2114676799412634,1.0971558313083183,1.3241591881164851,0.6631674512386528,0.7868401905786923,-0.6173260452206077
902,quintic_skeleton,3,0.12958027986064116,0.14451489440309198,0.0071633901763408225,8.656576385370196,0.0,1,1,1,0.14611957665137015,0.962374627259524,1.1845644925234975,0.36984935356690557,-0.04608373495585773,1.140652333114109
902,quintic_skeleton,4,0.220304645658985,0.2594023121002986,0.18535788302731282,12.664777741795836,0.0,1,1,0,0.3392964040122678,1.060222474843807,0.8153127807836149,-1.0083280166873592,-0.47120020560849646,-0.448603362668903
902,quintic_skeleton,5,0.16941893253796433,0.20020770364905946,0.09913556716816485,10.984077495878417,0.0,1,1,0,0.15602293794263827,0.9735456142470013,0.7240577756541251,-0.5850622731573462,1.0345172123998274,-0.1657596868253828
902,quintic_skeleton,6,0.11820340820214872,0.15401112033861217,0.056127576972026194,10.65479965924855,0.0,1,1,0,0.23015233342541103,0.9699251253673971,0.7251908778386196,1.1824896717990652,-0.07565105020968639,0.18972373254474675
902,quintic_skeleton,7,0.17921928192860143,0.20657663285185965,0.0932364157425778,11.084421760245124,0.0,1,1,0,0.13618546421929456,1.035312762501566,1.0876375295143503,0.05960332186298455,1.1976076102709103,-0.046727463488793974
902,quintic_skeleton,8,0.17392661585532046,0.20111475215017047,0.10702273888864822,11.818977036095626,0.0,1,1,0,0.1554476207106859,1.0068831777438803,0.8149604388547953,-0.4340688298850231,1.1127540789550672,0.11559675899914709
902,quintic_skeleton,9,0.208685711812339,0.26017964251584086,0.15619900595199798,17.496325631938635,0.0,1,1,0,0.17823087636501359,1.0458764076189049,0.7966553722857146,-0.8577008666382386,-0.7346359128742022,0.4057823294372269
902,quintic_skeleton,10,0.1458590012986273,0.18520945253794774,0.0669179142377545,19.946531449062658,0.0,1,1,0,0.18879078762712387,1.0694473396673312,1.3826244217182946,1.0125812594503596,-0.5755381486549334,0.2888512289272369
902,quintic_skeleton,11,0.18213063232649987,0.21562855092423452,0.16923808656132744,13.846480114013207,0.0,1,1,0,0.10896390739529199,0.9781936906566657,1.2662197663307921,-0.6821047459814246,0.98414744209931,-0.07865702587182864
902,quintic_skeleton,12,0.20557858321987932,0.23853780973930813,0.17291992301659054,12.842807242027432,0.0,1,1,0,0.14807117776912976,1.067505492033746,0.7570476992552947,-0.5693901144781114,1.0337976898572523,0.21692679405829843
902,quintic_skeleton,13,0.12311594949319693,0.14805722448187758,0.08937309046595843,10.086701883101815,0.0,1,1,1,0.23249408598229743,0.9621499799508799,1.281270666123671,-0.16052919401892185,0.6994498492797063,-0.9617693518771698
902,quintic_skeleton,14,0.20500280491034836,0.25534273323476636,0.14077220823362935,18.3300435261431,0.0,1,1,0,0.34474780190573684,0.915385804212968,0.9677736106061408,-1.0242933115275006,-0.6141786013739753,-0.11665272210426285
902,quintic_skeleton,15,0.19846618052497633,0.23520651421547104,0.1715466587189134,14.725328056130664,0.0,1,1,0,0.2767870748368513,0.9505520595396,0.8731836882635788,-0.8604993430801519,0.8044108297708883,0.22905042568381773
902,quintic_skeleton,16,0.13419916506986063,0.17483505076551326,0.019880437412338026,15.269905420324102,0.0,1,1,0,0.4832589029961679,1.0603539138216151,1.3608177099523302,0.8407619884186583,-0.855162390684522,0.04262117301338167
902,quintic_skeleton,17,0.11909089980912585,0.15589533269691033,0.030048785421803892,11.304744028878575,0.0,1,1,0,0.3864752431780876,1.0341167804793474,1.2918512718870852,1.0701614785434668,0.04969635136127729,-0.5406335935761276
902,quintic_skeleton,18,0.1337738192399276,0.16131795638983415,0.02859708238409775,9.866499064242024,0.0,1,1,0,0.32808063590600556,0.9598879210126101,0.8205001175432037,0.7387124210937304,-0.7944590082652951,0.5129706064756175
902,quintic_skeleton,19,0.11829161147719248,0.14741318676768986,0.06236248746773709,10.486558927759392,0.0,1,1,1,0.2121882690727538,0.9773407192481074,0.9554615718241803,1.1650593453423204,-0.18935156731047556,0.2162931015718944
902,quintic_skeleton,20,0.13260427762060364,0.1895341790627147,0.08458760406353028,24.586300709971567,0.0,1,1,0,0.15913968660779718,1.0319149159155832,1.3597136888595012,1.0573287571736047,0.5469764268194816,0.15123719039149272
902,quintic_skeleton,21,0.13158129053157716,0.1585632518917071,0.021216371594701577,11.578748768097423,0.0,1,1,0,0.20355107369246167,1.093182310336888,0.7560773537253892,0.858426767306303,-0.6706986276511236,0.5032562329856928
902,quintic_skeleton,22,0.14395203163535766,0.1823297101549818,0.07462100398487159,10.494077429531226,0.0,1,1,0,0.27288113611107406,1.0794252933205735,0.9444004244379915,1.1508705882388286,0.30854733147123875,0.14246204185252234
902,quintic_skeleton,23,0.1778332011601698,0.21371395033803975,0.14956054398960106,12.583964136654226,0.0,1,1,0,0.3331447651059046,0.974873030625804,0.9184665080116354,-0.6610661356678661,-0.8982758784596008,-0.44282277544271215
902,projected_velocity_cfm,0,0.17732345646434247,0.22267107580551115,0.14970749107131054,26.726097717995273,0.0,1,1,0,0.2717599646667583,0.9960585434769772,0.7284641231983335,-0.9839423237219904,-0.30338021904162654,0.6162937175428809
902,projected_velocity_cfm,1,0.19021892853652608,0.220042593959351,0.07911489320464149,26.45235385641779,0.0,1,1,0,0.14939839648657033,1.0931759654807547,0.9397001058799219,0.008525611860911728,1.1898593210941686,0.15544166091405867
902,projected_velocity_cfm,2,0.2022645992782858,0.22598776865099898,0.013124311467338057,13.449238195154907,0.0,1,1,0,0.2558225705188411,1.0971558313083183,1.3241591881164851,0.6631674512386528,0.7868401905786923,-0.6173260452206077
902,projected_velocity_cfm,3,0.12218237995179666,0.14081139841636733,0.02168550481408138,25.91762194030093,0.0,1,1,1,0.20678661824482947,0.962374627259524,1.1845644925234975,0.36984935356690557,-0.04608373495585773,1.140652333114109
902,projected_velocity_cfm,4,0.21728266727675113,0.24732101672149662,0.20984633074229464,16.465253366762077,0.0,1,1,0,0.348417253650191,1.060222474843807,0.8153127807836149,-1.0083280166873592,-0.47120020560849646,-0.448603362668903
902,projected_velocity_cfm,5,0.1667380603743968,0.1911575961098619,0.09737864215801562,15.74114736575802,0.0,1,1,0,0.19382692863593087,0.9735456142470013,0.7240577756541251,-0.5850622731573462,1.0345172123998274,-0.1657596868253828
902,projected_velocity_cfm,6,0.12011114697066433,0.14061318184306507,0.08998686481943041,15.014141139873818,0.0,1,1,1,0.1402908627497542,0.9699251253673971,0.7251908778386196,1.1824896717990652,-0.07565105020968639,0.18972373254474675
902,projected_velocity_cfm,7,0.17905134878531584,0.2049344824784793,0.11399300226350251,19.449822635460077,0.0,1,1,0,0.13519686020223687,1.035312762501566,1.0876375295143503,0.05960332186298455,1.1976076102709103,-0.046727463488793974
902,projected_velocity_cfm,8,0.17132194927641656,0.19776882750430627,0.11385183765619145,13.406036539799276,0.0,1,1,0,0.1826584002420477,1.0068831777438803,0.8149604388547953,-0.4340688298850231,1.1127540789550672,0.11559675899914709
902,projected_velocity_cfm,9,0.2015328393120039,0.23235507853179346,0.49246044388557464,43.8852440953881,0.0,1,1,0,0.15260665867290632,1.0458764076189049,0.7966553722857146,-0.8577008666382386,-0.7346359128742022,0.4057823294372269
902,projected_velocity_cfm,10,0.17370715268042022,0.2609484057747744,0.0858038199393878,40.467714739725366,0.0,1,1,0,0.157864100573518,1.0694473396673312,1.3826244217182946,1.0125812594503596,-0.5755381486549334,0.2888512289272369
902,projected_velocity_cfm,11,0.19330179076299528,0.23148917101702984,0.24197213014049268,31.527744029335707,0.0,1,1,0,0.052850338513257905,0.9781936906566657,1.2662197663307921,-0.6821047459814246,0.98414744209931,-0.07865702587182864
902,projected_velocity_cfm,12,0.20398833306939337,0.23725865480443672,0.2843999802683048,17.55637302041032,0.0,1,1,0,0.1416210697570315,1.067505492033746,0.7570476992552947,-0.5693901144781114,1.0337976898572523,0.21692679405829843
902,projected_velocity_cfm,13,0.13323935963989747,0.16245862516397858,0.12354500505531707,22.288423125832278,0.0,1,1,0,0.1185652454084507,0.9621499799508799,1.281270666123671,-0.16052919401892185,0.6994498492797063,-0.9617693518771698
902,projected_velocity_cfm,14,0.19791810608046026,0.25326794874562497,0.38551287484035224,37.322578794207885,0.0,1,1,0,0.20204055087326137,0.915385804212968,0.9677736106061408,-1.0242933115275006,-0.6141786013739753,-0.11665272210426285
902,projected_velocity_cfm,15,0.19606809389956395,0.2325654306353339,0.1835339563356957,16.11155636828403,0.0,1,1,0,0.30186717293133297,0.9505520595396,0.8731836882635788,-0.8604993430801519,0.8044108297708883,0.22905042568381773
902,projected_velocity_cfm,16,0.14252744796693878,0.17353501662959678,0.15763392554103595,30.48441395599819,0.0,1,1,0,0.4725447389506606,1.0603539138216151,1.3608177099523302,0.8407619884186583,-0.855162390684522,0.04262117301338167
902,projected_velocity_cfm,17,0.12940426779416284,0.17412866261951168,0.03637588168967909,24.055912903432677,0.0,1,1,0,0.35095969388750503,1.0341167804793474,1.2918512718870852,1.0701614785434668,0.04969635136127729,-0.5406335935761276
902,projected_velocity_cfm,18,0.13375064299530057,0.1570828389025361,0.06020763504244808,15.023491331877441,0.0,1,1,0,0.4126392358283592,0.9598879210126101,0.8205001175432037,0.7387124210937304,-0.7944590082652951,0.5129706064756175
902,projected_velocity_cfm,19,0.11973580437090917,0.15098286250093731,0.07269326723282754,17.51534631404363,0.0,1,1,1,0.19942829706033444,0.9773407192481074,0.9554615718241803,1.1650593453423204,-0.18935156731047556,0.2162931015718944
902,projected_velocity_cfm,20,0.1428664763354577,0.20925108547857932,0.15407109891308846,30.331841127718643,0.0,1,1,0,0.11052263918994948,1.0319149159155832,1.3597136888595012,1.0573287571736047,0.5469764268194816,0.15123719039149272
902,projected_velocity_cfm,21,0.1333126523443509,0.15214081320795814,0.06574170412147007,17.980978251904197,0.0,1,1,0,0.3135763612600504,1.093182310336888,0.7560773537253892,0.858426767306303,-0.6706986276511236,0.5032562329856928
902,projected_velocity_cfm,22,0.14680666953180563,0.1779989247263857,0.18614892551857443,19.828664899968334,0.0,1,1,0,0.34730219583779337,1.0794252933205735,0.9444004244379915,1.1508705882388286,0.30854733147123875,0.14246204185252234
902,projected_velocity_cfm,23,0.17243616802526388,0.19865696576049446,0.21623111137924367,19.27599437883928,0.0,1,1,0,0.3299459568041695,0.974873030625804,0.9184665080116354,-0.6610661356678661,-0.8982758784596008,-0.44282277544271215
902,boundary_only,0,0.42586921410473283,1.2845285425271513,0.1927233584459369,44.80991864742091,0.03826530612244898,1,1,0,0.10896398698088787,0.9960585434769772,0.7284641231983335,-0.9839423237219904,-0.30338021904162654,0.6162937175428809
902,boundary_only,1,0.4262182025153296,0.8852609554078086,0.31686757405569166,45.95496564310034,0.006222222222222222,1,1,0,0.30082620181083813,1.0931759654807547,0.9397001058799219,0.008525611860911728,1.1898593210941686,0.15544166091405867
902,boundary_only,2,0.4212889792968938,0.7314412527076986,nan,54.17400832312032,0.0,0,0,0,-0.014028168370562736,1.0971558313083183,1.3241591881164851,0.6631674512386528,0.7868401905786923,-0.6173260452206077
902,boundary_only,3,0.13545666238534512,0.2587910851732102,0.06866869148510446,58.04754294314725,0.016915814319433516,1,1,0,0.16202220702845876,0.962374627259524,1.1845644925234975,0.36984935356690557,-0.04608373495585773,1.140652333114109
902,boundary_only,4,0.43199580804980553,0.725976409872857,0.2062668177704059,58.397531550389026,0.001280175566934894,1,1,0,0.17501493380339567,1.060222474843807,0.8153127807836149,-1.0083280166873592,-0.47120020560849646,-0.448603362668903
902,boundary_only,5,0.21115557403027896,0.31294053841507913,0.06642657147056652,47.21858606255061,0.0,1,1,0,0.19534570047028044,0.9735456142470013,0.7240577756541251,-0.5850622731573462,1.0345172123998274,-0.1657596868253828
902,boundary_only,6,0.21210446237909028,0.3985352785083274,0.19432099175861506,55.478104574738424,0.0013377926421404682,1,1,0,0.1429512510119068,0.9699251253673971,0.7251908778386196,1.1824896717990652,-0.07565105020968639,0.18972373254474675
902,boundary_only,7,0.28535876984148556,0.45365256525394715,0.19017298808258243,46.533254589305805,0.0018307567127746134,1,1,0,0.08199759677683868,1.035312762501566,1.0876375295143503,0.05960332186298455,1.1976076102709103,-0.046727463488793974
902,boundary_only,8,0.3794207294314642,0.8744342077987133,nan,63.310414575093944,0.00975975975975976,0,0,0,-0.01924798303865221,1.0068831777438803,0.8149604388547953,-0.4340688298850231,1.1127540789550672,0.11559675899914709
902,boundary_only,9,0.8888507498097806,2.0129503409679703,0.5676800754771487,54.50366198297053,0.010407030527289547,1,1,0,0.04461737648622846,1.0458764076189049,0.7966553722857146,-0.8577008666382386,-0.7346359128742022,0.4057823294372269
902,boundary_only,10,0.4187586745046793,0.8885337059946338,0.12038219460592714,72.74676253340617,0.019163150492264417,1,1,0,0.2659897118292956,1.0694473396673312,1.3826244217182946,1.0125812594503596,-0.5755381486549334,0.2888512289272369
902,boundary_only,11,0.3853638509403953,0.770533927030135,0.29476922967164043,73.07103101386353,0.0056352459016393444,1,1,0,0.1702318233835509,0.9781936906566657,1.2662197663307921,-0.6821047459814246,0.98414744209931,-0.07865702587182864
902,boundary_only,12,0.3515617672820634,0.840345797405748,0.1641098062823656,56.284148013787956,0.0,1,1,0,0.050379509290669824,1.067505492033746,0.7570476992552947,-0.5693901144781114,1.0337976898572523,0.21692679405829843
902,boundary_only,13,0.4639634188389328,0.8177062366916975,nan,64.19224778661577,0.002482811306340718,0,0,0,-0.02061288865417385,0.9621499799508799,1.281270666123671,-0.16052919401892185,0.6994498492797063,-0.9617693518771698
902,boundary_only,14,0.4930043266082969,0.9431801302877275,0.7322442333157535,62.23094354105264,0.0074091778202676865,1,1,0,0.37437079511152993,0.915385804212968,0.9677736106061408,-1.0242933115275006,-0.6141786013739753,-0.11665272210426285
902,boundary_only,15,0.2479616101755791,0.39867674334702924,0.13017909550052154,54.168191875972134,0.005755947812739831,1,1,0,0.3250647996668521,0.9505520595396,0.8731836882635788,-0.8604993430801519,0.8044108297708883,0.22905042568381773
902,boundary_only,16,0.32730938843894025,0.5345672597205718,0.1580116694512972,69.4942940003876,0.010084427767354597,1,1,0,0.2156721358262153,1.0603539138216151,1.3608177099523302,0.8407619884186583,-0.855162390684522,0.04262117301338167
902,boundary_only,17,0.37035963089058827,0.5970592678598027,0.1360317493183183,68.43503182939986,0.0,1,1,0,0.35464816765291873,1.0341167804793474,1.2918512718870852,1.0701614785434668,0.04969635136127729,-0.5406335935761276
902,boundary_only,18,0.24965699243441689,0.557276740852027,0.12459995459625572,66.6885159404783,0.003528225806451613,1,1,0,0.47127001222750925,0.9598879210126101,0.8205001175432037,0.7387124210937304,-0.7944590082652951,0.5129706064756175
902,boundary_only,19,0.2594565501405868,0.6293166223713782,6.236951222904352e-05,38.496917558477755,0.0006009615384615385,1,1,0,0.2823963864493603,0.9773407192481074,0.9554615718241803,1.1650593453423204,-0.18935156731047556,0.2162931015718944
902,boundary_only,20,0.2495606730270574,0.4744193603569538,0.2634262323119092,52.6163802423159,0.00267379679144385,1,1,0,0.12649123548535293,1.0319149159155832,1.3597136888595012,1.0573287571736047,0.5469764268194816,0.15123719039149272
902,boundary_only,21,0.27220324677309293,0.4986200900377781,0.051554505623375046,47.21545836739648,0.004556752278376139,1,1,0,0.07163603672901352,1.093182310336888,0.7560773537253892,0.858426767306303,-0.6706986276511236,0.5032562329856928
902,boundary_only,22,0.28056412081593535,0.5048801904250844,0.8442927061106533,66.47631676991715,0.005158730158730159,1,1,0,0.23425641776288236,1.0794252933205735,0.9444004244379915,1.1508705882388286,0.30854733147123875,0.14246204185252234
902,boundary_only,23,0.34743365346292593,0.5623178408576831,0.35174145169163884,47.022103820848855,0.006545608108108108,1,1,0,0.12173745585552546,0.974873030625804,0.9184665080116354,-0.6610661356678661,-0.8982758784596008,-0.44282277544271215
902,plus_safe_prior,0,0.9165509132266064,1.8906800003360675,nan,51.104392524320104,0.03293135435992579,0,0,0,-0.00373446598189359,0.9960585434769772,0.7284641231983335,-0.9839423237219904,-0.30338021904162654,0.6162937175428809
902,plus_safe_prior,1,0.4262182025153296,0.8852609554078086,0.31686757405569166,45.95496564310034,0.006222222222222222,1,1,0,0.30082620181083813,1.0931759654807547,0.9397001058799219,0.008525611860911728,1.1898593210941686,0.15544166091405867
902,plus_safe_prior,2,0.4212889792968938,0.7314412527076986,nan,54.17400832312032,0.0,0,0,0,-0.014028168370562736,1.0971558313083183,1.3241591881164851,0.6631674512386528,0.7868401905786923,-0.6173260452206077
902,plus_safe_prior,3,0.13545666238534512,0.2587910851732102,0.06866869148510446,58.04754294314725,0.016915814319433516,1,1,0,0.16202220702845876,0.962374627259524,1.1845644925234975,0.36984935356690557,-0.04608373495585773,1.140652333114109
902,plus_safe_prior,4,0.36752969466854457,0.679908222723396,0.20500903573384255,52.69886210855691,0.000731528895391368,1,1,0,0.04078561195755198,1.060222474843807,0.8153127807836149,-1.0083280166873592,-0.47120020560849646,-0.448603362668903
902,plus_safe_prior,5,0.21574707968990825,0.31525775336517925,0.09032330376833508,43.61884088886031,0.0005961844197138314,1,1,0,0.20063706553432636,0.9735456142470013,0.7240577756541251,-0.5850622731573462,1.0345172123998274,-0.1657596868253828
902,plus_safe_prior,6,0.19842585757105435,0.4523252253172666,0.20355865740991863,52.94447036296373,0.0,1,1,0,0.2558232427422214,0.9699251253673971,0.7251908778386196,1.1824896717990652,-0.07565105020968639,0.18972373254474675
902,plus_safe_prior,7,0.28535876984148556,0.45365256525394715,0.19017298808258243,46.533254589305805,0.0018307567127746134,1,1,0,0.08199759677683868,1.035312762501566,1.0876375295143503,0.05960332186298455,1.1976076102709103,-0.046727463488793974
902,plus_safe_prior,8,0.4593178723379545,1.1511460190926948,nan,48.36216028075519,0.0,0,0,0,-0.029050285160995996,1.0068831777438803,0.8149604388547953,-0.4340688298850231,1.1127540789550672,0.11559675899914709
902,plus_safe_prior,9,0.6176841547493177,1.2655079401988654,nan,54.30932559899094,0.014569842738205366,0,0,0,-0.014325236108046674,1.0458764076189049,0.7966553722857146,-0.8577008666382386,-0.7346359128742022,0.4057823294372269
902,plus_safe_prior,10,0.4187586745046793,0.8885337059946338,0.12038219460592714,72.74676253340617,0.019163150492264417,1,1,0,0.2659897118292956,1.0694473396673312,1.3826244217182946,1.0125812594503596,-0.5755381486549334,0.2888512289272369
902,plus_safe_prior,11,0.31539320980626706,0.5081357598379698,1.1699478619604982,53.50345909423055,0.001878415300546448,1,1,0,0.0798418445423571,0.9781936906566657,1.2662197663307921,-0.6821047459814246,0.98414744209931,-0.07865702587182864
902,plus_safe_prior,12,0.339764206933766,0.6201831528867765,nan,46.74329172367174,0.0,0,0,0,-0.03458449566019616,1.067505492033746,0.7570476992552947,-0.5693901144781114,1.0337976898572523,0.21692679405829843
902,plus_safe_prior,13,0.4639634188389328,0.8177062366916975,nan,64.19224778661577,0.002482811306340718,0,0,0,-0.02061288865417385,0.9621499799508799,1.281270666123671,-0.16052919401892185,0.6994498492797063,-0.9617693518771698
902,plus_safe_prior,14,0.4930043266082969,0.9431801302877275,0.7322442333157535,62.23094354105264,0.0074091778202676865,1,1,0,0.37437079511152993,0.915385804212968,0.9677736106061408,-1.0242933115275006,-0.6141786013739753,-0.11665272210426285
902,plus_safe_prior,15,0.2479616101755791,0.39867674334702924,0.13017909550052154,54.168191875972134,0.005755947812739831,1,1,0,0.3250647996668521,0.9505520595396,0.8731836882635788,-0.8604993430801519,0.8044108297708883,0.22905042568381773
902,plus_safe_prior,16,0.32730938843894025,0.5345672597205718,0.1580116694512972,69.4942940003876,0.010084427767354597,1,1,0,0.2156721358262153,1.0603539138216151,1.3608177099523302,0.8407619884186583,-0.855162390684522,0.04262117301338167
902,plus_safe_prior,17,0.37035963089058827,0.5970592678598027,0.1360317493183183,68.43503182939986,0.0,1,1,0,0.35464816765291873,1.0341167804793474,1.2918512718870852,1.0701614785434668,0.04969635136127729,-0.5406335935761276
902,plus_safe_prior,18,0.24965699243441689,0.557276740852027,0.12459995459625572,66.6885159404783,0.003528225806451613,1,1,0,0.47127001222750925,0.9598879210126101,0.8205001175432037,0.7387124210937304,-0.7944590082652951,0.5129706064756175
902,plus_safe_prior,19,0.2976663415515113,0.5734928974694669,0.008718937689639272,60.19386543657647,0.011217948717948718,1,1,0,0.011443066976583503,0.9773407192481074,0.9554615718241803,1.1650593453423204,-0.18935156731047556,0.2162931015718944
902,plus_safe_prior,20,0.2495606730270574,0.4744193603569538,0.2634262323119092,52.6163802423159,0.00267379679144385,1,1,0,0.12649123548535293,1.0319149159155832,1.3597136888595012,1.0573287571736047,0.5469764268194816,0.15123719039149272
902,plus_safe_prior,21,0.27220324677309293,0.4986200900377781,0.051554505623375046,47.21545836739648,0.004556752278376139,1,1,0,0.07163603672901352,1.093182310336888,0.7560773537253892,0.858426767306303,-0.6706986276511236,0.5032562329856928
902,plus_safe_prior,22,0.22961747334343877,0.3477460201283844,5.4998485402357744e-05,45.53866142609706,0.007341269841269841,1,1,0,0.16483674845198232,1.0794252933205735,0.9444004244379915,1.1508705882388286,0.30854733147123875,0.14246204185252234
902,plus_safe_prior,23,0.34743365346292593,0.5623178408576831,0.35174145169163884,47.022103820848855,0.006545608108108108,1,1,0,0.12173745585552546,0.974873030625804,0.9184665080116354,-0.6610661356678661,-0.8982758784596008,-0.44282277544271215
902,plus_cbf,0,0.9165509132266064,1.8906800003360675,nan,51.104392524320104,0.03293135435992579,0,0,0,-0.00373446598189359,0.9960585434769772,0.7284641231983335,-0.9839423237219904,-0.30338021904162654,0.6162937175428809
902,plus_cbf,1,0.4262182025153296,0.8852609554078086,0.31686757405569166,45.95496564310034,0.006222222222222222,1,1,0,0.30082620181083813,1.0931759654807547,0.9397001058799219,0.008525611860911728,1.1898593210941686,0.15544166091405867
902,plus_cbf,2,0.4212889792968938,0.7314412527076986,nan,54.17400832312032,0.0,0,0,0,-0.014028168370562736,1.0971558313083183,1.3241591881164851,0.6631674512386528,0.7868401905786923,-0.6173260452206077
902,plus_cbf,3,0.13545666238534512,0.2587910851732102,0.06866869148510446,58.04754294314725,0.016915814319433516,1,1,0,0.16202220702845876,0.962374627259524,1.1845644925234975,0.36984935356690557,-0.04608373495585773,1.140652333114109
902,plus_cbf,4,0.36752969466854457,0.679908222723396,0.20500903573384255,52.69886210855691,0.000731528895391368,1,1,0,0.04078561195755198,1.060222474843807,0.8153127807836149,-1.0083280166873592,-0.47120020560849646,-0.448603362668903
902,plus_cbf,5,0.21707139578878012,0.31561708514671494,0.09148301169681838,43.56229961034399,0.0001987281399046105,1,1,0,0.19985275841787914,0.9735456142470013,0.7240577756541251,-0.5850622731573462,1.0345172123998274,-0.1657596868253828
902,plus_cbf,6,0.19842585757105435,0.4523252253172666,0.20355865740991863,52.94447036296373,0.0,1,1,0,0.2558232427422214,0.9699251253673971,0.7251908778386196,1.1824896717990652,-0.07565105020968639,0.18972373254474675
902,plus_cbf,7,0.28535876984148556,0.45365256525394715,0.19017298808258243,46.533254589305805,0.0018307567127746134,1,1,0,0.08199759677683868,1.035312762501566,1.0876375295143503,0.05960332186298455,1.1976076102709103,-0.046727463488793974
902,plus_cbf,8,0.4593178723379545,1.1511460190926948,nan,48.36216028075519,0.0,0,0,0,-0.029050285160995996,1.0068831777438803,0.8149604388547953,-0.4340688298850231,1.1127540789550672,0.11559675899914709
902,plus_cbf,9,0.6176841547493177,1.2655079401988654,nan,54.30932559899094,0.014569842738205366,0,0,0,-0.014325236108046674,1.0458764076189049,0.7966553722857146,-0.8577008666382386,-0.7346359128742022,0.4057823294372269
902,plus_cbf,10,0.4187586745046793,0.8885337059946338,0.12038219460592714,72.74676253340617,0.019163150492264417,1,1,0,0.2659897118292956,1.0694473396673312,1.3826244217182946,1.0125812594503596,-0.5755381486549334,0.2888512289272369
902,plus_cbf,11,0.3150903391105736,0.5078572627465896,1.1710857736034108,53.508898458979324,0.001878415300546448,1,1,0,0.0795117368264906,0.9781936906566657,1.2662197663307921,-0.6821047459814246,0.98414744209931,-0.07865702587182864
902,plus_cbf,12,0.34010108475397366,0.6222387676872786,nan,46.74530218058619,0.0,0,0,0,-0.03473953281998346,1.067505492033746,0.7570476992552947,-0.5693901144781114,1.0337976898572523,0.21692679405829843
902,plus_cbf,13,0.4639634188389328,0.8177062366916975,nan,64.19224778661577,0.002482811306340718,0,0,0,-0.02061288865417385,0.9621499799508799,1.281270666123671,-0.16052919401892185,0.6994498492797063,-0.9617693518771698
902,plus_cbf,14,0.4930043266082969,0.9431801302877275,0.7322442333157535,62.23094354105264,0.0074091778202676865,1,1,0,0.37437079511152993,0.915385804212968,0.9677736106061408,-1.0242933115275006,-0.6141786013739753,-0.11665272210426285
902,plus_cbf,15,0.2479616101755791,0.39867674334702924,0.13017909550052154,54.168191875972134,0.005755947812739831,1,1,0,0.3250647996668521,0.9505520595396,0.8731836882635788,-0.8604993430801519,0.8044108297708883,0.22905042568381773
902,plus_cbf,16,0.32730938843894025,0.5345672597205718,0.1580116694512972,69.4942940003876,0.010084427767354597,1,1,0,0.2156721358262153,1.0603539138216151,1.3608177099523302,0.8407619884186583,-0.855162390684522,0.04262117301338167
902,plus_cbf,17,0.37035963089058827,0.5970592678598027,0.1360317493183183,68.43503182939986,0.0,1,1,0,0.35464816765291873,1.0341167804793474,1.2918512718870852,1.0701614785434668,0.04969635136127729,-0.5406335935761276
902,plus_cbf,18,0.24965699243441689,0.557276740852027,0.12459995459625572,66.6885159404783,0.003528225806451613,1,1,0,0.47127001222750925,0.9598879210126101,0.8205001175432037,0.7387124210937304,-0.7944590082652951,0.5129706064756175
902,plus_cbf,19,0.3020660831906542,0.5892496954480146,0.023295664264384897,60.12099320552844,0.011217948717948718,1,1,0,0.009342456607072093,0.9773407192481074,0.9554615718241803,1.1650593453423204,-0.18935156731047556,0.2162931015718944
902,plus_cbf,20,0.2495606730270574,0.4744193603569538,0.2634262323119092,52.6163802423159,0.00267379679144385,1,1,0,0.12649123548535293,1.0319149159155832,1.3597136888595012,1.0573287571736047,0.5469764268194816,0.15123719039149272
902,plus_cbf,21,0.27220324677309293,0.4986200900377781,0.051554505623375046,47.21545836739648,0.004556752278376139,1,1,0,0.07163603672901352,1.093182310336888,0.7560773537253892,0.858426767306303,-0.6706986276511236,0.5032562329856928
902,plus_cbf,22,0.22961747334343877,0.3477460201283844,5.4998485402357744e-05,45.53866142609706,0.007341269841269841,1,1,0,0.16483674845198232,1.0794252933205735,0.9444004244379915,1.1508705882388286,0.30854733147123875,0.14246204185252234
902,plus_cbf,23,0.34743365346292593,0.5623178408576831,0.35174145169163884,47.022103820848855,0.006545608108108108,1,1,0,0.12173745585552546,0.974873030625804,0.9184665080116354,-0.6610661356678661,-0.8982758784596008,-0.44282277544271215
902,plus_kinodynamic,0,0.18482336699430787,0.23520405615465337,0.13562308903220277,20.535303424600514,0.0,1,1,0,0.3092560389668465,0.9960585434769772,0.7284641231983335,-0.9839423237219904,-0.30338021904162654,0.6162937175428809
902,plus_kinodynamic,1,0.1932689844937498,0.22793431546161336,0.0695055843909973,17.93363020049912,0.0,1,1,0,0.20711229861115577,1.0931759654807547,0.9397001058799219,0.008525611860911728,1.1898593210941686,0.15544166091405867
902,plus_kinodynamic,2,0.2191436229272735,0.2615903202281967,0.014242888347712146,22.780265120400838,0.0,1,1,0,0.17226497369556207,1.0971558313083183,1.3241591881164851,0.6631674512386528,0.7868401905786923,-0.6173260452206077
902,plus_kinodynamic,3,0.10990485076941438,0.14307622140195925,0.008074864300268825,21.527533158262692,0.0,1,1,1,0.16669961356838237,0.962374627259524,1.1845644925234975,0.36984935356690557,-0.04608373495585773,1.140652333114109
902,plus_kinodynamic,4,0.22855593051853684,0.2927238162967683,0.16471653499195993,29.286432052323775,0.0,1,1,0,0.29933970230817925,1.060222474843807,0.8153127807836149,-1.0083280166873592,-0.47120020560849646,-0.448603362668903
902,plus_kinodynamic,5,0.17086496104462123,0.2075784111629254,0.09815058436056878,15.973276765075623,0.0,1,1,0,0.1726071109812986,0.9735456142470013,0.7240577756541251,-0.5850622731573462,1.0345172123998274,-0.1657596868253828
902,plus_kinodynamic,6,0.11736709126915365,0.15173905941250987,0.08662782755571685,25.47605421566362,0.0,1,1,0,0.22018522099203308,0.9699251253673971,0.7251908778386196,1.1824896717990652,-0.07565105020968639,0.18972373254474675
902,plus_kinodynamic,7,0.18118294946415597,0.21158691219841086,0.10261663721488867,14.37304527784933,0.0,1,1,0,0.14506955919548115,1.035312762501566,1.0876375295143503,0.05960332186298455,1.1976076102709103,-0.046727463488793974
902,plus_kinodynamic,8,0.17538676277342122,0.21401943820172484,0.09130881213071307,21.77313362140973,0.0,1,1,0,0.14246052993565966,1.0068831777438803,0.8149604388547953,-0.4340688298850231,1.1127540789550672,0.11559675899914709
902,plus_kinodynamic,9,0.20937095170051237,0.2660428348250767,0.15238758622148518,19.166057638946693,0.0,1,1,0,0.19621900774308165,1.0458764076189049,0.7966553722857146,-0.8577008666382386,-0.7346359128742022,0.4057823294372269
902,plus_kinodynamic,10,0.15001940673469547,0.20829567332308485,0.06853891223193065,21.562284139710986,0.0,1,1,0,0.20865970701972492,1.0694473396673312,1.3826244217182946,1.0125812594503596,-0.5755381486549334,0.2888512289272369
902,plus_kinodynamic,11,0.1960609688579598,0.2472490207500852,0.22073803493056632,30.880543036872233,0.0,1,1,0,0.12301328758120109,0.9781936906566657,1.2662197663307921,-0.6821047459814246,0.98414744209931,-0.07865702587182864
902,plus_kinodynamic,12,0.2096233360972401,0.2531704828629496,0.16569630011666225,23.555105930282945,0.0,1,1,0,0.11668448330523035,1.067505492033746,0.7570476992552947,-0.5693901144781114,1.0337976898572523,0.21692679405829843
902,plus_kinodynamic,13,0.16743035689016236,0.26008861994190097,0.08664690535266661,34.95863269408341,0.0,1,1,0,0.21741084016517392,0.9621499799508799,1.281270666123671,-0.16052919401892185,0.6994498492797063,-0.9617693518771698
902,plus_kinodynamic,14,0.20610784721444514,0.26483950240170445,0.13178237112224234,21.282275680466356,0.0,1,1,0,0.3529030965676636,0.915385804212968,0.9677736106061408,-1.0242933115275006,-0.6141786013739753,-0.11665272210426285
902,plus_kinodynamic,15,0.19617673410645933,0.24323255894174065,0.1697989019010735,20.97624697640085,0.0,1,1,0,0.2981923275596771,0.9505520595396,0.8731836882635788,-0.8604993430801519,0.8044108297708883,0.22905042568381773
902,plus_kinodynamic,16,0.1347874319448414,0.17863293083560727,0.02022995792729798,19.300061555210025,0.0,1,1,0,0.4848370920665337,1.0603539138216151,1.3608177099523302,0.8407619884186583,-0.855162390684522,0.04262117301338167
902,plus_kinodynamic,17,0.13639571781330942,0.18698709391931806,0.023534296660590037,24.271091080404993,0.0,1,1,0,0.40152434098334255,1.0341167804793474,1.2918512718870852,1.0701614785434668,0.04969635136127729,-0.5406335935761276
902,plus_kinodynamic,18,0.1285269401843135,0.16054915369166756,0.014951214651711897,32.641753498421295,0.0,1,1,0,0.3343491477845971,0.9598879210126101,0.8205001175432037,0.7387124210937304,-0.7944590082652951,0.5129706064756175
902,plus_kinodynamic,19,0.11639853041789476,0.14581298006924492,0.04837563127102573,17.776887065235744,0.0,1,1,1,0.2159116023390099,0.9773407192481074,0.9554615718241803,1.1650593453423204,-0.18935156731047556,0.2162931015718944
902,plus_kinodynamic,20,0.14339319751401527,0.21709994320342443,0.08379806384574806,27.863004940081012,0.0,1,1,0,0.17193429107884706,1.0319149159155832,1.3597136888595012,1.0573287571736047,0.5469764268194816,0.15123719039149272
902,plus_kinodynamic,21,0.13534496093362844,0.16129311529818924,0.02151127667906927,22.313683414865288,0.0,1,1,0,0.19755550986554002,1.093182310336888,0.7560773537253892,0.858426767306303,-0.6706986276511236,0.5032562329856928
902,plus_kinodynamic,22,0.1446170316520912,0.18243718369327636,0.07220711067700325,12.466860357475912,0.0,1,1,0,0.27708973335338277,1.0794252933205735,0.9444004244379915,1.1508705882388286,0.30854733147123875,0.14246204185252234
902,plus_kinodynamic,23,0.18076127377659365,0.2250434051945129,0.164880193870665,17.292228601272267,0.0,1,1,0,0.3178607324988593,0.974873030625804,0.9184665080116354,-0.6610661356678661,-0.8982758784596008,-0.44282277544271215
902,plus_execution_margin,0,0.18438445020851735,0.2263412186139974,0.13480179007497295,16.473281762566053,0.0,1,1,0,0.30933702512366446,0.9960585434769772,0.7284641231983335,-0.9839423237219904,-0.30338021904162654,0.6162937175428809
902,plus_execution_margin,1,0.19162300627015239,0.2240494065378522,0.07139256742262834,15.470950818867372,0.0,1,1,0,0.20363321899409553,1.0931759654807547,0.9397001058799219,0.008525611860911728,1.1898593210941686,0.15544166091405867
902,plus_execution_margin,2,0.2075366458950982,0.2354527207846101,0.0025521426687573623,15.099047634130564,0.0,1,1,0,0.19919408080943796,1.0971558313083183,1.3241591881164851,0.6631674512386528,0.7868401905786923,-0.6173260452206077
902,plus_execution_margin,3,0.11901756930405742,0.14276746265961257,0.0024789879083901845,16.74618594831829,0.0,1,1,1,0.15457411691814227,0.962374627259524,1.1845644925234975,0.36984935356690557,-0.04608373495585773,1.140652333114109
902,plus_execution_margin,4,0.2229179961801638,0.2704723636680961,0.17123719837830498,21.45506838706165,0.0,1,1,0,0.32895605220118607,1.060222474843807,0.8153127807836149,-1.0083280166873592,-0.47120020560849646,-0.448603362668903
902,plus_execution_margin,5,0.169854735788346,0.204237162606834,0.10367186924565974,12.805433459190485,0.0,1,1,0,0.16735994454721814,0.9735456142470013,0.7240577756541251,-0.5850622731573462,1.0345172123998274,-0.1657596868253828
902,plus_execution_margin,6,0.11737930592925722,0.1522976310588617,0.07382598226009307,20.724991751970666,0.0,1,1,0,0.21990871909184684,0.9699251253673971,0.7251908778386196,1.1824896717990652,-0.07565105020968639,0.18972373254474675
902,plus_execution_margin,7,0.18015289208085855,0.209043430285438,0.09870283816741621,12.737481925487534,0.0,1,1,0,0.14271079174244516,1.035312762501566,1.0876375295143503,0.05960332186298455,1.1976076102709103,-0.046727463488793974
902,plus_execution_margin,8,0.1744409547518787,0.2055544942828518,0.10023198436890501,17.268533785695666,0.0,1,1,0,0.14970964604293968,1.0068831777438803,0.8149604388547953,-0.4340688298850231,1.1127540789550672,0.11559675899914709
902,plus_execution_margin,9,0.20893148284967475,0.26203496043296515,0.15364444089953366,18.233301976096197,0.0,1,1,0,0.18809487423678323,1.0458764076189049,0.7966553722857146,-0.8577008666382386,-0.7346359128742022,0.4057823294372269
902,plus_execution_margin,10,0.14641580703385967,0.1870019764593522,0.06736183437894239,19.9702789663203,0.0,1,1,0,0.20187062129373498,1.0694473396673312,1.3826244217182946,1.0125812594503596,-0.5755381486549334,0.2888512289272369
902,plus_execution_margin,11,0.18651844554026595,0.22330937276686863,0.1948873575865977,23.981168620173662,0.0,1,1,0,0.11923312342208492,0.9781936906566657,1.2662197663307921,-0.6821047459814246,0.98414744209931,-0.07865702587182864
902,plus_execution_margin,12,0.20706912491041615,0.24586890456050045,0.1685981215610588,18.223714562059214,0.0,1,1,0,0.13127770930058286,1.067505492033746,0.7570476992552947,-0.5693901144781114,1.0337976898572523,0.21692679405829843
902,plus_execution_margin,13,0.1421820146702355,0.19636078436897605,0.08311228783891567,24.492948562646895,0.0,1,1,0,0.23563822953628244,0.9621499799508799,1.281270666123671,-0.16052919401892185,0.6994498492797063,-0.9617693518771698
902,plus_execution_margin,14,0.2054019828109024,0.25980617958786045,0.13429031004788383,18.43347135357915,0.0,1,1,0,0.34897327353988755,0.915385804212968,0.9677736106061408,-1.0242933115275006,-0.6141786013739753,-0.11665272210426285
902,plus_execution_margin,15,0.19754850828685588,0.24077628333974901,0.16753776788397534,17.16764153428089,0.0,1,1,0,0.28837251838831673,0.9505520595396,0.8731836882635788,-0.8604993430801519,0.8044108297708883,0.22905042568381773
902,plus_execution_margin,16,0.13396250980086782,0.1731399975603164,0.019940004403725453,14.737664891541721,0.0,1,1,0,0.4842219195930514,1.0603539138216151,1.3608177099523302,0.8407619884186583,-0.855162390684522,0.04262117301338167
902,plus_execution_margin,17,0.12282586515132395,0.16037279602174437,0.028486870392943064,17.657037717069592,0.0,1,1,0,0.39169536763827056,1.0341167804793474,1.2918512718870852,1.0701614785434668,0.04969635136127729,-0.5406335935761276
902,plus_execution_margin,18,0.13065102518051502,0.16074620744713988,0.019745098002639683,23.47750003762672,0.0,1,1,0,0.33129648804118744,0.9598879210126101,0.8205001175432037,0.7387124210937304,-0.7944590082652951,0.5129706064756175
902,plus_execution_margin,19,0.11751216164624324,0.14643731818701577,0.05393799549663969,14.617369271099754,0.0,1,1,1,0.21347306007525668,0.9773407192481074,0.9554615718241803,1.1650593453423204,-0.18935156731047556,0.2162931015718944
902,plus_execution_margin,20,0.1363036640826008,0.1940071848213511,0.08265839537656117,22.880016620619212,0.0,1,1,0,0.1677987457262513,1.0319149159155832,1.3597136888595012,1.0573287571736047,0.5469764268194816,0.15123719039149272
902,plus_execution_margin,21,0.1332348690021397,0.15966052948226267,0.02146275363342287,17.693930432998418,0.0,1,1,0,0.20032040950061666,1.093182310336888,0.7560773537253892,0.858426767306303,-0.6706986276511236,0.5032562329856928
902,plus_execution_margin,22,0.14421023889154955,0.18226434354122392,0.07323931231648917,11.442469766146862,0.0,1,1,0,0.27646946745250567,1.0794252933205735,0.9444004244379915,1.1508705882388286,0.30854733147123875,0.14246204185252234
902,plus_execution_margin,23,0.17872937203252284,0.2188059991583391,0.1567660918516709,14.28888195702736,0.0,1,1,0,0.3270506450027221,0.974873030625804,0.9184665080116354,-0.6610661356678661,-0.8982758784596008,-0.44282277544271215
903,quintic_skeleton,0,0.16617745558008082,0.19626078317857346,0.0639646953533628,12.953871242535142,0.0,1,1,0,0.18815979904130653,0.9655827611365144,1.084891417374751,-0.22995807574791247,-1.1752665032135532,0.0766024139469756
903,quintic_skeleton,1,0.19426528312237157,0.22893999241918706,0.0841877214209612,12.644751785304296,0.0,1,1,0,0.20274319916799222,1.060441540799326,0.7493674578712095,-0.145793541168154,1.1766178178221611,-0.1852424199179686
903,quintic_skeleton,2,0.14641194069921007,0.16005169711736378,0.018293891248878147,10.452340761402805,0.0,1,1,0,0.3752541345279557,0.9483873211371777,1.0254853376910125,0.18899461081739757,1.1776517510272033,-0.13197496120303503
903,quintic_skeleton,3,0.12382916647006345,0.15910373985301648,0.05063997960304434,16.599371797461075,0.0,1,1,0,0.2348578027902583,0.9990815261267735,1.2964237195750732,0.9584362268466295,0.7164526295892982,0.08997571129241307
903,quintic_skeleton,4,0.21606634871129193,0.25772064154333724,0.20608504520939208,14.280732060206546,0.0,1,1,0,0.29942802842923355,1.0835873070587547,0.9628175334409919,-1.11763144737859,-0.3693705396971331,0.2333781314397012
903,quintic_skeleton,5,0.18148545513428915,0.22361169457036206,0.17383814707185863,14.34668525615468,0.0,1,1,0,0.20588006336007925,1.0514113446724354,1.1452803853862847,-0.9381410588488875,-0.349942678082709,0.6613860262798038
903,quintic_skeleton,6,0.1491333037717811,0.16663401524690727,0.0009870689771616092,9.731807445383021,0.0,1,1,0,0.14323269255772614,0.9533149560317155,0.9652976415611336,0.6563761420260771,-0.8555717636546774,0.5264668246108084
903,quintic_skeleton,7,0.13444353882316837,0.1559391599230764,0.043633396757048803,10.80306081021538,0.0,1,1,0,0.36228661722608224,0.9457208833121761,1.0410240561305704,0.7363454765610237,-0.873007019338417,0.3683124805568937
903,quintic_skeleton,8,0.2001839605298669,0.2384995635998406,0.20306779056191404,13.394945188139996,0.0,1,1,0,0.1760864345925307,1.0981869470311973,0.8498752908468259,-1.0305720556130127,-0.3900792154677479,0.4751414987660369
903,quintic_skeleton,9,0.17728810835344866,0.21295163073945286,0.08398808765891452,13.901437599165535,0.0,1,1,0,0.09552891115600881,1.0126794199654874,0.9798052939174668,0.1291798916353427,-1.1855748078941106,0.13313500848358448
903,quintic_skeleton,10,0.11350583620728504,0.12944049582503897,0.07419051392657527,6.134842330008804,0.0,1,1,1,0.20800633857325004,0.9779496035368163,0.8752217829419553,0.010372720054875113,0.6095180071350451,-1.033624789590878
903,quintic_skeleton,11,0.20443948924444216,0.24056059574083727,0.21750756201050825,12.841160070222012,0.0,1,1,0,0.3349885026373126,1.0359714284563184,1.0955572601567023,-1.0462810481029154,-0.5642892375407347,-0.16393176866111442
903,quintic_skeleton,12,0.17151374533186806,0.19891481384441956,0.105124293031718,11.064423275080193,0.0,1,1,0,0.08377901379636357,0.9842600690379284,0.7347076725196297,-0.5456253062996365,-1.0491808021916178,0.20374658141421978
903,quintic_skeleton,13,0.14168238539134373,0.15668873341297843,0.039591830794812655,9.64452663249731,0.0,1,1,0,0.24994846412518756,1.023451182125605,1.3246354355984842,0.15461791718573933,0.2872447374401944,-1.154808971431231
903,quintic_skeleton,14,0.19789626302263816,0.23748813972393046,0.11582602320415858,13.407616170973489,0.0,1,1,0,0.35147468824729267,1.0457571588416423,1.2773470571912906,-0.5642957154800033,0.7935504714853412,-0.7013187539887289
903,quintic_skeleton,15,0.12698999116248635,0.15452159030355292,0.032823077461650474,9.149319092406818,0.0,1,1,0,0.3570796905544815,1.0202339524417916,0.7981356187113429,0.78056517225243,-0.7204330050846312,-0.5582958866508528
903,quintic_skeleton,16,0.1677985427236302,0.19621050937446993,0.014866683960541582,12.979887167099353,0.0,1,1,0,0.14512334392946596,1.089775551702875,1.325296280900996,0.5319135305000302,1.075651034919198,0.006545773311985346
903,quintic_skeleton,17,0.1904193089611476,0.22141933735010594,0.07608612049251562,12.540922716314173,0.0,1,1,0,0.19730779905709925,1.0566834806810708,1.0965439851466392,-0.004198459102248378,-1.1246728349152588,-0.41844161760613846
903,quintic_skeleton,18,0.1392993161017552,0.17796768459762394,0.00549354509225175,26.536669070258416,0.0,1,1,0,0.2666363903652284,0.9638310840404729,1.3082264027127835,0.35353617492962836,-1.1467358531833935,0.003009325486179816
903,quintic_skeleton,19,0.17267542756389234,0.20367456600766523,0.110199053452682,12.275562815570265,0.0,1,1,0,0.06650032845929509,0.9983459155734756,1.1562716032764289,-0.3134497531393791,1.1570505146925494,0.05462013096440293
903,quintic_skeleton,20,0.18004658028245482,0.2107855136067228,0.010765796724617971,18.08381019657673,0.0,1,1,0,0.08706504507737373,1.0826265797447563,1.3615425281076234,0.10952279113560455,1.192860967873517,0.07132649960374385
903,quintic_skeleton,21,0.16857281516762002,0.21005551406167988,0.16382939868776836,16.24676590904641,0.0,1,1,0,0.2830480102186027,0.9511261320692658,1.271053858694644,-0.9913440521564051,0.2475731714337001,-0.6292412057711877
903,quintic_skeleton,22,0.16496717533871882,0.1864664361650267,0.08412164137255607,10.464608023250861,0.0,1,1,0,0.246114541745322,0.9789065953198859,0.9295609868799286,0.019361664002180194,1.0970844448477806,0.4858300596300149
903,quintic_skeleton,23,0.13825897519218244,0.1634439492408863,0.039287143548940584,19.77613166188144,0.0,1,1,0,0.30709242190511465,0.9544800659317512,1.3370457475990665,0.434951730526364,-1.066853828069781,-0.3356186848865471
903,projected_velocity_cfm,0,0.16410401601414015,0.20037695859248564,0.07401574410463851,32.48003701568677,0.0,1,1,0,0.1682627907010536,0.9655827611365144,1.084891417374751,-0.22995807574791247,-1.1752665032135532,0.0766024139469756
903,projected_velocity_cfm,1,0.19291768618806876,0.22545273702849652,0.09698749840466814,25.21961615044344,0.0,1,1,0,0.15585301599409174,1.060441540799326,0.7493674578712095,-0.145793541168154,1.1766178178221611,-0.1852424199179686
903,projected_velocity_cfm,2,0.14604878602598073,0.16257670233137217,0.01741033690441407,15.359026467005563,0.0,1,1,0,0.3555276494044742,0.9483873211371777,1.0254853376910125,0.18899461081739757,1.1776517510272033,-0.13197496120303503
903,projected_velocity_cfm,3,0.128790054525986,0.1579953854717129,0.07800806130299653,28.840878558294747,0.0,1,1,0,0.24795923842967893,0.9990815261267735,1.2964237195750732,0.9584362268466295,0.7164526295892982,0.08997571129241307
903,projected_velocity_cfm,4,0.21257247102767274,0.24408299619369017,0.23779545457964746,18.87993034771709,0.0,1,1,0,0.2855723442800318,1.0835873070587547,0.9628175334409919,-1.11763144737859,-0.3693705396971331,0.2333781314397012
903,projected_velocity_cfm,5,0.17691216589988729,0.20992817945331937,0.1729692838768515,19.91598793534455,0.0,1,1,0,0.1992583835761177,1.0514113446724354,1.1452803853862847,-0.9381410588488875,-0.349942678082709,0.6613860262798038
903,projected_velocity_cfm,6,0.14766287273086512,0.16502287696475376,0.01580040325196519,14.509181135392819,0.0,1,1,0,0.07571519427945313,0.9533149560317155,0.9652976415611336,0.6563761420260771,-0.8555717636546774,0.5264668246108084
903,projected_velocity_cfm,7,0.13467181893501184,0.15174487755916916,0.06420449608731493,16.848487579716487,0.0,1,1,1,0.28400425542327734,0.9457208833121761,1.0410240561305704,0.7363454765610237,-0.873007019338417,0.3683124805568937
903,projected_velocity_cfm,8,0.1969774408512094,0.23663787570566444,0.21827099145395534,15.049412899959208,0.0,1,1,0,0.21854532921298764,1.0981869470311973,0.8498752908468259,-1.0305720556130127,-0.3900792154677479,0.4751414987660369
903,projected_velocity_cfm,9,0.1751404734694536,0.19802845553276882,0.17755355493091884,43.152087447646636,0.0,1,1,0,0.08559110822252848,1.0126794199654874,0.9798052939174668,0.1291798916353427,-1.1855748078941106,0.13313500848358448
903,projected_velocity_cfm,10,0.11459291638991427,0.128535320516596,0.06842758148095252,14.478253975639547,0.0,1,1,1,0.19784384027004073,0.9779496035368163,0.8752217829419553,0.010372720054875113,0.6095180071350451,-1.033624789590878
903,projected_velocity_cfm,11,0.20731766696138354,0.24702158610945704,0.30174372095954727,20.493145992827838,0.0,1,1,0,0.23548387973074675,1.0359714284563184,1.0955572601567023,-1.0462810481029154,-0.5642892375407347,-0.16393176866111442
903,projected_velocity_cfm,12,0.1699884414710963,0.19407913210617694,0.15884950873825643,15.156422217191006,0.0,1,1,0,0.06115866934933563,0.9842600690379284,0.7347076725196297,-0.5456253062996365,-1.0491808021916178,0.20374658141421978
903,projected_velocity_cfm,13,0.16364639090022673,0.20053666310744067,0.01482251200923379,24.304742360177453,0.0,1,1,0,0.16574933632542263,1.023451182125605,1.3246354355984842,0.15461791718573933,0.2872447374401944,-1.154808971431231
903,projected_velocity_cfm,14,0.23150578489859688,0.2846683962361006,0.26107375348384676,34.2853135332832,0.0,1,1,0,0.21570760222012958,1.0457571588416423,1.2773470571912906,-0.5642957154800033,0.7935504714853412,-0.7013187539887289
903,projected_velocity_cfm,15,0.12843095990424913,0.149296229440046,0.039537288818479954,14.522347556225036,0.0,1,1,1,0.30215504718130476,1.0202339524417916,0.7981356187113429,0.78056517225243,-0.7204330050846312,-0.5582958866508528
903,projected_velocity_cfm,16,0.17348114293920094,0.19989326900173024,0.059091102554063246,26.455628685771647,0.0,1,1,0,0.1461716019865692,1.089775551702875,1.325296280900996,0.5319135305000302,1.075651034919198,0.006545773311985346
903,projected_velocity_cfm,17,0.19211038731032462,0.22100362031904588,0.0778606487474165,19.59650065949139,0.0,1,1,0,0.18105704706740433,1.0566834806810708,1.0965439851466392,-0.004198459102248378,-1.1246728349152588,-0.41844161760613846
903,projected_velocity_cfm,18,0.13904611487547713,0.16954308205710636,0.019951681232341034,28.318163949584942,0.0,1,1,0,0.3131443067073536,0.9638310840404729,1.3082264027127835,0.35353617492962836,-1.1467358531833935,0.003009325486179816
903,projected_velocity_cfm,19,0.17143444026881713,0.1981892121014991,0.11903434626488174,14.198286491578951,0.0,1,1,0,0.041649342531167324,0.9983459155734756,1.1562716032764289,-0.3134497531393791,1.1570505146925494,0.05462013096440293
903,projected_velocity_cfm,20,0.19087188934635455,0.23997975961793355,0.01069823946018289,26.63126742533422,0.0,1,1,0,0.06955721985719587,1.0826265797447563,1.3615425281076234,0.10952279113560455,1.192860967873517,0.07132649960374385
903,projected_velocity_cfm,21,0.16698079285237133,0.21485221135648147,0.24677242298239355,24.7029741877668,0.0,1,1,0,0.3147263081881416,0.9511261320692658,1.271053858694644,-0.9913440521564051,0.2475731714337001,-0.6292412057711877
903,projected_velocity_cfm,22,0.16296597117805459,0.18562029613256148,0.14450309033129205,16.43499220997933,0.0,1,1,0,0.2621687184516467,0.9789065953198859,0.9295609868799286,0.019361664002180194,1.0970844448477806,0.4858300596300149
903,projected_velocity_cfm,23,0.1557152547410988,0.21794191743170022,0.0564071416791303,36.525681444759535,0.0,1,1,0,0.3164510527029885,0.9544800659317512,1.3370457475990665,0.434951730526364,-1.066853828069781,-0.3356186848865471
903,boundary_only,0,0.5370180715246884,1.0935754228992542,0.127552164385639,53.391398393439474,0.02945269016697588,1,1,0,0.031197622464176872,0.9655827611365144,1.084891417374751,-0.22995807574791247,-1.1752665032135532,0.0766024139469756
903,boundary_only,1,0.42786692582113584,0.9089522849082073,0.3297281929617024,42.76882115253276,0.004222222222222222,1,1,0,0.30309179751195114,1.060441540799326,0.7493674578712095,-0.145793541168154,1.1766178178221611,-0.1852424199179686
903,boundary_only,2,0.23927582541197007,0.450940672136714,0.14012788372871743,52.87337320947295,0.0,1,1,0,0.11953749273605824,0.9483873211371777,1.0254853376910125,0.18899461081739757,1.1776517510272033,-0.13197496120303503
903,boundary_only,3,0.2895484695930664,0.45582163425500954,0.025717723213596777,53.207381399588975,0.007474429583005508,1,1,0,0.045203259895527814,0.9990815261267735,1.2964237195750732,0.9584362268466295,0.7164526295892982,0.08997571129241307
903,boundary_only,4,0.44260139958583544,0.7678696044892945,0.23724570606560658,60.5914932684359,0.002926115581565472,1,1,0,0.2262487906520691,1.0835873070587547,0.9628175334409919,-1.11763144737859,-0.3693705396971331,0.2333781314397012
903,boundary_only,5,0.22730753345268945,0.3744082774514788,0.10568038545070757,52.167921157902406,0.000397456279809221,1,1,0,0.18601896167300996,1.0514113446724354,1.1452803853862847,-0.9381410588488875,-0.349942678082709,0.6613860262798038
903,boundary_only,6,0.2513798481043675,0.5341708096558181,0.1264865032241036,58.05169195489247,0.0023411371237458192,1,1,0,0.08527564993062309,0.9533149560317155,0.9652976415611336,0.6563761420260771,-0.8555717636546774,0.5264668246108084
903,boundary_only,7,0.22384689447836192,0.4824842370115866,0.0038196776296133272,49.62123481034816,0.0024410089503661514,1,1,0,0.1192216166377379,0.9457208833121761,1.0410240561305704,0.7363454765610237,-0.873007019338417,0.3683124805568937
903,boundary_only,8,0.46009561953876854,1.1230829027958935,nan,63.7736424968639,0.010135135135135136,0,0,0,-0.025005837619606938,1.0981869470311973,0.8498752908468259,-1.0305720556130127,-0.3900792154677479,0.4751414987660369
903,boundary_only,9,0.6952732149040879,1.596330822683001,0.39566976983198066,56.99184309462342,0.010638297872340425,1,1,0,0.015350195456874348,1.0126794199654874,0.9798052939174668,0.1291798916353427,-1.1855748078941106,0.13313500848358448
903,boundary_only,10,0.351106350704115,0.6213613950319683,0.2778927956946058,58.52015495910649,0.016350210970464137,1,1,0,0.08111250830953212,0.9779496035368163,0.8752217829419553,0.010372720054875113,0.6095180071350451,-1.033624789590878
903,boundary_only,11,0.4166111986323668,0.8815939961895377,0.3401777121685683,65.75120624263151,0.007513661202185792,1,1,0,0.17919249282102206,1.0359714284563184,1.0955572601567023,-1.0462810481029154,-0.5642892375407347,-0.16393176866111442
903,boundary_only,12,0.2716977889728107,0.6192758923890274,0.11170267298470593,55.2377278459035,0.0005168849069607167,1,1,0,0.05005308610315852,0.9842600690379284,0.7347076725196297,-0.5456253062996365,-1.0491808021916178,0.20374658141421978
903,boundary_only,13,0.5470730928322183,0.9519989229654441,nan,61.99927323080521,0.0015278838808250573,0,0,0,-0.032751943045222276,1.023451182125605,1.3246354355984842,0.15461791718573933,0.2872447374401944,-1.154808971431231
903,boundary_only,14,0.4631896698026555,0.8588637026504484,0.6731202475850568,62.594836749440425,0.0033460803059273425,1,1,0,0.08500322923148604,1.0457571588416423,1.2773470571912906,-0.5642957154800033,0.7935504714853412,-0.7013187539887289
903,boundary_only,15,0.26226657669870096,0.4741970037611022,0.0001917598888616645,50.402909601993755,0.002110514198004605,1,1,0,0.14241821634074808,1.0202339524417916,0.7981356187113429,0.78056517225243,-0.7204330050846312,-0.5582958866508528
903,boundary_only,16,0.39250249937562215,0.7016466363806232,0.2482672406042461,71.17147029795947,0.0072701688555347095,1,1,0,0.0653286265986208,1.089775551702875,1.325296280900996,0.5319135305000302,1.075651034919198,0.006545773311985346
903,boundary_only,17,0.4746256821665463,0.8282652068618769,0.24412960535024175,66.07595483642005,0.0,1,1,0,0.2709106522040238,1.0566834806810708,1.0965439851466392,-0.004198459102248378,-1.1246728349152588,-0.41844161760613846
903,boundary_only,18,0.39443509079433337,0.7269190952501356,0.16059632301525317,70.24682351375307,0.004872311827956989,1,1,0,0.37592009203295107,0.9638310840404729,1.3082264027127835,0.35353617492962836,-1.1467358531833935,0.003009325486179816
903,boundary_only,19,0.2281210525024974,0.3560545821013173,0.14333464444649802,36.923534000303185,0.0,1,1,0,0.10403117231986235,0.9983459155734756,1.1562716032764289,-0.3134497531393791,1.1570505146925494,0.05462013096440293
903,boundary_only,20,0.30716430366993536,0.5135738855946134,0.07661451793488094,53.96309380538359,0.00267379679144385,1,1,0,0.03791646057212075,1.0826265797447563,1.3615425281076234,0.10952279113560455,1.192860967873517,0.07132649960374385
903,boundary_only,21,0.43577580871142985,0.8108056784418688,0.3115564464033129,72.80734201961499,0.010770505385252692,1,1,0,0.02241086961389529,0.9511261320692658,1.271053858694644,-0.9913440521564051,0.2475731714337001,-0.6292412057711877
903,boundary_only,22,0.23079675626708063,0.515650109181139,0.1562997262934731,68.36674314198311,0.006349206349206349,1,1,0,0.1267013238270709,0.9789065953198859,0.9295609868799286,0.019361664002180194,1.0970844448477806,0.4858300596300149
903,boundary_only,23,0.2763531925487344,0.4195603377174491,0.1516324682970307,66.76226328290743,0.008023648648648648,1,1,0,0.010764523853859856,0.9544800659317512,1.3370457475990665,0.434951730526364,-1.066853828069781,-0.3356186848865471
903,plus_safe_prior,0,0.6834899615351471,1.4557037296331965,nan,54.768278503481866,0.03710575139146568,0,0,0,-0.008794719615658555,0.9655827611365144,1.084891417374751,-0.22995807574791247,-1.1752665032135532,0.0766024139469756
903,plus_safe_prior,1,0.42786692582113584,0.9089522849082073,0.3297281929617024,42.76882115253276,0.004222222222222222,1,1,0,0.30309179751195114,1.060441540799326,0.7493674578712095,-0.145793541168154,1.1766178178221611,-0.1852424199179686
903,plus_safe_prior,2,0.23927582541197007,0.450940672136714,0.14012788372871743,52.87337320947295,0.0,1,1,0,0.11953749273605824,0.9483873211371777,1.0254853376910125,0.18899461081739757,1.1776517510272033,-0.13197496120303503
903,plus_safe_prior,3,0.2895484695930664,0.45582163425500954,0.025717723213596777,53.207381399588975,0.007474429583005508,1,1,0,0.045203259895527814,0.9990815261267735,1.2964237195750732,0.9584362268466295,0.7164526295892982,0.08997571129241307
903,plus_safe_prior,4,0.3729207121305206,0.72738534059669,0.2307800604520449,56.1208020668008,0.0018288222384784199,1,1,0,0.05506112729334352,1.0835873070587547,0.9628175334409919,-1.11763144737859,-0.3693705396971331,0.2333781314397012
903,plus_safe_prior,5,0.23307435551784228,0.3654484049817126,0.1389511274337214,52.422395320647816,0.0027821939586645467,1,1,0,0.1687077700408141,1.0514113446724354,1.1452803853862847,-0.9381410588488875,-0.349942678082709,0.6613860262798038
903,plus_safe_prior,6,0.20374055634763213,0.4060530013447525,0.1256985267698023,55.00608671767457,0.0,1,1,0,0.14630484263413734,0.9533149560317155,0.9652976415611336,0.6563761420260771,-0.8555717636546774,0.5264668246108084
903,plus_safe_prior,7,0.22384689447836192,0.4824842370115866,0.0038196776296133272,49.62123481034816,0.0024410089503661514,1,1,0,0.1192216166377379,0.9457208833121761,1.0410240561305704,0.7363454765610237,-0.873007019338417,0.3683124805568937
903,plus_safe_prior,8,0.5548887367858563,1.3478992412660846,nan,45.26036292093276,0.0,0,0,0,-0.016832426863290513,1.0981869470311973,0.8498752908468259,-1.0305720556130127,-0.3900792154677479,0.4751414987660369
903,plus_safe_prior,9,0.4713869695131931,0.9826360993115258,0.2848062735598935,63.108264277679964,0.01572617946345976,1,1,0,0.0215373038826442,1.0126794199654874,0.9798052939174668,0.1291798916353427,-1.1855748078941106,0.13313500848358448
903,plus_safe_prior,10,0.351106350704115,0.6213613950319683,0.2778927956946058,58.52015495910649,0.016350210970464137,1,1,0,0.08111250830953212,0.9779496035368163,0.8752217829419553,0.010372720054875113,0.6095180071350451,-1.033624789590878
903,plus_safe_prior,11,0.3671191865171827,0.5977889616127425,1.2239961138265958,50.31004825117992,0.0,1,1,0,0.08558425939870135,1.0359714284563184,1.0955572601567023,-1.0462810481029154,-0.5642892375407347,-0.16393176866111442
903,plus_safe_prior,12,0.27111529410436536,0.5220653759622403,0.15209768133289225,49.77458148368623,0.0,1,1,0,0.08665972616249668,0.9842600690379284,0.7347076725196297,-0.5456253062996365,-1.0491808021916178,0.20374658141421978
903,plus_safe_prior,13,0.5470730928322183,0.9519989229654441,nan,61.99927323080521,0.0015278838808250573,0,0,0,-0.032751943045222276,1.023451182125605,1.3246354355984842,0.15461791718573933,0.2872447374401944,-1.154808971431231
903,plus_safe_prior,14,0.4631896698026555,0.8588637026504484,0.6731202475850568,62.594836749440425,0.0033460803059273425,1,1,0,0.08500322923148604,1.0457571588416423,1.2773470571912906,-0.5642957154800033,0.7935504714853412,-0.7013187539887289
903,plus_safe_prior,15,0.26226657669870096,0.4741970037611022,0.0001917598888616645,50.402909601993755,0.002110514198004605,1,1,0,0.14241821634074808,1.0202339524417916,0.7981356187113429,0.78056517225243,-0.7204330050846312,-0.5582958866508528
903,plus_safe_prior,16,0.39250249937562215,0.7016466363806232,0.2482672406042461,71.17147029795947,0.0072701688555347095,1,1,0,0.0653286265986208,1.089775551702875,1.325296280900996,0.5319135305000302,1.075651034919198,0.006545773311985346
903,plus_safe_prior,17,0.4746256821665463,0.8282652068618769,0.24412960535024175,66.07595483642005,0.0,1,1,0,0.2709106522040238,1.0566834806810708,1.0965439851466392,-0.004198459102248378,-1.1246728349152588,-0.41844161760613846
903,plus_safe_prior,18,0.39443509079433337,0.7269190952501356,0.16059632301525317,70.24682351375307,0.004872311827956989,1,1,0,0.37592009203295107,0.9638310840404729,1.3082264027127835,0.35353617492962836,-1.1467358531833935,0.003009325486179816
903,plus_safe_prior,19,0.37354917944878235,0.721565084846948,nan,67.15546450722039,0.01201923076923077,0,0,0,-0.03162565418502595,0.9983459155734756,1.1562716032764289,-0.3134497531393791,1.1570505146925494,0.05462013096440293
903,plus_safe_prior,20,0.30716430366993536,0.5135738855946134,0.07661451793488094,53.96309380538359,0.00267379679144385,1,1,0,0.03791646057212075,1.0826265797447563,1.3615425281076234,0.10952279113560455,1.192860967873517,0.07132649960374385
903,plus_safe_prior,21,0.43577580871142985,0.8108056784418688,0.3115564464033129,72.80734201961499,0.010770505385252692,1,1,0,0.02241086961389529,0.9511261320692658,1.271053858694644,-0.9913440521564051,0.2475731714337001,-0.6292412057711877
903,plus_safe_prior,22,0.245035856574757,0.4526870202090507,0.21313664531816245,49.10630862337268,0.009325396825396825,1,1,0,0.2619722814439403,0.9789065953198859,0.9295609868799286,0.019361664002180194,1.0970844448477806,0.4858300596300149
903,plus_safe_prior,23,0.2763531925487344,0.4195603377174491,0.1516324682970307,66.76226328290743,0.008023648648648648,1,1,0,0.010764523853859856,0.9544800659317512,1.3370457475990665,0.434951730526364,-1.066853828069781,-0.3356186848865471
903,plus_cbf,0,0.6834899615351471,1.4557037296331965,nan,54.768278503481866,0.03710575139146568,0,0,0,-0.008794719615658555,0.9655827611365144,1.084891417374751,-0.22995807574791247,-1.1752665032135532,0.0766024139469756
903,plus_cbf,1,0.42786692582113584,0.9089522849082073,0.3297281929617024,42.76882115253276,0.004222222222222222,1,1,0,0.30309179751195114,1.060441540799326,0.7493674578712095,-0.145793541168154,1.1766178178221611,-0.1852424199179686
903,plus_cbf,2,0.23927582541197007,0.450940672136714,0.14012788372871743,52.87337320947295,0.0,1,1,0,0.11953749273605824,0.9483873211371777,1.0254853376910125,0.18899461081739757,1.1776517510272033,-0.13197496120303503
903,plus_cbf,3,0.2895484695930664,0.45582163425500954,0.025717723213596777,53.207381399588975,0.007474429583005508,1,1,0,0.045203259895527814,0.9990815261267735,1.2964237195750732,0.9584362268466295,0.7164526295892982,0.08997571129241307
903,plus_cbf,4,0.3729207121305206,0.72738534059669,0.2307800604520449,56.1208020668008,0.0018288222384784199,1,1,0,0.05506112729334352,1.0835873070587547,0.9628175334409919,-1.11763144737859,-0.3693705396971331,0.2333781314397012
903,plus_cbf,5,0.23455726629421003,0.3676954427934423,0.14066737410732633,52.3365387631132,0.0021860095389507153,1,1,0,0.169082669221235,1.0514113446724354,1.1452803853862847,-0.9381410588488875,-0.349942678082709,0.6613860262798038
903,plus_cbf,6,0.20374055634763213,0.4060530013447525,0.1256985267698023,55.00608671767457,0.0,1,1,0,0.14630484263413734,0.9533149560317155,0.9652976415611336,0.6563761420260771,-0.8555717636546774,0.5264668246108084
903,plus_cbf,7,0.22384689447836192,0.4824842370115866,0.0038196776296133272,49.62123481034816,0.0024410089503661514,1,1,0,0.1192216166377379,0.9457208833121761,1.0410240561305704,0.7363454765610237,-0.873007019338417,0.3683124805568937
903,plus_cbf,8,0.5548887367858563,1.3478992412660846,nan,45.26036292093276,0.0,0,0,0,-0.016832426863290513,1.0981869470311973,0.8498752908468259,-1.0305720556130127,-0.3900792154677479,0.4751414987660369
903,plus_cbf,9,0.4713869695131931,0.9826360993115258,0.2848062735598935,63.108264277679964,0.01572617946345976,1,1,0,0.0215373038826442,1.0126794199654874,0.9798052939174668,0.1291798916353427,-1.1855748078941106,0.13313500848358448
903,plus_cbf,10,0.351106350704115,0.6213613950319683,0.2778927956946058,58.52015495910649,0.016350210970464137,1,1,0,0.08111250830953212,0.9779496035368163,0.8752217829419553,0.010372720054875113,0.6095180071350451,-1.033624789590878
903,plus_cbf,11,0.36695877027599305,0.5977810760817273,1.2254062886698804,50.318081671958986,0.0,1,1,0,0.08565308634896444,1.0359714284563184,1.0955572601567023,-1.0462810481029154,-0.5642892375407347,-0.16393176866111442
903,plus_cbf,12,0.27133673761288113,0.5239947938396134,0.15084248420655255,49.77659924206379,0.0,1,1,0,0.08586686413364937,0.9842600690379284,0.7347076725196297,-0.5456253062996365,-1.0491808021916178,0.20374658141421978
903,plus_cbf,13,0.5470730928322183,0.9519989229654441,nan,61.99927323080521,0.0015278838808250573,0,0,0,-0.032751943045222276,1.023451182125605,1.3246354355984842,0.15461791718573933,0.2872447374401944,-1.154808971431231
903,plus_cbf,14,0.4631896698026555,0.8588637026504484,0.6731202475850568,62.594836749440425,0.0033460803059273425,1,1,0,0.08500322923148604,1.0457571588416423,1.2773470571912906,-0.5642957154800033,0.7935504714853412,-0.7013187539887289
903,plus_cbf,15,0.26226657669870096,0.4741970037611022,0.0001917598888616645,50.402909601993755,0.002110514198004605,1,1,0,0.14241821634074808,1.0202339524417916,0.7981356187113429,0.78056517225243,-0.7204330050846312,-0.5582958866508528
903,plus_cbf,16,0.39250249937562215,0.7016466363806232,0.2482672406042461,71.17147029795947,0.0072701688555347095,1,1,0,0.0653286265986208,1.089775551702875,1.325296280900996,0.5319135305000302,1.075651034919198,0.006545773311985346
903,plus_cbf,17,0.4746256821665463,0.8282652068618769,0.24412960535024175,66.07595483642005,0.0,1,1,0,0.2709106522040238,1.0566834806810708,1.0965439851466392,-0.004198459102248378,-1.1246728349152588,-0.41844161760613846
903,plus_cbf,18,0.39443509079433337,0.7269190952501356,0.16059632301525317,70.24682351375307,0.004872311827956989,1,1,0,0.37592009203295107,0.9638310840404729,1.3082264027127835,0.35353617492962836,-1.1467358531833935,0.003009325486179816
903,plus_cbf,19,0.37184381156897567,0.7107271523967382,nan,67.01045004661704,0.01282051282051282,0,0,0,-0.03161088330081034,0.9983459155734756,1.1562716032764289,-0.3134497531393791,1.1570505146925494,0.05462013096440293
903,plus_cbf,20,0.30716430366993536,0.5135738855946134,0.07661451793488094,53.96309380538359,0.00267379679144385,1,1,0,0.03791646057212075,1.0826265797447563,1.3615425281076234,0.10952279113560455,1.192860967873517,0.07132649960374385
903,plus_cbf,21,0.43577580871142985,0.8108056784418688,0.3115564464033129,72.80734201961499,0.010770505385252692,1,1,0,0.02241086961389529,0.9511261320692658,1.271053858694644,-0.9913440521564051,0.2475731714337001,-0.6292412057711877
903,plus_cbf,22,0.245035856574757,0.4526870202090507,0.21313664531816245,49.10630862337268,0.009325396825396825,1,1,0,0.2619722814439403,0.9789065953198859,0.9295609868799286,0.019361664002180194,1.0970844448477806,0.4858300596300149
903,plus_cbf,23,0.2763531925487344,0.4195603377174491,0.1516324682970307,66.76226328290743,0.008023648648648648,1,1,0,0.010764523853859856,0.9544800659317512,1.3370457475990665,0.434951730526364,-1.066853828069781,-0.3356186848865471
903,plus_kinodynamic,0,0.16666952398572624,0.1992924454698081,0.06099553949722303,19.725880394234757,0.0,1,1,0,0.1841541973018504,0.9655827611365144,1.084891417374751,-0.22995807574791247,-1.1752665032135532,0.0766024139469756
903,plus_kinodynamic,1,0.19639801009695748,0.2350420019214963,0.0830885223569311,17.364732477486637,0.0,1,1,0,0.21146656120896462,1.060441540799326,0.7493674578712095,-0.145793541168154,1.1766178178221611,-0.1852424199179686
903,plus_kinodynamic,2,0.1485736173544701,0.17353806340310904,0.03331257869346471,27.51479086823831,0.0,1,1,0,0.333786874610985,0.9483873211371777,1.0254853376910125,0.18899461081739757,1.1776517510272033,-0.13197496120303503
903,plus_kinodynamic,3,0.1362192344931768,0.18872920558055856,0.042828594397294584,25.71879698144605,0.0,1,1,0,0.24755047460396012,0.9990815261267735,1.2964237195750732,0.9584362268466295,0.7164526295892982,0.08997571129241307
903,plus_kinodynamic,4,0.22569508295651403,0.30264355370118534,0.18682169608188115,34.570989771481464,0.0,1,1,0,0.34135392460621455,1.0835873070587547,0.9628175334409919,-1.11763144737859,-0.3693705396971331,0.2333781314397012
903,plus_kinodynamic,5,0.183093600452634,0.2266819551652607,0.16846280607011366,19.164178275820575,0.0,1,1,0,0.20389566801649855,1.0514113446724354,1.1452803853862847,-0.9381410588488875,-0.349942678082709,0.6613860262798038
903,plus_kinodynamic,6,0.14119702590619415,0.1614781347984922,0.004635826112163954,27.325811027497434,0.0,1,1,0,0.14043752245495075,0.9533149560317155,0.9652976415611336,0.6563761420260771,-0.8555717636546774,0.5264668246108084
903,plus_kinodynamic,7,0.13210694088447034,0.15668251157011975,0.050480977107881575,18.779536006216404,0.0,1,1,0,0.35755876738910924,0.9457208833121761,1.0410240561305704,0.7363454765610237,-0.873007019338417,0.3683124805568937
903,plus_kinodynamic,8,0.20376739576522643,0.2585443442698863,0.19271580725292337,23.01483536254002,0.0,1,1,0,0.1578561961605175,1.0981869470311973,0.8498752908468259,-1.0305720556130127,-0.3900792154677479,0.4751414987660369
903,plus_kinodynamic,9,0.1779834624780465,0.21522669203318437,0.08465406890939553,17.43240054354675,0.0,1,1,0,0.1097052128363655,1.0126794199654874,0.9798052939174668,0.1291798916353427,-1.1855748078941106,0.13313500848358448
903,plus_kinodynamic,10,0.11637060503315341,0.1389997900603388,0.08077826450988157,12.431006236268907,0.0,1,1,1,0.21493594229805016,0.9779496035368163,0.8752217829419553,0.010372720054875113,0.6095180071350451,-1.033624789590878
903,plus_kinodynamic,11,0.21496569836374702,0.2679720230361819,0.283415985771712,25.936144323938446,0.0,1,1,0,0.3363537400723439,1.0359714284563184,1.0955572601567023,-1.0462810481029154,-0.5642892375407347,-0.16393176866111442
903,plus_kinodynamic,12,0.17247042116985697,0.20680338858701722,0.093444338558764,24.862310395378138,0.0,1,1,0,0.11129108832113013,0.9842600690379284,0.7347076725196297,-0.5456253062996365,-1.0491808021916178,0.20374658141421978
903,plus_kinodynamic,13,0.2044890636548353,0.30505364690915465,0.018304477538535924,31.41558484799431,0.0,1,1,0,0.20084286272394025,1.023451182125605,1.3246354355984842,0.15461791718573933,0.2872447374401944,-1.154808971431231
903,plus_kinodynamic,14,0.2055562536565141,0.2574332508631864,0.10968653762784775,18.51423866677899,0.0,1,1,0,0.3413977355891204,1.0457571588416423,1.2773470571912906,-0.5642957154800033,0.7935504714853412,-0.7013187539887289
903,plus_kinodynamic,15,0.1330659243236191,0.15930623382812317,0.0312799527460732,20.598951433929212,0.0,1,1,0,0.3332968519336407,1.0202339524417916,0.7981356187113429,0.78056517225243,-0.7204330050846312,-0.5582958866508528
903,plus_kinodynamic,16,0.16980435978988423,0.20625467535879444,0.015770782624344726,20.320811415800645,0.0,1,1,0,0.14702504077035006,1.089775551702875,1.325296280900996,0.5319135305000302,1.075651034919198,0.006545773311985346
903,plus_kinodynamic,17,0.19519751468671245,0.2321167446147935,0.07014348513776714,21.44606965057091,0.0,1,1,0,0.2050111909960915,1.0566834806810708,1.0965439851466392,-0.004198459102248378,-1.1246728349152588,-0.41844161760613846
903,plus_kinodynamic,18,0.1628934323090386,0.22438929512730552,0.004025961153270252,40.233531903758795,0.0,1,1,0,0.27305708168652715,0.9638310840404729,1.3082264027127835,0.35353617492962836,-1.1467358531833935,0.003009325486179816
903,plus_kinodynamic,19,0.1752152300181953,0.213724115041488,0.11119760324394123,23.23537476755487,0.0,1,1,0,0.059605739727088866,0.9983459155734756,1.1562716032764289,-0.3134497531393791,1.1570505146925494,0.05462013096440293
903,plus_kinodynamic,20,0.20029018162818824,0.27461282392401526,0.018783740849997788,25.510744267570725,0.0,1,1,0,0.08573005349430586,1.0826265797447563,1.3615425281076234,0.10952279113560455,1.192860967873517,0.07132649960374385
903,plus_kinodynamic,21,0.1820401578040338,0.24634542764811612,0.16046259087044268,29.186262606757904,0.0,1,1,0,0.2720658577527143,0.9511261320692658,1.271053858694644,-0.9913440521564051,0.2475731714337001,-0.6292412057711877
903,plus_kinodynamic,22,0.16483951970700902,0.18817694855655273,0.08681822615473767,15.354132451030736,0.0,1,1,0,0.25410433549194184,0.9789065953198859,0.9295609868799286,0.019361664002180194,1.0970844448477806,0.4858300596300149
903,plus_kinodynamic,23,0.15218052250098288,0.20836224807160145,0.048933171607565384,26.971937878340267,0.0,1,1,0,0.28142150091015944,0.9544800659317512,1.3370457475990665,0.434951730526364,-1.066853828069781,-0.3356186848865471
903,plus_execution_margin,0,0.16622482631729976,0.19658246351104924,0.06142530789702949,13.751098630338706,0.0,1,1,0,0.18730853721385532,0.9655827611365144,1.084891417374751,-0.22995807574791247,-1.1752665032135532,0.0766024139469756
903,plus_execution_margin,1,0.19489856525631813,0.23138063062003664,0.08435735695059998,15.034728719526512,0.0,1,1,0,0.20775813217593897,1.060441540799326,0.7493674578712095,-0.145793541168154,1.1766178178221611,-0.1852424199179686
903,plus_execution_margin,2,0.14668975478466456,0.166009576261147,0.022174728261493915,20.642711210508555,0.0,1,1,0,0.35478716641293173,0.9483873211371777,1.0254853376910125,0.18899461081739757,1.1776517510272033,-0.13197496120303503
903,plus_execution_margin,3,0.1290557537957951,0.17500222023360734,0.04569440739421182,21.002482825486823,0.0,1,1,0,0.24278665766974689,0.9990815261267735,1.2964237195750732,0.9584362268466295,0.7164526295892982,0.08997571129241307
903,plus_execution_margin,4,0.21917779058307463,0.27515203323062554,0.19191122827984186,25.684884741627304,0.0,1,1,0,0.33353354858405604,1.0835873070587547,0.9628175334409919,-1.11763144737859,-0.3693705396971331,0.2333781314397012
903,plus_execution_margin,5,0.18198299457422532,0.22492602913750576,0.1746076985802234,16.214467473751125,0.0,1,1,0,0.20575529685325283,1.0514113446724354,1.1452803853862847,-0.9381410588488875,-0.349942678082709,0.6613860262798038
903,plus_execution_margin,6,0.14396457387535266,0.1631534640455008,0.003120808984885759,21.744918060501416,0.0,1,1,0,0.13820666332030174,0.9533149560317155,0.9652976415611336,0.6563761420260771,-0.8555717636546774,0.5264668246108084
903,plus_execution_margin,7,0.1331529836440946,0.15624486715762123,0.049041708688207564,16.147472218352473,0.0,1,1,0,0.3579686385293847,0.9457208833121761,1.0410240561305704,0.7363454765610237,-0.873007019338417,0.3683124805568937
903,plus_execution_margin,8,0.2015256267309708,0.24622280055843554,0.19871044157640583,18.433261247998455,0.0,1,1,0,0.16946663664990486,1.0981869470311973,0.8498752908468259,-1.0305720556130127,-0.3900792154677479,0.4751414987660369
903,plus_execution_margin,9,0.1775465004213612,0.21427944655612066,0.08422316401181806,14.949762251337614,0.0,1,1,0,0.10340822057125651,1.0126794199654874,0.9798052939174668,0.1291798916353427,-1.1855748078941106,0.13313500848358448
903,plus_execution_margin,10,0.11456268159977077,0.1341829340798177,0.07844456286359147,8.810167066695126,0.0,1,1,1,0.21311451033988452,0.9779496035368163,0.8752217829419553,0.010372720054875113,0.6095180071350451,-1.033624789590878
903,plus_execution_margin,11,0.20908526556801163,0.25371988985827915,0.2540114236240929,20.02627984365764,0.0,1,1,0,0.3435655430405181,1.0359714284563184,1.0955572601567023,-1.0462810481029154,-0.5642892375407347,-0.16393176866111442
903,plus_execution_margin,12,0.17180630473926295,0.20221970539962617,0.0982861547011713,19.144988763591872,0.0,1,1,0,0.10071650463810705,0.9842600690379284,0.7347076725196297,-0.5456253062996365,-1.0491808021916178,0.20374658141421978
903,plus_execution_margin,13,0.17213582962993898,0.22881489560954166,0.026639220088492177,21.44378510267013,0.0,1,1,0,0.23541235477190864,1.023451182125605,1.3246354355984842,0.15461791718573933,0.2872447374401944,-1.154808971431231
903,plus_execution_margin,14,0.2012772641735367,0.24715279804295232,0.1114315542080595,15.159467920538095,0.0,1,1,0,0.3459126374366087,1.0457571588416423,1.2773470571912906,-0.5642957154800033,0.7935504714853412,-0.7013187539887289
903,plus_execution_margin,15,0.12907452369886466,0.15657181103089576,0.032219632493685424,15.209851465392639,0.0,1,1,0,0.3440814822698513,1.0202339524417916,0.7981356187113429,0.78056517225243,-0.7204330050846312,-0.5582958866508528
903,plus_execution_margin,16,0.16814066342222686,0.1977914011001475,0.015365964125116705,14.655365500487948,0.0,1,1,0,0.14597348858719483,1.089775551702875,1.325296280900996,0.5319135305000302,1.075651034919198,0.006545773311985346
903,plus_execution_margin,17,0.1913618676866328,0.22381336226172588,0.07232798244420513,16.120268787773533,0.0,1,1,0,0.20117066149529877,1.0566834806810708,1.0965439851466392,-0.004198459102248378,-1.1246728349152588,-0.41844161760613846
903,plus_execution_margin,18,0.1484370546991042,0.1989294328063274,0.0034440287830168614,31.36317018968629,0.0,1,1,0,0.2713208711113353,0.9638310840404729,1.3082264027127835,0.35353617492962836,-1.1467358531833935,0.003009325486179816
903,plus_execution_margin,19,0.17342445124268846,0.20814830459106934,0.11130447567621848,15.927433620524976,0.0,1,1,0,0.06322752416242729,0.9983459155734756,1.1562716032764289,-0.3134497531393791,1.1570505146925494,0.05462013096440293
903,plus_execution_margin,20,0.19049389125714478,0.24809412963913785,0.01697856431431166,23.558379370042314,0.0,1,1,0,0.0867469719496925,1.0826265797447563,1.3615425281076234,0.10952279113560455,1.192860967873517,0.07132649960374385
903,plus_execution_margin,21,0.17265603676989705,0.22302130554796346,0.16053934106612866,23.371738442964716,0.0,1,1,0,0.27959111301711964,0.9511261320692658,1.271053858694644,-0.9913440521564051,0.2475731714337001,-0.6292412057711877
903,plus_execution_margin,22,0.16486626793466683,0.18733934250393694,0.08508449756627723,12.703430970487855,0.0,1,1,0,0.25125904062836507,0.9789065953198859,0.9295609868799286,0.019361664002180194,1.0970844448477806,0.4858300596300149
903,plus_execution_margin,23,0.14233065506533493,0.18138000595026074,0.042882481659244576,23.79883143437824,0.0,1,1,0,0.2961759977610147,0.9544800659317512,1.3370457475990665,0.434951730526364,-1.066853828069781,-0.3356186848865471
