sample,method,both_passed,collision,margin_violation,minimum_separation_m,start_error_m,goal_error_m,expert_rmse_m,maximum_speed_mps,maximum_acceleration_mps2,hocbf_intervention_rate,mean_hocbf_correction
0,nash_reference,1.0,0.0,1.0,0.29987212817707554,0.0,0.0,0.013678992167115211,1.42262864112854,2.247957706451416,0.0,0.0
0,teacher_expert,1.0,0.0,0.0,0.3668384150203546,0.0,0.023175640031695366,0.0,1.4158624410629272,2.212080240249634,0.0,0.0
0,game_cfm_raw,1.0,0.0,0.0,0.3876399914532811,0.006968586705625057,0.025098565965890884,0.019123636186122894,1.4389843940734863,2.1981074810028076,0.0,0.0
0,game_cfm_anchored,1.0,0.0,0.0,0.3896059972226831,0.0,0.0,0.015825769892403786,1.4404840921802637,2.198107783933347,0.0,0.0
0,nash_reference_hocbf,1.0,0.0,0.0,0.6300078401879754,0.0,0.024277009906248564,0.05715834159819101,1.4486647947588829,1.8618515013757237,0.7586206896551724,0.8610292813927198
0,game_cfm_hocbf,1.0,0.0,0.0,0.6300078401879754,0.0,0.024465047693625272,0.055043974731157644,1.468790271492082,1.8815562107121477,0.7568058076225045,0.7628042144062582
1,nash_reference,1.0,0.0,1.0,0.3065772078570152,0.0,0.0,0.022413505241274834,1.3292044401168823,1.9586522579193115,0.0,0.0
1,teacher_expert,1.0,0.0,0.0,0.4166758903528634,0.0,0.035907380282878876,0.0,1.3389493227005005,1.9611579179763794,0.0,0.0
1,game_cfm_raw,1.0,0.0,0.0,0.4004029591936561,0.003543661441653967,0.03333485871553421,0.028377311304211617,1.3913300037384033,2.0674996376037598,0.0,0.0
1,game_cfm_anchored,1.0,0.0,0.0,0.38016235011945226,0.0,0.0,0.023158201571910238,1.3846258280591366,2.067496540031178,0.0,0.0
1,nash_reference_hocbf,1.0,0.0,0.0,0.5057684412214453,0.0,0.08160001089675417,0.050152304129585414,1.2915374006976654,1.8682957269057696,0.720508166969147,1.063254561443817
1,game_cfm_hocbf,1.0,0.0,0.0,0.5057684412214453,0.0,0.08083176044995988,0.05267524524487888,1.3287929287988682,1.8124132874915684,0.6842105263157895,1.0543801845601175
2,nash_reference,1.0,0.0,1.0,0.299115413687748,0.0,0.0,0.020935367792844772,1.2338835000991821,1.6849932670593262,0.0,0.0
2,teacher_expert,1.0,0.0,0.0,0.4222057965830006,0.0,0.029949702322483063,0.0,1.2559136152267456,1.7048996686935425,0.0,0.0
2,game_cfm_raw,1.0,0.0,0.0,0.38267710075089617,0.004275546874850988,0.01836085319519043,0.022970978170633316,1.245606541633606,1.7766023874282837,0.0,0.0
2,game_cfm_anchored,1.0,0.0,0.0,0.38409786926718287,0.0,0.0,0.019163239091811828,1.2491665288123086,1.776600383299286,0.0,0.0
2,nash_reference_hocbf,1.0,0.0,0.0,0.6453315245159981,0.0,0.03334255674253198,0.03172942187802248,1.2474518151057905,1.594300405553069,0.631578947368421,0.6098510911034405
2,game_cfm_hocbf,1.0,0.0,0.0,0.6454255629655774,0.0,0.033989814288488386,0.031832616435032504,1.2447422434826672,1.649061668530463,0.6243194192377496,0.5013622068840425
3,nash_reference,1.0,0.0,1.0,0.30402385539302285,0.0,0.0,0.016245640814304352,1.3323428630828857,1.9593759775161743,0.0,0.0
3,teacher_expert,1.0,0.0,0.0,0.4180062562222111,0.0,0.014950588345527649,0.0,1.3376131057739258,1.9699031114578247,0.0,0.0
3,game_cfm_raw,1.0,0.0,0.0,0.4138210166061151,0.004002727102488279,0.028538713231682777,0.02202994003891945,1.3393086194992065,2.052802324295044,0.0,0.0
3,game_cfm_anchored,1.0,0.0,0.0,0.4190966887175423,0.0,0.0,0.013655945397667589,1.3372284198370692,2.0528020655100665,0.0,0.0
3,nash_reference_hocbf,1.0,0.0,0.0,0.48506197493619696,0.0,0.11010936269797275,0.04903744168586752,1.3312286666065922,1.8502489431586058,0.7422867513611615,0.9889922825502554
3,game_cfm_hocbf,1.0,0.0,0.0,0.48506197493619696,0.0,0.11075104559731636,0.0493837342936163,1.3490551110051736,1.9923862824598424,0.7695099818511797,0.8436240778293681
4,nash_reference,1.0,0.0,1.0,0.3020585076420581,0.0,0.0,0.019671902060508728,1.29354989528656,1.8042192459106445,0.0,0.0
4,teacher_expert,1.0,0.0,0.0,0.41010051203450076,0.0,0.029760219156742096,0.0,1.306606411933899,1.8184971809387207,0.0,0.0
4,game_cfm_raw,1.0,0.0,1.0,0.33938583621353174,0.004777777940034866,0.02369401417672634,0.02450738288462162,1.379676103591919,1.9367607831954956,0.0,0.0
4,game_cfm_anchored,1.0,0.0,1.0,0.337301624526706,0.0,0.0,0.02120563906846838,1.3802674920891147,1.9367594938934705,0.0,0.0
4,nash_reference_hocbf,1.0,0.0,0.0,0.6179207501328241,0.0,0.024539547690318825,0.03756882554924347,1.325751886730333,1.824277841424699,0.79491833030853,0.6486536938127143
4,game_cfm_hocbf,1.0,0.0,0.0,0.6179207501328241,0.0,0.024476806484835877,0.039167186694195014,1.390646530633211,1.7858543405179907,0.691470054446461,0.6880345607911905
5,nash_reference,1.0,0.0,1.0,0.2942189795066262,0.0,0.0,0.015436944551765919,1.0767626762390137,1.4796173572540283,0.0,0.0
5,teacher_expert,1.0,0.0,0.0,0.3979373282564472,0.0,0.019254077225923538,0.0,1.0982143878936768,1.489738941192627,0.0,0.0
5,game_cfm_raw,1.0,0.0,1.0,0.34261633600929625,0.002451013308018446,0.023064618930220604,0.01265682652592659,1.1272400617599487,1.5049346685409546,0.0,0.0
5,game_cfm_anchored,1.0,0.0,1.0,0.33849723419523703,0.0,0.0,0.011613920439313221,1.1271104933587115,1.5049307960917198,0.0,0.0
5,nash_reference_hocbf,1.0,0.0,0.0,0.5217630110879463,0.0,0.09603174363241286,0.052915010316436854,1.1115181267976313,1.4335476266781015,0.8983666061705989,0.8339789581437573
5,game_cfm_hocbf,1.0,0.0,0.0,0.5217630110879463,0.0,0.09579404058061751,0.054341418096151436,1.118709774345407,1.409119794811697,0.8566243194192378,0.8188208402230036
6,nash_reference,1.0,0.0,1.0,0.3028039522833533,0.0,0.0,0.02104845829308033,1.532855749130249,2.3809804916381836,0.0,0.0
6,teacher_expert,1.0,0.0,0.0,0.3831637324099808,0.0,0.034242261201143265,0.0,1.5244274139404297,2.3503551483154297,0.0,0.0
6,game_cfm_raw,1.0,0.0,0.0,0.38273264505565696,0.0014472310431301594,0.028052285313606262,0.025055287405848503,1.5503957271575928,2.381861448287964,0.0,0.0
6,game_cfm_anchored,1.0,0.0,0.0,0.36686197892264777,0.0,0.0,0.021596554392111156,1.5506989620181584,2.381859570580515,0.0,0.0
6,nash_reference_hocbf,1.0,0.0,0.0,0.5728011017478097,0.0,0.035612081726133386,0.05763072978525173,1.5451370193906748,2.2453504333561716,0.7840290381125227,0.8696072384257664
6,game_cfm_hocbf,1.0,0.0,0.0,0.5728011017478097,0.0,0.036654122695297484,0.053103186626579375,1.556594779153543,2.2329301347911175,0.7168784029038112,0.8726210700332669
7,nash_reference,1.0,0.0,1.0,0.2981915793328838,0.0,0.0,0.014527158811688423,1.2348861694335938,1.7793245315551758,0.0,0.0
7,teacher_expert,1.0,0.0,0.0,0.39490516212883664,0.0,0.01928599923849106,0.0,1.262864351272583,1.8056169748306274,0.0,0.0
7,game_cfm_raw,1.0,0.0,1.0,0.3308907798019277,0.0036808419972658157,0.027248196303844452,0.02197769656777382,1.2508952617645264,1.8272464275360107,0.0,0.0
7,game_cfm_anchored,1.0,0.0,1.0,0.34318637260390983,0.0,0.0,0.01706154870453714,1.248522905651597,1.8272484414249965,0.0,0.0
7,nash_reference_hocbf,1.0,0.0,0.0,0.5995709752296993,0.0,0.07282322748230663,0.0419943611844232,1.2318845442758368,1.6375650658188095,0.8039927404718693,0.7412163042784151
7,game_cfm_hocbf,1.0,0.0,0.0,0.5995709752296993,0.0,0.0728324754613699,0.043590340954220964,1.230390104904883,1.6441022464156818,0.7749546279491834,0.7330177214649898
8,nash_reference,1.0,0.0,1.0,0.3067760890988571,0.0,0.0,0.014401372522115707,1.3904026746749878,2.0171213150024414,0.0,0.0
8,teacher_expert,1.0,0.0,0.0,0.41197067549758687,0.0,0.014296304434537888,0.0,1.393471598625183,2.0211706161499023,0.0,0.0
8,game_cfm_raw,1.0,0.0,0.0,0.42461286405826393,0.005193848162889481,0.030622782185673714,0.01836158148944378,1.4208018779754639,2.118170738220215,0.0,0.0
8,game_cfm_anchored,1.0,0.0,0.0,0.4323766512177964,0.0,0.0,0.01283539027655504,1.4234073951048194,2.1181680722473786,0.0,0.0
8,nash_reference_hocbf,1.0,0.0,0.0,0.5908980762807131,0.0,0.03266091128222977,0.030305815478451976,1.4191093979410307,1.9855577805346045,0.6678765880217786,0.634218059848946
8,game_cfm_hocbf,1.0,0.0,0.0,0.5908980762807131,0.0,0.033389872270820194,0.03016592604400156,1.4092476899948634,1.984766389453292,0.6678765880217786,0.5007442093913356
9,nash_reference,1.0,0.0,1.0,0.34534102644681197,0.0,0.0,0.012213459238409996,1.4201841354370117,2.3367249965667725,0.0,0.0
9,teacher_expert,1.0,0.0,0.0,0.3627523546453945,0.0,0.01626032590866089,0.0,1.4266142845153809,2.369751214981079,0.0,0.0
9,game_cfm_raw,1.0,0.0,0.0,0.3600220011896731,0.005458386614918709,0.023563586175441742,0.018596608191728592,1.4464606046676636,2.430555820465088,0.0,0.0
9,game_cfm_anchored,1.0,0.0,1.0,0.3529495826439906,0.0,0.0,0.012177748136818316,1.450722039357042,2.4305540905444873,0.0,0.0
9,nash_reference_hocbf,1.0,0.0,0.0,0.3705999603760437,0.0,0.050437152285177186,0.045715057371588944,1.4413820358543867,2.3873959163169456,0.7586206896551724,0.7798812480384304
9,game_cfm_hocbf,1.0,0.0,0.0,0.3705999603760437,0.0,0.05010282241088104,0.04693253952481188,1.440935369771245,2.3477093075653093,0.7441016333938294,0.7208822238820038
10,nash_reference,1.0,0.0,1.0,0.27873184786503413,0.0,0.0,0.0193928349763155,1.2447017431259155,1.8277417421340942,0.0,0.0
10,teacher_expert,1.0,0.0,1.0,0.3524720153461135,0.0,0.036379411816596985,0.0,1.2344911098480225,1.8312201499938965,0.0,0.0
10,game_cfm_raw,1.0,0.0,1.0,0.3371174416255281,0.0020736106671392918,0.01240556314587593,0.020606638863682747,1.2387089729309082,1.8617444038391113,0.0,0.0
10,game_cfm_anchored,1.0,0.0,1.0,0.33826656750214906,0.0,0.0,0.019990775269379337,1.2402116531298089,1.8617440303296435,0.0,0.0
10,nash_reference_hocbf,1.0,0.0,0.0,0.6350756527309739,0.0,0.03668894384973849,0.04318145742717767,1.289034579810149,1.8207775300964906,0.36116152450090744,1.2197133298291747
10,game_cfm_hocbf,1.0,0.0,0.0,0.634793118999425,0.0,0.03780086038030787,0.04244117041424651,1.280179016619944,1.7877065877099054,0.3466424682395644,1.089900082219742
11,nash_reference,1.0,0.0,1.0,0.306162702464383,0.0,0.0,0.01659204624593258,1.288743257522583,2.0747454166412354,0.0,0.0
11,teacher_expert,1.0,0.0,0.0,0.37215598723049353,0.0,0.034013427793979645,0.0,1.2681375741958618,2.0272910594940186,0.0,0.0
11,game_cfm_raw,1.0,0.0,1.0,0.3007096188659295,0.001696301158517599,0.027611561119556427,0.018430907279253006,1.2965682744979858,2.209902763366699,0.0,0.0
11,game_cfm_anchored,1.0,0.0,1.0,0.3131591724692869,0.0,0.0,0.019440966107836723,1.3024234868575908,2.209901624171615,0.0,0.0
11,nash_reference_hocbf,1.0,0.0,0.0,0.5852434032377906,0.0,0.04997029823222497,0.038577944372288224,1.300641050551347,1.811182333067296,0.8076225045372051,0.668346849157685
11,game_cfm_hocbf,1.0,0.0,0.0,0.5852434032377906,0.0,0.05027947284473554,0.04132342242920902,1.3146673991741264,1.9079145313606094,0.7713248638838476,0.674902181960722
12,nash_reference,1.0,0.0,1.0,0.31067796189123487,0.0,0.0,0.012694775126874447,1.3622119426727295,2.1462249755859375,0.0,0.0
12,teacher_expert,1.0,0.0,0.0,0.4179771531554303,0.0,0.01257333718240261,0.0,1.3712291717529297,2.151555061340332,0.0,0.0
12,game_cfm_raw,1.0,0.0,1.0,0.3538610421868532,0.003069946076720953,0.0208723284304142,0.01886609196662903,1.3918647766113281,2.49147629737854,0.0,0.0
12,game_cfm_anchored,1.0,0.0,1.0,0.3521366411298307,0.0,0.0,0.016196410891864514,1.3905224629250765,2.491476175553939,0.0,0.0
12,nash_reference_hocbf,1.0,0.0,0.0,0.634579386197088,0.0,0.02010689468738599,0.028428612692453087,1.3808844060122087,2.0882733494482717,0.6370235934664247,0.5839920784959711
12,game_cfm_hocbf,1.0,0.0,0.0,0.634579386197088,0.0,0.021704597663305528,0.032598831420309546,1.3767957552102095,2.38049111718635,0.5626134301270418,0.6119825050038035
13,nash_reference,1.0,0.0,1.0,0.30389668510060003,0.0,0.0,0.01223605964332819,1.3559484481811523,2.0249061584472656,0.0,0.0
13,teacher_expert,1.0,0.0,0.0,0.4063216171907607,0.0,0.012534508481621742,0.0,1.3851003646850586,2.0607986450195312,0.0,0.0
13,game_cfm_raw,1.0,0.0,0.0,0.4015954737147537,0.0022886248771101236,0.02985413372516632,0.020170699805021286,1.3905534744262695,1.9995239973068237,0.0,0.0
13,game_cfm_anchored,1.0,0.0,0.0,0.3868565961005501,0.0,0.0,0.011952752668884356,1.3948295959942891,1.999524215201162,0.0,0.0
13,nash_reference_hocbf,1.0,0.0,0.0,0.6471372471311674,0.0,0.010559130177207441,0.028520338708010188,1.4164584859941138,2.0027453986087846,0.5499092558983666,0.5705488338242509
13,game_cfm_hocbf,1.0,0.0,0.0,0.6481759685372386,0.0,0.01215313053454815,0.03159373537334915,1.4271363851743442,1.935575932529451,0.515426497277677,0.5030971681895335
14,nash_reference,1.0,0.0,1.0,0.3024031520222056,0.0,0.0,0.02117765322327614,1.4410995244979858,2.168774366378784,0.0,0.0
14,teacher_expert,1.0,0.0,0.0,0.3952061651712045,0.0,0.02678774669766426,0.0,1.4624403715133667,2.122234344482422,0.0,0.0
14,game_cfm_raw,1.0,0.0,1.0,0.34744508042973826,0.003797573270276189,0.02467014268040657,0.021439669653773308,1.4363373517990112,2.3163228034973145,0.0,0.0
14,game_cfm_anchored,1.0,0.0,1.0,0.3383772018045369,0.0,0.0,0.0199560636537095,1.433816791984844,2.3163211510266186,0.0,0.0
14,nash_reference_hocbf,1.0,0.0,0.0,0.5137141384651845,0.0,0.11679978100647256,0.06866580149256692,1.492881275750971,2.1030685067458714,0.7894736842105263,1.2386499803260163
14,game_cfm_hocbf,1.0,0.0,0.0,0.5137141384651845,0.0,0.11654836471638788,0.07190550936489942,1.5291361931309988,2.117378256841148,0.7876588021778584,1.2198244931078135
15,nash_reference,1.0,0.0,1.0,0.2973164654990864,0.0,0.0,0.011807817034423351,1.2763302326202393,1.8994654417037964,0.0,0.0
15,teacher_expert,1.0,0.0,0.0,0.39115060172043226,0.0,0.015052404254674911,0.0,1.30762779712677,1.931248664855957,0.0,0.0
15,game_cfm_raw,1.0,0.0,0.0,0.3703678299136042,0.004661169834434986,0.0271651279181242,0.018082981929183006,1.344228744506836,2.246535062789917,0.0,0.0
15,game_cfm_anchored,1.0,0.0,0.0,0.3667228412763448,0.0,0.0,0.011647624214518084,1.3452616883330961,2.2465360447287157,0.0,0.0
15,nash_reference_hocbf,1.0,0.0,0.0,0.6437556902885161,0.0,0.015878888040250828,0.031714829350134345,1.3357365441106253,1.930850514614322,0.3502722323049002,0.9540668718969771
15,game_cfm_hocbf,1.0,0.0,0.0,0.6439561746827993,0.0,0.013392120441331867,0.033299440677327444,1.3458589739290803,1.8524841066473254,0.3466424682395644,0.8248364505070089
16,nash_reference,1.0,0.0,1.0,0.3004740837254269,0.0,0.0,0.013287336565554142,1.3288718461990356,2.094933032989502,0.0,0.0
16,teacher_expert,1.0,0.0,0.0,0.38913052781032587,0.0,0.013789916411042213,0.0,1.3239247798919678,2.1008460521698,0.0,0.0
16,game_cfm_raw,1.0,0.0,1.0,0.311677433867082,0.004967389162629843,0.020379241555929184,0.011838698759675026,1.3211381435394287,2.0909011363983154,0.0,0.0
16,game_cfm_anchored,1.0,0.0,1.0,0.308474171186817,0.0,0.0,0.011032993649154417,1.3204782851601478,2.090899389127248,0.0,0.0
16,nash_reference_hocbf,1.0,0.0,0.0,0.5417130486592664,0.0,0.02351707724688188,0.04491122613901526,1.3547988844878518,2.09401241307465,0.7459165154264973,0.6849404040684118
16,game_cfm_hocbf,1.0,0.0,0.0,0.5417130486592664,0.0,0.024028109686819482,0.0469399405910683,1.3526111516979837,2.0886808048530403,0.6715063520871143,0.7506919105527574
17,nash_reference,1.0,0.0,1.0,0.3008386033887614,0.0,0.0,0.016245808452367783,1.4025704860687256,1.9943947792053223,0.0,0.0
17,teacher_expert,1.0,0.0,0.0,0.3842594528671568,0.0,0.026461459696292877,0.0,1.396780014038086,1.9611238241195679,0.0,0.0
17,game_cfm_raw,1.0,0.0,0.0,0.3653525099690321,0.0023396504111588,0.03020516410470009,0.02259061485528946,1.4239814281463623,2.290217161178589,0.0,0.0
17,game_cfm_anchored,1.0,0.0,0.0,0.36065640372359553,0.0,0.0,0.01734126585450167,1.4231272032646554,2.2902172855557628,0.0,0.0
17,nash_reference_hocbf,1.0,0.0,0.0,0.5104266064204824,0.0,0.027374845863360066,0.04552713803989285,1.437880527986408,1.966480229466117,0.7931034482758621,0.7310625884311323
17,game_cfm_hocbf,1.0,0.0,0.0,0.5104266064204824,0.0,0.026857450039215355,0.04698729105073748,1.4634491050086549,2.1005198944056835,0.8076225045372051,0.7152914760022356
18,nash_reference,1.0,0.0,1.0,0.29664242783646366,0.0,0.0,0.015752676874399185,1.1458863019943237,1.5552207231521606,0.0,0.0
18,teacher_expert,1.0,0.0,0.0,0.3922933399023907,0.0,0.02082732506096363,0.0,1.1639983654022217,1.5642526149749756,0.0,0.0
18,game_cfm_raw,1.0,0.0,0.0,0.368129388264816,0.0022714193910360336,0.02956332452595234,0.02513115294277668,1.1964828968048096,1.7639321088790894,0.0,0.0
18,game_cfm_anchored,1.0,0.0,0.0,0.3722624453747603,0.0,0.0,0.017017403129999466,1.1984029916019658,1.763931155066928,0.0,0.0
18,nash_reference_hocbf,1.0,0.0,0.0,0.6014380353368649,0.0,0.04102762231089084,0.03581647654291013,1.1832922293192576,1.5233521955540634,0.8203266787658802,0.5667723843015067
18,game_cfm_hocbf,1.0,0.0,0.0,0.6014380353368649,0.0,0.041048319326204716,0.0366193041194616,1.1726953345759719,1.4620072804572843,0.7568058076225045,0.5076343054546467
19,nash_reference,1.0,0.0,1.0,0.30827462030124625,0.0,0.0,0.01783687248826027,1.3771675825119019,1.9832048416137695,0.0,0.0
19,teacher_expert,1.0,0.0,0.0,0.4194606373543737,0.0,0.025353819131851196,0.0,1.3956127166748047,1.9851740598678589,0.0,0.0
19,game_cfm_raw,1.0,0.0,1.0,0.29644111321316174,0.003766195382922888,0.02153070643544197,0.02961093932390213,1.464143991470337,2.490342855453491,0.0,0.0
19,game_cfm_anchored,1.0,0.0,1.0,0.3119072011867434,0.0,0.0,0.02482120550385674,1.4625522279379943,2.490345045214406,0.0,0.0
19,nash_reference_hocbf,1.0,0.0,0.0,0.5674081683141833,0.0,0.03809589805294224,0.039331450967823076,1.3200001896156888,1.7941373653247206,0.6588021778584392,0.8416352572649946
19,game_cfm_hocbf,1.0,0.0,0.0,0.5674081683141833,0.0,0.037702941284719585,0.044606884468654025,1.3599670958271832,2.2601625199905215,0.6370235934664247,0.876297409842612
20,nash_reference,1.0,0.0,1.0,0.2994310778289545,0.0,0.0,0.014160512015223503,1.2269903421401978,1.9092180728912354,0.0,0.0
20,teacher_expert,1.0,0.0,0.0,0.3870017965854064,0.0,0.01813569851219654,0.0,1.2323492765426636,1.8758164644241333,0.0,0.0
20,game_cfm_raw,1.0,0.0,0.0,0.3821912477433942,0.0034982049837708473,0.024185845628380775,0.018170200288295746,1.2579624652862549,1.9469496011734009,0.0,0.0
20,game_cfm_anchored,1.0,0.0,0.0,0.38494454306313886,0.0,0.0,0.013916578442304886,1.2596110813263013,1.9469549455437583,0.0,0.0
20,nash_reference_hocbf,1.0,0.0,0.0,0.6474743717493817,0.0,0.018094317758669636,0.03547490339027151,1.2719378074280123,1.7784341580765695,0.41379310344827586,0.8938097863738309
20,game_cfm_hocbf,1.0,0.0,0.0,0.6473823960471631,0.0,0.016917504102018473,0.03370389885894067,1.2889416050676676,1.8203978850074005,0.43920145190562615,0.6521816353150688
21,nash_reference,1.0,0.0,1.0,0.29556516778266073,0.0,0.0,0.017574697732925415,1.1584398746490479,1.534067153930664,0.0,0.0
21,teacher_expert,1.0,0.0,0.0,0.3889049537642338,0.0,0.02710120379924774,0.0,1.1632535457611084,1.5496407747268677,0.0,0.0
21,game_cfm_raw,1.0,0.0,0.0,0.38139835999641825,0.0062059988267719746,0.030415412038564682,0.022169871255755424,1.1793041229248047,1.7474476099014282,0.0,0.0
21,game_cfm_anchored,1.0,0.0,0.0,0.37223229594293283,0.0,0.0,0.01617641817181635,1.181339510681888,1.747445293775297,0.0,0.0
21,nash_reference_hocbf,1.0,0.0,0.0,0.6009658126664332,0.0,0.0282576714099393,0.0390253498693389,1.2013371453253325,1.4697130527734357,0.838475499092559,0.582700029707638
21,game_cfm_hocbf,1.0,0.0,0.0,0.6009658126664332,0.0,0.027561586937807647,0.03768959790093753,1.1843975098632482,1.5241382447116611,0.8638838475499092,0.5153388259233117
22,nash_reference,1.0,0.0,1.0,0.29777364502937503,0.0,0.0,0.01604393869638443,1.1864649057388306,1.7793246507644653,0.0,0.0
22,teacher_expert,1.0,0.0,0.0,0.39345701101022135,0.0,0.023474231362342834,0.0,1.2205981016159058,1.8140252828598022,0.0,0.0
22,game_cfm_raw,1.0,0.0,1.0,0.34197438860340584,0.0020228128414601088,0.030685994774103165,0.018886752426624298,1.1875804662704468,2.2098145484924316,0.0,0.0
22,game_cfm_anchored,1.0,0.0,1.0,0.34852759844899256,0.0,0.0,0.014167750168589665,1.1899458114261623,2.2098123670626686,0.0,0.0
22,nash_reference_hocbf,1.0,0.0,0.0,0.548424090794662,0.0,0.034218399350461205,0.03359844232691431,1.2315651049435656,1.7897319113971222,0.8421052631578947,0.5331121112499065
22,game_cfm_hocbf,1.0,0.0,0.0,0.548424090794662,0.0,0.033384860228053294,0.03473303544660288,1.2315932765746191,1.8986602927916454,0.8584392014519057,0.50852003572331
23,nash_reference,1.0,0.0,1.0,0.3101445567637081,0.0,0.0,0.017424622550606728,1.3913273811340332,2.2734897136688232,0.0,0.0
23,teacher_expert,1.0,0.0,0.0,0.40140991433898776,0.0,0.02864626981317997,0.0,1.3754465579986572,2.234109878540039,0.0,0.0
23,game_cfm_raw,1.0,0.0,0.0,0.3895529777069649,0.003545015584677458,0.011707369238138199,0.01951068453490734,1.4455901384353638,2.4134466648101807,0.0,0.0
23,game_cfm_anchored,1.0,0.0,0.0,0.38721225959638733,0.0,0.0,0.018236443565371862,1.446090240277422,2.41344451497091,0.0,0.0
23,nash_reference_hocbf,1.0,0.0,0.0,0.6063085893221979,0.0,0.04012581418674581,0.039227977979467143,1.399154731659282,1.9680590193341576,0.8148820326678766,0.69462849404838
23,game_cfm_hocbf,1.0,0.0,0.0,0.6063085893221979,0.0,0.040398889601348416,0.03877461292968761,1.4360403718649515,1.9413705441457572,0.7023593466424682,0.6951028521620941
24,nash_reference,1.0,0.0,1.0,0.31466056458946906,0.0,0.0,0.02568828873336315,1.518159031867981,2.4161465167999268,0.0,0.0
24,teacher_expert,1.0,0.0,0.0,0.4488716162081166,0.0,0.031448811292648315,0.0,1.5426952838897705,2.453784942626953,0.0,0.0
24,game_cfm_raw,1.0,0.0,0.0,0.3930777475724497,0.006869263015687466,0.04011125862598419,0.02169092930853367,1.546342134475708,2.698573112487793,0.0,0.0
24,game_cfm_anchored,1.0,0.0,1.0,0.35992057299329855,0.0,0.0,0.021234589050547936,1.5429658785121767,2.6985728424723034,0.0,0.0
24,nash_reference_hocbf,1.0,0.0,0.0,0.4818124130239365,0.0,0.07413472091659597,0.03815358500442543,1.5474671706316165,2.5655646179455442,0.6969147005444646,0.8331954339636779
24,game_cfm_hocbf,1.0,0.0,0.0,0.4818124130239365,0.0,0.0762322253867395,0.040094930260532145,1.5556779373637426,2.5789685702060923,0.6678765880217786,0.8006899149551966
25,nash_reference,1.0,0.0,1.0,0.299203281700516,0.0,0.0,0.01898251287639141,1.3244895935058594,1.7710850238800049,0.0,0.0
25,teacher_expert,1.0,0.0,0.0,0.3890408995411709,0.0,0.031614452600479126,0.0,1.3044644594192505,1.7473230361938477,0.0,0.0
25,game_cfm_raw,1.0,0.0,1.0,0.3549631274277167,0.005778136663138866,0.022272780537605286,0.021348826587200165,1.3607197999954224,1.851902723312378,0.0,0.0
25,game_cfm_anchored,1.0,0.0,1.0,0.35860475163278815,0.0,0.0,0.017990754323014863,1.361939930801658,1.8519043951908167,0.0,0.0
25,nash_reference_hocbf,1.0,0.0,0.0,0.5197809333630219,0.0,0.07584264908384014,0.05631395188821698,1.1715681601524466,1.7583071075716357,0.7531760435571688,1.0625465159130598
25,game_cfm_hocbf,1.0,0.0,0.0,0.5197809333630219,0.0,0.07642263209299702,0.05870835423961427,1.1896870929349428,1.6816300519982823,0.7023593466424682,1.0736396153215435
26,nash_reference,1.0,0.0,1.0,0.298622807468435,0.0,0.0,0.013060824014246464,1.1992303133010864,1.675794005393982,0.0,0.0
26,teacher_expert,1.0,0.0,0.0,0.38238375467159674,0.0,0.01885262131690979,0.0,1.228342056274414,1.7014621496200562,0.0,0.0
26,game_cfm_raw,1.0,0.0,1.0,0.34316513453140957,0.0025193197652697563,0.025293661281466484,0.018697913736104965,1.2672182321548462,1.8869808912277222,0.0,0.0
26,game_cfm_anchored,1.0,0.0,1.0,0.34665638053046116,0.0,0.0,0.014195809008243182,1.2692910905617196,1.8869860761593464,0.0,0.0
26,nash_reference_hocbf,1.0,0.0,0.0,0.5803157890590014,0.0,0.05762134585649842,0.04299705855267858,1.1944567042463148,1.5928590724474374,0.8421052631578947,0.7039845017778259
26,game_cfm_hocbf,1.0,0.0,0.0,0.5803157890590014,0.0,0.05749149710259156,0.04567287865130732,1.1946168664048766,1.6197561922580763,0.809437386569873,0.6878013695454048
27,nash_reference,1.0,0.0,1.0,0.30640186526284285,0.0,0.0,0.013397776521742344,1.4952102899551392,2.19586181640625,0.0,0.0
27,teacher_expert,1.0,0.0,0.0,0.39626597612472686,0.0,0.01684594340622425,0.0,1.4895504713058472,2.185690402984619,0.0,0.0
27,game_cfm_raw,1.0,0.0,0.0,0.3635597180444791,0.002948854584246874,0.03023971989750862,0.020549096167087555,1.4947913885116577,2.2388410568237305,0.0,0.0
27,game_cfm_anchored,1.0,0.0,1.0,0.347251718277013,0.0,0.0,0.013801204950396844,1.4897784035560953,2.2388406874788767,0.0,0.0
27,nash_reference_hocbf,1.0,0.0,0.0,0.6377143406179491,0.0,0.018087284065756572,0.0338824310008385,1.5031404054135882,2.1279076371805252,0.6606170598911071,0.6077029778719862
27,game_cfm_hocbf,1.0,0.0,0.0,0.6377143406179491,0.0,0.017804600477160218,0.033032822595697515,1.4766769020759833,1.9872460381164418,0.5825771324863884,0.5965183932336883
28,nash_reference,1.0,0.0,1.0,0.3091444806793018,0.0,0.0,0.023161787539720535,1.3737748861312866,2.3412728309631348,0.0,0.0
28,teacher_expert,1.0,0.0,0.0,0.43599787517129673,0.0,0.025425929576158524,0.0,1.3764735460281372,2.2094554901123047,0.0,0.0
28,game_cfm_raw,1.0,0.0,1.0,0.358609276702566,0.0031230051536113024,0.03243501856923103,0.023433072492480278,1.3873041868209839,2.359306812286377,0.0,0.0
28,game_cfm_anchored,1.0,0.0,1.0,0.338383510158389,0.0,0.0,0.021772096452659196,1.380744581665343,2.3593033207669727,0.0,0.0
28,nash_reference_hocbf,1.0,0.0,0.0,0.6303439438650014,0.0,0.026752732457925532,0.03236612392901591,1.3721975576040095,1.8421587388274225,0.39019963702359345,1.0398426687944253
28,game_cfm_hocbf,1.0,0.0,0.0,0.6303439438650014,0.0,0.02666919355066739,0.0372273107832216,1.3529259493446892,1.7081957526107912,0.3666061705989111,1.0336365520890527
29,nash_reference,1.0,0.0,1.0,0.3119482688015612,0.0,0.0,0.023179689422249794,1.4496164321899414,2.189920663833618,0.0,0.0
29,teacher_expert,1.0,0.0,0.0,0.43457760958859015,0.0,0.02940601110458374,0.0,1.479514241218567,2.182269811630249,0.0,0.0
29,game_cfm_raw,1.0,0.0,0.0,0.37629175375281704,0.0038908591959625483,0.024877306073904037,0.02378014661371708,1.4693435430526733,2.528541088104248,0.0,0.0
29,game_cfm_anchored,1.0,0.0,0.0,0.38864329106536205,0.0,0.0,0.018794234499988984,1.4672478894713672,2.528544405323754,0.0,0.0
29,nash_reference_hocbf,1.0,0.0,0.0,0.439991872208448,0.0,0.09929908826365336,0.04686488471141052,1.4668812692141857,2.154663915156681,0.6823956442831216,1.0481947329176065
29,game_cfm_hocbf,1.0,0.0,0.0,0.439991872208448,0.0,0.09929316004849371,0.04718967844208058,1.4645948785997647,2.345122380883407,0.6787658802177858,1.0065378428190077
30,nash_reference,1.0,0.0,1.0,0.3080362899988217,0.0,0.0,0.021387269720435143,1.4239317178726196,2.03074312210083,0.0,0.0
30,teacher_expert,1.0,0.0,0.0,0.44479664072768965,0.0,0.027597548440098763,0.0,1.438368558883667,2.044205904006958,0.0,0.0
30,game_cfm_raw,1.0,0.0,1.0,0.32851073400633257,0.004019318148493767,0.0249294675886631,0.025231700390577316,1.4231995344161987,2.2188491821289062,0.0,0.0
30,game_cfm_anchored,1.0,0.0,1.0,0.33288188071045016,0.0,0.0,0.019725688034893975,1.426536065342708,2.218845891639292,0.0,0.0
30,nash_reference_hocbf,1.0,0.0,0.0,0.6573833917654921,0.0,0.027705727048293126,0.02533871016931798,1.4396542514199429,1.9775542622970932,0.3103448275862069,0.8674366569895978
30,game_cfm_hocbf,1.0,0.0,0.0,0.6573753494473662,0.0,0.02798648858219109,0.02968812254818769,1.4623305571948235,2.072009264194753,0.2958257713248639,0.8402714325664401
31,nash_reference,1.0,0.0,1.0,0.2977829290318864,0.0,0.0,0.012418926693499088,1.1969338655471802,1.6521133184432983,0.0,0.0
31,teacher_expert,1.0,0.0,0.0,0.379008734840049,0.0,0.018168747425079346,0.0,1.2255539894104004,1.6743972301483154,0.0,0.0
31,game_cfm_raw,1.0,0.0,1.0,0.3076190597421004,0.006337584927678108,0.036873362958431244,0.017895467579364777,1.2252490520477295,1.8451368808746338,0.0,0.0
31,game_cfm_anchored,1.0,0.0,1.0,0.3035630192533902,0.0,0.0,0.011511236137534235,1.228126107136516,1.8451340926832465,0.0,0.0
31,nash_reference_hocbf,1.0,0.0,0.0,0.62008082836143,0.0,0.0383602894189711,0.040967782389119974,1.174144539247565,1.6117346925889855,0.7695099818511797,0.6994628199177314
31,game_cfm_hocbf,1.0,0.0,0.0,0.62008082836143,0.0,0.03856232347965181,0.042918268761949964,1.1674278418271251,1.6586607354540899,0.7858439201451906,0.7095987885185637
32,nash_reference,1.0,0.0,1.0,0.3103408918063797,0.0,0.0,0.015566413290798664,1.4255024194717407,2.1538548469543457,0.0,0.0
32,teacher_expert,1.0,0.0,0.0,0.424728118134618,0.0,0.011084483005106449,0.0,1.4347606897354126,2.1047792434692383,0.0,0.0
32,game_cfm_raw,1.0,0.0,0.0,0.4024052606313338,0.005537374410778284,0.03985761106014252,0.02642018161714077,1.3995343446731567,2.278064250946045,0.0,0.0
32,game_cfm_anchored,1.0,0.0,0.0,0.42857478442378416,0.0,0.0,0.015227425223523923,1.4051613698206795,2.278062508729293,0.0,0.0
32,nash_reference_hocbf,1.0,0.0,0.0,0.5809572149244935,0.0,0.047058776247370065,0.04164420013064639,1.4488904388557695,2.137074569015375,0.7568058076225045,0.82689458163933
32,game_cfm_hocbf,1.0,0.0,0.0,0.5809572149244935,0.0,0.048224053526681895,0.04120122657175237,1.4368382670662976,2.0015800758866638,0.8130671506352087,0.6985062983728503
33,nash_reference,1.0,0.0,1.0,0.2974274979637465,0.0,0.0,0.021491874009370804,1.187243103981018,1.7056599855422974,0.0,0.0
33,teacher_expert,1.0,0.0,0.0,0.42880857302517383,0.0,0.028158141300082207,0.0,1.2025940418243408,1.7160351276397705,0.0,0.0
33,game_cfm_raw,1.0,0.0,1.0,0.34650106573725753,0.005887968465685844,0.031211234629154205,0.02649889886379242,1.2354000806808472,2.130270481109619,0.0,0.0
33,game_cfm_anchored,1.0,0.0,1.0,0.3234576540701737,0.0,0.0,0.022739788315950287,1.2383881806800592,2.130267684617043,0.0,0.0
33,nash_reference_hocbf,1.0,0.0,0.0,0.6055242990790706,0.0,0.03923733785424599,0.029766266042144756,1.2171611973653123,1.6877324574095567,0.6370235934664247,0.5734476646400105
33,game_cfm_hocbf,1.0,0.0,0.0,0.6055242990790706,0.0,0.0391698720126263,0.03355924263021928,1.1888086779265028,1.9567366917625997,0.5136116152450091,0.6357996005802597
34,nash_reference,1.0,0.0,1.0,0.31369994718973715,0.0,0.0,0.020450133830308914,1.445447564125061,2.1945321559906006,0.0,0.0
34,teacher_expert,1.0,0.0,0.0,0.445857067198215,0.0,0.02534293383359909,0.0,1.4468647241592407,2.200186252593994,0.0,0.0
34,game_cfm_raw,1.0,0.0,1.0,0.35494620133487115,0.001964518101885915,0.031066525727510452,0.020150013267993927,1.4544072151184082,2.33004093170166,0.0,0.0
34,game_cfm_anchored,1.0,0.0,1.0,0.33680405098069627,0.0,0.0,0.021752901958808444,1.459349150157978,2.3300392517950255,0.0,0.0
34,nash_reference_hocbf,1.0,0.0,0.0,0.5319961805762099,0.0,0.058012361092811576,0.047340554496157046,1.3654534849707645,2.164428406907412,0.7096188747731398,1.0223828560997252
34,game_cfm_hocbf,1.0,0.0,0.0,0.5319961805762099,0.0,0.058486755810579674,0.04718150008163636,1.3470304062115215,2.1753205294920597,0.7132486388384754,1.02759384892515
35,nash_reference,1.0,0.0,1.0,0.3006067385532119,0.0,0.0,0.015861865133047104,1.3326438665390015,1.9360519647598267,0.0,0.0
35,teacher_expert,1.0,0.0,0.0,0.393635357709252,0.0,0.023355849087238312,0.0,1.3317824602127075,1.9051882028579712,0.0,0.0
35,game_cfm_raw,1.0,0.0,1.0,0.34121438529548537,0.008573431521654129,0.013668463565409184,0.012906450778245926,1.3289258480072021,2.0154988765716553,0.0,0.0
35,game_cfm_anchored,1.0,0.0,1.0,0.3287184612726498,0.0,0.0,0.012708869746988316,1.3286100618749757,2.0155011470367152,0.0,0.0
35,nash_reference_hocbf,1.0,0.0,0.0,0.568199908739844,0.0,0.050964302233183115,0.05039854867689693,1.38288716983844,1.7696469080959467,0.8112522686025408,0.8619956327526042
35,game_cfm_hocbf,1.0,0.0,0.0,0.568199908739844,0.0,0.05131037747006134,0.051015254098123824,1.3873592054764698,1.6800063982395081,0.7967332123411979,0.872359849586351
36,nash_reference,1.0,0.0,1.0,0.3091219086739603,0.0,0.0,0.01945381611585617,1.532028317451477,2.474269390106201,0.0,0.0
36,teacher_expert,1.0,0.0,0.0,0.41584853352130025,0.0,0.027102399617433548,0.0,1.541011095046997,2.503223419189453,0.0,0.0
36,game_cfm_raw,1.0,0.0,1.0,0.3463747306040107,0.005686954595148563,0.01628081686794758,0.020856359973549843,1.6539363861083984,2.5596923828125,0.0,0.0
36,game_cfm_anchored,1.0,0.0,1.0,0.3506676558023558,0.0,0.0,0.020680042577643852,1.6549596716379622,2.5596871754679387,0.0,0.0
36,nash_reference_hocbf,1.0,0.0,0.0,0.5980845225623598,0.0,0.036287686319441764,0.03774431639510228,1.5561983543661193,2.4596932575096333,0.7132486388384754,0.675194627490011
36,game_cfm_hocbf,1.0,0.0,0.0,0.5980845225623598,0.0,0.036158359123211026,0.03566953435916569,1.6269722201288574,2.5311888657665897,0.6261343012704175,0.6805633506817618
37,nash_reference,1.0,0.0,1.0,0.2980257524728383,0.0,0.0,0.014826997183263302,1.1677700281143188,1.7523231506347656,0.0,0.0
37,teacher_expert,1.0,0.0,0.0,0.399774578822627,0.0,0.01707611419260502,0.0,1.175682544708252,1.7607598304748535,0.0,0.0
37,game_cfm_raw,1.0,0.0,0.0,0.3911665229830254,0.0048235319554805756,0.023520393297076225,0.018615825101733208,1.2116754055023193,1.8875353336334229,0.0,0.0
37,game_cfm_anchored,1.0,0.0,0.0,0.392565919027731,0.0,0.0,0.012890108655564447,1.213116399561319,1.8875347586151616,0.0,0.0
37,nash_reference_hocbf,1.0,0.0,0.0,0.6002100764896955,0.0,0.05609143075697041,0.03660020195193248,1.2066132562143048,1.708928339865709,0.8402903811252269,0.5892493635616823
37,game_cfm_hocbf,1.0,0.0,0.0,0.6002100764896955,0.0,0.056421246272674086,0.03899267311150318,1.2112479564929197,1.722165047585665,0.8148820326678766,0.5048088030327406
38,nash_reference,1.0,0.0,1.0,0.3065987273494192,0.0,0.0,0.01928330585360527,1.3979710340499878,2.2283849716186523,0.0,0.0
38,teacher_expert,1.0,0.0,0.0,0.4096360751322428,0.0,0.02930125594139099,0.0,1.3885139226913452,2.2330708503723145,0.0,0.0
38,game_cfm_raw,1.0,0.0,1.0,0.35193294460074065,0.0043335482478141785,0.024271156638860703,0.02826271392405033,1.491528034210205,2.5099048614501953,0.0,0.0
38,game_cfm_anchored,1.0,0.0,1.0,0.3430223695168001,0.0,0.0,0.02276043029811011,1.4907425160227779,2.5099081175437044,0.0,0.0
38,nash_reference_hocbf,1.0,0.0,0.0,0.6420778929591052,0.0,0.029413101461833367,0.030540972037555864,1.3967715164126386,2.1622963469108747,0.33756805807622503,0.9112430145543226
38,game_cfm_hocbf,1.0,0.0,0.0,0.6497252821413007,0.0,0.02928269228288169,0.03127614624377643,1.4376856814085173,2.223564172681639,0.279491833030853,0.8803781319645962
39,nash_reference,1.0,0.0,1.0,0.29920944485836704,0.0,0.0,0.013555360957980156,1.1931328773498535,1.7554121017456055,0.0,0.0
39,teacher_expert,1.0,0.0,0.0,0.40192970222664426,0.0,0.012586606666445732,0.0,1.2161321640014648,1.770036220550537,0.0,0.0
39,game_cfm_raw,1.0,0.0,0.0,0.3827239462727351,0.004394261632114649,0.021316464990377426,0.016776317730545998,1.2345287799835205,2.1109135150909424,0.0,0.0
39,game_cfm_anchored,1.0,0.0,0.0,0.37573711068419363,0.0,0.0,0.011249590845904388,1.2373843237727944,2.1109176491505672,0.0,0.0
39,nash_reference_hocbf,1.0,0.0,0.0,0.5884912043366826,0.0,0.0748885913206486,0.04667715718941791,1.1982751110024161,1.5766313392000586,0.8747731397459165,0.7368893276830332
39,game_cfm_hocbf,1.0,0.0,0.0,0.5884912043366826,0.0,0.07505662473504329,0.04673690763378565,1.2085676935690832,1.6358275811932468,0.8802177858439202,0.6996371030285832
40,nash_reference,1.0,0.0,1.0,0.29874531897721046,0.0,0.0,0.016893280670046806,1.148026466369629,1.7025219202041626,0.0,0.0
40,teacher_expert,1.0,0.0,0.0,0.391647428063676,0.0,0.024392738938331604,0.0,1.173972487449646,1.6661475896835327,0.0,0.0
40,game_cfm_raw,1.0,0.0,1.0,0.34130150030609424,0.005035200156271458,0.024826467037200928,0.024650191888213158,1.1703933477401733,1.9208735227584839,0.0,0.0
40,game_cfm_anchored,1.0,0.0,1.0,0.32935593491808735,0.0,0.0,0.0213965598029848,1.1728603290138986,1.9208684601718955,0.0,0.0
40,nash_reference_hocbf,1.0,0.0,0.0,0.5176847994338816,0.0,0.07332984663598519,0.0449199025440861,1.1713872454576313,1.5044794086553221,0.867513611615245,0.7381048019170892
40,game_cfm_hocbf,1.0,0.0,0.0,0.5176847994338816,0.0,0.0727635140821256,0.04663169794778042,1.129973266870972,1.6576910546378272,0.7332123411978222,0.7726685885601153
41,nash_reference,1.0,0.0,1.0,0.30139327828530454,0.0,0.0,0.01524418592453003,1.3553922176361084,1.9904508590698242,0.0,0.0
41,teacher_expert,1.0,0.0,0.0,0.3893673710273644,0.0,0.022526917979121208,0.0,1.3599286079406738,2.000901937484741,0.0,0.0
41,game_cfm_raw,1.0,0.0,0.0,0.3965053088051821,0.0033544658217579126,0.030468128621578217,0.025807704776525497,1.3350176811218262,1.9239349365234375,0.0,0.0
41,game_cfm_anchored,1.0,0.0,0.0,0.39379891435731335,0.0,0.0,0.017678752890016608,1.3373950848672822,1.9239353039049922,0.0,0.0
41,nash_reference_hocbf,1.0,0.0,0.0,0.6300220099108074,0.0,0.02271176977276569,0.0415672664311316,1.3866759429092788,1.9493074883198178,0.42105263157894735,1.0146291894685455
41,game_cfm_hocbf,1.0,0.0,0.0,0.6300220099108074,0.0,0.023192522823475697,0.04159108082895843,1.385901028788042,1.95681061500831,0.397459165154265,0.8999238899519675
42,nash_reference,1.0,0.0,1.0,0.2986769103117774,0.0,0.0,0.02687925286591053,1.1925936937332153,1.6234928369522095,0.0,0.0
42,teacher_expert,1.0,0.0,0.0,0.4108589195626649,0.0,0.042094167321920395,0.0,1.180299162864685,1.5969091653823853,0.0,0.0
42,game_cfm_raw,1.0,0.0,1.0,0.33871382145382606,0.002271905541419983,0.029548605903983116,0.030094757676124573,1.2734897136688232,1.7295328378677368,0.0,0.0
42,game_cfm_anchored,1.0,0.0,1.0,0.33040522967833974,0.0,0.0,0.027093788732441556,1.2690455045304483,1.7295354581006392,0.0,0.0
42,nash_reference_hocbf,1.0,0.0,0.0,0.5813284498098203,0.0,0.06092437356766904,0.03568001742310829,1.2011652618415956,1.611241645302603,0.7658802177858439,0.625761971354623
42,game_cfm_hocbf,1.0,0.0,0.0,0.5813284498098203,0.0,0.06177856669802022,0.04151395717365699,1.19865601400458,1.7236397714226541,0.6823956442831216,0.6579566338533295
43,nash_reference,1.0,0.0,1.0,0.3047626538574903,0.0,0.0,0.014111367054283619,1.4601305723190308,2.3804197311401367,0.0,0.0
43,teacher_expert,1.0,0.0,0.0,0.40378479733424344,0.0,0.014796013943850994,0.0,1.4557256698608398,2.3982656002044678,0.0,0.0
43,game_cfm_raw,1.0,0.0,0.0,0.3638928381099504,0.0025330346543341875,0.022250093519687653,0.02083113044500351,1.5606764554977417,2.443618059158325,0.0,0.0
43,game_cfm_anchored,1.0,0.0,0.0,0.36331903237247326,0.0,0.0,0.017277125764326082,1.5578388317685385,2.4436193063633205,0.0,0.0
43,nash_reference_hocbf,1.0,0.0,0.0,0.5892000109446958,0.0,0.01469251652667354,0.04222668674388928,1.4793130792539844,2.3482824471914254,0.42286751361161523,1.0611827937729859
43,game_cfm_hocbf,1.0,0.0,0.0,0.5892000109446958,0.0,0.016330448484019593,0.03726138012989421,1.560987565278617,2.3958469867522494,0.397459165154265,0.9416297537997684
44,nash_reference,1.0,0.0,1.0,0.3008083447829635,0.0,0.0,0.018497148528695107,1.2555186748504639,1.7553576231002808,0.0,0.0
44,teacher_expert,1.0,0.0,0.0,0.41028931020714277,0.0,0.025080841034650803,0.0,1.2813385725021362,1.774366021156311,0.0,0.0
44,game_cfm_raw,1.0,0.0,0.0,0.3836244633120147,0.002982925157994032,0.016349289566278458,0.013693294487893581,1.2553772926330566,1.8963713645935059,0.0,0.0
44,game_cfm_anchored,1.0,0.0,0.0,0.37710987618033165,0.0,0.0,0.014773352504569218,1.2577240095248627,1.8963761661135479,0.0,0.0
44,nash_reference_hocbf,1.0,0.0,0.0,0.6537029172274604,0.0,0.037173489362558584,0.031668613147290116,1.266321770016103,1.7015267519314432,0.6261343012704175,0.6141532023303417
44,game_cfm_hocbf,1.0,0.0,0.0,0.6537029172274604,0.0,0.037348177301314005,0.0321970337453018,1.2566255214322004,1.7095006864392515,0.5807622504537205,0.5506621872666736
45,nash_reference,1.0,0.0,1.0,0.30514009706861667,0.0,0.0,0.022773850709199905,1.436805009841919,2.2542624473571777,0.0,0.0
45,teacher_expert,1.0,0.0,0.0,0.41926433262554114,0.0,0.035378970205783844,0.0,1.4421279430389404,2.2643380165100098,0.0,0.0
45,game_cfm_raw,1.0,0.0,0.0,0.3850301362004605,0.003647097386419773,0.032507359981536865,0.02519521676003933,1.5138146877288818,2.352640390396118,0.0,0.0
45,game_cfm_anchored,1.0,0.0,0.0,0.37023527444141324,0.0,0.0,0.021604576784815647,1.5106861635445734,2.352644469226147,0.0,0.0
45,nash_reference_hocbf,1.0,0.0,0.0,0.6265875561446331,0.0,0.0371836394254408,0.03509312489416463,1.4556586254864763,2.2137444324027653,0.691470054446461,0.6127111697700841
45,game_cfm_hocbf,1.0,0.0,0.0,0.6265875561446331,0.0,0.03933270695309256,0.033935152047778035,1.5058804231784433,2.3387103092048362,0.5952813067150635,0.6713735747943664
46,nash_reference,1.0,0.0,1.0,0.30888786431077775,0.0,0.0,0.01812029257416725,1.3712084293365479,1.9311182498931885,0.0,0.0
46,teacher_expert,1.0,0.0,0.0,0.39423913536322497,0.0,0.015594402328133583,0.0,1.3733729124069214,1.9437034130096436,0.0,0.0
46,game_cfm_raw,1.0,0.0,0.0,0.3846509726370818,0.001002980163320899,0.0362178236246109,0.01808765158057213,1.443350076675415,2.1113662719726562,0.0,0.0
46,game_cfm_anchored,1.0,0.0,0.0,0.36235411748525165,0.0,0.0,0.01781855128429567,1.4378546904014753,2.11136677491588,0.0,0.0
46,nash_reference_hocbf,1.0,0.0,0.0,0.40920988338455955,0.0,0.13125955682620538,0.05503939820471199,1.3897404592866882,2.123992910880596,0.7186932849364791,1.2301781364079625
46,game_cfm_hocbf,1.0,0.0,0.0,0.40920988338455955,0.0,0.131515484939223,0.056800044266441835,1.4558702627902287,2.190901883561409,0.6787658802177858,1.231254083332662
47,nash_reference,1.0,0.0,1.0,0.293618275701445,0.0,0.0,0.018652236089110374,1.205834984779358,1.7384024858474731,0.0,0.0
47,teacher_expert,1.0,0.0,0.0,0.3849020971864152,0.0,0.029497629031538963,0.0,1.2351429462432861,1.7646970748901367,0.0,0.0
47,game_cfm_raw,1.0,0.0,1.0,0.30389583406726006,0.0021571496035903692,0.023217953741550446,0.026524195447564125,1.2258552312850952,1.830859899520874,0.0,0.0
47,game_cfm_anchored,1.0,0.0,1.0,0.3010616018880058,0.0,0.0,0.022905666002208277,1.2266693953129486,1.8308621908862448,0.0,0.0
47,nash_reference_hocbf,1.0,0.0,0.0,0.6413845048844402,0.0,0.05559176033930443,0.03874570047179313,1.2262133679226952,1.7255839927014045,0.8148820326678766,0.6004086874702169
47,game_cfm_hocbf,1.0,0.0,0.0,0.6413845048844402,0.0,0.05575611119147287,0.042034852724681104,1.2324876489556464,1.7538637811623208,0.691470054446461,0.6375614903450796
48,nash_reference,1.0,0.0,0.0,0.48644386641144083,0.0,0.0,0.023570168763399124,1.4118849039077759,2.388462543487549,0.0,0.0
48,teacher_expert,1.0,0.0,0.0,0.5465014958703038,0.0,0.04028546065092087,0.0,1.4342474937438965,2.4298815727233887,0.0,0.0
48,game_cfm_raw,1.0,0.0,0.0,0.5142295348141465,0.0077703348360955715,0.03795365244150162,0.02133535034954548,1.4352868795394897,2.3504638671875,0.0,0.0
48,game_cfm_anchored,1.0,0.0,0.0,0.49044814695313715,0.0,0.0,0.021845170969125006,1.4340663251985482,2.3504661971075205,0.0,0.0
48,nash_reference_hocbf,1.0,0.0,0.0,0.6604895691705378,0.0,0.04061475585842463,0.017791318219186864,1.4154795842227885,2.2980630258689767,0.3194192377495463,0.5034931200446057
48,game_cfm_hocbf,1.0,0.0,0.0,0.6604895691705378,0.0,0.04128197721059872,0.020828298267687385,1.4164049605777105,2.3405280783083673,0.2776769509981851,0.6245337907938774
49,nash_reference,1.0,0.0,1.0,0.30447686619029063,0.0,0.0,0.0215618759393692,1.3264636993408203,1.9087241888046265,0.0,0.0
49,teacher_expert,1.0,0.0,0.0,0.4124891811127869,0.0,0.02683359570801258,0.0,1.3303898572921753,1.9188177585601807,0.0,0.0
49,game_cfm_raw,1.0,0.0,0.0,0.38971633157165436,0.004214473068714142,0.0336606465280056,0.019065072759985924,1.3775811195373535,2.0126194953918457,0.0,0.0
49,game_cfm_anchored,1.0,0.0,0.0,0.3632844339905833,0.0,0.0,0.017794388038750986,1.3709965714355123,2.0126157533320805,0.0,0.0
49,nash_reference_hocbf,1.0,0.0,0.0,0.4520988514077519,0.0,0.1073391406600526,0.05277173757203794,1.3335147476573739,2.0172172842201794,0.7168784029038112,1.1273311593254458
49,game_cfm_hocbf,1.0,0.0,0.0,0.4520988514077519,0.0,0.10835215495148369,0.05427224588569422,1.3845148331884598,2.0410784143943355,0.6787658802177858,1.1004397282526452
50,nash_reference,1.0,0.0,1.0,0.30915807645860643,0.0,0.0,0.023370003327727318,1.4245275259017944,2.383753538131714,0.0,0.0
50,teacher_expert,1.0,0.0,0.0,0.42040518865209825,0.0,0.03512752801179886,0.0,1.4375872611999512,2.196441411972046,0.0,0.0
50,game_cfm_raw,1.0,0.0,1.0,0.3213510981350911,0.004229838028550148,0.018265966325998306,0.024734754115343094,1.5035234689712524,2.767582654953003,0.0,0.0
50,game_cfm_anchored,1.0,0.0,1.0,0.3191335785511439,0.0,0.0,0.02367472460311001,1.5020021050531676,2.767584759806122,0.0,0.0
50,nash_reference_hocbf,1.0,0.0,0.0,0.5487549904821871,0.0,0.06374016360047294,0.03993317752759172,1.4474769518490949,2.008727555465852,0.7568058076225045,0.8043438042478084
50,game_cfm_hocbf,1.0,0.0,0.0,0.5487549904821871,0.0,0.06393905273384864,0.04709374678484145,1.4512852996833934,2.102131623569067,0.720508166969147,0.8288556758351217
51,nash_reference,1.0,0.0,1.0,0.3025040190844158,0.0,0.0,0.018532179296016693,1.3136497735977173,2.0851752758026123,0.0,0.0
51,teacher_expert,1.0,0.0,0.0,0.4148066236924351,0.0,0.02232510782778263,0.0,1.3296319246292114,2.1082825660705566,0.0,0.0
51,game_cfm_raw,1.0,0.0,0.0,0.3911063484891164,0.0028961810749024153,0.0279212836176157,0.016463927924633026,1.3283956050872803,2.053697109222412,0.0,0.0
51,game_cfm_anchored,1.0,0.0,0.0,0.3788124342916601,0.0,0.0,0.01353974623882713,1.3255553525182875,2.0536979540136193,0.0,0.0
51,nash_reference_hocbf,1.0,0.0,0.0,0.5541198172000577,0.0,0.033373854935249796,0.03357770752564448,1.344111707601451,2.093210111654885,0.7604355716878403,0.5495694970488089
51,game_cfm_hocbf,1.0,0.0,0.0,0.5541198172000577,0.0,0.033342611712234405,0.03549668456553908,1.3511412895927593,2.0975161374975597,0.7459165154264973,0.502895323828537
52,nash_reference,1.0,0.0,1.0,0.2936189417755792,0.0,0.0,0.023578133434057236,1.1126207113265991,1.5353437662124634,0.0,0.0
52,teacher_expert,1.0,0.0,0.0,0.41562556838561604,0.0,0.035897016525268555,0.0,1.1281747817993164,1.5147534608840942,0.0,0.0
52,game_cfm_raw,1.0,0.0,1.0,0.3501529093498806,0.0032450396101921797,0.02094366028904915,0.024432029575109482,1.1158182621002197,1.9415863752365112,0.0,0.0
52,game_cfm_anchored,1.0,0.0,1.0,0.3582258475952047,0.0,0.0,0.02006098533020049,1.1208192904150667,1.9415770570578343,0.0,0.0
52,nash_reference_hocbf,1.0,0.0,0.0,0.6636267597851079,0.0,0.03549061625062164,0.03491137640496918,1.1550852878136404,1.4292494777575309,0.44464609800362975,0.7469788749215786
52,game_cfm_hocbf,1.0,0.0,0.0,0.6648301382709394,0.0,0.03496675890136956,0.03597999866448311,1.161174004135242,1.4386155724846117,0.38475499092558985,0.699636977549426
53,nash_reference,1.0,0.0,1.0,0.29995842742163,0.0,0.0,0.014078943990170956,1.2116199731826782,1.6752201318740845,0.0,0.0
53,teacher_expert,1.0,0.0,0.0,0.3862410874162664,0.0,0.02032376639544964,0.0,1.2017338275909424,1.670575737953186,0.0,0.0
53,game_cfm_raw,1.0,0.0,1.0,0.325377706838686,0.005786525085568428,0.016674716025590897,0.01341419667005539,1.208040475845337,1.8596910238265991,0.0,0.0
53,game_cfm_anchored,1.0,0.0,1.0,0.3224569417404014,0.0,0.0,0.01292851425761502,1.2067348558114765,1.8596918688271296,0.0,0.0
53,nash_reference_hocbf,1.0,0.0,0.0,0.5380240964814971,0.0,0.058411842621298476,0.04131261090289932,1.2342060235777752,1.694297133029523,0.838475499092559,0.7023094410890421
53,game_cfm_hocbf,1.0,0.0,0.0,0.5380240964814971,0.0,0.05848470253187486,0.04364305769687866,1.2300497932153212,1.7068231416112984,0.8021778584392014,0.6780925901656993
54,nash_reference,1.0,0.0,1.0,0.29681441101392375,0.0,0.0,0.01717233657836914,1.2172021865844727,1.6107980012893677,0.0,0.0
54,teacher_expert,1.0,0.0,0.0,0.3954183327587593,0.0,0.02314860001206398,0.0,1.2188795804977417,1.619394063949585,0.0,0.0
54,game_cfm_raw,1.0,0.0,0.0,0.3777233709299524,0.002850989578291774,0.026910241693258286,0.014238239265978336,1.2243554592132568,1.816953420639038,0.0,0.0
54,game_cfm_anchored,1.0,0.0,0.0,0.39393970382299043,0.0,0.0,0.012696920815075936,1.2274543913876856,1.8169532115989855,0.0,0.0
54,nash_reference_hocbf,1.0,0.0,0.0,0.5047562985568744,0.0,0.05285410054021146,0.03778244508643241,1.243334547440031,1.6433234043031124,0.8275862068965517,0.6338078932015475
54,game_cfm_hocbf,1.0,0.0,0.0,0.5047562985568744,0.0,0.052646086243132675,0.03806062495442144,1.2547605311294827,1.7657755973830005,0.8294010889292196,0.5557007852276267
55,nash_reference,1.0,0.0,1.0,0.2971417421160877,0.0,0.0,0.01742035709321499,1.3298308849334717,1.7358217239379883,0.0,0.0
55,teacher_expert,1.0,0.0,0.0,0.4068495877399408,0.0,0.020611992105841637,0.0,1.3307465314865112,1.739348292350769,0.0,0.0
55,game_cfm_raw,1.0,0.0,0.0,0.42471503050002624,0.0029517130460590124,0.02067067287862301,0.0131752360612154,1.3523457050323486,1.8891112804412842,0.0,0.0
55,game_cfm_anchored,1.0,0.0,0.0,0.40816956634558754,0.0,0.0,0.012174702819866143,1.351657339166053,1.8891098639835755,0.0,0.0
55,nash_reference_hocbf,1.0,0.0,0.0,0.5986415666180215,0.0,0.02034438472638472,0.03482814887317974,1.3559285027975396,1.75590030116763,0.426497277676951,0.8558394714859722
55,game_cfm_hocbf,1.0,0.0,0.0,0.5986415666180215,0.0,0.020052177397700665,0.03326619731706337,1.3691402423665464,1.9219311651350302,0.4355716878402904,0.6257113766664462
56,nash_reference,1.0,0.0,1.0,0.3032649918289777,0.0,0.0,0.015530143864452839,1.34355890750885,1.949373722076416,0.0,0.0
56,teacher_expert,1.0,0.0,0.0,0.4025221766003336,0.0,0.020973343402147293,0.0,1.3369154930114746,1.9136120080947876,0.0,0.0
56,game_cfm_raw,1.0,0.0,0.0,0.4023623606411009,0.0025150063447654247,0.018429411575198174,0.014153117313981056,1.3473740816116333,1.8883285522460938,0.0,0.0
56,game_cfm_anchored,1.0,0.0,0.0,0.4122738675189822,0.0,0.0,0.012428650696739684,1.349531790551398,1.8883316735071098,0.0,0.0
56,nash_reference_hocbf,1.0,0.0,0.0,0.6067450001481216,0.0,0.02529769606529287,0.03677346015152949,1.3564408394418912,1.886435738627271,0.7295825771324864,0.6702747764939536
56,game_cfm_hocbf,1.0,0.0,0.0,0.6067450001481216,0.0,0.025700219009334346,0.036348883972718064,1.3497402595568435,1.8538983234000102,0.7513611615245009,0.5675329252856041
57,nash_reference,1.0,0.0,1.0,0.30658823195115203,0.0,0.0,0.02534029260277748,1.3079665899276733,2.063913583755493,0.0,0.0
57,teacher_expert,1.0,0.0,0.0,0.4147194089222625,0.0,0.030163343995809555,0.0,1.299073576927185,1.852424144744873,0.0,0.0
57,game_cfm_raw,1.0,0.0,1.0,0.3297362467033599,0.0018790729809552431,0.028072964400053024,0.02608213759958744,1.3313989639282227,2.004868268966675,0.0,0.0
57,game_cfm_anchored,1.0,0.0,1.0,0.34521779267192715,0.0,0.0,0.023043500356387435,1.3344011288042477,2.0048674146218737,0.0,0.0
57,nash_reference_hocbf,1.0,0.0,0.0,0.4351077037975331,0.0,0.07664686408109186,0.048034193543151596,1.2892020750671371,1.7681503700149377,0.7223230490018149,1.0567201998108127
57,game_cfm_hocbf,1.0,0.0,0.0,0.4351077037975331,0.0,0.07816765437454132,0.04861281518414375,1.2978022417198496,1.7492851251892667,0.7132486388384754,0.9745493118823484
58,nash_reference,1.0,0.0,1.0,0.3048845840662796,0.0,0.0,0.014742176048457623,1.362064242362976,1.9541460275650024,0.0,0.0
58,teacher_expert,1.0,0.0,0.0,0.40476994445685693,0.0,0.01928955875337124,0.0,1.3672723770141602,1.8272212743759155,0.0,0.0
58,game_cfm_raw,1.0,0.0,0.0,0.3639045411215061,0.003186426591128111,0.04086364433169365,0.02434813790023327,1.3921566009521484,2.007246732711792,0.0,0.0
58,game_cfm_anchored,1.0,0.0,1.0,0.33120822891816337,0.0,0.0,0.016871987201676174,1.384997711821501,2.007243986164307,0.0,0.0
58,nash_reference_hocbf,1.0,0.0,0.0,0.5092654593919109,0.0,0.07467434332150794,0.04688031451112579,1.383159791351403,1.921300372339713,0.7422867513611615,0.9605027906018878
58,game_cfm_hocbf,1.0,0.0,0.0,0.5092654593919109,0.0,0.07593388891272293,0.04831492524682355,1.4106612773703615,1.9849147318355311,0.691470054446461,0.9902074225467846
59,nash_reference,1.0,0.0,1.0,0.311064831079142,0.0,0.0,0.015018253587186337,1.450573444366455,2.2739992141723633,0.0,0.0
59,teacher_expert,1.0,0.0,0.0,0.41577809638559454,0.0,0.020295940339565277,0.0,1.441335678100586,2.2790024280548096,0.0,0.0
59,game_cfm_raw,1.0,0.0,1.0,0.3560961105446926,0.003161593107506633,0.032487642019987106,0.03155190870165825,1.4575952291488647,2.384373426437378,0.0,0.0
59,game_cfm_anchored,1.0,0.0,1.0,0.35487336024567856,0.0,0.0,0.02467400372252681,1.4592218878746641,2.3843775328087298,0.0,0.0
59,nash_reference_hocbf,1.0,0.0,0.0,0.5556858773043926,0.0,0.042850272719446844,0.03170205699469264,1.4302484712820942,2.239356984658616,0.7168784029038112,0.6527935477325018
59,game_cfm_hocbf,1.0,0.0,0.0,0.5556858773043926,0.0,0.0421594517750542,0.034897937083355986,1.4174271205512559,2.177116938462585,0.6878402903811253,0.5869694383446312
60,nash_reference,1.0,0.0,1.0,0.2961488397228707,0.0,0.0,0.013024874031543732,1.2378087043762207,1.696984887123108,0.0,0.0
60,teacher_expert,1.0,0.0,0.0,0.39085869123339684,0.0,0.017856378108263016,0.0,1.2680219411849976,1.6873714923858643,0.0,0.0
60,game_cfm_raw,1.0,0.0,1.0,0.3207066859527895,0.0018596570007503033,0.03042321279644966,0.016298647969961166,1.278080940246582,1.8524999618530273,0.0,0.0
60,game_cfm_anchored,1.0,0.0,1.0,0.3139814959354799,0.0,0.0,0.012118331591375011,1.279947444194199,1.8524930178673094,0.0,0.0
60,nash_reference_hocbf,1.0,0.0,0.0,0.5912830404167707,0.0,0.04249892647343104,0.04158470013088589,1.226774757832877,1.6515483972870413,0.838475499092559,0.6983858616921159
60,game_cfm_hocbf,1.0,0.0,0.0,0.5912830404167707,0.0,0.043114364402387764,0.0420406111252366,1.2324204834740737,1.6635655647539391,0.8765880217785844,0.7071762692741977
61,nash_reference,1.0,0.0,1.0,0.3160954145381236,0.0,0.0,0.019047601148486137,1.5542967319488525,2.3916544914245605,0.0,0.0
61,teacher_expert,1.0,0.0,0.0,0.42671785421766667,0.0,0.024699263274669647,0.0,1.5409071445465088,2.3438148498535156,0.0,0.0
61,game_cfm_raw,1.0,0.0,0.0,0.39263812578481333,0.004511413164436817,0.025272633880376816,0.018687771633267403,1.5592198371887207,2.437251567840576,0.0,0.0
61,game_cfm_anchored,1.0,0.0,0.0,0.37660317623422157,0.0,0.0,0.016044961921239106,1.558267451971017,2.43724952491146,0.0,0.0
61,nash_reference_hocbf,1.0,0.0,0.0,0.6218772976505832,0.0,0.026723622598442062,0.02886135105261016,1.5417280124562744,2.3057042456270835,0.5952813067150635,0.6465042415190481
61,game_cfm_hocbf,1.0,0.0,0.0,0.6218772976505832,0.0,0.027228524242563838,0.032805902875418735,1.5444104117466813,2.3273410175216123,0.515426497277677,0.6435611974620443
62,nash_reference,1.0,0.0,1.0,0.3041393237739866,0.0,0.0,0.0140697555616498,1.3298228979110718,2.101529359817505,0.0,0.0
62,teacher_expert,1.0,0.0,0.0,0.3950500594083523,0.0,0.018692217767238617,0.0,1.327504277229309,2.0604889392852783,0.0,0.0
62,game_cfm_raw,1.0,0.0,0.0,0.3949134160414783,0.0037335515953600407,0.023486493155360222,0.02138201706111431,1.3503986597061157,2.2192494869232178,0.0,0.0
62,game_cfm_anchored,1.0,0.0,0.0,0.3739725076602996,0.0,0.0,0.015979838638854254,1.3488220838150877,2.2192468975232624,0.0,0.0
62,nash_reference_hocbf,1.0,0.0,0.0,0.5207861450841881,0.0,0.06942209447234679,0.04404942144441571,1.3486933353045676,1.871364097276361,0.8366606170598911,0.7639100120457046
62,game_cfm_hocbf,1.0,0.0,0.0,0.5207861450841881,0.0,0.0695046181751762,0.04526807253884304,1.3491564202668553,1.9145201931030404,0.7713248638838476,0.6841740525508224
63,nash_reference,1.0,0.0,1.0,0.3004908715759796,0.0,0.0,0.02050880156457424,1.2945246696472168,2.022812604904175,0.0,0.0
63,teacher_expert,1.0,0.0,0.0,0.3697477484815964,0.0,0.030509646981954575,0.0,1.3053333759307861,2.03470516204834,0.0,0.0
63,game_cfm_raw,1.0,0.0,1.0,0.3554160803916281,0.004362574312835932,0.03564148396253586,0.025943314656615257,1.2790647745132446,2.281804323196411,0.0,0.0
63,game_cfm_anchored,1.0,0.0,1.0,0.3363216221221144,0.0,0.0,0.021371632273526647,1.2756113157662694,2.2818042730238917,0.0,0.0
63,nash_reference_hocbf,1.0,0.0,0.0,0.4822845448558287,0.0,0.1274504276876148,0.05724341193419774,1.3091636860593274,1.8708012843936501,0.8294010889292196,1.0431673755587787
63,game_cfm_hocbf,1.0,0.0,0.0,0.4822845448558287,0.0,0.1282798425538476,0.059480093344545064,1.2849873830706633,2.0863312461646863,0.6860254083484574,1.152933644446879
64,nash_reference,1.0,0.0,1.0,0.3039152930906035,0.0,0.0,0.01691657118499279,1.3526371717453003,2.3399977684020996,0.0,0.0
64,teacher_expert,1.0,0.0,0.0,0.42459815126080774,0.0,0.017212551087141037,0.0,1.3605040311813354,2.363201141357422,0.0,0.0
64,game_cfm_raw,1.0,0.0,1.0,0.3597764498674036,0.009937599301338196,0.042498327791690826,0.02041027508676052,1.367329716682434,2.3956758975982666,0.0,0.0
64,game_cfm_anchored,1.0,0.0,1.0,0.3303201171787465,0.0,0.0,0.01588147994245331,1.3605657135964324,2.395681490005879,0.0,0.0
64,nash_reference_hocbf,1.0,0.0,0.0,0.5535786850233647,0.0,0.017133401285019032,0.027387105870921028,1.3589071206840464,2.225409215928784,0.32667876588021777,0.8621212369745854
64,game_cfm_hocbf,1.0,0.0,0.0,0.5535786850233647,0.0,0.016549257000669504,0.02775434141264674,1.3538531226537516,2.2042083929218252,0.3121597096188748,0.8224226852840119
65,nash_reference,1.0,0.0,1.0,0.30064367740748593,0.0,0.0,0.014180963858962059,1.2477446794509888,1.8806111812591553,0.0,0.0
65,teacher_expert,1.0,0.0,0.0,0.37576149082567695,0.0,0.02553887479007244,0.0,1.236547589302063,1.8423058986663818,0.0,0.0
65,game_cfm_raw,1.0,0.0,0.0,0.42449353515976296,0.0037602651864290237,0.02867065742611885,0.02908989228308201,1.2535817623138428,2.021759510040283,0.0,0.0
65,game_cfm_anchored,1.0,0.0,0.0,0.4053774123440667,0.0,0.0,0.019872257437917994,1.2524378912756085,2.021758618810117,0.0,0.0
65,nash_reference_hocbf,1.0,0.0,0.0,0.6291203974703351,0.0,0.027603524047016936,0.04218391498776367,1.274597240884004,1.7995588797073745,0.7495462794918331,0.7169208076963867
65,game_cfm_hocbf,1.0,0.0,0.0,0.6291203974703351,0.0,0.0276451125100516,0.04351314886297246,1.2562556394273148,1.8191369608707615,0.7223230490018149,0.5825104420123576
66,nash_reference,1.0,0.0,1.0,0.29557468777577617,0.0,0.0,0.014493240974843502,1.2185554504394531,1.7231988906860352,0.0,0.0
66,teacher_expert,1.0,0.0,0.0,0.3901754006617969,0.0,0.018590047955513,0.0,1.210029125213623,1.7270524501800537,0.0,0.0
66,game_cfm_raw,1.0,0.0,1.0,0.35956118806071274,0.005455410107970238,0.03238527476787567,0.02384210377931595,1.2566379308700562,1.8314579725265503,0.0,0.0
66,game_cfm_anchored,1.0,0.0,1.0,0.3321791942530833,0.0,0.0,0.01725341699374478,1.254092171321548,1.8314626006405705,0.0,0.0
66,nash_reference_hocbf,1.0,0.0,0.0,0.6039041744144688,0.0,0.024856160071703957,0.03351349414322338,1.2508848459776845,1.6812664552999699,0.8039927404718693,0.46632280461810977
66,game_cfm_hocbf,1.0,0.0,0.0,0.6039041744144688,0.0,0.02442907795139221,0.03407579569560714,1.26883666907318,1.648817414993729,0.7041742286751361,0.4742765699955465
67,nash_reference,1.0,0.0,1.0,0.29618054364500973,0.0,0.0,0.010625208728015423,1.1319172382354736,1.5212992429733276,0.0,0.0
67,teacher_expert,1.0,0.0,0.0,0.3826741504862907,0.0,0.010985380969941616,0.0,1.1358613967895508,1.527315616607666,0.0,0.0
67,game_cfm_raw,1.0,0.0,1.0,0.3515487560323531,0.0031441771425306797,0.03141970932483673,0.02613629214465618,1.1921807527542114,1.7393097877502441,0.0,0.0
67,game_cfm_anchored,1.0,0.0,0.0,0.37137639705429604,0.0,0.0,0.01878224955362117,1.189106767442663,1.7393093982689516,0.0,0.0
67,nash_reference_hocbf,1.0,0.0,0.0,0.38846454556987864,0.0,0.13349199684381502,0.0617093377279853,1.164638440295404,1.600551461876238,0.8892921960072595,1.04444872535209
67,game_cfm_hocbf,1.0,0.0,0.0,0.38846454556987864,0.0,0.13405466758001816,0.06245260475772802,1.1722312473458052,1.5139709333216829,0.867513611615245,0.9905486612875865
68,nash_reference,1.0,0.0,1.0,0.29613668132630167,0.0,0.0,0.014474121853709221,1.2849763631820679,1.6981202363967896,0.0,0.0
68,teacher_expert,1.0,0.0,0.0,0.39037121907614414,0.0,0.021486200392246246,0.0,1.3129968643188477,1.7199466228485107,0.0,0.0
68,game_cfm_raw,1.0,0.0,1.0,0.2953293504816048,0.0038146660663187504,0.021897245198488235,0.021507946774363518,1.3238672018051147,1.9032877683639526,0.0,0.0
68,game_cfm_anchored,1.0,0.0,1.0,0.3081217628810098,0.0,0.0,0.01589912391069277,1.3201386744789845,1.9032890217868916,0.0,0.0
68,nash_reference_hocbf,1.0,0.0,0.0,0.6436154429935733,0.0,0.043114698834009174,0.041807173818612015,1.2470165030766567,1.6280262961160847,0.7259528130671506,0.7368417399746009
68,game_cfm_hocbf,1.0,0.0,0.0,0.6441993749028502,0.0,0.04255098056145417,0.042841621326240524,1.2633953446529453,1.7564152127086952,0.7150635208711433,0.7620455241862758
69,nash_reference,1.0,0.0,1.0,0.30105456165933947,0.0,0.0,0.013846502639353275,1.287015438079834,1.9745573997497559,0.0,0.0
69,teacher_expert,1.0,0.0,0.0,0.401823430786781,0.0,0.014821898192167282,0.0,1.2801330089569092,1.9806811809539795,0.0,0.0
69,game_cfm_raw,1.0,0.0,0.0,0.39897036725729057,0.004180721007287502,0.014486024156212807,0.015206833370029926,1.3519659042358398,1.8779789209365845,0.0,0.0
69,game_cfm_anchored,1.0,0.0,0.0,0.39439524426119626,0.0,0.0,0.013695613041737643,1.3491642588575075,1.877974777718506,0.0,0.0
69,nash_reference_hocbf,1.0,0.0,0.0,0.44258109029639536,0.0,0.015961921627153125,0.041173112777089356,1.3143162387197138,2.085627301136361,0.7223230490018149,0.6474539031997759
69,game_cfm_hocbf,1.0,0.0,0.0,0.44258109029639536,0.0,0.018233789962085342,0.037971129750849264,1.3491498723313387,1.9731886282075883,0.5226860254083484,0.6860266867768909
70,nash_reference,1.0,0.0,1.0,0.3009120874362997,0.0,0.0,0.021806025877594948,1.391198754310608,2.011138677597046,0.0,0.0
70,teacher_expert,1.0,0.0,0.0,0.39555752593473104,0.0,0.03362590819597244,0.0,1.398667335510254,2.0216331481933594,0.0,0.0
70,game_cfm_raw,1.0,0.0,1.0,0.31976090431948384,0.002961043268442154,0.02213715948164463,0.02243408001959324,1.3888187408447266,2.135981321334839,0.0,0.0
70,game_cfm_anchored,1.0,0.0,1.0,0.3296505750397286,0.0,0.0,0.02015312372825079,1.3906699147645518,2.135982003987997,0.0,0.0
70,nash_reference_hocbf,1.0,0.0,0.0,0.523652837094129,0.0,0.044686260956349214,0.04918566447076237,1.4397022342880215,2.065061881440466,0.7676950998185118,0.7650372889845477
70,game_cfm_hocbf,1.0,0.0,0.0,0.523652837094129,0.0,0.0453586332831962,0.05384319881622079,1.4411370930788094,2.0260091609686017,0.7114337568058077,0.7780409058090195
71,nash_reference,1.0,0.0,1.0,0.2994195093643406,0.0,0.0,0.018904436379671097,1.4462989568710327,2.2044880390167236,0.0,0.0
71,teacher_expert,1.0,0.0,0.0,0.43292487962605375,0.0,0.019853245466947556,0.0,1.4817990064620972,2.237400531768799,0.0,0.0
71,game_cfm_raw,1.0,0.0,0.0,0.4182731092934973,0.0022611310705542564,0.015810944139957428,0.011172219179570675,1.4719940423965454,2.1088497638702393,0.0,0.0
71,game_cfm_anchored,1.0,0.0,0.0,0.4147905119976688,0.0,0.0,0.01250772567862697,1.472836320717891,2.1088524954913854,0.0,0.0
71,nash_reference_hocbf,1.0,0.0,0.0,0.6448939728567209,0.0,0.06578504599060073,0.046983301787313,1.3763924581489433,2.0371166855462826,0.7404718693284936,0.865787383453607
71,game_cfm_hocbf,1.0,0.0,0.0,0.6449329677964171,0.0,0.06574568270865455,0.047119996287246224,1.3858160578230707,2.048400635374046,0.7513611615245009,0.7310151096851175
72,nash_reference,1.0,0.0,1.0,0.2992914836413678,0.0,0.0,0.01963120698928833,1.255068063735962,1.670979380607605,0.0,0.0
72,teacher_expert,1.0,0.0,0.0,0.37720235046044026,0.0,0.03347893804311752,0.0,1.2419451475143433,1.6948261260986328,0.0,0.0
72,game_cfm_raw,1.0,0.0,1.0,0.35169006034618694,0.003152883378788829,0.028179995715618134,0.027806375175714493,1.3182086944580078,2.0405807495117188,0.0,0.0
72,game_cfm_anchored,1.0,0.0,1.0,0.33310430202077296,0.0,0.0,0.0240358713919318,1.315328686598019,2.040577575806128,0.0,0.0
72,nash_reference_hocbf,1.0,0.0,0.0,0.560959002760834,0.0,0.03361461340518512,0.03818188835181231,1.2740362062686517,1.6628762037104867,0.8185117967332124,0.6032329811372047
72,game_cfm_hocbf,1.0,0.0,0.0,0.560959002760834,0.0,0.03460007052097239,0.03954959604765273,1.2572782840286687,1.813931414885598,0.662431941923775,0.6649621759094405
73,nash_reference,1.0,0.0,1.0,0.3100692243759323,0.0,0.0,0.013763811439275742,1.4232529401779175,2.2851688861846924,0.0,0.0
73,teacher_expert,1.0,0.0,0.0,0.40267419001632565,0.0,0.01801486685872078,0.0,1.4228589534759521,2.2905337810516357,0.0,0.0
73,game_cfm_raw,1.0,0.0,0.0,0.36239621072801464,0.0034624619875103235,0.017097972333431244,0.018076136708259583,1.5700371265411377,2.346928596496582,0.0,0.0
73,game_cfm_anchored,1.0,0.0,0.0,0.36860281467248,0.0,0.0,0.01761601971603447,1.5682137653145245,2.3469278366679625,0.0,0.0
73,nash_reference_hocbf,1.0,0.0,0.0,0.5136712810850318,0.0,0.028674696596622928,0.04552805172142933,1.450065169867336,2.34415868136108,0.7894736842105263,0.8059516711786925
73,game_cfm_hocbf,1.0,0.0,0.0,0.5136712810850318,0.0,0.028767404405356137,0.044624331586746405,1.5701502296238208,2.444788500081289,0.7078039927404719,0.7905909812665028
74,nash_reference,1.0,0.0,1.0,0.3108901222312228,0.0,0.0,0.022265590727329254,1.5180110931396484,2.4681849479675293,0.0,0.0
74,teacher_expert,1.0,0.0,0.0,0.4547382136729783,0.0,0.022878572344779968,0.0,1.522584319114685,2.4746623039245605,0.0,0.0
74,game_cfm_raw,1.0,0.0,1.0,0.34778293343235334,0.0034629818983376026,0.032491233199834824,0.03146715089678764,1.5383350849151611,2.7156918048858643,0.0,0.0
74,game_cfm_anchored,1.0,0.0,1.0,0.33372086837265563,0.0,0.0,0.02536196718173848,1.5412241380861333,2.715689275226926,0.0,0.0
74,nash_reference_hocbf,1.0,0.0,0.0,0.6269257879154332,0.0,0.08467327289069793,0.04706193443110389,1.3974703026155872,2.1670798909616305,0.6969147005444646,0.9591477061604334
74,game_cfm_hocbf,1.0,0.0,0.0,0.6269257879154332,0.0,0.08650935978496146,0.054116729856008676,1.4007148517754096,2.2559756475895036,0.7041742286751361,0.9548060107962493
75,nash_reference,1.0,0.0,1.0,0.2993989951211447,0.0,0.0,0.013969315215945244,1.3232766389846802,1.7931044101715088,0.0,0.0
75,teacher_expert,1.0,0.0,0.0,0.3905324519002973,0.0,0.018624601885676384,0.0,1.3251383304595947,1.769287347793579,0.0,0.0
75,game_cfm_raw,1.0,0.0,0.0,0.36547547624090143,0.0027296494226902723,0.02601712942123413,0.017651518806815147,1.3282959461212158,1.8735971450805664,0.0,0.0
75,game_cfm_anchored,1.0,0.0,0.0,0.38492685973276725,0.0,0.0,0.013314764013385317,1.329659079860302,1.8735956536038094,0.0,0.0
75,nash_reference_hocbf,1.0,0.0,0.0,0.5252458944963451,0.0,0.030897300658698928,0.045935939976749926,1.3673781123888789,1.8438056333945803,0.79491833030853,0.7516492554946824
75,game_cfm_hocbf,1.0,0.0,0.0,0.5252458944963451,0.0,0.030388374460420323,0.0471573784695738,1.3998073717366453,1.890552990820657,0.764065335753176,0.7208192399592458
76,nash_reference,1.0,0.0,1.0,0.30273990800235634,0.0,0.0,0.02532152645289898,1.436221718788147,2.1162376403808594,0.0,0.0
76,teacher_expert,1.0,0.0,0.0,0.3846639507114479,0.0,0.036367617547512054,0.0,1.4594131708145142,2.066694736480713,0.0,0.0
76,game_cfm_raw,1.0,0.0,1.0,0.33594878600823874,0.0029640765860676765,0.02735065296292305,0.03243093937635422,1.4348623752593994,2.221377372741699,0.0,0.0
76,game_cfm_anchored,1.0,0.0,1.0,0.3372783737218971,0.0,0.0,0.026216797291155235,1.438866388716589,2.221378130035218,0.0,0.0
76,nash_reference_hocbf,1.0,0.0,0.0,0.47434891670361695,0.0,0.12994100346828116,0.07091380735160208,1.501278752110403,2.1035937795729973,0.8003629764065335,1.3080589571768564
76,game_cfm_hocbf,1.0,0.0,0.0,0.47434891670361695,0.0,0.13024094625353094,0.06723392916945067,1.5026554924533688,2.1709253078187225,0.8058076225045372,1.1687663163119002
77,nash_reference,1.0,0.0,1.0,0.3061174406427371,0.0,0.0,0.019639940932393074,1.3110222816467285,2.0441701412200928,0.0,0.0
77,teacher_expert,1.0,0.0,0.0,0.40941732553393784,0.0,0.027416517958045006,0.0,1.334544062614441,2.0759575366973877,0.0,0.0
77,game_cfm_raw,1.0,0.0,1.0,0.30013325642976185,0.0027588699012994766,0.02392173744738102,0.027062557637691498,1.4312747716903687,2.25581955909729,0.0,0.0
77,game_cfm_anchored,1.0,0.0,1.0,0.31438976280497233,0.0,0.0,0.022371245064588232,1.4382108247086562,2.255818828390513,0.0,0.0
77,nash_reference_hocbf,1.0,0.0,0.0,0.6304354230658742,0.0,0.04401108140570123,0.03049971652267383,1.3398553907415527,1.9463387627784685,0.6660617059891107,0.5819027188514769
77,game_cfm_hocbf,1.0,0.0,0.0,0.6304354230658742,0.0,0.04440885837166354,0.0306925417317722,1.3840759070214659,2.0086527411854322,0.7404718693284936,0.5250473370213871
78,nash_reference,1.0,0.0,1.0,0.30392868591180294,0.0,0.0,0.02153358794748783,1.3311619758605957,2.091675043106079,0.0,0.0
78,teacher_expert,1.0,0.0,0.0,0.4252612214390129,0.0,0.03153982013463974,0.0,1.3589047193527222,2.1271674633026123,0.0,0.0
78,game_cfm_raw,1.0,0.0,0.0,0.40857185782408034,0.004598190076649189,0.0175099465996027,0.017192691564559937,1.3617196083068848,2.2183680534362793,0.0,0.0
78,game_cfm_anchored,1.0,0.0,0.0,0.4115824036447462,0.0,0.0,0.017219847309121128,1.3630651868072194,2.218371016697592,0.0,0.0
78,nash_reference_hocbf,1.0,0.0,0.0,0.5869262904186695,0.0,0.03148254624967729,0.02708177855786812,1.4088254544497236,2.1218478846103794,0.2577132486388385,1.1165006772359445
78,game_cfm_hocbf,1.0,0.0,0.0,0.5869262904186695,0.0,0.03330935097234486,0.027405231342588602,1.410095221909418,2.2304371133875502,0.25045372050816694,0.8099556873748428
79,nash_reference,1.0,0.0,1.0,0.3166468304526921,0.0,0.0,0.019995275884866714,1.4908607006072998,2.41353702545166,0.0,0.0
79,teacher_expert,1.0,0.0,0.0,0.44907570902293226,0.0,0.021564196795225143,0.0,1.5281147956848145,2.45456600189209,0.0,0.0
79,game_cfm_raw,1.0,0.0,0.0,0.4002950601380333,0.004824732430279255,0.018376793712377548,0.022069398313760757,1.5575817823410034,2.6334280967712402,0.0,0.0
79,game_cfm_anchored,1.0,0.0,0.0,0.3987030559826872,0.0,0.0,0.01892608771964802,1.5589813672817767,2.633426172473462,0.0,0.0
79,nash_reference_hocbf,1.0,0.0,0.0,0.664337367729435,0.0,0.021586385553973544,0.024544572240868503,1.5526899097594355,2.3679623893599957,0.23411978221415608,1.1972493741859804
79,game_cfm_hocbf,1.0,0.0,0.0,0.6769307994910352,0.0,0.023486739350725927,0.02781210442731708,1.554205488006783,2.596648620536678,0.21415607985480944,1.0473293403779986
80,nash_reference,1.0,0.0,1.0,0.3075285979546173,0.0,0.0,0.01862780936062336,1.313192367553711,1.8925449848175049,0.0,0.0
80,teacher_expert,1.0,0.0,0.0,0.4100891839336458,0.0,0.023632457479834557,0.0,1.3117340803146362,1.8974623680114746,0.0,0.0
80,game_cfm_raw,1.0,0.0,0.0,0.4134649592508419,0.005683642812073231,0.01665586605668068,0.020149486139416695,1.3188328742980957,1.9914358854293823,0.0,0.0
80,game_cfm_anchored,1.0,0.0,0.0,0.4111835848012134,0.0,0.0,0.01905040488032021,1.320448082285782,1.991435398485225,0.0,0.0
80,nash_reference_hocbf,1.0,0.0,0.0,0.49388991936711457,0.0,0.05702727334715697,0.04261531569659045,1.2166244075653714,1.8804261218438902,0.6987295825771325,0.8884441694662067
80,game_cfm_hocbf,1.0,0.0,0.0,0.49388991936711457,0.0,0.057330005796280295,0.04375675954709257,1.2157917907229154,2.0028621916396925,0.6642468239564429,0.7362699614541686
81,nash_reference,1.0,0.0,1.0,0.3122403746862039,0.0,0.0,0.020724164322018623,1.527090072631836,2.3498382568359375,0.0,0.0
81,teacher_expert,1.0,0.0,0.0,0.4399292462112323,0.0,0.02572331205010414,0.0,1.546791672706604,2.366788864135742,0.0,0.0
81,game_cfm_raw,1.0,0.0,0.0,0.40668161142372183,0.004957172088325024,0.024611324071884155,0.016643960028886795,1.540591835975647,2.430482864379883,0.0,0.0
81,game_cfm_anchored,1.0,0.0,0.0,0.3896363308751427,0.0,0.0,0.0148094564477846,1.5387277234164276,2.4304862154371145,0.0,0.0
81,nash_reference_hocbf,1.0,0.0,0.0,0.4527710793740159,0.0,0.07622459293241693,0.03767871527874885,1.5261735514442416,2.2773399266757868,0.691470054446461,0.8179714635317299
81,game_cfm_hocbf,1.0,0.0,0.0,0.4527710793740159,0.0,0.07646262154439976,0.04324082506134868,1.5358735455770143,2.1422224894549498,0.6279491833030852,0.8049306060569831
82,nash_reference,1.0,0.0,1.0,0.2999806253309241,0.0,0.0,0.020722704008221626,1.1988357305526733,1.850509762763977,0.0,0.0
82,teacher_expert,1.0,0.0,0.0,0.4021172796616782,0.0,0.031999021768569946,0.0,1.2158640623092651,1.8193212747573853,0.0,0.0
82,game_cfm_raw,1.0,0.0,0.0,0.38180376906226865,0.002686415333300829,0.018131792545318604,0.021305344998836517,1.2181557416915894,1.9067342281341553,0.0,0.0
82,game_cfm_anchored,1.0,0.0,0.0,0.38214297379999096,0.0,0.0,0.018542180067452747,1.219859941295451,1.9067323718179456,0.0,0.0
82,nash_reference_hocbf,1.0,0.0,0.0,0.651589169894139,0.0,0.03209801941495771,0.03710230404364173,1.2383725104751109,1.6355314785779513,0.47549909255898365,0.8698451494461747
82,game_cfm_hocbf,1.0,0.0,0.0,0.6515759548159067,0.0,0.032101737526882335,0.03556140018784897,1.2441159124459764,1.591667266817704,0.47368421052631576,0.7348026647375889
83,nash_reference,1.0,0.0,1.0,0.3032763036302879,0.0,0.0,0.01877838745713234,1.2528650760650635,1.980941891670227,0.0,0.0
83,teacher_expert,1.0,0.0,0.0,0.40098163200373266,0.0,0.027253281325101852,0.0,1.266930103302002,1.9992163181304932,0.0,0.0
83,game_cfm_raw,1.0,0.0,0.0,0.3650857512336591,0.002550767734646797,0.01128909457474947,0.01772506907582283,1.2484732866287231,2.085678815841675,0.0,0.0
83,game_cfm_anchored,1.0,0.0,1.0,0.35847221544445995,0.0,0.0,0.016261744517639027,1.2478457558618674,2.08568145511179,0.0,0.0
83,nash_reference_hocbf,1.0,0.0,0.0,0.5249963291599881,0.0,0.07151917803785848,0.04263714610421555,1.2914024566794222,1.9881743250442385,0.8239564428312159,0.7337694568161767
83,game_cfm_hocbf,1.0,0.0,0.0,0.5249963291599881,0.0,0.07180291415649606,0.04169117944574613,1.2923346525338546,2.0150938402350613,0.8112522686025408,0.695574098052085
84,nash_reference,1.0,0.0,1.0,0.2972997347796981,0.0,0.0,0.016113361343741417,1.2546226978302002,1.6548160314559937,0.0,0.0
84,teacher_expert,1.0,0.0,0.0,0.38669558425849726,0.0,0.02364528924226761,0.0,1.2519819736480713,1.661068320274353,0.0,0.0
84,game_cfm_raw,1.0,0.0,1.0,0.2993676976411239,0.004527795594185591,0.025247760117053986,0.024266254156827927,1.299936056137085,2.365837574005127,0.0,0.0
84,game_cfm_anchored,1.0,0.0,1.0,0.3018638878057566,0.0,0.0,0.018988155793252522,1.3021807263417704,2.3658688354611166,0.0,0.0
84,nash_reference_hocbf,1.0,0.0,0.0,0.4620773438690778,0.0,0.06687913632267728,0.04578851610055347,1.2890255603469514,1.7162576066242472,0.8112522686025408,0.7791652724578514
84,game_cfm_hocbf,1.0,0.0,0.0,0.4620773438690778,0.0,0.06730593450805865,0.04427491206390461,1.2982213786750907,1.740035091071178,0.8076225045372051,0.8009478310013148
85,nash_reference,1.0,0.0,1.0,0.3081162047905081,0.0,0.0,0.0197066068649292,1.2658677101135254,1.9409059286117554,0.0,0.0
85,teacher_expert,1.0,0.0,0.0,0.4232122729482672,0.0,0.02812090516090393,0.0,1.2835911512374878,1.971717119216919,0.0,0.0
85,game_cfm_raw,1.0,0.0,1.0,0.34554099301732266,0.002852895762771368,0.027195923030376434,0.03008968196809292,1.3633668422698975,2.343461513519287,0.0,0.0
85,game_cfm_anchored,1.0,0.0,1.0,0.33023669183585636,0.0,0.0,0.02494306527437171,1.3620922981687236,2.3434630541402357,0.0,0.0
85,nash_reference_hocbf,1.0,0.0,0.0,0.610120725435131,0.0,0.031903154340834024,0.030465465373120226,1.2839881455300606,1.8986365519286341,0.7005444646098004,0.5795970051201444
85,game_cfm_hocbf,1.0,0.0,0.0,0.610120725435131,0.0,0.030897487641671065,0.038344931898784025,1.2818552472739513,2.0676452650817105,0.662431941923775,0.5470324713695542
86,nash_reference,1.0,0.0,1.0,0.30184501700124483,0.0,0.0,0.013934718444943428,1.3876034021377563,2.0954928398132324,0.0,0.0
86,teacher_expert,1.0,0.0,0.0,0.4178628882854616,0.0,0.010241873562335968,0.0,1.416319727897644,2.130676507949829,0.0,0.0
86,game_cfm_raw,1.0,0.0,0.0,0.373207426161613,0.0071982587687671185,0.031911857426166534,0.022556589916348457,1.4181381464004517,2.353375196456909,0.0,0.0
86,game_cfm_anchored,1.0,0.0,1.0,0.3596290326062298,0.0,0.0,0.014587565259296222,1.4241152471428857,2.353375882141307,0.0,0.0
86,nash_reference_hocbf,1.0,0.0,0.0,0.6084022902685997,0.0,0.044415400710889674,0.03430027848119657,1.379456937054514,1.9980492402219079,0.7168784029038112,0.6607904908337875
86,game_cfm_hocbf,1.0,0.0,0.0,0.6084022902685997,0.0,0.044724658023894144,0.036568165262763734,1.388159883225184,2.1273386525663436,0.6987295825771325,0.6195279587359845
87,nash_reference,1.0,0.0,1.0,0.30300085943690025,0.0,0.0,0.014058873057365417,1.3550715446472168,1.7789827585220337,0.0,0.0
87,teacher_expert,1.0,0.0,0.0,0.3968160273842645,0.0,0.02215132862329483,0.0,1.3372827768325806,1.7755824327468872,0.0,0.0
87,game_cfm_raw,1.0,0.0,1.0,0.357748984632539,0.0052757407538592815,0.03439369052648544,0.025846131145954132,1.39464271068573,2.166548013687134,0.0,0.0
87,game_cfm_anchored,1.0,0.0,1.0,0.34450185644401793,0.0,0.0,0.019309630462578792,1.3956933879662536,2.1665543167005272,0.0,0.0
87,nash_reference_hocbf,1.0,0.0,0.0,0.48799681243414517,0.0,0.04757950008604708,0.05537912702026445,1.2035036041282852,1.7538188659939113,0.7277676950998185,1.1182840928557318
87,game_cfm_hocbf,1.0,0.0,0.0,0.48799681243414517,0.0,0.047966780131959375,0.05632994902107295,1.2348021734496928,2.0173794806322425,0.676950998185118,1.0946282009078
88,nash_reference,1.0,0.0,1.0,0.2988136464808716,0.0,0.0,0.02492254413664341,1.3877192735671997,1.9834779500961304,0.0,0.0
88,teacher_expert,1.0,0.0,0.0,0.4299582198919345,0.0,0.037005648016929626,0.0,1.4193848371505737,2.0108628273010254,0.0,0.0
88,game_cfm_raw,1.0,0.0,0.0,0.3695558592927599,0.004574514925479889,0.033183228224515915,0.03838695213198662,1.3701039552688599,2.8719544410705566,0.0,0.0
88,game_cfm_anchored,1.0,0.0,0.0,0.39098143246808664,0.0,0.0,0.028239337266643443,1.3705133144873887,2.8719725612407823,0.0,0.0
88,nash_reference_hocbf,1.0,0.0,0.0,0.5363930039217816,0.0,0.1251651513653836,0.047959223492220274,1.337620882259025,1.9790286524583478,0.7713248638838476,0.899946764851202
88,game_cfm_hocbf,1.0,0.0,0.0,0.5363930039217816,0.0,0.12524519780715423,0.05087420308323942,1.3188003059690114,1.956331309647596,0.8076225045372051,0.8120713007665925
89,nash_reference,1.0,0.0,1.0,0.30260673443239317,0.0,0.0,0.020397532731294632,1.3333740234375,1.9688138961791992,0.0,0.0
89,teacher_expert,1.0,0.0,0.0,0.4467356935447131,0.0,0.022284477949142456,0.0,1.3619211912155151,1.9967221021652222,0.0,0.0
89,game_cfm_raw,1.0,0.0,0.0,0.41816209245094516,0.0043679834343492985,0.025354603305459023,0.02195516787469387,1.3534026145935059,1.9241878986358643,0.0,0.0
89,game_cfm_anchored,1.0,0.0,0.0,0.42145080247618955,0.0,0.0,0.015345490929086493,1.354951119782844,1.9241900942179853,0.0,0.0
89,nash_reference_hocbf,1.0,0.0,0.0,0.6477431410255919,0.0,0.026903047921428936,0.03107561519346695,1.3131603863546726,1.877169373387722,0.6025408348457351,0.6371161097164019
89,game_cfm_hocbf,1.0,0.0,0.0,0.647922637276328,0.0,0.027832750007876446,0.032012486975076644,1.2939508339426584,1.8254015500419531,0.6279491833030852,0.5064620306307975
90,nash_reference,1.0,0.0,1.0,0.29180966628603616,0.0,0.0,0.015282269567251205,1.1825212240219116,1.777937412261963,0.0,0.0
90,teacher_expert,1.0,0.0,0.0,0.40423280875527007,0.0,0.014458883553743362,0.0,1.2067174911499023,1.8001117706298828,0.0,0.0
90,game_cfm_raw,1.0,0.0,1.0,0.3134923434288901,0.004275978077203035,0.017402920871973038,0.01970222406089306,1.1756988763809204,1.9082306623458862,0.0,0.0
90,game_cfm_anchored,1.0,0.0,1.0,0.32274583623234393,0.0,0.0,0.015269677856199584,1.1734684586671633,1.9082296883448306,0.0,0.0
90,nash_reference_hocbf,1.0,0.0,0.0,0.6542054910961876,0.0,0.030905373435656486,0.037802139121058335,1.195424907921624,1.7613992830729315,0.7840290381125227,0.562871530276339
90,game_cfm_hocbf,1.0,0.0,0.0,0.654288975280077,0.0,0.032157608320520156,0.037920616425635996,1.19166565205925,1.816404823323148,0.7731397459165155,0.5407545199184011
91,nash_reference,1.0,0.0,1.0,0.29746470317209583,0.0,0.0,0.019321439787745476,1.1846368312835693,1.7894207239151,0.0,0.0
91,teacher_expert,1.0,0.0,0.0,0.407814853256323,0.0,0.026767579838633537,0.0,1.216119647026062,1.817489743232727,0.0,0.0
91,game_cfm_raw,1.0,0.0,1.0,0.3341338715330282,0.0033240271732211113,0.026051342487335205,0.022434484213590622,1.214858055114746,1.9171690940856934,0.0,0.0
91,game_cfm_anchored,1.0,0.0,1.0,0.3333831990702504,0.0,0.0,0.018177828338024057,1.2158751551621785,1.9171690535261414,0.0,0.0
91,nash_reference_hocbf,1.0,0.0,0.0,0.47591825584987446,0.0,0.05274797216443039,0.03929027113043881,1.187086373192895,1.701140773353337,0.8348457350272233,0.6837730003172332
91,game_cfm_hocbf,1.0,0.0,0.0,0.47591825584987446,0.0,0.05321008339135861,0.0413208186450631,1.1990285463303048,1.765096424103626,0.7731397459165155,0.6439044801082463
92,nash_reference,1.0,0.0,1.0,0.31541897269119495,0.0,0.0,0.01919066533446312,1.4191168546676636,2.308619499206543,0.0,0.0
92,teacher_expert,1.0,0.0,0.0,0.4584835313315766,0.0,0.014931892976164818,0.0,1.4545739889144897,2.3232040405273438,0.0,0.0
92,game_cfm_raw,1.0,0.0,0.0,0.4437750141037455,0.0027655670419335365,0.02413882687687874,0.017734989523887634,1.4591692686080933,2.359189033508301,0.0,0.0
92,game_cfm_anchored,1.0,0.0,0.0,0.4418970794035731,0.0,0.0,0.012084755261905208,1.4619178050703918,2.3591872780027083,0.0,0.0
92,nash_reference_hocbf,1.0,0.0,0.0,0.5879762097909274,0.0,0.035249398612960614,0.02729468391160853,1.4620936891497016,2.2685076353208955,0.6442831215970962,0.6218359622392754
92,game_cfm_hocbf,1.0,0.0,0.0,0.5879762097909274,0.0,0.035428284749594,0.029974878481791117,1.4708529384285476,2.3462015241846474,0.6406533575317604,0.4865793003860588
93,nash_reference,1.0,0.0,1.0,0.3064475642518231,0.0,0.0,0.01621394045650959,1.546262502670288,2.277756929397583,0.0,0.0
93,teacher_expert,1.0,0.0,0.0,0.39621963297226664,0.0,0.0242068562656641,0.0,1.5400381088256836,2.2850868701934814,0.0,0.0
93,game_cfm_raw,1.0,0.0,0.0,0.3851063009293048,0.003208660753443837,0.01494063250720501,0.014250288717448711,1.556156873703003,2.2066078186035156,0.0,0.0
93,game_cfm_anchored,1.0,0.0,0.0,0.3823585925500232,0.0,0.0,0.014127510287314897,1.5558956486289368,2.206608134194852,0.0,0.0
93,nash_reference_hocbf,1.0,0.0,0.0,0.49732131880892444,0.0,0.044924539608926825,0.041985478094899754,1.5652355199134669,2.3036068531409346,0.7840290381125227,0.7182488033132058
93,game_cfm_hocbf,1.0,0.0,0.0,0.49732131880892444,0.0,0.044773064935776125,0.04469129612606509,1.5674258058694837,2.196106121436749,0.7622504537205081,0.6183385886624246
94,nash_reference,1.0,0.0,1.0,0.3052966634949087,0.0,0.0,0.020794590935111046,1.3630586862564087,1.8730300664901733,0.0,0.0
94,teacher_expert,1.0,0.0,0.0,0.4329549738607854,0.0,0.026657752692699432,0.0,1.3865528106689453,1.858508825302124,0.0,0.0
94,game_cfm_raw,1.0,0.0,1.0,0.3359533484922749,0.007326346822082996,0.027518050745129585,0.02583666890859604,1.3654019832611084,3.126793146133423,0.0,0.0
94,game_cfm_anchored,1.0,0.0,1.0,0.3219981239941711,0.0,0.0,0.022280246351090167,1.36867720160676,3.126791164118571,0.0,0.0
94,nash_reference_hocbf,1.0,0.0,0.0,0.6312399608093688,0.0,0.03360140828414772,0.034442420664029326,1.3345846339547451,1.7936074775374369,0.5843920145190563,0.738577781900103
94,game_cfm_hocbf,1.0,0.0,0.0,0.6312399608093688,0.0,0.0343268941423724,0.037858577793676934,1.318343959205149,1.893663881185809,0.5680580762250453,0.7649496409410913
95,nash_reference,1.0,0.0,1.0,0.3094397938819211,0.0,0.0,0.01670011132955551,1.3827121257781982,2.0602924823760986,0.0,0.0
95,teacher_expert,1.0,0.0,0.0,0.4344235547120016,0.0,0.017379846423864365,0.0,1.4091784954071045,2.016869068145752,0.0,0.0
95,game_cfm_raw,1.0,0.0,0.0,0.3980822825826065,0.006460175849497318,0.024260839447379112,0.017295319586992264,1.4525222778320312,2.3302299976348877,0.0,0.0
95,game_cfm_anchored,1.0,0.0,0.0,0.38262572965928565,0.0,0.0,0.013742936065455052,1.4520292523140368,2.3302303725851083,0.0,0.0
95,nash_reference_hocbf,1.0,0.0,0.0,0.6244487669944943,0.0,0.017010629117673502,0.03181245800542602,1.3678995709141835,1.9093074113484247,0.5626134301270418,0.6956832668280081
95,game_cfm_hocbf,1.0,0.0,0.0,0.6244487669944943,0.0,0.016944657628843333,0.03613866757917524,1.417186296202872,1.8982519318544195,0.47549909255898365,0.7563318103621426
96,nash_reference,1.0,0.0,1.0,0.2973928169882704,0.0,0.0,0.019357452169060707,1.253889799118042,1.5922027826309204,0.0,0.0
96,teacher_expert,1.0,0.0,0.0,0.4188621611496552,0.0,0.02630678564310074,0.0,1.26568603515625,1.6166086196899414,0.0,0.0
96,game_cfm_raw,1.0,0.0,1.0,0.3338322479535031,0.005795381031930447,0.02694321796298027,0.023036157712340355,1.2662941217422485,1.8380939960479736,0.0,0.0
96,game_cfm_anchored,1.0,0.0,1.0,0.31575175986551157,0.0,0.0,0.01824561910895952,1.266828178308991,1.8380915520048566,0.0,0.0
96,nash_reference_hocbf,1.0,0.0,0.0,0.5811584391990569,0.0,0.040994115456022676,0.04915330212994014,1.1515071662748537,1.5964566194275132,0.7441016333938294,0.8519274657873301
96,game_cfm_hocbf,1.0,0.0,0.0,0.5811584391990569,0.0,0.04421901903779431,0.053773188301608085,1.1508446601522286,1.5975925535133046,0.7150635208711433,0.8458937061690042
97,nash_reference,1.0,0.0,1.0,0.2947794855894651,0.0,0.0,0.02264186181128025,1.196791648864746,1.8097208738327026,0.0,0.0
97,teacher_expert,1.0,0.0,0.0,0.39271323798782437,0.0,0.037637580186128616,0.0,1.2236151695251465,1.8426282405853271,0.0,0.0
97,game_cfm_raw,1.0,0.0,1.0,0.3379868354450836,0.0022782208397984505,0.02879980020225048,0.022293642163276672,1.199492335319519,2.029100179672241,0.0,0.0
97,game_cfm_anchored,1.0,0.0,1.0,0.3547985353248059,0.0,0.0,0.01930715519880357,1.1961890523388288,2.0290990265854374,0.0,0.0
97,nash_reference_hocbf,1.0,0.0,0.0,0.5743063091723255,0.0,0.05081090429559945,0.03814884887747799,1.2056558071600383,1.752035046090434,0.852994555353902,0.6042811944717938
97,game_cfm_hocbf,1.0,0.0,0.0,0.5743063091723255,0.0,0.05110776772789297,0.038853647834951245,1.2021218839559173,1.7685984306547435,0.8802177858439202,0.5464635477497208
98,nash_reference,1.0,0.0,1.0,0.29858479377547026,0.0,0.0,0.02319570817053318,1.2573573589324951,1.9816255569458008,0.0,0.0
98,teacher_expert,1.0,0.0,0.0,0.41355145004465105,0.0,0.03681398928165436,0.0,1.2820814847946167,2.0113203525543213,0.0,0.0
98,game_cfm_raw,1.0,0.0,0.0,0.40332297161244046,0.003311032894998789,0.027783846482634544,0.022657999768853188,1.2792459726333618,2.0991945266723633,0.0,0.0
98,game_cfm_anchored,1.0,0.0,0.0,0.38002006953801065,0.0,0.0,0.020793052561667833,1.284539188995502,2.0991968604514857,0.0,0.0
98,nash_reference_hocbf,1.0,0.0,0.0,0.5811236523572209,0.0,0.08053222756231232,0.04456292346068988,1.205650337572043,1.7456694863279856,0.7404718693284936,0.8174158570424893
98,game_cfm_hocbf,1.0,0.0,0.0,0.5811236523572209,0.0,0.08009762716430147,0.047800370661047684,1.2177667616490306,1.814438623090804,0.6987295825771325,0.756163173106874
99,nash_reference,1.0,0.0,1.0,0.300098746367998,0.0,0.0,0.015774207189679146,1.1733804941177368,1.6656266450881958,0.0,0.0
99,teacher_expert,1.0,0.0,0.0,0.388487993386012,0.0,0.02489493042230606,0.0,1.1636149883270264,1.62933349609375,0.0,0.0
99,game_cfm_raw,1.0,0.0,0.0,0.395242082237391,0.0050408076494932175,0.03352232649922371,0.022744785994291306,1.1874459981918335,1.6359466314315796,0.0,0.0
99,game_cfm_anchored,1.0,0.0,0.0,0.3729119168266642,0.0,0.0,0.014212085876375364,1.1861767506663132,1.635949922108089,0.0,0.0
99,nash_reference_hocbf,1.0,0.0,0.0,0.6156290664930774,0.0,0.027049478090671486,0.03810659834485439,1.1941740591803789,1.6011744812003812,0.8021778584392014,0.6293298832878513
99,game_cfm_hocbf,1.0,0.0,0.0,0.6156290664930774,0.0,0.026726334208456715,0.03987008037767036,1.1943435739555284,1.5679373954543487,0.7876588021778584,0.5363593921963603
100,nash_reference,1.0,0.0,1.0,0.30425924693370454,0.0,0.0,0.016735170036554337,1.3888121843338013,2.128183364868164,0.0,0.0
100,teacher_expert,1.0,0.0,0.0,0.4153773508688532,0.0,0.02034471184015274,0.0,1.3807873725891113,2.161761999130249,0.0,0.0
100,game_cfm_raw,1.0,0.0,0.0,0.4086619427475647,0.0024470589123666286,0.01997772976756096,0.019982606172561646,1.4460912942886353,2.31243896484375,0.0,0.0
100,game_cfm_anchored,1.0,0.0,0.0,0.3977505993302114,0.0,0.0,0.017338867926230322,1.4435243474099992,2.3124412939806276,0.0,0.0
100,nash_reference_hocbf,1.0,0.0,0.0,0.6530041333308133,0.0,0.020287041991219307,0.02771313595324091,1.4008254259160549,2.1485857313297205,0.21415607985480944,1.2495908279994346
100,game_cfm_hocbf,1.0,0.0,0.0,0.6588371357330387,0.0,0.021520700877549682,0.029807496191546375,1.4294620094030042,2.1734426152031103,0.15970961887477314,1.1716989683586652
101,nash_reference,1.0,0.0,1.0,0.3017339184300264,0.0,0.0,0.023780271410942078,1.3589177131652832,2.101097822189331,0.0,0.0
101,teacher_expert,1.0,0.0,0.0,0.4270078675821931,0.0,0.03401676565408707,0.0,1.3879444599151611,2.138129472732544,0.0,0.0
101,game_cfm_raw,1.0,0.0,1.0,0.3522741582392791,0.005097631365060806,0.019919274374842644,0.023632368072867393,1.3728293180465698,2.0901882648468018,0.0,0.0
101,game_cfm_anchored,1.0,0.0,1.0,0.34576867705119446,0.0,0.0,0.023632382030174055,1.3746431546149473,2.090190015158672,0.0,0.0
101,nash_reference_hocbf,1.0,0.0,0.0,0.6250317679529294,0.0,0.05560636481457987,0.03388403778596798,1.3535274479369768,2.00030732389014,0.7259528130671506,0.6433953247689993
101,game_cfm_hocbf,1.0,0.0,0.0,0.6250317679529294,0.0,0.05562172212514184,0.037471440551080724,1.3604158788026428,1.9356389118077155,0.647912885662432,0.656509422330181
102,nash_reference,1.0,0.0,1.0,0.303218778384976,0.0,0.0,0.014940408058464527,1.2393105030059814,1.9898229837417603,0.0,0.0
102,teacher_expert,1.0,0.0,0.0,0.40082623784039556,0.0,0.01771598309278488,0.0,1.2403115034103394,1.759225845336914,0.0,0.0
102,game_cfm_raw,1.0,0.0,0.0,0.40853789641144017,0.0036872439086437225,0.035978395491838455,0.02271994948387146,1.284860372543335,2.0560615062713623,0.0,0.0
102,game_cfm_anchored,1.0,0.0,0.0,0.3993286896430002,0.0,0.0,0.014141045763672276,1.2801791543882854,2.0560657194353373,0.0,0.0
102,nash_reference_hocbf,1.0,0.0,0.0,0.4935030838604129,0.0,0.08123720084932703,0.04921822854633679,1.2603485532749499,1.6932347570296191,0.8566243194192378,0.8715881876534012
102,game_cfm_hocbf,1.0,0.0,0.0,0.4935030838604129,0.0,0.08198702213490847,0.050233632904993775,1.2699987694094634,1.7164750800883521,0.8021778584392014,0.8474389634594585
103,nash_reference,1.0,0.0,1.0,0.30461877414175326,0.0,0.0,0.016158776357769966,1.3524997234344482,1.9458932876586914,0.0,0.0
103,teacher_expert,1.0,0.0,0.0,0.42204723431740365,0.0,0.013901641592383385,0.0,1.3808341026306152,1.9721319675445557,0.0,0.0
103,game_cfm_raw,1.0,0.0,0.0,0.3879471995788212,0.007217197213321924,0.021186556667089462,0.014900753274559975,1.4042489528656006,2.0628929138183594,0.0,0.0
103,game_cfm_anchored,1.0,0.0,0.0,0.3918803797900549,0.0,0.0,0.011077251651746127,1.4070455860219142,2.062890088969265,0.0,0.0
103,nash_reference_hocbf,1.0,0.0,0.0,0.6576428505136452,0.0,0.013643979227739288,0.028928712444886557,1.3685004987438931,1.903247317347537,0.308529945553539,1.0491755243488174
103,game_cfm_hocbf,1.0,0.0,0.0,0.6594233416217942,0.0,0.013522463778075273,0.030933159267413867,1.3891299033080027,1.8938312958649997,0.2958257713248639,0.8413929392763405
104,nash_reference,1.0,0.0,1.0,0.3105120608330127,0.0,0.0,0.023195311427116394,1.376139760017395,2.08380126953125,0.0,0.0
104,teacher_expert,1.0,0.0,0.0,0.4307972467991981,0.0,0.025636738166213036,0.0,1.3568941354751587,1.9467322826385498,0.0,0.0
104,game_cfm_raw,1.0,0.0,0.0,0.38648718782760977,0.0052839829586446285,0.02244282141327858,0.027874058112502098,1.3983417749404907,2.058650016784668,0.0,0.0
104,game_cfm_anchored,1.0,0.0,0.0,0.39002047317165406,0.0,0.0,0.023446628888896925,1.397284775373999,2.0586505754426736,0.0,0.0
104,nash_reference_hocbf,1.0,0.0,0.0,0.5178721610172135,0.0,0.040740549276707214,0.0469489756067501,1.3005302368914178,1.8862457661903045,0.7041742286751361,1.0285182898428353
104,game_cfm_hocbf,1.0,0.0,0.0,0.5178721610172135,0.0,0.03934863777801349,0.04819800243899018,1.3639326568654362,1.8201068480390685,0.6660617059891107,1.0042292876882535
105,nash_reference,1.0,0.0,1.0,0.308929250862942,0.0,0.0,0.013483385555446148,1.4402492046356201,2.2086334228515625,0.0,0.0
105,teacher_expert,1.0,0.0,0.0,0.40634279296750203,0.0,0.013324135914444923,0.0,1.4407109022140503,2.0272326469421387,0.0,0.0
105,game_cfm_raw,1.0,0.0,0.0,0.3759566503182369,0.001941752852872014,0.0215679332613945,0.0170736201107502,1.4411035776138306,2.2906837463378906,0.0,0.0
105,game_cfm_anchored,1.0,0.0,0.0,0.38062660259242165,0.0,0.0,0.013182825099082238,1.4443112033799594,2.2907172540711116,0.0,0.0
105,nash_reference_hocbf,1.0,0.0,0.0,0.5212849227258336,0.0,0.08704589150435774,0.051925538569320875,1.4824178529969136,2.1163978253649045,0.8148820326678766,0.9964200383498008
105,game_cfm_hocbf,1.0,0.0,0.0,0.5212849227258336,0.0,0.08716150243648443,0.054073653664107726,1.437326746092805,1.9901294178236442,0.7858439201451906,0.9347744150106662
106,nash_reference,1.0,0.0,1.0,0.3047204084494517,0.0,0.0,0.0182946864515543,1.339219570159912,2.1989731788635254,0.0,0.0
106,teacher_expert,1.0,0.0,0.0,0.4172942697584852,0.0,0.024738213047385216,0.0,1.354844570159912,2.239949941635132,0.0,0.0
106,game_cfm_raw,1.0,0.0,1.0,0.3399650388924066,0.002886940259486437,0.026273341849446297,0.02773052267730236,1.3479713201522827,2.313105344772339,0.0,0.0
106,game_cfm_anchored,1.0,0.0,1.0,0.3411621736832316,0.0,0.0,0.021823489338763765,1.3517839618189416,2.3131086258266977,0.0,0.0
106,nash_reference_hocbf,1.0,0.0,0.0,0.622838694417562,0.0,0.02475166660353613,0.02790521004625655,1.4023745312433697,2.228946695136159,0.2831215970961887,1.0186599177587394
106,game_cfm_hocbf,1.0,0.0,0.0,0.622838694417562,0.0,0.02466227192795354,0.02985760818970506,1.4009209704261507,2.254590738281138,0.24319419237749546,1.0140054807428818
107,nash_reference,1.0,0.0,1.0,0.3081602182356584,0.0,0.0,0.02815316431224346,1.6400150060653687,2.525125026702881,0.0,0.0
107,teacher_expert,1.0,0.0,0.0,0.45634694841055823,0.0,0.04437297582626343,0.0,1.6834673881530762,2.568183422088623,0.0,0.0
107,game_cfm_raw,1.0,0.0,0.0,0.3772713488683412,0.003386077471077442,0.027239680290222168,0.030894115567207336,1.6469582319259644,2.732532024383545,0.0,0.0
107,game_cfm_anchored,1.0,0.0,0.0,0.3708761758606971,0.0,0.0,0.027602254096614823,1.6485010441438641,2.7325346774726578,0.0,0.0
107,nash_reference_hocbf,1.0,0.0,0.0,0.6531093253152253,0.0,0.044543578119788055,0.03062960918654177,1.626681733460881,2.490845520596291,0.30490018148820325,1.2511174482119471
107,game_cfm_hocbf,1.0,0.0,0.0,0.6524509630038967,0.0,0.04579610652180849,0.03363016762094908,1.5999586057800983,2.6605243576358375,0.29038112522686027,1.1497592119901585
108,nash_reference,1.0,0.0,1.0,0.2971519183277963,0.0,0.0,0.02424975298345089,1.0980207920074463,1.5534230470657349,0.0,0.0
108,teacher_expert,1.0,0.0,0.0,0.3880259415999832,0.0,0.036512646824121475,0.0,1.122994303703308,1.5542712211608887,0.0,0.0
108,game_cfm_raw,1.0,0.0,0.0,0.36774559441437915,0.003915487322956324,0.018019426614046097,0.025431355461478233,1.148642659187317,1.672180414199829,0.0,0.0
108,game_cfm_anchored,1.0,0.0,0.0,0.3681846806085246,0.0,0.0,0.02495003111934067,1.1486517460755865,1.67217974115998,0.0,0.0
108,nash_reference_hocbf,1.0,0.0,0.0,0.5357605344416377,0.0,0.07166055479346577,0.04004790464738087,1.11976233768215,1.53273111601485,0.8656987295825771,0.6444217652660068
108,game_cfm_hocbf,1.0,0.0,0.0,0.5357605344416377,0.0,0.07176196092292678,0.0404073666240893,1.133437483494843,1.638173190071789,0.7368421052631579,0.6083814038512568
109,nash_reference,1.0,0.0,1.0,0.2976612812810305,0.0,0.0,0.015517747960984707,1.3741919994354248,1.868971586227417,0.0,0.0
109,teacher_expert,1.0,0.0,0.0,0.39412147517276663,0.0,0.01830323226749897,0.0,1.3808958530426025,1.879733920097351,0.0,0.0
109,game_cfm_raw,1.0,0.0,0.0,0.3700044958203949,0.004209272563457489,0.02388906478881836,0.011157352477312088,1.3697483539581299,2.002622365951538,0.0,0.0
109,game_cfm_anchored,1.0,0.0,0.0,0.36882533218587416,0.0,0.0,0.00883323882329743,1.3711687758626117,2.0026215108916436,0.0,0.0
109,nash_reference_hocbf,1.0,0.0,0.0,0.6562039066671562,0.0,0.01810354770388601,0.048781145193996275,1.389822226976767,1.672424555863194,0.3793103448275862,1.2546619133597856
109,game_cfm_hocbf,1.0,0.0,0.0,0.6561036807534288,0.0,0.017212811629964297,0.04769242507991518,1.3780930136549054,1.7009777297997375,0.3666061705989111,1.028325276558727
110,nash_reference,1.0,0.0,1.0,0.29537165865508824,0.0,0.0,0.020134998485445976,1.0844316482543945,1.5000537633895874,0.0,0.0
110,teacher_expert,1.0,0.0,0.0,0.3992372282368077,0.0,0.028892260044813156,0.0,1.0807629823684692,1.5052329301834106,0.0,0.0
110,game_cfm_raw,1.0,0.0,1.0,0.31750073614209423,0.0029517151415348053,0.0327879823744297,0.02930244617164135,1.070908546447754,1.6330409049987793,0.0,0.0
110,game_cfm_anchored,1.0,0.0,1.0,0.29737157772412476,0.0,0.0,0.02519623782525339,1.0681114691502942,1.6330433679215928,0.0,0.0
110,nash_reference_hocbf,1.0,0.0,0.0,0.5833771373770624,0.0,0.04312930541514358,0.03591140755743945,1.1138911818164323,1.5083452593720916,0.8312159709618875,0.5124320928793423
110,game_cfm_hocbf,1.0,0.0,0.0,0.5833771373770624,0.0,0.04470213271212452,0.03652855304302105,1.1051432623189952,1.5349613774679962,0.7840290381125227,0.5404517924064717
111,nash_reference,1.0,0.0,1.0,0.30050254660947745,0.0,0.0,0.01235498208552599,1.2451865673065186,1.8529947996139526,0.0,0.0
111,teacher_expert,1.0,0.0,0.0,0.3964139911364651,0.0,0.012941598892211914,0.0,1.2447597980499268,1.8186635971069336,0.0,0.0
111,game_cfm_raw,1.0,0.0,0.0,0.4000523211764635,0.005013247020542622,0.021822335198521614,0.010166727006435394,1.2511405944824219,1.8119380474090576,0.0,0.0
111,game_cfm_anchored,1.0,0.0,0.0,0.4036081426533203,0.0,0.0,0.006970587304617312,1.2495873046783066,1.8119392367154874,0.0,0.0
111,nash_reference_hocbf,1.0,0.0,0.0,0.6083390660146885,0.0,0.02630154256772703,0.03575579083635397,1.2688292932020764,1.6328844457139886,0.8076225045372051,0.5863058425566486
111,game_cfm_hocbf,1.0,0.0,0.0,0.6083390660146885,0.0,0.02612030451661411,0.03536422837637106,1.2623780513087994,1.6032477347664726,0.8112522686025408,0.49918768432647687
112,nash_reference,1.0,0.0,1.0,0.3026140615398602,0.0,0.0,0.02198292687535286,1.4104161262512207,2.03383207321167,0.0,0.0
112,teacher_expert,1.0,0.0,0.0,0.4447860074241165,0.0,0.023126140236854553,0.0,1.4410207271575928,2.0611910820007324,0.0,0.0
112,game_cfm_raw,1.0,0.0,0.0,0.42063994364858825,0.00769121665507555,0.042035095393657684,0.03241065889596939,1.4933977127075195,2.207456111907959,0.0,0.0
112,game_cfm_anchored,1.0,0.0,0.0,0.39191360777174294,0.0,0.0,0.02089654726342443,1.500780323858131,2.2074558463596117,0.0,0.0
112,nash_reference_hocbf,1.0,0.0,0.0,0.5903634728373719,0.0,0.07841242670938356,0.04005692946713227,1.3664109310320363,1.972042144531425,0.7186932849364791,0.7896436080932685
112,game_cfm_hocbf,1.0,0.0,0.0,0.5903634728373719,0.0,0.07914596472458975,0.04605455789082713,1.4087902835766306,2.066203944714671,0.6333938294010889,0.7728848944146816
113,nash_reference,1.0,0.0,1.0,0.30497413114573935,0.0,0.0,0.021104615181684494,1.3582197427749634,1.9768575429916382,0.0,0.0
113,teacher_expert,1.0,0.0,0.0,0.4301831582199197,0.0,0.02937275543808937,0.0,1.3901833295822144,1.9779067039489746,0.0,0.0
113,game_cfm_raw,1.0,0.0,0.0,0.39223452556728877,0.0030921546276658773,0.019856557250022888,0.014843154698610306,1.390824794769287,2.090912103652954,0.0,0.0
113,game_cfm_anchored,1.0,0.0,0.0,0.3939336321866477,0.0,0.0,0.015059243393962972,1.3867275173749078,2.090911093552633,0.0,0.0
113,nash_reference_hocbf,1.0,0.0,0.0,0.6276691055212885,0.0,0.042631863882230905,0.03482687076401765,1.3219489647352316,1.9297829533640538,0.6805807622504537,0.6842302818434742
113,game_cfm_hocbf,1.0,0.0,0.0,0.6276691055212885,0.0,0.042413775162165206,0.03696556387443837,1.3307210649861245,1.9502784478219268,0.617059891107078,0.6218946526266347
114,nash_reference,1.0,0.0,1.0,0.301174273950867,0.0,0.0,0.012033117935061455,1.2959675788879395,1.9616777896881104,0.0,0.0
114,teacher_expert,1.0,0.0,0.0,0.3930008293501878,0.0,0.011572550982236862,0.0,1.2935376167297363,1.903505802154541,0.0,0.0
114,game_cfm_raw,1.0,0.0,0.0,0.4070445654232137,0.002676528412848711,0.017626093700528145,0.016534173861145973,1.3069764375686646,2.029264211654663,0.0,0.0
114,game_cfm_anchored,1.0,0.0,0.0,0.40519458950400833,0.0,0.0,0.013415463872255303,1.3036046222539608,2.0292647278278158,0.0,0.0
114,nash_reference_hocbf,1.0,0.0,0.0,0.4895197050798736,0.0,0.08988403098509548,0.050053360839189105,1.313791407886296,1.8265943609587745,0.838475499092559,0.8723421173834285
114,game_cfm_hocbf,1.0,0.0,0.0,0.4895197050798736,0.0,0.09016360376084655,0.05080319969839855,1.315876188203543,1.8877649273341,0.8275862068965517,0.740600020263299
115,nash_reference,1.0,0.0,1.0,0.30306706566138364,0.0,0.0,0.020914699882268906,1.39820396900177,2.0668864250183105,0.0,0.0
115,teacher_expert,1.0,0.0,0.0,0.39438016040045115,0.0,0.034178223460912704,0.0,1.386740803718567,2.0611813068389893,0.0,0.0
115,game_cfm_raw,1.0,0.0,0.0,0.4126603065051492,0.00434026587754488,0.02627779170870781,0.022147836163640022,1.435327410697937,2.263490915298462,0.0,0.0
115,game_cfm_anchored,1.0,0.0,0.0,0.41595124264350536,0.0,0.0,0.02022214423765639,1.4326914577940875,2.263490669289134,0.0,0.0
115,nash_reference_hocbf,1.0,0.0,0.0,0.6504872184821175,0.0,0.034375279798771315,0.036672201885765573,1.405932300709612,1.9824397066544723,0.455535390199637,0.8906830152025879
115,game_cfm_hocbf,1.0,0.0,0.0,0.6496816836176484,0.0,0.03587066997512691,0.036844868915252404,1.4284575969349327,1.9980480674184238,0.4627949183303085,0.6790888445400309
116,nash_reference,1.0,0.0,1.0,0.3078907799964669,0.0,0.0,0.01331065222620964,1.5046594142913818,2.255669116973877,0.0,0.0
116,teacher_expert,1.0,0.0,0.0,0.40720303532260615,0.0,0.013519853353500366,0.0,1.5052984952926636,2.265453577041626,0.0,0.0
116,game_cfm_raw,1.0,0.0,0.0,0.3897780482552985,0.0022677688393741846,0.012665238231420517,0.014001253060996532,1.5089753866195679,2.31724214553833,0.0,0.0
116,game_cfm_anchored,1.0,0.0,0.0,0.39210313468586455,0.0,0.0,0.01134466900947691,1.5110933255009038,2.31723894809313,0.0,0.0
116,nash_reference_hocbf,1.0,0.0,0.0,0.5596554598909022,0.0,0.01602553764125185,0.03819381008391848,1.5319268861886675,2.273238848790594,0.6842105263157895,0.6750587333615262
116,game_cfm_hocbf,1.0,0.0,0.0,0.5596554598909022,0.0,0.014645139337488948,0.03814996864550887,1.5494173536633367,2.4053807287330855,0.6460980036297641,0.6455994129121
117,nash_reference,1.0,0.0,1.0,0.2978295997934109,0.0,0.0,0.018149711191654205,1.1862596273422241,1.812682032585144,0.0,0.0
117,teacher_expert,1.0,0.0,0.0,0.3968868464919939,0.0,0.02660464495420456,0.0,1.1932110786437988,1.7862221002578735,0.0,0.0
117,game_cfm_raw,1.0,0.0,0.0,0.3783655712726872,0.0039039584808051586,0.033088672906160355,0.026879115030169487,1.1943837404251099,1.8047524690628052,0.0,0.0
117,game_cfm_anchored,1.0,0.0,0.0,0.3677603128278556,0.0,0.0,0.01983283331212885,1.1970322224611327,1.8047571414794754,0.0,0.0
117,nash_reference_hocbf,1.0,0.0,0.0,0.6005303593659981,0.0,0.036163902676705315,0.0396245865677355,1.2254853857630812,1.4885544073442518,0.8058076225045372,0.6422437447622582
117,game_cfm_hocbf,1.0,0.0,0.0,0.6005303593659981,0.0,0.036227500097652465,0.03991137252214074,1.2387973176108946,1.610361190654653,0.7967332123411979,0.5745801291864523
118,nash_reference,1.0,0.0,1.0,0.30712166897580934,0.0,0.0,0.02166329324245453,1.3179856538772583,2.0571401119232178,0.0,0.0
118,teacher_expert,1.0,0.0,0.0,0.4358451155621617,0.0,0.029077867045998573,0.0,1.3284317255020142,2.068669557571411,0.0,0.0
118,game_cfm_raw,1.0,0.0,0.0,0.4150206360816264,0.003914654720574617,0.029408734291791916,0.015972750261425972,1.3067498207092285,2.2298574447631836,0.0,0.0
118,game_cfm_anchored,1.0,0.0,0.0,0.4288001535498868,0.0,0.0,0.013317695079071417,1.3072465487364855,2.229859762090811,0.0,0.0
118,nash_reference_hocbf,1.0,0.0,0.0,0.48995357140362206,0.0,0.08642301760479204,0.04882414104843112,1.328027367446724,2.1391797516087214,0.7386569872958257,1.0124636756518473
118,game_cfm_hocbf,1.0,0.0,0.0,0.48995357140362206,0.0,0.08838372125305721,0.04962744638878577,1.3231546744678575,2.2328899409727336,0.7658802177858439,0.8999679951296883
119,nash_reference,1.0,0.0,1.0,0.30433665825997935,0.0,0.0,0.01581779308617115,1.3674758672714233,2.243929147720337,0.0,0.0
119,teacher_expert,1.0,0.0,0.0,0.40027572151083884,0.0,0.023679928854107857,0.0,1.3645124435424805,2.260902166366577,0.0,0.0
119,game_cfm_raw,1.0,0.0,1.0,0.331471557577656,0.003561402438208461,0.0243527851998806,0.022221418097615242,1.463093876838684,2.3552184104919434,0.0,0.0
119,game_cfm_anchored,1.0,0.0,1.0,0.34494026575680514,0.0,0.0,0.019281087799451434,1.4661856122873484,2.355222568135736,0.0,0.0
119,nash_reference_hocbf,1.0,0.0,0.0,0.6407660914338578,0.0,0.02139876379535475,0.03183878011109647,1.3825111678628625,2.1699832575076425,0.7041742286751361,0.555526270940926
119,game_cfm_hocbf,1.0,0.0,0.0,0.6438632004901292,0.0,0.02335063555198193,0.032208392099123,1.4450366139524982,2.2315491656984694,0.6370235934664247,0.6193340495174011
120,nash_reference,1.0,0.0,1.0,0.2966774788387926,0.0,0.0,0.014199688099324703,1.2994316816329956,1.8232157230377197,0.0,0.0
120,teacher_expert,1.0,0.0,0.0,0.37885167048615215,0.0,0.02216482162475586,0.0,1.2870779037475586,1.791717529296875,0.0,0.0
120,game_cfm_raw,1.0,0.0,1.0,0.31416088536984293,0.0022070102859288454,0.024996580556035042,0.02083318494260311,1.2955535650253296,2.178252696990967,0.0,0.0
120,game_cfm_anchored,1.0,0.0,1.0,0.3156413082503261,0.0,0.0,0.018393525392498816,1.2967204053077181,2.1782537316036765,0.0,0.0
120,nash_reference_hocbf,1.0,0.0,0.0,0.6437557023172378,0.0,0.021646882239929624,0.04603521366365685,1.3268521889186957,1.630555571379249,0.49727767695099817,0.9689749150599888
120,game_cfm_hocbf,1.0,0.0,0.0,0.6434830522995953,0.0,0.019789342329488646,0.04149742889771209,1.3148730177219348,1.9671508565002276,0.515426497277677,0.8581862077238724
121,nash_reference,1.0,0.0,1.0,0.30590826069069255,0.0,0.0,0.01622748002409935,1.3866742849349976,2.005591869354248,0.0,0.0
121,teacher_expert,1.0,0.0,0.0,0.41578100722797484,0.0,0.0206809900701046,0.0,1.3793069124221802,1.9997987747192383,0.0,0.0
121,game_cfm_raw,1.0,0.0,0.0,0.3912810090528205,0.0036278418265283108,0.04416812211275101,0.023009033873677254,1.4028102159500122,2.077294111251831,0.0,0.0
121,game_cfm_anchored,1.0,0.0,0.0,0.36081379520420725,0.0,0.0,0.01614175449476193,1.3979298652897982,2.077294109166978,0.0,0.0
121,nash_reference_hocbf,1.0,0.0,0.0,0.6512398134975336,0.0,0.020614974426001957,0.02766432827933086,1.3701366956334213,1.9305687661289666,0.27586206896551724,1.0675593420324219
121,game_cfm_hocbf,1.0,0.0,0.0,0.6512860410271455,0.0,0.020176547079236933,0.028120988932599754,1.3723789799071207,1.9515760749022957,0.32123411978221417,0.8487187088043333
122,nash_reference,1.0,0.0,1.0,0.300962133242813,0.0,0.0,0.012217831797897816,1.2166184186935425,1.8434298038482666,0.0,0.0
122,teacher_expert,1.0,0.0,0.0,0.3760948996620972,0.0,0.023292668163776398,0.0,1.2103755474090576,1.849724531173706,0.0,0.0
122,game_cfm_raw,1.0,0.0,0.0,0.39545837341195045,0.00565621443092823,0.01896912418305874,0.01770537719130516,1.233810544013977,1.873356580734253,0.0,0.0
122,game_cfm_anchored,1.0,0.0,0.0,0.3885650098292386,0.0,0.0,0.015013414184052873,1.2344944332290513,1.8733516479413073,0.0,0.0
122,nash_reference_hocbf,1.0,0.0,0.0,0.44254408646115145,0.0,0.09842857974364283,0.06340142518694174,1.2589381906481887,1.916502554760676,0.8402903811252269,1.1358019315902619
122,game_cfm_hocbf,1.0,0.0,0.0,0.44254408646115145,0.0,0.09822007102472999,0.06320401801484786,1.260065533190575,1.8705595359378133,0.8402903811252269,1.0506882403298257
123,nash_reference,1.0,0.0,1.0,0.30426406843317516,0.0,0.0,0.021210841834545135,1.3373267650604248,1.960664987564087,0.0,0.0
123,teacher_expert,1.0,0.0,0.0,0.4127493472651034,0.0,0.0330173522233963,0.0,1.3412293195724487,1.9284342527389526,0.0,0.0
123,game_cfm_raw,1.0,0.0,1.0,0.35342308294682795,0.009908724576234818,0.03608677536249161,0.023336466401815414,1.3558659553527832,2.523322105407715,0.0,0.0
123,game_cfm_anchored,1.0,0.0,1.0,0.33883744420714074,0.0,0.0,0.019949144677853105,1.3555912352722246,2.523322137636863,0.0,0.0
123,nash_reference_hocbf,1.0,0.0,0.0,0.6023291023476409,0.0,0.035386386620639934,0.03810174249184981,1.3650321928515134,1.8797457521506555,0.8130671506352087,0.6502904034113015
123,game_cfm_hocbf,1.0,0.0,0.0,0.6023291023476409,0.0,0.034275811974909774,0.0383384312318548,1.376317731545798,1.8360631150458977,0.7223230490018149,0.6797623128834522
124,nash_reference,1.0,0.0,1.0,0.33310141456248626,0.0,0.0,0.013544620014727116,1.351656436920166,2.3143253326416016,0.0,0.0
124,teacher_expert,1.0,0.0,0.0,0.4045483127587613,0.0,0.02083396166563034,0.0,1.3422625064849854,2.318683385848999,0.0,0.0
124,game_cfm_raw,1.0,0.0,1.0,0.35728259472777985,0.0046627880074083805,0.020837005227804184,0.021568121388554573,1.3747036457061768,2.396728277206421,0.0,0.0
124,game_cfm_anchored,1.0,0.0,1.0,0.35670991931093254,0.0,0.0,0.01702379869326865,1.375816598698958,2.3967284333168686,0.0,0.0
124,nash_reference_hocbf,1.0,0.0,0.0,0.644857252150243,0.0,0.02157143395626964,0.030502533550949975,1.3546968251339666,2.2342879163696647,0.6805807622504537,0.49793469017905023
124,game_cfm_hocbf,1.0,0.0,0.0,0.6446456130483055,0.0,0.0223388755263159,0.029605841055417022,1.369793973583039,2.271787363378633,0.705989110707804,0.45993143516191176
125,nash_reference,1.0,0.0,1.0,0.29691662254138373,0.0,0.0,0.023572536185383797,1.240686297416687,1.86762273311615,0.0,0.0
125,teacher_expert,1.0,0.0,0.0,0.4240301590874093,0.0,0.034252066165208817,0.0,1.2371418476104736,1.874983310699463,0.0,0.0
125,game_cfm_raw,1.0,0.0,1.0,0.34611634138825587,0.002323348540812731,0.03040829859673977,0.02705535478889942,1.2542452812194824,1.88315749168396,0.0,0.0
125,game_cfm_anchored,1.0,0.0,1.0,0.33523377480474575,0.0,0.0,0.022986690167291192,1.2544719615723932,1.8831548976364292,0.0,0.0
125,nash_reference_hocbf,1.0,0.0,0.0,0.6280222555311947,0.0,0.0339778648485482,0.03159583092254513,1.2577468113535617,1.8350494698348931,0.37749546279491836,0.829371877739751
125,game_cfm_hocbf,1.0,0.0,0.0,0.6280222555311947,0.0,0.03408152136739715,0.03106332089323665,1.2590585877250535,1.8385298306610334,0.3793103448275862,0.719072764717224
126,nash_reference,1.0,0.0,1.0,0.2920158109570511,0.0,0.0,0.01972649246454239,1.188003659248352,1.6104294061660767,0.0,0.0
126,teacher_expert,1.0,0.0,0.0,0.3902429330182847,0.0,0.030468769371509552,0.0,1.2108346223831177,1.632415771484375,0.0,0.0
126,game_cfm_raw,1.0,0.0,0.0,0.39762251301318235,0.00315163005143404,0.03286658972501755,0.02460823953151703,1.2142744064331055,1.7568552494049072,0.0,0.0
126,game_cfm_anchored,1.0,0.0,0.0,0.40230164456019046,0.0,0.0,0.018566097480393895,1.2156847591988937,1.756851235745659,0.0,0.0
126,nash_reference_hocbf,1.0,0.0,0.0,0.6477913134030341,0.0,0.030660552926028914,0.03776658281796753,1.22400025133398,1.6437469234099076,0.47731397459165154,0.8591565542000597
126,game_cfm_hocbf,1.0,0.0,0.0,0.6475356707301774,0.0,0.02968253063114923,0.03899624796849231,1.226589691662074,1.6572925343933538,0.484573502722323,0.7049488492227729
127,nash_reference,1.0,0.0,1.0,0.3115751357979301,0.0,0.0,0.023205382749438286,1.3914810419082642,2.2504022121429443,0.0,0.0
127,teacher_expert,1.0,0.0,0.0,0.4438754792889282,0.0,0.032417405396699905,0.0,1.4281976222991943,2.2924795150756836,0.0,0.0
127,game_cfm_raw,1.0,0.0,0.0,0.3775016704842462,0.0055478778667747974,0.02999086305499077,0.021118246018886566,1.4273756742477417,2.3500800132751465,0.0,0.0
127,game_cfm_anchored,1.0,0.0,0.0,0.36270549055587076,0.0,0.0,0.018653031944962494,1.43005695388748,2.3500810951798865,0.0,0.0
127,nash_reference_hocbf,1.0,0.0,0.0,0.6163376743274083,0.0,0.041742839635058385,0.030065582745979275,1.3869854884821715,2.107439145155174,0.5970961887477314,0.6381822017786712
127,game_cfm_hocbf,1.0,0.0,0.0,0.6163376743274083,0.0,0.0425546328116994,0.03739624256099209,1.3884359517075957,2.151813469964704,0.5045372050816697,0.6388748816778026
128,nash_reference,1.0,0.0,1.0,0.29721040461311204,0.0,0.0,0.01694118045270443,1.1733226776123047,1.6734914779663086,0.0,0.0
128,teacher_expert,1.0,0.0,0.0,0.408099893681365,0.0,0.020085152238607407,0.0,1.1809468269348145,1.6840614080429077,0.0,0.0
128,game_cfm_raw,1.0,0.0,0.0,0.37398651753477724,0.003403072478249669,0.01722409948706627,0.018600238487124443,1.182572603225708,1.7707538604736328,0.0,0.0
128,game_cfm_anchored,1.0,0.0,0.0,0.3726315000304519,0.0,0.0,0.01483497995297035,1.1834892566989452,1.7707501229540044,0.0,0.0
128,nash_reference_hocbf,1.0,0.0,0.0,0.5900000724184236,0.0,0.03726771442201466,0.036526334433407415,1.2082040809908863,1.6745141328835105,0.7840290381125227,0.5905564515491132
128,game_cfm_hocbf,1.0,0.0,0.0,0.5900000724184236,0.0,0.03870627657671117,0.035908107109901284,1.2166708570339035,1.7198223712523724,0.7422867513611615,0.5378515853186988
129,nash_reference,1.0,0.0,1.0,0.30179034634203483,0.0,0.0,0.02184263803064823,1.3356859683990479,1.9555639028549194,0.0,0.0
129,teacher_expert,1.0,0.0,0.0,0.38917504188947744,0.0,0.03774115443229675,0.0,1.3222323656082153,1.9173412322998047,0.0,0.0
129,game_cfm_raw,1.0,0.0,0.0,0.3963997038327335,0.003842605510726571,0.025047022849321365,0.030593032017350197,1.3483935594558716,1.9135581254959106,0.0,0.0
129,game_cfm_anchored,1.0,0.0,0.0,0.38749138826102886,0.0,0.0,0.023534219834050307,1.3480683805100389,1.9135551813668528,0.0,0.0
129,nash_reference_hocbf,1.0,0.0,0.0,0.6452415406203846,0.0,0.03796438050161918,0.032855132159333014,1.3398054860187072,1.7821371759140285,0.37568058076225047,0.8937193330388735
129,game_cfm_hocbf,1.0,0.0,0.0,0.6446404386084293,0.0,0.037370176550104064,0.031333421969329124,1.3529466718260041,1.8333157286079926,0.4010889292196007,0.7507445709681293
130,nash_reference,1.0,0.0,1.0,0.30920796324173067,0.0,0.0,0.021798891946673393,1.4379643201828003,2.2001075744628906,0.0,0.0
130,teacher_expert,1.0,0.0,0.0,0.38955060856110646,0.0,0.04183575510978699,0.0,1.4779658317565918,2.235623598098755,0.0,0.0
130,game_cfm_raw,1.0,0.0,0.0,0.40487701017403804,0.005464869551360607,0.039405956864356995,0.03438611328601837,1.4318205118179321,2.723289966583252,0.0,0.0
130,game_cfm_anchored,1.0,0.0,0.0,0.3817624601653414,0.0,0.0,0.0258271603849765,1.4283877617249254,2.723284136057758,0.0,0.0
130,nash_reference_hocbf,1.0,0.0,0.0,0.6196019258908939,0.0,0.04946755838809709,0.031699309753061226,1.4807013394503896,2.0808713342023784,0.6932849364791288,0.6407113730690358
130,game_cfm_hocbf,1.0,0.0,0.0,0.6196019258908939,0.0,0.052157254127898275,0.03490629062900506,1.4696097774215815,2.2856174648942202,0.6025408348457351,0.6096662289657301
131,nash_reference,1.0,0.0,1.0,0.3038677377999271,0.0,0.0,0.017264945432543755,1.2988814115524292,1.867612361907959,0.0,0.0
131,teacher_expert,1.0,0.0,0.0,0.40541328984584685,0.0,0.02383982390165329,0.0,1.3114136457443237,1.7451711893081665,0.0,0.0
131,game_cfm_raw,1.0,0.0,0.0,0.3671378326450476,0.009099103510379791,0.033645376563072205,0.022218508645892143,1.312353253364563,2.2943408489227295,0.0,0.0
131,game_cfm_anchored,1.0,0.0,0.0,0.3645108648114291,0.0,0.0,0.0173886332890016,1.3115523096816886,2.2943180104801355,0.0,0.0
131,nash_reference_hocbf,1.0,0.0,0.0,0.6156553533430005,0.0,0.03002922586555376,0.03898033028596094,1.2582723701662772,1.6808235845546906,0.6225045372050817,0.7881561205897776
131,game_cfm_hocbf,1.0,0.0,0.0,0.6156553533430005,0.0,0.028650069324581084,0.04054866973040895,1.2313500220906457,1.9869025806642218,0.5607985480943739,0.7792481178025502
132,nash_reference,1.0,0.0,1.0,0.3110819846591807,0.0,0.0,0.014802810736000538,1.3357760906219482,2.0492115020751953,0.0,0.0
132,teacher_expert,1.0,0.0,0.0,0.3934833484882065,0.0,0.022416383028030396,0.0,1.334450602531433,2.0567398071289062,0.0,0.0
132,game_cfm_raw,1.0,0.0,1.0,0.3478826633372148,0.002872913610190153,0.021158620715141296,0.01689055934548378,1.357623815536499,2.1191234588623047,0.0,0.0
132,game_cfm_anchored,1.0,0.0,1.0,0.33991625210049325,0.0,0.0,0.014189557378240547,1.354129095755527,2.119126859694792,0.0,0.0
132,nash_reference_hocbf,1.0,0.0,0.0,0.5674051315235672,0.0,0.05102581418167365,0.045585999648142445,1.3582953238487654,2.0181005038178914,0.8166969147005445,0.7777625576962407
132,game_cfm_hocbf,1.0,0.0,0.0,0.5674051315235672,0.0,0.051911357315227946,0.04837308735097559,1.3804393308625098,2.0776528608940965,0.8021778584392014,0.7521695301972768
133,nash_reference,1.0,0.0,1.0,0.2920546100187157,0.0,0.0,0.017530031502246857,1.14215886592865,1.6218181848526,0.0,0.0
133,teacher_expert,1.0,0.0,0.0,0.3820074110531517,0.0,0.027279067784547806,0.0,1.1678234338760376,1.643532395362854,0.0,0.0
133,game_cfm_raw,1.0,0.0,1.0,0.3050749691141298,0.007313370704650879,0.026180533692240715,0.027912134304642677,1.1582210063934326,1.8499057292938232,0.0,0.0
133,game_cfm_anchored,1.0,0.0,1.0,0.30261310747028325,0.0,0.0,0.021848753955566014,1.1609730914939844,1.8499020231894614,0.0,0.0
133,nash_reference_hocbf,1.0,0.0,0.0,0.646353312922934,0.0,0.027508099550723725,0.037276086941636734,1.1766625230468852,1.640817489520184,0.6715063520871143,0.5941893460175396
133,game_cfm_hocbf,1.0,0.0,0.0,0.6463202773318004,0.0,0.030173022070446802,0.03764598000564041,1.1924702757476169,1.7039754361805715,0.604355716878403,0.648126892525006
134,nash_reference,1.0,0.0,1.0,0.30102064639816983,0.0,0.0,0.0188236553221941,1.2200804948806763,1.7698099613189697,0.0,0.0
134,teacher_expert,1.0,0.0,0.0,0.4243384733595525,0.0,0.021733731031417847,0.0,1.23091721534729,1.740225076675415,0.0,0.0
134,game_cfm_raw,1.0,0.0,1.0,0.3354492682893054,0.005657002329826355,0.016275327652692795,0.02243529073894024,1.228165626525879,1.8059197664260864,0.0,0.0
134,game_cfm_anchored,1.0,0.0,1.0,0.3378585337873316,0.0,0.0,0.020663436497622287,1.2316812506885169,1.8059184318873653,0.0,0.0
134,nash_reference_hocbf,1.0,0.0,0.0,0.5388095894109787,0.0,0.06466838494451643,0.036680843767426474,1.2427049194700692,1.6676681091664207,0.7549909255898367,0.6910074984389004
134,game_cfm_hocbf,1.0,0.0,0.0,0.5388095894109787,0.0,0.06509330553091675,0.03650254976423864,1.2356615263383706,1.643034025250708,0.7295825771324864,0.6457452104813444
135,nash_reference,1.0,0.0,1.0,0.2996866296417239,0.0,0.0,0.0185700710862875,1.1980738639831543,1.7599735260009766,0.0,0.0
135,teacher_expert,1.0,0.0,0.0,0.38230760262414926,0.0,0.025901105254888535,0.0,1.2016888856887817,1.768945574760437,0.0,0.0
135,game_cfm_raw,1.0,0.0,1.0,0.3502410792619353,0.004455753602087498,0.026944108307361603,0.028074152767658234,1.194084882736206,1.8409841060638428,0.0,0.0
135,game_cfm_anchored,1.0,0.0,1.0,0.3478456943200803,0.0,0.0,0.021035107040334074,1.1966949092384427,1.8409815595110073,0.0,0.0
135,nash_reference_hocbf,1.0,0.0,0.0,0.6366695084104476,0.0,0.024666200308523185,0.039583147147806357,1.2378624389131128,1.7290196778658922,0.73502722323049,0.658108426291858
135,game_cfm_hocbf,1.0,0.0,0.0,0.6366633068082821,0.0,0.026751483399175414,0.04123443049942852,1.2362578828669806,1.7674957763210848,0.6569872958257713,0.6462771146981371
136,nash_reference,1.0,0.0,1.0,0.30225023517286487,0.0,0.0,0.02538030780851841,1.3974809646606445,2.3344380855560303,0.0,0.0
136,teacher_expert,1.0,0.0,0.0,0.41924932771819173,0.0,0.03958678990602493,0.0,1.4305163621902466,2.3901336193084717,0.0,0.0
136,game_cfm_raw,1.0,0.0,1.0,0.3442126944409359,0.003049242775887251,0.021243929862976074,0.024355143308639526,1.4176042079925537,2.406015396118164,0.0,0.0
136,game_cfm_anchored,1.0,0.0,1.0,0.34000505647258555,0.0,0.0,0.022400851529178596,1.4152186923709538,2.406019963405595,0.0,0.0
136,nash_reference_hocbf,1.0,0.0,0.0,0.5519230547016528,0.0,0.050442977773511866,0.03797734500379385,1.4438531268783958,2.302412102018965,0.7531760435571688,0.5991965469877232
136,game_cfm_hocbf,1.0,0.0,0.0,0.5519230547016528,0.0,0.050740558969405845,0.04015113402599595,1.4524655003681712,2.357376962876679,0.6805807622504537,0.5757106014912399
137,nash_reference,1.0,0.0,1.0,0.30325124448161084,0.0,0.0,0.018361765891313553,1.3646159172058105,1.8827229738235474,0.0,0.0
137,teacher_expert,1.0,0.0,0.0,0.4006191646906141,0.0,0.028717145323753357,0.0,1.3564931154251099,1.8482556343078613,0.0,0.0
137,game_cfm_raw,1.0,0.0,1.0,0.33218289440536836,0.006201357580721378,0.019407527521252632,0.027472734451293945,1.3821743726730347,2.049312114715576,0.0,0.0
137,game_cfm_anchored,1.0,0.0,1.0,0.315370760905179,0.0,0.0,0.022919422900475536,1.3779999503894258,2.049312838193634,0.0,0.0
137,nash_reference_hocbf,1.0,0.0,0.0,0.6050976021849237,0.0,0.024135090322070417,0.034058763746643614,1.3737912754663788,1.856756554432828,0.7313974591651543,0.5693861253964646
137,game_cfm_hocbf,1.0,0.0,0.0,0.6050976021849237,0.0,0.02435010198397162,0.034123007553180505,1.3498764292270884,1.8631818000656835,0.5916515426497277,0.5950615823271758
138,nash_reference,1.0,0.0,1.0,0.30538728180129976,0.0,0.0,0.01745748519897461,1.4592376947402954,2.1478111743927,0.0,0.0
138,teacher_expert,1.0,0.0,0.0,0.41515427859691806,0.0,0.02099863439798355,0.0,1.4585832357406616,2.156813621520996,0.0,0.0
138,game_cfm_raw,1.0,0.0,1.0,0.3496683126574944,0.0029180741403251886,0.016686778515577316,0.015360938385128975,1.4625685214996338,2.3221476078033447,0.0,0.0
138,game_cfm_anchored,1.0,0.0,1.0,0.3473669665906463,0.0,0.0,0.013723017268504013,1.4616837503802014,2.3221514213517485,0.0,0.0
138,nash_reference_hocbf,1.0,0.0,0.0,0.6480165311368715,0.0,0.02087857773540574,0.03683485279136087,1.4680285203795815,2.014658386247378,0.42105263157894735,0.9421201467112921
138,game_cfm_hocbf,1.0,0.0,0.0,0.6478138401709449,0.0,0.020851434561236504,0.03752804212326937,1.477286100917412,2.069127900650806,0.3992740471869328,0.9416741345852442
139,nash_reference,1.0,0.0,1.0,0.31033306857472254,0.0,0.0,0.0222322978079319,1.4723291397094727,2.3499863147735596,0.0,0.0
139,teacher_expert,1.0,0.0,0.0,0.42179662601177087,0.0,0.03165875002741814,0.0,1.4518760442733765,2.35085391998291,0.0,0.0
139,game_cfm_raw,1.0,0.0,1.0,0.33859130815546623,0.0052788471803069115,0.02046217769384384,0.028778545558452606,1.4854658842086792,2.4732515811920166,0.0,0.0
139,game_cfm_anchored,1.0,0.0,1.0,0.33256652430832867,0.0,0.0,0.025377574666544323,1.485686291217173,2.4732512467224357,0.0,0.0
139,nash_reference_hocbf,1.0,0.0,0.0,0.6532519869559962,0.0,0.031623826588169604,0.029651293094595684,1.446336054341756,2.2139234518434407,0.3121597096188748,1.0472447832184646
139,game_cfm_hocbf,1.0,0.0,0.0,0.6528701144498211,0.0,0.03223186058218591,0.032986513185011015,1.4467423730621118,2.3262647869988067,0.294010889292196,1.0651671836421812
140,nash_reference,1.0,0.0,1.0,0.30651695184759714,0.0,0.0,0.01611289009451866,1.4201021194458008,2.3937768936157227,0.0,0.0
140,teacher_expert,1.0,0.0,0.0,0.39712741606827934,0.0,0.023303447291254997,0.0,1.4080244302749634,2.3960318565368652,0.0,0.0
140,game_cfm_raw,1.0,0.0,0.0,0.3907557247193558,0.0021783176343888044,0.018102120608091354,0.013208984397351742,1.5413509607315063,2.533376693725586,0.0,0.0
140,game_cfm_anchored,1.0,0.0,0.0,0.3885995863399963,0.0,0.0,0.014500805059113766,1.542909707891314,2.533373534366842,0.0,0.0
140,nash_reference_hocbf,1.0,0.0,0.0,0.5998207590434046,0.0,0.03376039434743826,0.03852607338649499,1.420047032754106,2.313524470049602,0.778584392014519,0.6795222996132058
140,game_cfm_hocbf,1.0,0.0,0.0,0.5998207590434046,0.0,0.03353259623110896,0.03790329138638629,1.5069680295942776,2.4365804815937846,0.6842105263157895,0.6828280062027396
141,nash_reference,1.0,0.0,1.0,0.30327537395398285,0.0,0.0,0.018070634454488754,1.3739711046218872,2.034749746322632,0.0,0.0
141,teacher_expert,1.0,0.0,0.0,0.4099982905539257,0.0,0.0208002720028162,0.0,1.3720225095748901,2.047421455383301,0.0,0.0
141,game_cfm_raw,1.0,0.0,0.0,0.3817171124308417,0.0018941891612485051,0.016807660460472107,0.016810327768325806,1.3917068243026733,2.2546892166137695,0.0,0.0
141,game_cfm_anchored,1.0,0.0,0.0,0.3836190881843967,0.0,0.0,0.014209006910817883,1.3919587796219117,2.2546899921866004,0.0,0.0
141,nash_reference_hocbf,1.0,0.0,0.0,0.4672536548083907,0.0,0.1087801068269387,0.055772664574268854,1.4161454377781848,2.1817984671428925,0.7876588021778584,1.0574955017744694
141,game_cfm_hocbf,1.0,0.0,0.0,0.4672536548083907,0.0,0.10953241362396236,0.05529794808059322,1.4209855670855285,2.1419793605967867,0.7822141560798548,0.9698872067938027
142,nash_reference,1.0,0.0,1.0,0.29755649557669533,0.0,0.0,0.027611663565039635,1.279627799987793,1.9856555461883545,0.0,0.0
142,teacher_expert,1.0,0.0,0.0,0.43380747590943863,0.0,0.043807778507471085,0.0,1.2953245639801025,1.998679757118225,0.0,0.0
142,game_cfm_raw,1.0,0.0,1.0,0.3269509560530899,0.003582263132557273,0.0280296690762043,0.022258594632148743,1.3401485681533813,1.9527735710144043,0.0,0.0
142,game_cfm_anchored,1.0,0.0,1.0,0.3214204312886464,0.0,0.0,0.022482456115771383,1.339212528082168,1.9527693151107353,0.0,0.0
142,nash_reference_hocbf,1.0,0.0,0.0,0.6424894531605942,0.0,0.054073383047415324,0.029740151393076307,1.3127159847573646,1.954629390857653,0.7549909255898367,0.4473312507434325
142,game_cfm_hocbf,1.0,0.0,0.0,0.6424894531605942,0.0,0.05714851375293199,0.03317544177234359,1.3512574605630288,2.024224871484919,0.5934664246823956,0.49120800755026095
143,nash_reference,1.0,0.0,1.0,0.2958005367777154,0.0,0.0,0.021327374503016472,1.1549690961837769,1.6770527362823486,0.0,0.0
143,teacher_expert,1.0,0.0,0.0,0.3927638310517185,0.0,0.03346753865480423,0.0,1.155002236366272,1.6840553283691406,0.0,0.0
143,game_cfm_raw,1.0,0.0,1.0,0.32935267530980783,0.005533969029784203,0.03563125431537628,0.028533995151519775,1.1879500150680542,1.9351264238357544,0.0,0.0
143,game_cfm_anchored,1.0,0.0,1.0,0.3169111959224354,0.0,0.0,0.02373289559361765,1.1868725631586479,1.9351250190812126,0.0,0.0
143,nash_reference_hocbf,1.0,0.0,0.0,0.534225391717586,0.0,0.04252691137005176,0.035805485138493943,1.1885258940078867,1.6528152128908737,0.8112522686025408,0.5100584004151443
143,game_cfm_hocbf,1.0,0.0,0.0,0.534225391717586,0.0,0.042473753433571036,0.036749940312155616,1.1741909895794873,1.7903909349308391,0.6588021778584392,0.5404403847478703
144,nash_reference,1.0,0.0,1.0,0.30647000885379067,0.0,0.0,0.025600682944059372,1.223150372505188,1.8828699588775635,0.0,0.0
144,teacher_expert,1.0,0.0,0.0,0.3870653942597199,0.0,0.029034946113824844,0.0,1.21268892288208,1.886663794517517,0.0,0.0
144,game_cfm_raw,1.0,0.0,1.0,0.34919202148431755,0.004278257489204407,0.029233049601316452,0.019325710833072662,1.2640269994735718,2.0047857761383057,0.0,0.0
144,game_cfm_anchored,1.0,0.0,1.0,0.33636804590550484,0.0,0.0,0.020521861282306684,1.2611635171539568,2.0047828940660444,0.0,0.0
144,nash_reference_hocbf,1.0,0.0,0.0,0.3952425689342559,0.0,0.09511913668602884,0.0604784595538507,1.2187491656764662,2.0102429517616804,0.764065335753176,1.2853176092141056
144,game_cfm_hocbf,1.0,0.0,0.0,0.3952425689342559,0.0,0.09670542527699738,0.0629083645460461,1.2392491781174788,2.0707725107939647,0.7186932849364791,1.270946897012068
145,nash_reference,1.0,0.0,1.0,0.30474577865658153,0.0,0.0,0.021029014140367508,1.4604990482330322,2.099151611328125,0.0,0.0
145,teacher_expert,1.0,0.0,0.0,0.39608660812960733,0.0,0.03646944463253021,0.0,1.4626002311706543,2.056236982345581,0.0,0.0
145,game_cfm_raw,1.0,0.0,0.0,0.374274205437619,0.005025275517255068,0.03849305212497711,0.026296382769942284,1.4668668508529663,2.231905221939087,0.0,0.0
145,game_cfm_anchored,1.0,0.0,1.0,0.3541430696918857,0.0,0.0,0.020981286255351,1.4613594778209833,2.231902623278997,0.0,0.0
145,nash_reference_hocbf,1.0,0.0,0.0,0.5754027641398122,0.0,0.06902760583393253,0.057790547055193625,1.5059508980675578,2.1163632393928498,0.7876588021778584,1.0601903206650174
145,game_cfm_hocbf,1.0,0.0,0.0,0.5754027641398122,0.0,0.07049816912318063,0.057688624657758536,1.5288577953320852,2.1143213996136314,0.7731397459165155,1.08199983853023
146,nash_reference,1.0,0.0,1.0,0.30086837250985776,0.0,0.0,0.016176240518689156,1.2384147644042969,1.8688043355941772,0.0,0.0
146,teacher_expert,1.0,0.0,0.0,0.40661313110433167,0.0,0.021450452506542206,0.0,1.2658644914627075,1.8716540336608887,0.0,0.0
146,game_cfm_raw,1.0,0.0,1.0,0.3581807326910713,0.0028552873991429806,0.018400724977254868,0.017891349270939827,1.2698402404785156,2.1222333908081055,0.0,0.0
146,game_cfm_anchored,1.0,0.0,0.0,0.36135395598787956,0.0,0.0,0.014151081278365094,1.2673973170340276,2.1222317767095373,0.0,0.0
146,nash_reference_hocbf,1.0,0.0,0.0,0.6187961115667263,0.0,0.0333159723442448,0.0303248517506134,1.2984539445185264,1.8031636143566443,0.7422867513611615,0.5134356943999692
146,game_cfm_hocbf,1.0,0.0,0.0,0.6187961115667263,0.0,0.0336896916049589,0.03274619815204989,1.3017516017283206,1.8718899605812074,0.6642468239564429,0.49007036020609573
147,nash_reference,1.0,0.0,1.0,0.30325191330292656,0.0,0.0,0.018839770928025246,1.3098088502883911,2.081498622894287,0.0,0.0
147,teacher_expert,1.0,0.0,0.0,0.4232179864632064,0.0,0.02159760892391205,0.0,1.3449950218200684,2.1119890213012695,0.0,0.0
147,game_cfm_raw,1.0,0.0,1.0,0.3079067120930987,0.006175766699016094,0.03723502159118652,0.023313414305448532,1.3434633016586304,2.014009475708008,0.0,0.0
147,game_cfm_anchored,1.0,0.0,1.0,0.3046937764830517,0.0,0.0,0.018835567637665668,1.340395530126396,2.0140117822382746,0.0,0.0
147,nash_reference_hocbf,1.0,0.0,0.0,0.5535967140581056,0.0,0.10789031066453642,0.047461463342752405,1.2705901415057705,1.8091225559706516,0.7404718693284936,0.9086827840227816
147,game_cfm_hocbf,1.0,0.0,0.0,0.5535967140581056,0.0,0.10794232835698957,0.04940183718541856,1.271943159756132,1.8225841409093015,0.7531760435571688,0.9081786770050837
148,nash_reference,1.0,0.0,1.0,0.307071639537177,0.0,0.0,0.016359928995370865,1.359040379524231,2.1472394466400146,0.0,0.0
148,teacher_expert,1.0,0.0,0.0,0.42356434107133295,0.0,0.016114752739667892,0.0,1.3966960906982422,2.1838951110839844,0.0,0.0
148,game_cfm_raw,1.0,0.0,0.0,0.39889592547854497,0.0030377977527678013,0.02735707350075245,0.021432561799883842,1.3581877946853638,2.2472426891326904,0.0,0.0
148,game_cfm_anchored,1.0,0.0,0.0,0.37995536790616996,0.0,0.0,0.015409246548979518,1.3644415873283757,2.2472421208123468,0.0,0.0
148,nash_reference_hocbf,1.0,0.0,0.0,0.6408067640053291,0.0,0.04538722236053713,0.03248773646683399,1.4026473006828564,1.9989548543605262,0.6805807622504537,0.6624634319068127
148,game_cfm_hocbf,1.0,0.0,0.0,0.6408067640053291,0.0,0.04584610543486323,0.03591565844060665,1.4095339749859739,2.0382930851079064,0.6297640653357531,0.598959443617617
149,nash_reference,1.0,0.0,1.0,0.3047288000372522,0.0,0.0,0.018135901540517807,1.369451642036438,2.169182300567627,0.0,0.0
149,teacher_expert,1.0,0.0,0.0,0.4286838227131847,0.0,0.020816322416067123,0.0,1.4000604152679443,2.2072978019714355,0.0,0.0
149,game_cfm_raw,1.0,0.0,1.0,0.35826232307300615,0.004698661155998707,0.029270650818943977,0.025757955387234688,1.3419936895370483,2.11909556388855,0.0,0.0
149,game_cfm_anchored,1.0,0.0,0.0,0.36074233772801134,0.0,0.0,0.019174642673253705,1.3434942916940655,2.119094180868258,0.0,0.0
149,nash_reference_hocbf,1.0,0.0,0.0,0.6579197290782975,0.0,0.057059024750476126,0.032763881989002916,1.3759486011292754,2.0280999118537784,0.705989110707804,0.6433316961119062
149,game_cfm_hocbf,1.0,0.0,0.0,0.657924646295897,0.0,0.05703941033335222,0.034882036358238014,1.361517914597917,1.96401093862427,0.676950998185118,0.6137401301168977
150,nash_reference,1.0,0.0,1.0,0.3015449317944647,0.0,0.0,0.020944086834788322,1.3188786506652832,1.8963885307312012,0.0,0.0
150,teacher_expert,1.0,0.0,0.0,0.42306801847336517,0.0,0.027384871616959572,0.0,1.3464633226394653,1.9037699699401855,0.0,0.0
150,game_cfm_raw,1.0,0.0,1.0,0.34688836398914186,0.0038018785417079926,0.020858265459537506,0.02567249909043312,1.3265175819396973,1.967908263206482,0.0,0.0
150,game_cfm_anchored,1.0,0.0,1.0,0.344972981544461,0.0,0.0,0.022112235560099256,1.3234090287592721,1.9679053117158491,0.0,0.0
150,nash_reference_hocbf,1.0,0.0,0.0,0.6052049145382512,0.0,0.04926047473856798,0.030401483054584844,1.351376680059489,1.8537236615329662,0.7096188747731398,0.5846547613364295
150,game_cfm_hocbf,1.0,0.0,0.0,0.6052049145382512,0.0,0.049244298034505495,0.03264213575723742,1.3514925393480344,1.8813132083688335,0.6460980036297641,0.5714301324319602
151,nash_reference,1.0,0.0,1.0,0.300463042726334,0.0,0.0,0.018291635438799858,1.3079338073730469,2.000192642211914,0.0,0.0
151,teacher_expert,1.0,0.0,0.0,0.40301353445460186,0.0,0.027007507160305977,0.0,1.3413923978805542,2.031582832336426,0.0,0.0
151,game_cfm_raw,1.0,0.0,1.0,0.32894192618288826,0.0015282165259122849,0.029203733429312706,0.02645263634622097,1.3510284423828125,2.0982820987701416,0.0,0.0
151,game_cfm_anchored,1.0,0.0,1.0,0.33047083052557835,0.0,0.0,0.02040189699041421,1.3491083812312312,2.0982790278117753,0.0,0.0
151,nash_reference_hocbf,1.0,0.0,0.0,0.5986500172449385,0.0,0.06495111763786593,0.03507873791458709,1.32448304670733,1.8843856665819696,0.7277676950998185,0.6700544834183105
151,game_cfm_hocbf,1.0,0.0,0.0,0.5986500172449385,0.0,0.06523978130855908,0.039945028680223746,1.3420130897562927,1.9533938525351509,0.691470054446461,0.6589300379632533
152,nash_reference,1.0,0.0,1.0,0.30488654785202357,0.0,0.0,0.019227685406804085,1.393955945968628,2.079868793487549,0.0,0.0
152,teacher_expert,1.0,0.0,0.0,0.4089672652965572,0.0,0.02860087901353836,0.0,1.3985002040863037,2.0289340019226074,0.0,0.0
152,game_cfm_raw,1.0,0.0,0.0,0.40393252166381416,0.0058642723597586155,0.022478796541690826,0.01856064237654209,1.4147076606750488,2.5826220512390137,0.0,0.0
152,game_cfm_anchored,1.0,0.0,0.0,0.40191861931262585,0.0,0.0,0.016458350774043184,1.414592169572407,2.582629318342026,0.0,0.0
152,nash_reference_hocbf,1.0,0.0,0.0,0.5340744558881912,0.0,0.06881865148978195,0.04413796512173308,1.4219334546973839,1.9855302225899147,0.8130671506352087,0.8013411451041899
152,game_cfm_hocbf,1.0,0.0,0.0,0.5340744558881912,0.0,0.06895008929121017,0.04393437706936189,1.405734904809305,1.845554188202809,0.7495462794918331,0.7651189410906104
153,nash_reference,1.0,0.0,1.0,0.35143068028898644,0.0,0.0,0.0166163370013237,1.2880661487579346,2.024567127227783,0.0,0.0
153,teacher_expert,1.0,0.0,0.0,0.4143358970486292,0.0,0.02861597388982773,0.0,1.275445580482483,2.0276641845703125,0.0,0.0
153,game_cfm_raw,1.0,0.0,0.0,0.41061937574370916,0.0011355977039784193,0.020362377166748047,0.023966263979673386,1.2833505868911743,2.234738826751709,0.0,0.0
153,game_cfm_anchored,1.0,0.0,0.0,0.4187057602567962,0.0,0.0,0.01886121515335854,1.2833150095914054,2.234745683781432,0.0,0.0
153,nash_reference_hocbf,1.0,0.0,0.0,0.6487958515482234,0.0,0.02861285465533337,0.029522247188814417,1.2864431606315998,1.9881802693104282,0.3938294010889292,0.6947569412886988
153,game_cfm_hocbf,1.0,0.0,0.0,0.6490023845859568,0.0,0.03003920178280315,0.028784538283583343,1.2707427380039356,1.8389895773756375,0.3629764065335753,0.623367667583079
154,nash_reference,1.0,0.0,1.0,0.29318998587648165,0.0,0.0,0.019014883786439896,1.0777018070220947,1.392634630203247,0.0,0.0
154,teacher_expert,1.0,0.0,0.0,0.3891415226754128,0.0,0.0248714629560709,0.0,1.0963579416275024,1.4058120250701904,0.0,0.0
154,game_cfm_raw,1.0,0.0,1.0,0.3428964760934284,0.0032522669062018394,0.022760851308703423,0.029990974813699722,1.2053622007369995,1.462351679801941,0.0,0.0
154,game_cfm_anchored,1.0,0.0,1.0,0.34922571221111437,0.0,0.0,0.024763392018329285,1.2044403008832212,1.4623488982554769,0.0,0.0
154,nash_reference_hocbf,1.0,0.0,0.0,0.5749393577590796,0.0,0.053835200311945955,0.039460628247994234,1.097087228928183,1.36185476096342,0.9128856624319419,0.5725102887543407
154,game_cfm_hocbf,1.0,0.0,0.0,0.5749393577590796,0.0,0.05394523268910298,0.04124658251897322,1.1908609905622323,1.4998352467894547,0.7731397459165155,0.5725805960561487
155,nash_reference,1.0,0.0,1.0,0.3117135944938083,0.0,0.0,0.02171085588634014,1.5700827836990356,2.357532024383545,0.0,0.0
155,teacher_expert,1.0,0.0,0.0,0.43608153616766265,0.0,0.030896252021193504,0.0,1.5625214576721191,2.3642048835754395,0.0,0.0
155,game_cfm_raw,1.0,0.0,0.0,0.44273940369525755,0.002431549597531557,0.028091777116060257,0.022487107664346695,1.599770426750183,2.3700149059295654,0.0,0.0
155,game_cfm_anchored,1.0,0.0,0.0,0.4258794307506408,0.0,0.0,0.018836428586141544,1.5969516751610915,2.3700117351478105,0.0,0.0
155,nash_reference_hocbf,1.0,0.0,0.0,0.5891541693006482,0.0,0.03084054604019715,0.029135762008890318,1.5676531768456796,2.371287186769498,0.308529945553539,1.0809612196646396
155,game_cfm_hocbf,1.0,0.0,0.0,0.5891541693006482,0.0,0.029338058652700713,0.03089320167997167,1.5896708276212943,2.4317410449679873,0.26678765880217786,0.926195212092632
156,nash_reference,1.0,0.0,1.0,0.3072176729905614,0.0,0.0,0.01875700056552887,1.4766614437103271,2.3601887226104736,0.0,0.0
156,teacher_expert,1.0,0.0,0.0,0.404801771480601,0.0,0.029818503186106682,0.0,1.4894142150878906,2.289496898651123,0.0,0.0
156,game_cfm_raw,1.0,0.0,1.0,0.31524279683665407,0.003104262985289097,0.03035733290016651,0.016592202708125114,1.4616018533706665,2.271923065185547,0.0,0.0
156,game_cfm_anchored,1.0,0.0,1.0,0.32562925514142493,0.0,0.0,0.015895408519379338,1.4627120367058442,2.271923930263355,0.0,0.0
156,nash_reference_hocbf,1.0,0.0,0.0,0.6359693297050167,0.0,0.050139461094348144,0.056053896835375636,1.518613139422417,2.02129679120315,0.8021778584392014,0.9733482522045999
156,game_cfm_hocbf,1.0,0.0,0.0,0.6365238373157576,0.0,0.052163942307568975,0.06264753496573235,1.5024233648642409,2.046382001583529,0.778584392014519,1.0805162340123304
157,nash_reference,1.0,0.0,1.0,0.30957085118398187,0.0,0.0,0.01519105490297079,1.3733246326446533,2.191537380218506,0.0,0.0
157,teacher_expert,1.0,0.0,0.0,0.4076882799673954,0.0,0.021525681018829346,0.0,1.3737843036651611,2.151111602783203,0.0,0.0
157,game_cfm_raw,1.0,0.0,1.0,0.342597367123729,0.003495951183140278,0.04406161606311798,0.02288307622075081,1.3692123889923096,2.1447741985321045,0.0,0.0
157,game_cfm_anchored,1.0,0.0,1.0,0.31473632017155745,0.0,0.0,0.01647477398498742,1.3621070935210007,2.1447727481547463,0.0,0.0
157,nash_reference_hocbf,1.0,0.0,0.0,0.6458997043486863,0.0,0.020854220495474765,0.032093907765951654,1.3606088949927042,1.8630336485373822,0.30127041742286753,1.2345708017694392
157,game_cfm_hocbf,1.0,0.0,0.0,0.6471452544186417,0.0,0.020114570446001713,0.034695131036319826,1.3439201979346567,1.8268028807713135,0.3030852994555354,1.2554892018795487
158,nash_reference,1.0,0.0,1.0,0.29956466178772967,0.0,0.0,0.021980706602334976,1.3432700634002686,2.1785926818847656,0.0,0.0
158,teacher_expert,1.0,0.0,0.0,0.421442547672901,0.0,0.0313376858830452,0.0,1.3470994234085083,2.2013566493988037,0.0,0.0
158,game_cfm_raw,1.0,0.0,1.0,0.30090862505058363,0.002915153745561838,0.020453281700611115,0.021854855120182037,1.3640906810760498,2.4068715572357178,0.0,0.0
158,game_cfm_anchored,1.0,0.0,1.0,0.2870014894546884,0.0,0.0,0.024083900699316915,1.361696889664872,2.4068697303710245,0.0,0.0
158,nash_reference_hocbf,1.0,0.0,0.0,0.6647907466044016,0.0,0.03115974955946401,0.030748981682480858,1.3690428478124201,2.116201255259645,0.29219600725952816,0.9827578546583362
158,game_cfm_hocbf,1.0,0.0,0.0,0.6643411048844197,0.0,0.03206640940633554,0.030753044890912067,1.3527088155271152,2.0818594002922066,0.3411978221415608,0.9052060682968831
159,nash_reference,1.0,0.0,1.0,0.3094887483432179,0.0,0.0,0.01601850427687168,1.3812059164047241,2.2249927520751953,0.0,0.0
159,teacher_expert,1.0,0.0,0.0,0.4140905495361379,0.0,0.022414173930883408,0.0,1.3703060150146484,2.1814348697662354,0.0,0.0
159,game_cfm_raw,1.0,0.0,0.0,0.39038748299577447,0.0037540365010499954,0.028936000540852547,0.01857594959437847,1.3916881084442139,2.26064395904541,0.0,0.0
159,game_cfm_anchored,1.0,0.0,0.0,0.40102262681329864,0.0,0.0,0.016227885573889374,1.3933658524982213,2.2606467253854454,0.0,0.0
159,nash_reference_hocbf,1.0,0.0,0.0,0.5747393756908593,0.0,0.042034163881322244,0.035862864984502384,1.3707404256663644,1.917082721822001,0.6932849364791288,0.7532886658462625
159,game_cfm_hocbf,1.0,0.0,0.0,0.5747393756908593,0.0,0.04187934718232775,0.03534105238570024,1.3805088675530226,2.0783154229343705,0.7078039927404719,0.6519479749800869
160,nash_reference,1.0,0.0,1.0,0.30307242850128024,0.0,0.0,0.023060891777276993,1.4723197221755981,2.2246451377868652,0.0,0.0
160,teacher_expert,1.0,0.0,0.0,0.391436950387919,0.0,0.039358943700790405,0.0,1.487493872642517,2.190911293029785,0.0,0.0
160,game_cfm_raw,1.0,0.0,1.0,0.29758273648329203,0.006029635202139616,0.014489984139800072,0.024994784966111183,1.4745279550552368,2.262667417526245,0.0,0.0
160,game_cfm_anchored,1.0,0.0,1.0,0.29638534973438324,0.0,0.0,0.02478993530668437,1.4775917119749455,2.2626698246352484,0.0,0.0
160,nash_reference_hocbf,1.0,0.0,0.0,0.6475531635165609,0.0,0.03938527630416059,0.03568591950276024,1.5092611921295713,2.0345340991491403,0.35934664246823955,0.9933519644137605
160,game_cfm_hocbf,1.0,0.0,0.0,0.6477120924337401,0.0,0.03914661797035256,0.034997655883779046,1.4686721450227807,2.0028206641588207,0.3393829401088929,1.0024815645598544
161,nash_reference,1.0,0.0,1.0,0.3063169605100419,0.0,0.0,0.01900225132703781,1.286698818206787,1.9375053644180298,0.0,0.0
161,teacher_expert,1.0,0.0,0.0,0.41452098725648917,0.0,0.025612015277147293,0.0,1.2875688076019287,1.9452115297317505,0.0,0.0
161,game_cfm_raw,1.0,0.0,0.0,0.36246057480395105,0.0020963544957339764,0.02462518960237503,0.024533262476325035,1.3116261959075928,2.419860601425171,0.0,0.0
161,game_cfm_anchored,1.0,0.0,0.0,0.36158953378520814,0.0,0.0,0.02029812675631267,1.313126415389006,2.419857810605218,0.0,0.0
161,nash_reference_hocbf,1.0,0.0,0.0,0.4876866725434966,0.0,0.09364003486607242,0.04250947794340137,1.288214363875626,1.9166135794150678,0.7513611615245009,0.8482671103835197
161,game_cfm_hocbf,1.0,0.0,0.0,0.4876866725434966,0.0,0.09346861318185609,0.04463621516124984,1.2952145931281729,1.9426640175419987,0.6878402903811253,0.8191090305399695
162,nash_reference,1.0,0.0,1.0,0.2977126569970682,0.0,0.0,0.01616024784743786,1.1640839576721191,1.7050939798355103,0.0,0.0
162,teacher_expert,1.0,0.0,0.0,0.3819191493673871,0.0,0.025017961859703064,0.0,1.1698827743530273,1.7147818803787231,0.0,0.0
162,game_cfm_raw,1.0,0.0,0.0,0.3706786822261124,0.005162246525287628,0.018137190490961075,0.02000335231423378,1.1814903020858765,1.7739800214767456,0.0,0.0
162,game_cfm_anchored,1.0,0.0,0.0,0.3804917798386155,0.0,0.0,0.018542471848533304,1.1861584267162621,1.7739805719513493,0.0,0.0
162,nash_reference_hocbf,1.0,0.0,0.0,0.6412428114495333,0.0,0.024785316596623343,0.037097317033363435,1.1940903928814235,1.6284923231372832,0.44646098003629764,0.8804959403999415
162,game_cfm_hocbf,1.0,0.0,0.0,0.6407828543106544,0.0,0.026212862985295942,0.03718985984161955,1.2056248250112438,1.5978257574279973,0.4482758620689655,0.7286920647059196
163,nash_reference,1.0,0.0,1.0,0.3026933436392746,0.0,0.0,0.01066211611032486,1.396966576576233,2.230752944946289,0.0,0.0
163,teacher_expert,1.0,0.0,0.0,0.3805393459502872,0.0,0.01573832705616951,0.0,1.3898662328720093,2.1940157413482666,0.0,0.0
163,game_cfm_raw,1.0,0.0,1.0,0.3076671051415716,0.004358862526714802,0.023471053689718246,0.021584343165159225,1.4160473346710205,2.1793808937072754,0.0,0.0
163,game_cfm_anchored,1.0,0.0,1.0,0.3134277047799658,0.0,0.0,0.017919809956998357,1.4186817480253537,2.1793781070292106,0.0,0.0
163,nash_reference_hocbf,1.0,0.0,0.0,0.6412369164250206,0.0,0.015215431125499482,0.04122438783390268,1.4166181157551423,1.9027389017492196,0.4573502722323049,1.0037688430976448
163,game_cfm_hocbf,1.0,0.0,0.0,0.6410345378891554,0.0,0.014986449248433238,0.037811300938188075,1.3974866386427176,2.0782625280360874,0.44101633393829404,0.9227712034856311
164,nash_reference,1.0,0.0,1.0,0.30375551361454356,0.0,0.0,0.021450694650411606,1.4062602519989014,2.243227481842041,0.0,0.0
164,teacher_expert,1.0,0.0,0.0,0.42038921704519017,0.0,0.029211748391389847,0.0,1.4116649627685547,2.2566843032836914,0.0,0.0
164,game_cfm_raw,1.0,0.0,1.0,0.32434110704926084,0.007676550652831793,0.030988458544015884,0.019296640530228615,1.394866943359375,2.3829965591430664,0.0,0.0
164,game_cfm_anchored,1.0,0.0,1.0,0.31135288749121864,0.0,0.0,0.021543607840327734,1.3998339705124017,2.3829938234611654,0.0,0.0
164,nash_reference_hocbf,1.0,0.0,0.0,0.6379139591236066,0.0,0.029489659063736427,0.03605693177851267,1.4251216644279494,2.190698710048178,0.41742286751361163,0.9101707332598724
164,game_cfm_hocbf,1.0,0.0,0.0,0.6379139591236066,0.0,0.030124401056368266,0.03748517521764346,1.4082842667116025,2.133475847959665,0.4246823956442831,0.8495861252760921
165,nash_reference,1.0,0.0,1.0,0.30312504182556566,0.0,0.0,0.028181731700897217,1.3815754652023315,2.286072254180908,0.0,0.0
165,teacher_expert,1.0,0.0,0.0,0.429478778257105,0.0,0.045795802026987076,0.0,1.4184893369674683,2.328239679336548,0.0,0.0
165,game_cfm_raw,1.0,0.0,0.0,0.42713448390295583,0.0018932088278234005,0.006848364137113094,0.02193746343255043,1.4073708057403564,2.312777280807495,0.0,0.0
165,game_cfm_anchored,1.0,0.0,0.0,0.4226842042357579,0.0,0.0,0.023363864211725538,1.4075245010082167,2.3127783044313435,0.0,0.0
165,nash_reference_hocbf,1.0,0.0,0.0,0.5161238298422989,0.0,0.12283002989364265,0.05210454700429469,1.3064600797215677,1.9916084027057055,0.7422867513611615,0.9995487429988711
165,game_cfm_hocbf,1.0,0.0,0.0,0.5161238298422989,0.0,0.12306133831504729,0.05220700461849294,1.3022799637350781,2.0002658541144993,0.7441016333938294,0.8651141925360405
166,nash_reference,1.0,0.0,1.0,0.29791766357518407,0.0,0.0,0.01430360134691,1.227760910987854,1.7156239748001099,0.0,0.0
166,teacher_expert,1.0,0.0,0.0,0.3896585144179554,0.0,0.019447604194283485,0.0,1.2273564338684082,1.7098042964935303,0.0,0.0
166,game_cfm_raw,1.0,0.0,1.0,0.32462470748354244,0.002641024999320507,0.01467860583215952,0.018477216362953186,1.226520299911499,1.6669881343841553,0.0,0.0
166,game_cfm_anchored,1.0,0.0,1.0,0.3187322573732512,0.0,0.0,0.016747247289591677,1.2252076308204658,1.6669909347597456,0.0,0.0
166,nash_reference_hocbf,1.0,0.0,0.0,0.4077531939073334,0.0,0.106519129729791,0.055989575640428196,1.2590928609502599,1.6420447865080199,0.8584392014519057,0.970896643130717
166,game_cfm_hocbf,1.0,0.0,0.0,0.4077531939073334,0.0,0.1071715991719792,0.05662784878734011,1.2566444143533022,1.5893997187406532,0.8638838475499092,0.9136542948877938
167,nash_reference,1.0,0.0,1.0,0.29970791789723344,0.0,0.0,0.025460397824645042,1.319756269454956,1.8965792655944824,0.0,0.0
167,teacher_expert,1.0,0.0,0.0,0.43358045062084577,0.0,0.03756839781999588,0.0,1.3429948091506958,1.9143481254577637,0.0,0.0
167,game_cfm_raw,1.0,0.0,0.0,0.3884086301508253,0.004644941538572311,0.024878907948732376,0.026320023462176323,1.3482648134231567,2.0811123847961426,0.0,0.0
167,game_cfm_anchored,1.0,0.0,0.0,0.39826164847240936,0.0,0.0,0.021740912692526943,1.3472036328846329,2.081109463205928,0.0,0.0
167,nash_reference_hocbf,1.0,0.0,0.0,0.6573935677837868,0.0,0.03745725896941342,0.02675771451848456,1.3782086672063218,1.86733785311397,0.2776769509981851,0.9273884241532675
167,game_cfm_hocbf,1.0,0.0,0.0,0.6577492855948992,0.0,0.036689095506629674,0.028307758725425715,1.381641194787221,1.9751479169316593,0.27223230490018147,0.679126519718868
168,nash_reference,1.0,0.0,1.0,0.30919037751457684,0.0,0.0,0.016631698235869408,1.3999366760253906,2.1266469955444336,0.0,0.0
168,teacher_expert,1.0,0.0,0.0,0.41486534034918615,0.0,0.023059822618961334,0.0,1.4028689861297607,2.0827701091766357,0.0,0.0
168,game_cfm_raw,1.0,0.0,0.0,0.39288540615163275,0.0043462044559419155,0.026324592530727386,0.022901443764567375,1.4135874509811401,2.2433602809906006,0.0,0.0
168,game_cfm_anchored,1.0,0.0,0.0,0.38350942181380415,0.0,0.0,0.01927657424591327,1.4178003724426054,2.2433643997001322,0.0,0.0
168,nash_reference_hocbf,1.0,0.0,0.0,0.5306052169717331,0.0,0.06514144838490347,0.03764547425225773,1.395059511738663,2.013210189721906,0.7150635208711433,0.7867750118045369
168,game_cfm_hocbf,1.0,0.0,0.0,0.5306052169717331,0.0,0.06502349227397826,0.042322031566022475,1.391070547570311,2.010033553505489,0.647912885662432,0.7635973026867285
169,nash_reference,1.0,0.0,1.0,0.3052171716481666,0.0,0.0,0.018960492685437202,1.3915704488754272,2.09871244430542,0.0,0.0
169,teacher_expert,1.0,0.0,0.0,0.37524420932720387,0.0,0.038085900247097015,0.0,1.3689817190170288,2.138719081878662,0.0,0.0
169,game_cfm_raw,1.0,0.0,1.0,0.302535348307347,0.003028372535482049,0.025233397260308266,0.027689756825566292,1.425500512123108,2.1603331565856934,0.0,0.0
169,game_cfm_anchored,1.0,0.0,1.0,0.30479031477183677,0.0,0.0,0.02469782730888546,1.4253435893501352,2.1603358317805235,0.0,0.0
169,nash_reference_hocbf,1.0,0.0,0.0,0.5340549910146709,0.0,0.021396791131506908,0.03494249126959067,1.3967452199345227,2.0549831051591023,0.8203266787658802,0.5682699626247176
169,game_cfm_hocbf,1.0,0.0,0.0,0.5340549910146709,0.0,0.019877549812543922,0.042179173324903584,1.4355810212782787,2.136072661639236,0.7531760435571688,0.6260188276826528
170,nash_reference,1.0,0.0,1.0,0.30749525171140896,0.0,0.0,0.021970560774207115,1.4438018798828125,2.2304534912109375,0.0,0.0
170,teacher_expert,1.0,0.0,0.0,0.41770262457860113,0.0,0.03307727724313736,0.0,1.463424801826477,2.245750665664673,0.0,0.0
170,game_cfm_raw,1.0,0.0,0.0,0.40957788562600467,0.005140258930623531,0.030675414949655533,0.02795598655939102,1.4277945756912231,2.472640037536621,0.0,0.0
170,game_cfm_anchored,1.0,0.0,0.0,0.41662313364080983,0.0,0.0,0.021636221810450742,1.4317503616823553,2.47263863989401,0.0,0.0
170,nash_reference_hocbf,1.0,0.0,0.0,0.6124572398168275,0.0,0.03302362299703566,0.04020641936595307,1.4818492830272054,2.196288764288322,0.4319419237749546,1.018949979262301
170,game_cfm_hocbf,1.0,0.0,0.0,0.6124572398168275,0.0,0.03366002329242071,0.03701436359407659,1.4621805414882039,2.171482303002415,0.426497277676951,0.8028293450299281
171,nash_reference,1.0,0.0,1.0,0.30317741652311964,0.0,0.0,0.01609615795314312,1.288257360458374,1.7377817630767822,0.0,0.0
171,teacher_expert,1.0,0.0,0.0,0.4144511803555889,0.0,0.018133725970983505,0.0,1.3082891702651978,1.7475186586380005,0.0,0.0
171,game_cfm_raw,1.0,0.0,0.0,0.4263696482260733,0.003581955563277006,0.024164702743291855,0.016367923468351364,1.286199688911438,1.9365941286087036,0.0,0.0
171,game_cfm_anchored,1.0,0.0,0.0,0.40664240625470055,0.0,0.0,0.012646595150048442,1.2883296704472236,1.9365999457360805,0.0,0.0
171,nash_reference_hocbf,1.0,0.0,0.0,0.549501949671193,0.0,0.07386470637020098,0.04570642548785007,1.2283540681534082,1.6764869153260957,0.7241379310344828,0.8856115955336582
171,game_cfm_hocbf,1.0,0.0,0.0,0.549501949671193,0.0,0.07443432062653002,0.047056018378050624,1.2264947777916753,1.7165463280844482,0.6878402903811253,0.7831767439748907
172,nash_reference,1.0,0.0,1.0,0.31335333765175427,0.0,0.0,0.018280917778611183,1.4082826375961304,2.2896556854248047,0.0,0.0
172,teacher_expert,1.0,0.0,0.0,0.4283901238705357,0.0,0.021495509892702103,0.0,1.3889232873916626,2.284714937210083,0.0,0.0
172,game_cfm_raw,1.0,0.0,1.0,0.3568069226673171,0.0036324216052889824,0.016854548826813698,0.020219482481479645,1.468614101409912,2.271777391433716,0.0,0.0
172,game_cfm_anchored,1.0,0.0,1.0,0.3531044138617826,0.0,0.0,0.018418061410580167,1.469291708202389,2.27177707339476,0.0,0.0
172,nash_reference_hocbf,1.0,0.0,0.0,0.5740582920521431,0.0,0.04271727893344328,0.03229997686677113,1.383044613800198,2.2855108350135573,0.6442831215970962,0.7289381792187707
172,game_cfm_hocbf,1.0,0.0,0.0,0.5740582920521431,0.0,0.04209671988531081,0.03625727021497071,1.430312986799758,2.23984589587145,0.6279491833030852,0.7272879577683664
173,nash_reference,1.0,0.0,1.0,0.2974054395827542,0.0,0.0,0.016544321551918983,1.2366288900375366,1.8499782085418701,0.0,0.0
173,teacher_expert,1.0,0.0,0.0,0.39658030937453104,0.0,0.02170761302113533,0.0,1.2305700778961182,1.818867564201355,0.0,0.0
173,game_cfm_raw,1.0,0.0,0.0,0.386686588217505,0.0025685725267976522,0.020632151514291763,0.01839829422533512,1.2443108558654785,1.9635206460952759,0.0,0.0
173,game_cfm_anchored,1.0,0.0,0.0,0.3811282722312053,0.0,0.0,0.014406255335339539,1.2404741489826296,1.963518610411288,0.0,0.0
173,nash_reference_hocbf,1.0,0.0,0.0,0.6555653122858927,0.0,0.02359127903855692,0.03579916654961854,1.270215053201707,1.712276856081481,0.6787658802177858,0.5674480801022349
173,game_cfm_hocbf,1.0,0.0,0.0,0.6554323703049921,0.0,0.024299076028805315,0.035066898007636946,1.2509381995860538,1.7041520173953737,0.6424682395644283,0.5075624571118359
174,nash_reference,1.0,0.0,1.0,0.3077112928503225,0.0,0.0,0.01851709373295307,1.2505741119384766,1.894362211227417,0.0,0.0
174,teacher_expert,1.0,0.0,0.0,0.4249913605958039,0.0,0.024155335500836372,0.0,1.2796118259429932,1.9031764268875122,0.0,0.0
174,game_cfm_raw,1.0,0.0,1.0,0.32242398575587256,0.005249593872576952,0.02850308269262314,0.020745908841490746,1.312839388847351,2.070246458053589,0.0,0.0
174,game_cfm_anchored,1.0,0.0,1.0,0.33264052131587896,0.0,0.0,0.01566553007203631,1.3106904749600434,2.070248514655791,0.0,0.0
174,nash_reference_hocbf,1.0,0.0,0.0,0.45747211200524485,0.0,0.10375732412798769,0.051133387903542944,1.2199765969919574,1.8494278542003422,0.7568058076225045,1.014830672867266
174,game_cfm_hocbf,1.0,0.0,0.0,0.45747211200524485,0.0,0.10353807355552304,0.05401407324498543,1.251396772195249,1.9621181772551524,0.7531760435571688,0.9795452986094149
175,nash_reference,1.0,0.0,1.0,0.30659861527791604,0.0,0.0,0.015705229714512825,1.301945447921753,1.8636164665222168,0.0,0.0
175,teacher_expert,1.0,0.0,0.0,0.39726676311502934,0.0,0.025358974933624268,0.0,1.2817552089691162,1.7603051662445068,0.0,0.0
175,game_cfm_raw,1.0,0.0,0.0,0.36568020305123,0.004835372790694237,0.032226111739873886,0.02130698598921299,1.3249856233596802,1.9541587829589844,0.0,0.0
175,game_cfm_anchored,1.0,0.0,0.0,0.3873422155235663,0.0,0.0,0.01558885130290335,1.321821079494478,1.9541593986195196,0.0,0.0
175,nash_reference_hocbf,1.0,0.0,0.0,0.4910546708798408,0.0,0.04644860283903382,0.047542631902759334,1.2160909909252668,1.753159420726966,0.7441016333938294,0.9506722396040346
175,game_cfm_hocbf,1.0,0.0,0.0,0.4910546708798408,0.0,0.04685990419487816,0.04643494126250384,1.2354978734032986,1.7499856097413073,0.73502722323049,0.8755413672781291
176,nash_reference,1.0,0.0,1.0,0.3051959709459497,0.0,0.0,0.018915481865406036,1.3636213541030884,2.113882541656494,0.0,0.0
176,teacher_expert,1.0,0.0,0.0,0.4012315300522265,0.0,0.029769696295261383,0.0,1.363057255744934,2.1216537952423096,0.0,0.0
176,game_cfm_raw,1.0,0.0,0.0,0.4093019129643623,0.00314879696816206,0.016349149867892265,0.017675476148724556,1.4230093955993652,2.131582736968994,0.0,0.0
176,game_cfm_anchored,1.0,0.0,0.0,0.3983318614873586,0.0,0.0,0.01736259824731654,1.4200923248562967,2.131579936942616,0.0,0.0
176,nash_reference_hocbf,1.0,0.0,0.0,0.6364742655897733,0.0,0.02979503069114156,0.033465359839652944,1.3762553234161545,2.0601672585824207,0.5698729582577132,0.7033849615419906
176,game_cfm_hocbf,1.0,0.0,0.0,0.6364742655897733,0.0,0.029839688247414717,0.03314219307215935,1.4001125933900944,2.005407820250689,0.4827586206896552,0.6140165873667245
177,nash_reference,1.0,0.0,1.0,0.30297227885241135,0.0,0.0,0.01975015550851822,1.3977675437927246,1.8933777809143066,0.0,0.0
177,teacher_expert,1.0,0.0,0.0,0.4371166351279932,0.0,0.021895967423915863,0.0,1.4246233701705933,1.9128477573394775,0.0,0.0
177,game_cfm_raw,1.0,0.0,0.0,0.3804096139529894,0.002769488375633955,0.01934528537094593,0.024046223610639572,1.4065921306610107,2.10703444480896,0.0,0.0
177,game_cfm_anchored,1.0,0.0,0.0,0.3805791616766815,0.0,0.0,0.019469373517412642,1.4095932347770013,2.1070371763207434,0.0,0.0
177,nash_reference_hocbf,1.0,0.0,0.0,0.6572262529114502,0.0,0.053191320145558225,0.03410957728241629,1.3729191344793295,1.8589935698988223,0.662431941923775,0.6930362428533782
177,game_cfm_hocbf,1.0,0.0,0.0,0.657230918153708,0.0,0.05308419424819651,0.03427674973428607,1.3695865489970094,1.9163667962372015,0.647912885662432,0.6252519186887153
178,nash_reference,1.0,0.0,1.0,0.2932735928865283,0.0,0.0,0.01642785221338272,1.0943105220794678,1.4178088903427124,0.0,0.0
178,teacher_expert,1.0,0.0,0.0,0.3999452219967658,0.0,0.01922832615673542,0.0,1.0975301265716553,1.4195351600646973,0.0,0.0
178,game_cfm_raw,1.0,0.0,1.0,0.317827545811069,0.004216580651700497,0.030134249478578568,0.019799236208200455,1.2023377418518066,1.5866053104400635,0.0,0.0
178,game_cfm_anchored,1.0,0.0,1.0,0.3334001786367599,0.0,0.0,0.014248202883748402,1.2025601800315002,1.5866030742696118,0.0,0.0
178,nash_reference_hocbf,1.0,0.0,0.0,0.600408524999404,0.0,0.02556037184618394,0.03571704296996289,1.1331391234702957,1.4340941964379164,0.8239564428312159,0.4861072963813754
178,game_cfm_hocbf,1.0,0.0,0.0,0.600408524999404,0.0,0.024423784908708637,0.03644921109808701,1.172869158028505,1.4423435990426456,0.6950998185117967,0.5023829343089187
179,nash_reference,1.0,0.0,1.0,0.3040187673649295,0.0,0.0,0.013679148629307747,1.3051005601882935,1.933285117149353,0.0,0.0
179,teacher_expert,1.0,0.0,0.0,0.38294673653062794,0.0,0.02478582039475441,0.0,1.2934693098068237,1.8862138986587524,0.0,0.0
179,game_cfm_raw,1.0,0.0,0.0,0.39733521361399216,0.004485313314944506,0.01238381676375866,0.015314579010009766,1.3245892524719238,1.9066128730773926,0.0,0.0
179,game_cfm_anchored,1.0,0.0,0.0,0.39618810363584606,0.0,0.0,0.014406401303372637,1.3250059696132843,1.9066126155196699,0.0,0.0
179,nash_reference_hocbf,1.0,0.0,0.0,0.6327116424028427,0.0,0.0265615637534487,0.037243960913965486,1.316612922051119,1.8361464520241355,0.7132486388384754,0.6672011083665391
179,game_cfm_hocbf,1.0,0.0,0.0,0.6327116424028427,0.0,0.02723987246001667,0.03591819671850242,1.3371996295917585,1.83191160632705,0.6860254083484574,0.562463615586025
180,nash_reference,1.0,0.0,1.0,0.2946018107510741,0.0,0.0,0.019362477585673332,1.224206566810608,1.7311477661132812,0.0,0.0
180,teacher_expert,1.0,0.0,0.0,0.384195205964282,0.0,0.03191555291414261,0.0,1.2491792440414429,1.7543991804122925,0.0,0.0
180,game_cfm_raw,1.0,0.0,0.0,0.3606500919851608,0.0034405274782329798,0.024572018533945084,0.02737163007259369,1.2460787296295166,1.8717741966247559,0.0,0.0
180,game_cfm_anchored,1.0,0.0,1.0,0.35145783476748205,0.0,0.0,0.022338893747836767,1.2489996874667937,1.8717703989590955,0.0,0.0
180,nash_reference_hocbf,1.0,0.0,0.0,0.6457499937665652,0.0,0.03213185649413427,0.033544907844998625,1.2746974932737718,1.7525143015470557,0.4337568058076225,0.7941666438020945
180,game_cfm_hocbf,1.0,0.0,0.0,0.6453087077964833,0.0,0.03186543283199924,0.03478517703410325,1.28464140836485,1.7978363242439164,0.5517241379310345,0.554144335243463
181,nash_reference,1.0,0.0,1.0,0.3012347794135191,0.0,0.0,0.012448170222342014,1.2014052867889404,1.8260674476623535,0.0,0.0
181,teacher_expert,1.0,0.0,0.0,0.39616761429469466,0.0,0.011335663497447968,0.0,1.197644591331482,1.5571953058242798,0.0,0.0
181,game_cfm_raw,1.0,0.0,1.0,0.31069309558045494,0.0018021379364654422,0.025949589908123016,0.02108835056424141,1.2089539766311646,1.8379161357879639,0.0,0.0
181,game_cfm_anchored,1.0,0.0,1.0,0.30446141788578635,0.0,0.0,0.01620544209706132,1.2080981332373026,1.837915299967841,0.0,0.0
181,nash_reference_hocbf,1.0,0.0,0.0,0.4699902990365144,0.0,0.09217348662753308,0.05471467837197719,1.2328887068416583,1.675343287129961,0.8584392014519057,0.981427192374039
181,game_cfm_hocbf,1.0,0.0,0.0,0.4699902990365144,0.0,0.09220935861975363,0.05569060157137207,1.2420155029235043,1.7381992277614533,0.8076225045372051,0.9357602899837257
182,nash_reference,1.0,0.0,1.0,0.30084187935669565,0.0,0.0,0.02075272798538208,1.2747197151184082,1.892730712890625,0.0,0.0
182,teacher_expert,1.0,0.0,0.0,0.4224348520622369,0.0,0.029391242191195488,0.0,1.2756589651107788,1.9010343551635742,0.0,0.0
182,game_cfm_raw,1.0,0.0,1.0,0.30308584224570734,0.003570521716028452,0.026932492852211,0.02482319436967373,1.2840895652770996,2.1553423404693604,0.0,0.0
182,game_cfm_anchored,1.0,0.0,1.0,0.3111879007141021,0.0,0.0,0.019593360353584964,1.2865493702798922,2.1553399074863706,0.0,0.0
182,nash_reference_hocbf,1.0,0.0,0.0,0.5369994287356713,0.0,0.07244160804119176,0.039537563379527886,1.290551790594514,1.8691924040579027,0.8112522686025408,0.6854625150033833
182,game_cfm_hocbf,1.0,0.0,0.0,0.5369994287356713,0.0,0.07282188457369228,0.04262147120912649,1.294199511163578,1.819516049165875,0.7731397459165155,0.6967907296096333
183,nash_reference,1.0,0.0,1.0,0.3104641061736277,0.0,0.0,0.014750207774341106,1.448105812072754,2.2517712116241455,0.0,0.0
183,teacher_expert,1.0,0.0,0.0,0.41104426518655707,0.0,0.017734047025442123,0.0,1.4342485666275024,2.2551381587982178,0.0,0.0
183,game_cfm_raw,1.0,0.0,1.0,0.3403326725840751,0.004254655912518501,0.038831986486911774,0.026942770928144455,1.4624179601669312,2.6172921657562256,0.0,0.0
183,game_cfm_anchored,1.0,0.0,1.0,0.32354587457190387,0.0,0.0,0.018424725133918064,1.4589553547629515,2.6172906219960472,0.0,0.0
183,nash_reference_hocbf,1.0,0.0,0.0,0.6445889518212818,0.0,0.017816749497566772,0.02991914750156469,1.4273381489742043,2.1434626917558197,0.3720508166969147,0.9409939069540277
183,game_cfm_hocbf,1.0,0.0,0.0,0.6473940786719649,0.0,0.019321678262568632,0.03299566061338931,1.402837256320773,2.284721396787188,0.3103448275862069,1.0233736884714921
184,nash_reference,1.0,0.0,1.0,0.3055692743169897,0.0,0.0,0.01946694776415825,1.4189573526382446,2.39618182182312,0.0,0.0
184,teacher_expert,1.0,0.0,0.0,0.38557336651053936,0.0,0.034829046577215195,0.0,1.4133450984954834,2.4044885635375977,0.0,0.0
184,game_cfm_raw,1.0,0.0,1.0,0.33627560883169844,0.006630072370171547,0.029983319342136383,0.03389076888561249,1.4390567541122437,2.137171983718872,0.0,0.0
184,game_cfm_anchored,1.0,0.0,1.0,0.30843175714283505,0.0,0.0,0.02624831990058905,1.4363018075322969,2.13717709176826,0.0,0.0
184,nash_reference_hocbf,1.0,0.0,0.0,0.5906164556789182,0.0,0.035810772167301816,0.036877032486779156,1.4318879477350643,2.310952629897681,0.7858439201451906,0.6054988849797
184,game_cfm_hocbf,1.0,0.0,0.0,0.5906164556789182,0.0,0.03534232402475748,0.03795867613888749,1.4131840050489364,2.108768677287892,0.7078039927404719,0.5887722341166558
185,nash_reference,1.0,0.0,1.0,0.3068161548835968,0.0,0.0,0.01476315874606371,1.411489486694336,2.0593984127044678,0.0,0.0
185,teacher_expert,1.0,0.0,0.0,0.4162881058752294,0.0,0.014717841520905495,0.0,1.4116381406784058,1.9981379508972168,0.0,0.0
185,game_cfm_raw,1.0,0.0,0.0,0.36611602542073546,0.0034885634668171406,0.02828635834157467,0.021185679361224174,1.4155082702636719,2.1648483276367188,0.0,0.0
185,game_cfm_anchored,1.0,0.0,0.0,0.3609551618486853,0.0,0.0,0.015107711543334785,1.4151415043940008,2.164852696415386,0.0,0.0
185,nash_reference_hocbf,1.0,0.0,0.0,0.5767102509694917,0.0,0.037557940415894844,0.03624698371550722,1.4138932546150123,1.9935772492251742,0.6932849364791288,0.7355560827270176
185,game_cfm_hocbf,1.0,0.0,0.0,0.5767102509694917,0.0,0.03771533156922289,0.03659744718003377,1.408662798967197,1.983094044335623,0.6823956442831216,0.6502663953224634
186,nash_reference,1.0,0.0,1.0,0.31038690655851336,0.0,0.0,0.022881800308823586,1.4359081983566284,2.433751344680786,0.0,0.0
186,teacher_expert,1.0,0.0,0.0,0.4496070287710561,0.0,0.029314756393432617,0.0,1.4449001550674438,2.34096097946167,0.0,0.0
186,game_cfm_raw,1.0,0.0,0.0,0.40134932488432723,0.0022869936656206846,0.022558510303497314,0.022662336006760597,1.4245319366455078,2.2903542518615723,0.0,0.0
186,game_cfm_anchored,1.0,0.0,0.0,0.4119210191087199,0.0,0.0,0.017990971437104552,1.4254259365441264,2.2903578073375375,0.0,0.0
186,nash_reference_hocbf,1.0,0.0,0.0,0.6421895728558057,0.0,0.0301372081622565,0.030765075019527837,1.4375709436155044,2.031274882075944,0.6098003629764065,0.6423180584444991
186,game_cfm_hocbf,1.0,0.0,0.0,0.6421895728558057,0.0,0.0314254478069222,0.029925164707137988,1.4323046791261784,2.117211736815885,0.5807622504537205,0.5875447212354237
187,nash_reference,1.0,0.0,1.0,0.3074192346864211,0.0,0.0,0.01766125299036503,1.354637622833252,2.111403465270996,0.0,0.0
187,teacher_expert,1.0,0.0,0.0,0.4194914962570894,0.0,0.022323576733469963,0.0,1.3889527320861816,2.1173343658447266,0.0,0.0
187,game_cfm_raw,1.0,0.0,0.0,0.39441903211970747,0.0026077311486005783,0.023188140243291855,0.023828847333788872,1.4161618947982788,2.1949665546417236,0.0,0.0
187,game_cfm_anchored,1.0,0.0,0.0,0.3814946193924214,0.0,0.0,0.018714233563015218,1.4214083608199686,2.194968237605081,0.0,0.0
187,nash_reference_hocbf,1.0,0.0,0.0,0.5289675408952028,0.0,0.05157399631640883,0.031626891700223606,1.4132521337302573,2.058151467038549,0.7114337568058077,0.6656462988911845
187,game_cfm_hocbf,1.0,0.0,0.0,0.5289675408952028,0.0,0.05103010469922081,0.036452732254643815,1.4648693592518298,2.0738900561955047,0.6823956442831216,0.608205727205241
188,nash_reference,1.0,0.0,1.0,0.30265234775195854,0.0,0.0,0.01491781510412693,1.3397338390350342,1.955816388130188,0.0,0.0
188,teacher_expert,1.0,0.0,0.0,0.4037344587580978,0.0,0.019049085676670074,0.0,1.334797739982605,1.9882959127426147,0.0,0.0
188,game_cfm_raw,1.0,0.0,1.0,0.3282042749545693,0.007500425912439823,0.02335457131266594,0.023277340456843376,1.3274102210998535,1.9894224405288696,0.0,0.0
188,game_cfm_anchored,1.0,0.0,1.0,0.32333132840263007,0.0,0.0,0.018107265097389476,1.329082288535729,1.9894177542725313,0.0,0.0
188,nash_reference_hocbf,1.0,0.0,0.0,0.6264199523312937,0.0,0.016617916552875697,0.0294427392672743,1.3738480215507356,1.903354625577852,0.6515426497277677,0.5164951483336104
188,game_cfm_hocbf,1.0,0.0,0.0,0.6264199523312937,0.0,0.01517517468778012,0.03082082138565066,1.361882884667971,1.854059722777864,0.617059891107078,0.5083379626862862
189,nash_reference,1.0,0.0,1.0,0.3139059636853625,0.0,0.0,0.023178568109869957,1.4672526121139526,2.1828131675720215,0.0,0.0
189,teacher_expert,1.0,0.0,0.0,0.448828213644134,0.0,0.027638709172606468,0.0,1.4636443853378296,2.190296173095703,0.0,0.0
189,game_cfm_raw,1.0,0.0,1.0,0.347927735374839,0.006616974249482155,0.023982463404536247,0.030319619923830032,1.4689558744430542,2.3415026664733887,0.0,0.0
189,game_cfm_anchored,1.0,0.0,1.0,0.3379077325633226,0.0,0.0,0.02607198959950472,1.4660147382217552,2.341503233885332,0.0,0.0
189,nash_reference_hocbf,1.0,0.0,0.0,0.666098271771073,0.0,0.027614446838354824,0.02472138743476979,1.477097459770264,2.11634713169672,0.27404718693284935,1.0256910619448714
189,game_cfm_hocbf,1.0,0.0,0.0,0.6749773459732366,0.0,0.02943860780147036,0.028638886295807506,1.4778905043055381,2.134571798166668,0.22141560798548093,1.196863349969826
190,nash_reference,1.0,0.0,1.0,0.3045248188184647,0.0,0.0,0.01679263822734356,1.421903371810913,2.1098477840423584,0.0,0.0
190,teacher_expert,1.0,0.0,0.0,0.4161120525539377,0.0,0.01834280788898468,0.0,1.4227644205093384,2.0790700912475586,0.0,0.0
190,game_cfm_raw,1.0,0.0,1.0,0.356502821577724,0.0031228787265717983,0.018897635862231255,0.019668694585561752,1.518338918685913,2.3647243976593018,0.0,0.0
190,game_cfm_anchored,1.0,0.0,1.0,0.35896073871253836,0.0,0.0,0.016516928140089204,1.5198076298530199,2.364721411646006,0.0,0.0
190,nash_reference_hocbf,1.0,0.0,0.0,0.6160495517161052,0.0,0.02590496019666651,0.03214110054864839,1.4365432007768286,1.9448632614382035,0.7132486388384754,0.5586846870773136
190,game_cfm_hocbf,1.0,0.0,0.0,0.6160495517161052,0.0,0.02493337903741207,0.032980775376253865,1.4847896001189764,1.9473996696447458,0.5825771324863884,0.5699914723858001
191,nash_reference,1.0,0.0,1.0,0.30707862363173566,0.0,0.0,0.018861515447497368,1.3070226907730103,2.110187292098999,0.0,0.0
191,teacher_expert,1.0,0.0,0.0,0.4098785713244446,0.0,0.02962212637066841,0.0,1.347022294998169,2.146514892578125,0.0,0.0
191,game_cfm_raw,1.0,0.0,0.0,0.37463996631838575,0.0031365607865154743,0.033014893531799316,0.03025580383837223,1.3064037561416626,2.269566059112549,0.0,0.0
191,game_cfm_anchored,1.0,0.0,0.0,0.3852535459063144,0.0,0.0,0.022229267428281532,1.3036247771000482,2.269565971527629,0.0,0.0
191,nash_reference_hocbf,1.0,0.0,0.0,0.6449325115572562,0.0,0.029908719855064977,0.029483671629012945,1.3426238885556927,2.0513517898930314,0.6424682395644283,0.563401208566798
191,game_cfm_hocbf,1.0,0.0,0.0,0.6447339692917838,0.0,0.028757471442161217,0.029368366458859218,1.3132992310906855,2.0396550540503373,0.6733212341197822,0.4850157311471606
192,nash_reference,1.0,0.0,1.0,0.30242465259482026,0.0,0.0,0.020937930792570114,1.30337393283844,1.9586424827575684,0.0,0.0
192,teacher_expert,1.0,0.0,0.0,0.41307955088338255,0.0,0.031926002353429794,0.0,1.2861244678497314,1.9612445831298828,0.0,0.0
192,game_cfm_raw,1.0,0.0,1.0,0.33222237264472304,0.002300584688782692,0.024757690727710724,0.021283060312271118,1.4338455200195312,2.1783618927001953,0.0,0.0
192,game_cfm_anchored,1.0,0.0,1.0,0.32944275076233587,0.0,0.0,0.022305886213279197,1.4344976722180014,2.1783577720236718,0.0,0.0
192,nash_reference_hocbf,1.0,0.0,0.0,0.5034310244211136,0.0,0.04036129040396903,0.032985307565217524,1.2983894845141917,1.9973055297132534,0.7441016333938294,0.5864251200312747
192,game_cfm_hocbf,1.0,0.0,0.0,0.5034310244211136,0.0,0.04111163487031488,0.03592138096371618,1.407322675815013,2.1142046779536865,0.691470054446461,0.6006948473027481
193,nash_reference,1.0,0.0,1.0,0.30560084988029856,0.0,0.0,0.023038944229483604,1.37101411819458,2.2352049350738525,0.0,0.0
193,teacher_expert,1.0,0.0,0.0,0.42869510019293744,0.0,0.026366082951426506,0.0,1.3813214302062988,2.0922460556030273,0.0,0.0
193,game_cfm_raw,1.0,0.0,0.0,0.39659508063718,0.003632403677329421,0.031289443373680115,0.022339440882205963,1.3620353937149048,2.1953072547912598,0.0,0.0
193,game_cfm_anchored,1.0,0.0,0.0,0.3885613339161325,0.0,0.0,0.019308542772147188,1.3625659491383635,2.195311781436775,0.0,0.0
193,nash_reference_hocbf,1.0,0.0,0.0,0.4786061677967737,0.0,0.0877011014252777,0.04726175705942721,1.4017911098281473,2.0344089096022246,0.822141560798548,0.8879273743165581
193,game_cfm_hocbf,1.0,0.0,0.0,0.4786061677967737,0.0,0.08809148427569555,0.04665334419530158,1.394744051918996,2.011179625633629,0.7985480943738656,0.832175715162533
194,nash_reference,1.0,0.0,1.0,0.2982535059680422,0.0,0.0,0.021873166784644127,1.2757065296173096,1.8997384309768677,0.0,0.0
194,teacher_expert,1.0,0.0,0.0,0.38551479938928096,0.0,0.03583730012178421,0.0,1.2828953266143799,1.9106770753860474,0.0,0.0
194,game_cfm_raw,1.0,0.0,0.0,0.3798703405266936,0.004573170095682144,0.022303365170955658,0.028644802048802376,1.3645002841949463,2.0081076622009277,0.0,0.0
194,game_cfm_anchored,1.0,0.0,0.0,0.3779027131488072,0.0,0.0,0.02422203788802471,1.3659439553321762,2.0081097172041202,0.0,0.0
194,nash_reference_hocbf,1.0,0.0,0.0,0.5676960809133877,0.0,0.05913999653807397,0.04179708925736088,1.3199193084066039,1.8770036409584991,0.809437386569873,0.6819579411133219
194,game_cfm_hocbf,1.0,0.0,0.0,0.5676960809133877,0.0,0.05972939458167158,0.03963745789195061,1.3315047804869775,1.8363958513661534,0.7586206896551724,0.6011634191042203
195,nash_reference,1.0,0.0,1.0,0.3052710257398839,0.0,0.0,0.019459625706076622,1.4056261777877808,2.062263250350952,0.0,0.0
195,teacher_expert,1.0,0.0,0.0,0.4388914095021244,0.0,0.022950809448957443,0.0,1.4346590042114258,2.087574005126953,0.0,0.0
195,game_cfm_raw,1.0,0.0,0.0,0.399321311839356,0.004071076866239309,0.027571305632591248,0.012815550900995731,1.4028494358062744,2.2883262634277344,0.0,0.0
195,game_cfm_anchored,1.0,0.0,0.0,0.3959461706252856,0.0,0.0,0.012103346645845727,1.406971992804799,2.2883236995404865,0.0,0.0
195,nash_reference_hocbf,1.0,0.0,0.0,0.62944033216038,0.0,0.03733551702712538,0.03521047106248067,1.3570258983063612,1.945026144280036,0.6388384754990926,0.7259496661601588
195,game_cfm_hocbf,1.0,0.0,0.0,0.62944033216038,0.0,0.037521964624102185,0.035877473404013094,1.3469555410603777,2.0176368031442626,0.6588021778584392,0.5797392382422674
196,nash_reference,1.0,0.0,1.0,0.3007269175496007,0.0,0.0,0.016580870375037193,1.2667615413665771,1.6730257272720337,0.0,0.0
196,teacher_expert,1.0,0.0,0.0,0.39537359539297107,0.0,0.02548786625266075,0.0,1.2959935665130615,1.6601130962371826,0.0,0.0
196,game_cfm_raw,1.0,0.0,0.0,0.3611747803055896,0.0033861193805933,0.032107967883348465,0.029887285083532333,1.2614933252334595,2.4679770469665527,0.0,0.0
196,game_cfm_anchored,1.0,0.0,0.0,0.3633786508901098,0.0,0.0,0.02098320884627078,1.2611945705254908,2.4679583100077314,0.0,0.0
196,nash_reference_hocbf,1.0,0.0,0.0,0.5673772186131335,0.0,0.04334961115738107,0.03680840909775118,1.2419038297361076,1.638709299661137,0.6696914700544465,0.7368597234609623
196,game_cfm_hocbf,1.0,0.0,0.0,0.5673772186131335,0.0,0.04336863984856108,0.036539823223967434,1.2215320804753893,1.684854035531193,0.6950998185117967,0.7042774225721582
197,nash_reference,1.0,0.0,1.0,0.3050884774115627,0.0,0.0,0.014908253215253353,1.4965662956237793,2.2733654975891113,0.0,0.0
197,teacher_expert,1.0,0.0,0.0,0.4037760183239016,0.0,0.018542485311627388,0.0,1.4960379600524902,2.2824056148529053,0.0,0.0
197,game_cfm_raw,1.0,0.0,1.0,0.3103225189875079,0.004498083144426346,0.03317122906446457,0.01838361658155918,1.488171935081482,2.3229730129241943,0.0,0.0
197,game_cfm_anchored,1.0,0.0,1.0,0.32783850682506455,0.0,0.0,0.012850278846008008,1.4922375518049589,2.322970966914646,0.0,0.0
197,nash_reference_hocbf,1.0,0.0,0.0,0.6484718266010998,0.0,0.018492742751743944,0.04060780828946628,1.5069636973129314,2.098593682827876,0.3992740471869328,1.0458905654722834
197,game_cfm_hocbf,1.0,0.0,0.0,0.6482243695120089,0.0,0.01744096648677457,0.04649821424846268,1.5092576188153155,2.1004586974976163,0.3956442831215971,1.0850828448783758
198,nash_reference,1.0,0.0,1.0,0.30247268560853835,0.0,0.0,0.02415727823972702,1.329214334487915,2.0901591777801514,0.0,0.0
198,teacher_expert,1.0,0.0,0.0,0.4411316432930096,0.0,0.0348716638982296,0.0,1.357038974761963,2.1225666999816895,0.0,0.0
198,game_cfm_raw,1.0,0.0,0.0,0.40306585146993273,0.0038409188855439425,0.026222143322229385,0.02506774291396141,1.3101047277450562,2.0924746990203857,0.0,0.0
198,game_cfm_anchored,1.0,0.0,0.0,0.39537602499728813,0.0,0.0,0.020584503606206554,1.3123570092781718,2.0924695830317472,0.0,0.0
198,nash_reference_hocbf,1.0,0.0,0.0,0.5797937596193484,0.0,0.04246067130914474,0.030284728636353366,1.3544068274509145,2.096093827005634,0.7132486388384754,0.5599055015119743
198,game_cfm_hocbf,1.0,0.0,0.0,0.5797937596193484,0.0,0.04351513207820179,0.029475866715681805,1.3437558592114225,2.068478447806399,0.7241379310344828,0.4754462001566689
199,nash_reference,1.0,0.0,1.0,0.31296483398241637,0.0,0.0,0.017262205481529236,1.469416856765747,2.3666586875915527,0.0,0.0
199,teacher_expert,1.0,0.0,0.0,0.4433577947899445,0.0,0.014354275539517403,0.0,1.471213459968567,2.3311829566955566,0.0,0.0
199,game_cfm_raw,1.0,0.0,1.0,0.3481131569540748,0.0041464767418801785,0.02991928532719612,0.024590257555246353,1.5728464126586914,2.246973991394043,0.0,0.0
199,game_cfm_anchored,1.0,0.0,0.0,0.3679172401148781,0.0,0.0,0.017929122979995552,1.577408757886577,2.2469682361201366,0.0,0.0
199,nash_reference_hocbf,1.0,0.0,0.0,0.663907906093018,0.0,0.014348575628552757,0.027084470763082583,1.4585726796065737,2.1034258654988665,0.2540834845735027,1.212185720226104
199,game_cfm_hocbf,1.0,0.0,0.0,0.6801521692569602,0.0,0.013955026660854663,0.031181688066668302,1.5653910446958021,2.133189316879389,0.2250453720508167,1.185638699834143
200,nash_reference,1.0,0.0,1.0,0.27648442625764486,0.0,0.0,0.022570380941033363,1.2441473007202148,1.8150593042373657,0.0,0.0
200,teacher_expert,1.0,0.0,0.0,0.40940133138088763,0.0,0.024528877809643745,0.0,1.2477035522460938,1.8276091814041138,0.0,0.0
200,game_cfm_raw,1.0,0.0,1.0,0.3210886199996165,0.006397726945579052,0.033165737986564636,0.0192911084741354,1.2561919689178467,1.8351258039474487,0.0,0.0
200,game_cfm_anchored,1.0,0.0,1.0,0.30155373988240886,0.0,0.0,0.021453892616087145,1.2583213085263962,1.8351236579349812,0.0,0.0
200,nash_reference_hocbf,1.0,0.0,0.0,0.5982706072363831,0.0,0.10519497146917078,0.05846833296394322,1.2422974836441574,1.7477600875632933,0.8747731397459165,0.987515843206894
200,game_cfm_hocbf,1.0,0.0,0.0,0.5982706072363831,0.0,0.10898109370840985,0.06047366689580285,1.2458496651720963,1.6980776005405613,0.8820326678765881,0.9661215839995839
201,nash_reference,1.0,0.0,1.0,0.2981799255177713,0.0,0.0,0.02025575377047062,1.206516981124878,1.7061238288879395,0.0,0.0
201,teacher_expert,1.0,0.0,0.0,0.4080698671546897,0.0,0.029260404407978058,0.0,1.2330774068832397,1.7269543409347534,0.0,0.0
201,game_cfm_raw,1.0,0.0,1.0,0.30412386883079195,0.005686087533831596,0.015454398468136787,0.022925805300474167,1.275614857673645,1.9144790172576904,0.0,0.0
201,game_cfm_anchored,1.0,0.0,1.0,0.30994553719789353,0.0,0.0,0.0203490044874813,1.2737833231309867,1.9144781836583367,0.0,0.0
201,nash_reference_hocbf,1.0,0.0,0.0,0.6160468498346904,0.0,0.049859888194595595,0.03260990889223916,1.243921376421333,1.6351125428793154,0.7531760435571688,0.5635050992325044
201,game_cfm_hocbf,1.0,0.0,0.0,0.6160468498346904,0.0,0.050070359021357154,0.037356781078814,1.2907531378958053,1.7088888234112978,0.8130671506352087,0.5471234898028193
202,nash_reference,1.0,0.0,1.0,0.30006165646825694,0.0,0.0,0.022232836112380028,1.2848551273345947,1.9770476818084717,0.0,0.0
202,teacher_expert,1.0,0.0,0.0,0.41837467687719404,0.0,0.027786530554294586,0.0,1.309363842010498,1.9944149255752563,0.0,0.0
202,game_cfm_raw,1.0,0.0,1.0,0.3281981317459822,0.004225685261189938,0.034787047654390335,0.02464413084089756,1.3125717639923096,1.897559642791748,0.0,0.0
202,game_cfm_anchored,1.0,0.0,1.0,0.30189620857252814,0.0,0.0,0.02316544036165837,1.3079579954335887,1.8975586552299046,0.0,0.0
202,nash_reference_hocbf,1.0,0.0,0.0,0.542612581690384,0.0,0.02784682315997415,0.03150038065244029,1.319825940916668,1.973132075714008,0.4500907441016334,0.742303850044327
202,game_cfm_hocbf,1.0,0.0,0.0,0.542612581690384,0.0,0.02964609816323535,0.03138199084586359,1.327182409208855,1.965737034076201,0.3702359346642468,0.8233432083307994
203,nash_reference,1.0,0.0,1.0,0.3420341317125452,0.0,0.0,0.014796942472457886,1.436937928199768,2.1452956199645996,0.0,0.0
203,teacher_expert,1.0,0.0,0.0,0.41126304941597547,0.0,0.024078331887722015,0.0,1.4324265718460083,2.1524088382720947,0.0,0.0
203,game_cfm_raw,1.0,0.0,1.0,0.34601865809608057,0.0036858809180557728,0.026899700984358788,0.01989913173019886,1.4604341983795166,2.2175426483154297,0.0,0.0
203,game_cfm_anchored,1.0,0.0,1.0,0.3587532459965198,0.0,0.0,0.0156557852903386,1.4663147797488896,2.217542004976374,0.0,0.0
203,nash_reference_hocbf,1.0,0.0,0.0,0.4878290461841945,0.0,0.05328452087027454,0.0395938999243515,1.4304735819663958,2.0894988557292207,0.7894736842105263,0.6943330768793035
203,game_cfm_hocbf,1.0,0.0,0.0,0.4878290461841945,0.0,0.053290499577427264,0.04199238781399068,1.4105660938961597,1.914027567917769,0.7931034482758621,0.7284779874342073
204,nash_reference,1.0,0.0,1.0,0.29583153678578067,0.0,0.0,0.01310573611408472,1.2652232646942139,1.7797917127609253,0.0,0.0
204,teacher_expert,1.0,0.0,0.0,0.3740133723301811,0.0,0.017519062384963036,0.0,1.259761095046997,1.7695484161376953,0.0,0.0
204,game_cfm_raw,1.0,0.0,1.0,0.3552123740792557,0.003437767270952463,0.026844928041100502,0.014590615406632423,1.2897961139678955,1.8237428665161133,0.0,0.0
204,game_cfm_anchored,1.0,0.0,1.0,0.34069570338669264,0.0,0.0,0.011197642485084616,1.2880121365212147,1.8237445623330786,0.0,0.0
204,nash_reference_hocbf,1.0,0.0,0.0,0.6098791533305407,0.0,0.01592884334679258,0.043695846937246235,1.3072521200197302,1.744353304571819,0.7459165154264973,0.6518093448394227
204,game_cfm_hocbf,1.0,0.0,0.0,0.6098791533305407,0.0,0.015998908586477414,0.04066778881356778,1.3221973904391173,1.8194093293005928,0.6660617059891107,0.6851617619329579
205,nash_reference,1.0,0.0,1.0,0.30354887970221456,0.0,0.0,0.01969613879919052,1.3814857006072998,2.001701831817627,0.0,0.0
205,teacher_expert,1.0,0.0,0.0,0.41839707499318823,0.0,0.027525853365659714,0.0,1.3932158946990967,2.0151803493499756,0.0,0.0
205,game_cfm_raw,1.0,0.0,1.0,0.33834353419642604,0.004834000486880541,0.023275651037693024,0.025319697335362434,1.3656821250915527,2.4550981521606445,0.0,0.0
205,game_cfm_anchored,1.0,0.0,1.0,0.3264900579666278,0.0,0.0,0.0217805459395254,1.3630371347107826,2.455095172501059,0.0,0.0
205,nash_reference_hocbf,1.0,0.0,0.0,0.5105740975382439,0.0,0.04659033264446634,0.03974697167148266,1.417007143436919,2.0710144583595564,0.7931034482758621,0.6815989810328178
205,game_cfm_hocbf,1.0,0.0,0.0,0.5105740975382439,0.0,0.046076979459586755,0.0391173190934701,1.364206595417273,2.2595504654990877,0.6442831215970962,0.7034116686039221
206,nash_reference,1.0,0.0,1.0,0.3098830137013161,0.0,0.0,0.020457342267036438,1.504698395729065,2.2253684997558594,0.0,0.0
206,teacher_expert,1.0,0.0,0.0,0.4232013929620817,0.0,0.033515721559524536,0.0,1.5456830263137817,2.264739513397217,0.0,0.0
206,game_cfm_raw,1.0,0.0,0.0,0.39132910773753793,0.0028165671974420547,0.009203181602060795,0.020076358690857887,1.5560839176177979,2.390507221221924,0.0,0.0
206,game_cfm_anchored,1.0,0.0,0.0,0.38884590976007627,0.0,0.0,0.019917790252158077,1.5565103016411748,2.3905060638432833,0.0,0.0
206,nash_reference_hocbf,1.0,0.0,0.0,0.546227201062617,0.0,0.08015099732636101,0.04001224501283853,1.4936089454061567,2.126050605872934,0.6950998185117967,0.8704456315613998
206,game_cfm_hocbf,1.0,0.0,0.0,0.546227201062617,0.0,0.0798076780363676,0.04340559260808393,1.5456062563967352,2.118381675127363,0.662431941923775,0.7951094010885584
207,nash_reference,1.0,0.0,1.0,0.3047326847421129,0.0,0.0,0.015756113454699516,1.4434376955032349,2.4011740684509277,0.0,0.0
207,teacher_expert,1.0,0.0,0.0,0.3928536943149521,0.0,0.024283915758132935,0.0,1.4388459920883179,2.4129912853240967,0.0,0.0
207,game_cfm_raw,1.0,0.0,0.0,0.42178592690258765,0.0022174406331032515,0.015912361443042755,0.011639334261417389,1.4381518363952637,2.528332471847534,0.0,0.0
207,game_cfm_anchored,1.0,0.0,0.0,0.4266156494494295,0.0,0.0,0.012746597207896013,1.4385868917552505,2.5283339541114374,0.0,0.0
207,nash_reference_hocbf,1.0,0.0,0.0,0.6007427180623164,0.0,0.020238645731249,0.038907963037217094,1.4609041694994809,2.3410429644436803,0.6588021778584392,0.6521438647723937
207,game_cfm_hocbf,1.0,0.0,0.0,0.6007427180623164,0.0,0.019836382187210264,0.0381483698067005,1.4466243756138388,2.2890428755025325,0.6297640653357531,0.5654918384502212
208,nash_reference,1.0,0.0,1.0,0.29597294428056425,0.0,0.0,0.018664246425032616,1.1014983654022217,1.5429273843765259,0.0,0.0
208,teacher_expert,1.0,0.0,0.0,0.38586808713493403,0.0,0.02688402682542801,0.0,1.0994492769241333,1.4911344051361084,0.0,0.0
208,game_cfm_raw,1.0,0.0,1.0,0.33129708183970813,0.0034954713191837072,0.030473146587610245,0.01947324350476265,1.0973314046859741,1.4882694482803345,0.0,0.0
208,game_cfm_anchored,1.0,0.0,1.0,0.34716207250288045,0.0,0.0,0.01634499820659923,1.1006302122493745,1.4882675056453012,0.0,0.0
208,nash_reference_hocbf,1.0,0.0,0.0,0.47689302308389914,0.0,0.10041489878058593,0.05950134467878897,1.1562856243292636,1.5923856672481664,0.8548094373865699,0.9838659203976473
208,game_cfm_hocbf,1.0,0.0,0.0,0.47689302308389914,0.0,0.10106586487489269,0.061156361076558405,1.1447461402147763,1.506730289366903,0.8330308529945554,1.0032325558952107
209,nash_reference,1.0,0.0,1.0,0.30702848434525204,0.0,0.0,0.02556813322007656,1.4797563552856445,2.597566843032837,0.0,0.0
209,teacher_expert,1.0,0.0,0.0,0.36948239527174287,0.0,0.046642933040857315,0.0,1.4589617252349854,2.5520753860473633,0.0,0.0
209,game_cfm_raw,1.0,0.0,1.0,0.35092898385152943,0.004688622895628214,0.03238140046596527,0.03886258602142334,1.5133349895477295,2.654963970184326,0.0,0.0
209,game_cfm_anchored,1.0,0.0,1.0,0.33523532304318704,0.0,0.0,0.030682870892624437,1.5074169442461816,2.654969619818511,0.0,0.0
209,nash_reference_hocbf,1.0,0.0,0.0,0.640156200371762,0.0,0.056406184783676906,0.06088892447482729,1.480847500945877,2.0556086749024276,0.822141560798548,0.957670385241223
209,game_cfm_hocbf,1.0,0.0,0.0,0.6380164403331341,0.0,0.05668331714898559,0.05490410877098825,1.5155238327993374,2.1029976409562603,0.7967332123411979,0.8811692649492099
210,nash_reference,1.0,0.0,1.0,0.3000912179700751,0.0,0.0,0.020647607743740082,1.288476586341858,2.1055803298950195,0.0,0.0
210,teacher_expert,1.0,0.0,0.0,0.424211632140785,0.0,0.029894383624196053,0.0,1.3015499114990234,2.141616106033325,0.0,0.0
210,game_cfm_raw,1.0,0.0,0.0,0.39703271748318075,0.005199418403208256,0.027612589299678802,0.019484659656882286,1.2827552556991577,2.1697158813476562,0.0,0.0
210,game_cfm_anchored,1.0,0.0,0.0,0.388949399012646,0.0,0.0,0.016655562370918895,1.283091065871404,2.1697172273626992,0.0,0.0
210,nash_reference_hocbf,1.0,0.0,0.0,0.6029005126324382,0.0,0.034501346573698854,0.03280718558716538,1.321931846624423,2.062193682137235,0.7513611615245009,0.5276439948291339
210,game_cfm_hocbf,1.0,0.0,0.0,0.6029005126324382,0.0,0.0339730285214854,0.03316492161136591,1.3155074218555232,2.064393560368221,0.7368421052631579,0.47538945385497683
211,nash_reference,1.0,0.0,1.0,0.3078197185587873,0.0,0.0,0.015303346328437328,1.3419551849365234,1.89776611328125,0.0,0.0
211,teacher_expert,1.0,0.0,0.0,0.4295755674563247,0.0,0.009899547323584557,0.0,1.3677246570587158,1.921935796737671,0.0,0.0
211,game_cfm_raw,1.0,0.0,1.0,0.307250541325521,0.00481199286878109,0.028182916343212128,0.023266855627298355,1.35292387008667,1.9800477027893066,0.0,0.0
211,game_cfm_anchored,1.0,0.0,1.0,0.2925687609124209,0.0,0.0,0.019198670672416727,1.3556501376571286,1.980051168469946,0.0,0.0
211,nash_reference_hocbf,1.0,0.0,0.0,0.640393494878279,0.0,0.014514881330424487,0.03090374092395874,1.327565291314319,1.8216283685552777,0.5753176043557169,0.6480840510555583
211,game_cfm_hocbf,1.0,0.0,0.0,0.640393494878279,0.0,0.016952819148971798,0.03383481780964748,1.3358763825141555,1.8447447029487198,0.5045372050816697,0.7696983482411319
212,nash_reference,1.0,0.0,1.0,0.3151886751407341,0.0,0.0,0.015358809381723404,1.585422158241272,2.505582094192505,0.0,0.0
212,teacher_expert,1.0,0.0,0.0,0.4233630147970904,0.0,0.014199674129486084,0.0,1.577423334121704,2.4645910263061523,0.0,0.0
212,game_cfm_raw,1.0,0.0,0.0,0.4208283322136223,0.0026097623631358147,0.023347003385424614,0.01915978081524372,1.5886237621307373,2.6037368774414062,0.0,0.0
212,game_cfm_anchored,1.0,0.0,0.0,0.41582831315560287,0.0,0.0,0.013716253452462215,1.5876240704362785,2.603739304254752,0.0,0.0
212,nash_reference_hocbf,1.0,0.0,0.0,0.6494072948604345,0.0,0.019927186743164453,0.034011628259726555,1.58150990212689,2.357991941717438,0.6588021778584392,0.6825485004466261
212,game_cfm_hocbf,1.0,0.0,0.0,0.6506640433916541,0.0,0.02133394041671399,0.034250273733944916,1.561846482195389,2.4091693298147168,0.542649727767695,0.6454954278780393
213,nash_reference,1.0,0.0,1.0,0.30807012626023056,0.0,0.0,0.021228211000561714,1.403743863105774,2.16359281539917,0.0,0.0
213,teacher_expert,1.0,0.0,0.0,0.41662326598091926,0.0,0.0328352190554142,0.0,1.4171286821365356,2.1761462688446045,0.0,0.0
213,game_cfm_raw,1.0,0.0,1.0,0.3451925974000778,0.004123999737203121,0.03346491605043411,0.03559177368879318,1.4011025428771973,2.193742513656616,0.0,0.0
213,game_cfm_anchored,1.0,0.0,1.0,0.33262628452108406,0.0,0.0,0.02848056095816949,1.3997168123330601,2.1937417998218574,0.0,0.0
213,nash_reference_hocbf,1.0,0.0,0.0,0.6133788969508165,0.0,0.04475895241525441,0.028784921646387327,1.4471319237774312,2.0919448504231504,0.6696914700544465,0.5611931238120013
213,game_cfm_hocbf,1.0,0.0,0.0,0.6133788969508165,0.0,0.04424358352612773,0.03301474106654264,1.4471913781635055,2.130084922268975,0.5045372050816697,0.6342594596012923
214,nash_reference,1.0,0.0,1.0,0.2963719746451679,0.0,0.0,0.02086026780307293,1.2744779586791992,1.6372723579406738,0.0,0.0
214,teacher_expert,1.0,0.0,0.0,0.41115289795241844,0.0,0.030937496572732925,0.0,1.2964749336242676,1.6519776582717896,0.0,0.0
214,game_cfm_raw,1.0,0.0,1.0,0.3140363450346187,0.0025868788361549377,0.030349457636475563,0.024315258488059044,1.3095256090164185,2.1215591430664062,0.0,0.0
214,game_cfm_anchored,1.0,0.0,1.0,0.30064772151580443,0.0,0.0,0.021807593323137565,1.3155783455260845,2.1215635174938168,0.0,0.0
214,nash_reference_hocbf,1.0,0.0,0.0,0.5814405831316228,0.0,0.08730712480968764,0.05454121903677177,1.1983943857101025,1.6168159458775762,0.7713248638838476,0.9560956692964835
214,game_cfm_hocbf,1.0,0.0,0.0,0.5814405831316228,0.0,0.08802500319940489,0.05680641819196579,1.1955271136658194,2.039457297502819,0.7368421052631579,0.9590732766744393
215,nash_reference,1.0,0.0,1.0,0.29673793205124543,0.0,0.0,0.016746964305639267,1.273126244544983,1.8741685152053833,0.0,0.0
215,teacher_expert,1.0,0.0,0.0,0.36388619995063193,0.0,0.02892749197781086,0.0,1.2657036781311035,1.8363635540008545,0.0,0.0
215,game_cfm_raw,1.0,0.0,1.0,0.3522811180647752,0.007292894646525383,0.022580165416002274,0.023640604689717293,1.2573882341384888,1.9148752689361572,0.0,0.0
215,game_cfm_anchored,1.0,0.0,1.0,0.34211575211786116,0.0,0.0,0.020248518515673396,1.2540558511976772,1.9148763697292284,0.0,0.0
215,nash_reference_hocbf,1.0,0.0,0.0,0.6431055911118866,0.0,0.02796310346026005,0.05358312723744257,1.2898911508681532,1.5491905684477567,0.5281306715063521,1.0643997297032843
215,game_cfm_hocbf,1.0,0.0,0.0,0.6425966289675303,0.0,0.02743116840680418,0.05079337893200535,1.2955554536996947,1.6329576080383368,0.52994555353902,0.9652307672798768
216,nash_reference,1.0,0.0,1.0,0.30003631714097984,0.0,0.0,0.013045546598732471,1.2261043787002563,1.6404162645339966,0.0,0.0
216,teacher_expert,1.0,0.0,0.0,0.406751463651305,0.0,0.010096450336277485,0.0,1.2515805959701538,1.64254629611969,0.0,0.0
216,game_cfm_raw,1.0,0.0,1.0,0.35407249338973334,0.00458336528390646,0.018525362014770508,0.014046884141862392,1.2502366304397583,1.8046940565109253,0.0,0.0
216,game_cfm_anchored,1.0,0.0,1.0,0.3480939803084112,0.0,0.0,0.010476703378858383,1.2506044631947113,1.8046921474255815,0.0,0.0
216,nash_reference_hocbf,1.0,0.0,0.0,0.6224055133825525,0.0,0.01884668093341683,0.03152016840198457,1.2563549226859985,1.5690595231376057,0.6424682395644283,0.6000771218456994
216,game_cfm_hocbf,1.0,0.0,0.0,0.6224055133825525,0.0,0.01872803714334019,0.031072972787403806,1.2404048157797325,1.5635625598414542,0.631578947368421,0.5742823994643146
217,nash_reference,1.0,0.0,1.0,0.3061111334161607,0.0,0.0,0.027451643720269203,1.3314849138259888,2.175039768218994,0.0,0.0
217,teacher_expert,1.0,0.0,0.0,0.42805843746046285,0.0,0.040117695927619934,0.0,1.3399635553359985,2.185577392578125,0.0,0.0
217,game_cfm_raw,1.0,0.0,1.0,0.3243063144888003,0.0017606050241738558,0.03183331713080406,0.032352514564991,1.3827428817749023,2.3075499534606934,0.0,0.0
217,game_cfm_anchored,1.0,0.0,1.0,0.31544406391238416,0.0,0.0,0.027836793254934544,1.3811332515335908,2.3075458781797002,0.0,0.0
217,nash_reference_hocbf,1.0,0.0,0.0,0.6601778107173457,0.0,0.040168393888328505,0.026830814226101854,1.3858080483108794,2.1605217719289165,0.2631578947368421,0.9509492386387565
217,game_cfm_hocbf,1.0,0.0,0.0,0.6595582528339211,0.0,0.038959575618654554,0.029925693966086152,1.348052892541143,2.1250818430257326,0.2323049001814882,1.0352140799057004
218,nash_reference,1.0,0.0,1.0,0.30146714542419156,0.0,0.0,0.017904242500662804,1.4200502634048462,2.1100454330444336,0.0,0.0
218,teacher_expert,1.0,0.0,0.0,0.41769899721140147,0.0,0.024971839040517807,0.0,1.4542001485824585,2.1419179439544678,0.0,0.0
218,game_cfm_raw,1.0,0.0,0.0,0.38131770099722656,0.002900386694818735,0.03027983382344246,0.021153908222913742,1.447426438331604,2.207089424133301,0.0,0.0
218,game_cfm_anchored,1.0,0.0,0.0,0.3937495663993742,0.0,0.0,0.01626934065625766,1.441694097155029,2.20708902166177,0.0,0.0
218,nash_reference_hocbf,1.0,0.0,0.0,0.6434237121244507,0.0,0.02431200631482494,0.029817130892604172,1.4406140856104468,2.105943906019136,0.5970961887477314,0.5756088933277627
218,game_cfm_hocbf,1.0,0.0,0.0,0.6455804293868461,0.0,0.0249239275541936,0.03196568600092377,1.446702091276751,2.1326559735719557,0.44101633393829404,0.6390552928873633
219,nash_reference,1.0,0.0,1.0,0.3050102312039842,0.0,0.0,0.019831039011478424,1.2747046947479248,2.053997278213501,0.0,0.0
219,teacher_expert,1.0,0.0,0.0,0.39379627209843704,0.0,0.03452932834625244,0.0,1.2784898281097412,2.0735268592834473,0.0,0.0
219,game_cfm_raw,1.0,0.0,0.0,0.38621493982045313,0.004275334533303976,0.022828221321105957,0.027097733691334724,1.354897141456604,2.1203293800354004,0.0,0.0
219,game_cfm_anchored,1.0,0.0,0.0,0.3718041263551705,0.0,0.0,0.024013424848344317,1.35296268813136,2.12033281959149,0.0,0.0
219,nash_reference_hocbf,1.0,0.0,0.0,0.5023645540736204,0.0,0.07580721201397961,0.05051182504978956,1.3012727368928256,2.089269157072796,0.8312159709618875,0.9028328889751523
219,game_cfm_hocbf,1.0,0.0,0.0,0.5023645540736204,0.0,0.07594876337460058,0.0519754220840768,1.3486257925940968,2.152558348859454,0.7495462794918331,0.9218344058217133
220,nash_reference,1.0,0.0,1.0,0.2985614841268247,0.0,0.0,0.01713450253009796,1.2524347305297852,1.7557039260864258,0.0,0.0
220,teacher_expert,1.0,0.0,0.0,0.38328141494449713,0.0,0.02769036963582039,0.0,1.2383288145065308,1.7494101524353027,0.0,0.0
220,game_cfm_raw,1.0,0.0,1.0,0.3598822514210423,0.0038542652036994696,0.02548852562904358,0.020690979436039925,1.259078860282898,1.9254648685455322,0.0,0.0
220,game_cfm_anchored,1.0,0.0,1.0,0.34892247602407145,0.0,0.0,0.01759023415492055,1.2606515119738262,1.9254661227972405,0.0,0.0
220,nash_reference_hocbf,1.0,0.0,0.0,0.6253147706317934,0.0,0.03499112664380846,0.036931142141700436,1.2786808110802466,1.7141830665449067,0.7695099818511797,0.5970226823367205
220,game_cfm_hocbf,1.0,0.0,0.0,0.6253147706317934,0.0,0.0350014717077383,0.035951658917338154,1.2880117489415372,1.8127206796518194,0.7513611615245009,0.5421451653894155
221,nash_reference,1.0,0.0,1.0,0.3005493459691833,0.0,0.0,0.016187438741326332,1.4838460683822632,2.210293769836426,0.0,0.0
221,teacher_expert,1.0,0.0,0.0,0.3923978715817209,0.0,0.022770222276449203,0.0,1.492111325263977,2.183922052383423,0.0,0.0
221,game_cfm_raw,1.0,0.0,1.0,0.34984188913011494,0.0025395317934453487,0.014957794919610023,0.014505403116345406,1.486997365951538,2.250775098800659,0.0,0.0
221,game_cfm_anchored,1.0,0.0,1.0,0.35544938871353854,0.0,0.0,0.014154925382887828,1.4877935333356542,2.2507687974520127,0.0,0.0
221,nash_reference_hocbf,1.0,0.0,0.0,0.6427232472327965,0.0,0.023140992268835214,0.0564216616104814,1.5037094018115817,1.9838878515629736,0.7078039927404719,0.8831785874198614
221,game_cfm_hocbf,1.0,0.0,0.0,0.6422373940919253,0.0,0.02249806719576357,0.05339416949451956,1.5292738115715827,2.010789790968835,0.676950998185118,0.8815404110639729
222,nash_reference,1.0,0.0,1.0,0.30300206568538673,0.0,0.0,0.015982605516910553,1.3805338144302368,1.9188555479049683,0.0,0.0
222,teacher_expert,1.0,0.0,0.0,0.4068618642561191,0.0,0.019333506003022194,0.0,1.3783793449401855,1.9472311735153198,0.0,0.0
222,game_cfm_raw,1.0,0.0,1.0,0.3525544974546004,0.0037529636174440384,0.015904625877738,0.014368773438036442,1.4149386882781982,1.9580841064453125,0.0,0.0
222,game_cfm_anchored,1.0,0.0,1.0,0.35031851725294666,0.0,0.0,0.015069785909021484,1.4161244979777108,1.9580848264436879,0.0,0.0
222,nash_reference_hocbf,1.0,0.0,0.0,0.6220225753053448,0.0,0.01940932828011569,0.0291089859464527,1.376219005166434,1.9238078983304987,0.41379310344827586,0.7528006673837597
222,game_cfm_hocbf,1.0,0.0,0.0,0.6220225753053448,0.0,0.019234035844374022,0.03053561831206773,1.4054434826148052,1.8744125431886742,0.3448275862068966,0.7685348581275913
223,nash_reference,1.0,0.0,1.0,0.30603969886429694,0.0,0.0,0.025840966030955315,1.4242758750915527,2.2709333896636963,0.0,0.0
223,teacher_expert,1.0,0.0,0.0,0.4235044621640838,0.0,0.03832564875483513,0.0,1.4375790357589722,2.2941465377807617,0.0,0.0
223,game_cfm_raw,1.0,0.0,0.0,0.4036869695445289,0.002782772993668914,0.02099701389670372,0.02592364139854908,1.44265615940094,2.353395462036133,0.0,0.0
223,game_cfm_anchored,1.0,0.0,0.0,0.3934337604051117,0.0,0.0,0.023178868285270635,1.4410727080541805,2.353391911977294,0.0,0.0
223,nash_reference_hocbf,1.0,0.0,0.0,0.5924956387193488,0.0,0.04725773562994817,0.028971052527497803,1.4449453251993964,2.206570520535222,0.6987295825771325,0.49812966037760764
223,game_cfm_hocbf,1.0,0.0,0.0,0.5924956387193488,0.0,0.04792204359321363,0.02886675526371026,1.4475008726262997,2.2064633254179444,0.5916515426497277,0.46208225096813044
224,nash_reference,1.0,0.0,1.0,0.3010182721492896,0.0,0.0,0.016674481332302094,1.3190910816192627,1.8330532312393188,0.0,0.0
224,teacher_expert,1.0,0.0,0.0,0.38588261358582143,0.0,0.026411980390548706,0.0,1.3198974132537842,1.8425332307815552,0.0,0.0
224,game_cfm_raw,1.0,0.0,1.0,0.34991434639547236,0.002718874718993902,0.02015950158238411,0.017187977209687233,1.3766260147094727,2.009254217147827,0.0,0.0
224,game_cfm_anchored,1.0,0.0,1.0,0.35157150716264457,0.0,0.0,0.017036571932999553,1.374285142792028,2.0092547394558613,0.0,0.0
224,nash_reference_hocbf,1.0,0.0,0.0,0.6163804175422942,0.0,0.02589691995494995,0.03595600571448079,1.352226669744789,1.8032228330720235,0.6660617059891107,0.5875342726410205
224,game_cfm_hocbf,1.0,0.0,0.0,0.6163804175422942,0.0,0.025936479800943806,0.0358014859873627,1.3742406106957394,1.8783355664190047,0.5626134301270418,0.5592436295009262
225,nash_reference,1.0,0.0,1.0,0.303491288798305,0.0,0.0,0.01773325726389885,1.3317450284957886,1.7354494333267212,0.0,0.0
225,teacher_expert,1.0,0.0,0.0,0.4028533722266221,0.0,0.027301998808979988,0.0,1.3505280017852783,1.7231509685516357,0.0,0.0
225,game_cfm_raw,1.0,0.0,0.0,0.39915205830147243,0.002994546666741371,0.017932716757059097,0.021309228613972664,1.329656958580017,1.7763938903808594,0.0,0.0
225,game_cfm_anchored,1.0,0.0,0.0,0.3936335393160599,0.0,0.0,0.017592252500936812,1.332457830004079,1.7763961708024898,0.0,0.0
225,nash_reference_hocbf,1.0,0.0,0.0,0.6260846313304282,0.0,0.026986966482817863,0.03819387641402017,1.2475167544337942,1.7520932029863006,0.397459165154265,1.1423074987064952
225,game_cfm_hocbf,1.0,0.0,0.0,0.6260846313304282,0.0,0.026994061819175658,0.038012415368016486,1.2408386099608095,1.7747216587650343,0.4047186932849365,0.9620034720006905
226,nash_reference,1.0,0.0,1.0,0.3023378978649226,0.0,0.0,0.018582284450531006,1.274585247039795,2.0277161598205566,0.0,0.0
226,teacher_expert,1.0,0.0,0.0,0.39586270590034167,0.0,0.028055228292942047,0.0,1.2840747833251953,2.0454866886138916,0.0,0.0
226,game_cfm_raw,1.0,0.0,0.0,0.3906157424706272,0.003664853051304817,0.01930970884859562,0.01132571417838335,1.2685511112213135,1.9874155521392822,0.0,0.0
226,game_cfm_anchored,1.0,0.0,0.0,0.3953353982660587,0.0,0.0,0.013327717143288722,1.2682557773627916,1.9874129692653713,0.0,0.0
226,nash_reference_hocbf,1.0,0.0,0.0,0.6207566355282176,0.0,0.028891519090565646,0.03355032267432479,1.3025357285946901,1.9904201115584441,0.79491833030853,0.5293313671978959
226,game_cfm_hocbf,1.0,0.0,0.0,0.6207566355282176,0.0,0.028598072978218238,0.03333195163078451,1.2995792384331635,1.9478846866285509,0.7531760435571688,0.4737944215803261
227,nash_reference,1.0,0.0,1.0,0.29891595637816787,0.0,0.0,0.022273357957601547,1.3120487928390503,1.8418006896972656,0.0,0.0
227,teacher_expert,1.0,0.0,0.0,0.3986332577037265,0.0,0.03576010465621948,0.0,1.330125093460083,1.858528733253479,0.0,0.0
227,game_cfm_raw,1.0,0.0,1.0,0.3421812398243319,0.002726171165704727,0.036842651665210724,0.017855193465948105,1.33090341091156,2.019949436187744,0.0,0.0
227,game_cfm_anchored,1.0,0.0,1.0,0.3272828484356121,0.0,0.0,0.017285145594705568,1.3244472872177935,2.019951120398477,0.0,0.0
227,nash_reference_hocbf,1.0,0.0,0.0,0.6477958385699104,0.0,0.03580804297493139,0.03261434297713758,1.3509811157505343,1.8076622160403581,0.4029038112522686,0.8097740531655615
227,game_cfm_hocbf,1.0,0.0,0.0,0.6478713275072584,0.0,0.03450113973088845,0.03507742154277985,1.3393921520463095,1.77697463019481,0.38656987295825773,0.7427658173542108
228,nash_reference,1.0,0.0,1.0,0.30676497717112566,0.0,0.0,0.02148718200623989,1.563617467880249,2.3005669116973877,0.0,0.0
228,teacher_expert,1.0,0.0,0.0,0.4679776289549701,0.0,0.021120566874742508,0.0,1.5987322330474854,2.334156036376953,0.0,0.0
228,game_cfm_raw,1.0,0.0,1.0,0.3494344731167479,0.007435362320393324,0.033331066370010376,0.021984683349728584,1.6114616394042969,2.9278781414031982,0.0,0.0
228,game_cfm_anchored,1.0,0.0,1.0,0.3274540841976445,0.0,0.0,0.02110725903424508,1.6180850044922241,2.9278746105531845,0.0,0.0
228,nash_reference_hocbf,1.0,0.0,0.0,0.6494488308274616,0.0,0.03716090593045121,0.03318602279040425,1.5169273397933152,2.2715888559308404,0.6969147005444646,0.6591819061050627
228,game_cfm_hocbf,1.0,0.0,0.0,0.6495269009189755,0.0,0.037805370799286656,0.03685875252176696,1.492295315666437,2.7571911860584177,0.6823956442831216,0.59724552916741
229,nash_reference,1.0,0.0,1.0,0.2966309016214031,0.0,0.0,0.01544391643255949,1.1817255020141602,1.6964266300201416,0.0,0.0
229,teacher_expert,1.0,0.0,0.0,0.38024919211067587,0.0,0.026230517774820328,0.0,1.2147173881530762,1.7272474765777588,0.0,0.0
229,game_cfm_raw,1.0,0.0,1.0,0.34611421162647493,0.00618315301835537,0.02229035459458828,0.024814622476696968,1.2438243627548218,1.8100957870483398,0.0,0.0
229,game_cfm_anchored,1.0,0.0,1.0,0.32672336900739907,0.0,0.0,0.017956510294725208,1.2471507119964476,1.8100983429876512,0.0,0.0
229,nash_reference_hocbf,1.0,0.0,0.0,0.5243511666807289,0.0,0.07595401322876516,0.043736911384721966,1.1925955705692763,1.5738535213165126,0.9038112522686026,0.7089926731054224
229,game_cfm_hocbf,1.0,0.0,0.0,0.5243511666807289,0.0,0.07578306499106124,0.04673428639218502,1.244518171643984,1.5728315005525015,0.8275862068965517,0.7016147275296105
230,nash_reference,1.0,0.0,1.0,0.2951724281881902,0.0,0.0,0.019602889195084572,1.2291324138641357,1.7622514963150024,0.0,0.0
230,teacher_expert,1.0,0.0,0.0,0.38006587023896077,0.0,0.03263114392757416,0.0,1.2240186929702759,1.767581582069397,0.0,0.0
230,game_cfm_raw,1.0,0.0,1.0,0.3290037831818586,0.0037074838764965534,0.01713649183511734,0.025694504380226135,1.3091070652008057,1.8214775323867798,0.0,0.0
230,game_cfm_anchored,1.0,0.0,1.0,0.3274133637090088,0.0,0.0,0.02261015952423329,1.3075446186908495,1.8214745717901881,0.0,0.0
230,nash_reference_hocbf,1.0,0.0,0.0,0.5014598870758507,0.0,0.04063315923671788,0.0459739877973311,1.2676700326854444,1.777489234486026,0.7749546279491834,0.694604390883673
230,game_cfm_hocbf,1.0,0.0,0.0,0.5014598870758507,0.0,0.04080836860817057,0.042970731731630185,1.3067808712565352,1.78593678705359,0.7023593466424682,0.6740612553312247
231,nash_reference,1.0,0.0,1.0,0.30239805965718475,0.0,0.0,0.024681955575942993,1.3369389772415161,1.8349381685256958,0.0,0.0
231,teacher_expert,1.0,0.0,0.0,0.41100101789576815,0.0,0.03664981573820114,0.0,1.365104079246521,1.8535419702529907,0.0,0.0
231,game_cfm_raw,1.0,0.0,0.0,0.39951071568581886,0.0013444770593196154,0.016573233529925346,0.022739991545677185,1.3600895404815674,1.7978800535202026,0.0,0.0
231,game_cfm_anchored,1.0,0.0,0.0,0.4015961401267709,0.0,0.0,0.022873093550953048,1.360868737381946,1.7978839882623094,0.0,0.0
231,nash_reference_hocbf,1.0,0.0,0.0,0.6535012682183597,0.0,0.03655650414990622,0.02881403474407048,1.3727407877926567,1.8288993907423314,0.2958257713248639,1.0359461073208287
231,game_cfm_hocbf,1.0,0.0,0.0,0.6520900242381207,0.0,0.03686206884955492,0.02860716216698046,1.3726638441502519,1.7806460400808473,0.2849364791288566,0.7572988738040739
232,nash_reference,1.0,0.0,1.0,0.3033955526212031,0.0,0.0,0.02085709385573864,1.5332152843475342,2.4159204959869385,0.0,0.0
232,teacher_expert,1.0,0.0,0.0,0.4191516127983894,0.0,0.030700337141752243,0.0,1.5433810949325562,2.4285714626312256,0.0,0.0
232,game_cfm_raw,1.0,0.0,1.0,0.3388568619622292,0.002563082380220294,0.02306983806192875,0.02409222163259983,1.553525686264038,2.552617073059082,0.0,0.0
232,game_cfm_anchored,1.0,0.0,1.0,0.3400588064044289,0.0,0.0,0.020985374343411228,1.5550804740283606,2.5526201104489976,0.0,0.0
232,nash_reference_hocbf,1.0,0.0,0.0,0.5661594822856707,0.0,0.043869717134346294,0.03872945332313607,1.5511587767798416,2.38057378577842,0.7894736842105263,0.6721092910635039
232,game_cfm_hocbf,1.0,0.0,0.0,0.5661594822856707,0.0,0.045416091982140014,0.039532213159308494,1.5469099917803932,2.283489541236374,0.7676950998185118,0.6253606093895883
233,nash_reference,1.0,0.0,1.0,0.30402477534976374,0.0,0.0,0.025078628212213516,1.3037928342819214,1.8593924045562744,0.0,0.0
233,teacher_expert,1.0,0.0,0.0,0.4529469257786216,0.0,0.034079257398843765,0.0,1.3299823999404907,1.8904651403427124,0.0,0.0
233,game_cfm_raw,1.0,0.0,1.0,0.30502970663907375,0.004289194010198116,0.027062447741627693,0.028963614255189896,1.3772616386413574,2.1915218830108643,0.0,0.0
233,game_cfm_anchored,1.0,0.0,1.0,0.30992266984827316,0.0,0.0,0.024812314861336386,1.3785461311544358,2.1915229347744134,0.0,0.0
233,nash_reference_hocbf,1.0,0.0,0.0,0.5892873304616754,0.0,0.06213223875518191,0.03252794725105063,1.3120094253901886,1.8612547370848493,0.6950998185117967,0.6495082562995409
233,game_cfm_hocbf,1.0,0.0,0.0,0.5892873304616754,0.0,0.061866699376735904,0.0359455775404131,1.315656937241161,2.0843753873567024,0.6660617059891107,0.6585723534916931
234,nash_reference,1.0,0.0,1.0,0.3051723852641518,0.0,0.0,0.015680810436606407,1.467756986618042,2.3780672550201416,0.0,0.0
234,teacher_expert,1.0,0.0,0.0,0.36017599696661806,0.0,0.03930404782295227,0.0,1.461043357849121,2.1718227863311768,0.0,0.0
234,game_cfm_raw,1.0,0.0,1.0,0.3369349027072424,0.006466776132583618,0.026750029996037483,0.020446939393877983,1.4974684715270996,2.321594476699829,0.0,0.0
234,game_cfm_anchored,1.0,0.0,1.0,0.35480079167254586,0.0,0.0,0.02035514189207983,1.499628370129211,2.3215906717192882,0.0,0.0
234,nash_reference_hocbf,1.0,0.0,0.0,0.40393173102116686,0.0,0.10308283859465817,0.06923671902808247,1.5167515366246096,2.1912386134758473,0.8312159709618875,1.2871136952039999
234,game_cfm_hocbf,1.0,0.0,0.0,0.40393173102116686,0.0,0.10297081223766966,0.06839050700887786,1.5446839898920117,2.1626692237331615,0.8312159709618875,1.229487460110708
235,nash_reference,1.0,0.0,1.0,0.2945203017176817,0.0,0.0,0.015522702597081661,1.1658371686935425,1.511738657951355,0.0,0.0
235,teacher_expert,1.0,0.0,0.0,0.40146978894694607,0.0,0.018346160650253296,0.0,1.1692407131195068,1.503578782081604,0.0,0.0
235,game_cfm_raw,1.0,0.0,0.0,0.3948153012949418,0.0016478323377668858,0.0266589168459177,0.014447888359427452,1.1757107973098755,1.8438116312026978,0.0,0.0
235,game_cfm_anchored,1.0,0.0,0.0,0.39449501960595346,0.0,0.0,0.011712963706237015,1.1732035687594897,1.8438054344654182,0.0,0.0
235,nash_reference_hocbf,1.0,0.0,0.0,0.47667489116649897,0.0,0.08356656435693405,0.05336598522397707,1.2356899446650125,1.6408369088709567,0.8185117967332124,0.8807779093261602
235,game_cfm_hocbf,1.0,0.0,0.0,0.47667489116649897,0.0,0.08384541687701458,0.05012323174777034,1.23343531623159,1.6767486774567901,0.8366606170598911,0.7785392461442997
236,nash_reference,1.0,0.0,1.0,0.3135938792502803,0.0,0.0,0.017458733171224594,1.5329339504241943,2.4422249794006348,0.0,0.0
236,teacher_expert,1.0,0.0,0.0,0.4503481570549342,0.0,0.019296877086162567,0.0,1.5709912776947021,2.456242322921753,0.0,0.0
236,game_cfm_raw,1.0,0.0,0.0,0.36985008551449,0.0015426166355609894,0.030565164983272552,0.01697813719511032,1.5265830755233765,2.3025617599487305,0.0,0.0
236,game_cfm_anchored,1.0,0.0,0.0,0.3778052691971326,0.0,0.0,0.013660083378010968,1.5283440909571533,2.3025580385579674,0.0,0.0
236,nash_reference_hocbf,1.0,0.0,0.0,0.665784401111106,0.0,0.01963048865325774,0.025799678595211456,1.5469261812878445,2.3780371546676355,0.2558983666061706,1.2347080264898211
236,game_cfm_hocbf,1.0,0.0,0.0,0.6645851951422366,0.0,0.01918172749536517,0.02641788507334773,1.540058517171132,2.2566280644540857,0.23411978221415608,1.1324535351538918
237,nash_reference,1.0,0.0,1.0,0.30026069727956556,0.0,0.0,0.017648961395025253,1.2599303722381592,1.8453408479690552,0.0,0.0
237,teacher_expert,1.0,0.0,0.0,0.3766856223343764,0.0,0.03432852774858475,0.0,1.2952244281768799,1.8820136785507202,0.0,0.0
237,game_cfm_raw,1.0,0.0,0.0,0.37975885642440144,0.004366065841168165,0.019386649131774902,0.026804838329553604,1.2714704275131226,1.9606764316558838,0.0,0.0
237,game_cfm_anchored,1.0,0.0,0.0,0.37220229293158236,0.0,0.0,0.022823672092934563,1.2718422478293425,1.960673511936442,0.0,0.0
237,nash_reference_hocbf,1.0,0.0,0.0,0.6044076002941428,0.0,0.04709674621382076,0.03335086105581388,1.3220486437731123,1.7941929231765867,0.7858439201451906,0.5626313370206276
237,game_cfm_hocbf,1.0,0.0,0.0,0.6044076002941428,0.0,0.04703455036824361,0.03398045877792406,1.3344957766814596,1.7948582110103828,0.7041742286751361,0.5166331717749109
238,nash_reference,1.0,0.0,1.0,0.2990573018845508,0.0,0.0,0.012743313796818256,1.257010817527771,1.6625300645828247,0.0,0.0
238,teacher_expert,1.0,0.0,0.0,0.38227666524195963,0.0,0.017816070467233658,0.0,1.2546002864837646,1.6693618297576904,0.0,0.0
238,game_cfm_raw,1.0,0.0,1.0,0.3453704203519793,0.004541975446045399,0.029941655695438385,0.021575039252638817,1.2656322717666626,1.7099146842956543,0.0,0.0
238,game_cfm_anchored,1.0,0.0,1.0,0.329015910524651,0.0,0.0,0.0161026997471918,1.2660721184834434,1.7099174490486033,0.0,0.0
238,nash_reference_hocbf,1.0,0.0,0.0,0.5155941006540836,0.0,0.06093031838178955,0.049166022640471055,1.3037910022548018,1.761630931829418,0.8058076225045372,0.8400482300062391
238,game_cfm_hocbf,1.0,0.0,0.0,0.5155941006540836,0.0,0.061166549075181,0.05002443360383031,1.2943067106738613,1.733617298294631,0.7912885662431942,0.819070963121045
239,nash_reference,1.0,0.0,1.0,0.30383722045887734,0.0,0.0,0.021287931129336357,1.3975013494491577,2.2743685245513916,0.0,0.0
239,teacher_expert,1.0,0.0,0.0,0.40257441980800096,0.0,0.033502835780382156,0.0,1.3967759609222412,2.2961981296539307,0.0,0.0
239,game_cfm_raw,1.0,0.0,0.0,0.38767691927791764,0.0051574124954640865,0.03866296261548996,0.03461330011487007,1.415682077407837,2.3265206813812256,0.0,0.0
239,game_cfm_anchored,1.0,0.0,0.0,0.36145643745491174,0.0,0.0,0.024676902325038816,1.408893132241394,2.326520226891527,0.0,0.0
239,nash_reference_hocbf,1.0,0.0,0.0,0.5815953591434906,0.0,0.04795309080203675,0.03312373760245787,1.4178379983749352,2.2126546237303866,0.7404718693284936,0.5767966574247683
239,game_cfm_hocbf,1.0,0.0,0.0,0.5815953591434906,0.0,0.04786367905288065,0.03437219555535639,1.4107077011652307,2.15888903337436,0.6896551724137931,0.5221511759049835
240,nash_reference,1.0,0.0,1.0,0.3019754349594624,0.0,0.0,0.026565726846456528,1.3596380949020386,2.2027299404144287,0.0,0.0
240,teacher_expert,1.0,0.0,0.0,0.3818992335784876,0.0,0.048115551471710205,0.0,1.359503149986267,2.164329767227173,0.0,0.0
240,game_cfm_raw,1.0,0.0,1.0,0.321257801081604,0.004454535897821188,0.028022009879350662,0.032060395926237106,1.4218040704727173,2.162290096282959,0.0,0.0
240,game_cfm_anchored,1.0,0.0,1.0,0.333610923888724,0.0,0.0,0.029368072435088464,1.4268684440576398,2.1622885197629538,0.0,0.0
240,nash_reference_hocbf,1.0,0.0,0.0,0.6433695471859714,0.0,0.04818166127374021,0.037043455549477154,1.3929163570281102,1.8834475582730703,0.44464609800362975,0.9392132948206775
240,game_cfm_hocbf,1.0,0.0,0.0,0.6424600571658678,0.0,0.047271785769657224,0.03557261628518631,1.3952074842301716,1.789791626205791,0.4627949183303085,0.7923768740442194
241,nash_reference,1.0,0.0,1.0,0.30336800515276,0.0,0.0,0.0230629350990057,1.3600707054138184,2.009474754333496,0.0,0.0
241,teacher_expert,1.0,0.0,0.0,0.4252103485911002,0.0,0.03396020829677582,0.0,1.389257788658142,2.0362467765808105,0.0,0.0
241,game_cfm_raw,1.0,0.0,0.0,0.40382262197627494,0.0021584935020655394,0.02146662399172783,0.02541130781173706,1.4078669548034668,2.0740253925323486,0.0,0.0
241,game_cfm_anchored,1.0,0.0,0.0,0.3934244692249871,0.0,0.0,0.020952361809192195,1.4137783169248235,2.074028184795155,0.0,0.0
241,nash_reference_hocbf,1.0,0.0,0.0,0.6595953782920803,0.0,0.033913053092253315,0.027143892341132972,1.4299432688305687,2.0299086428177135,0.22867513611615245,1.1451981903847885
241,game_cfm_hocbf,1.0,0.0,0.0,0.6651388009643361,0.0,0.032581351240138536,0.030982039230857072,1.4571663879240224,2.0844453572175823,0.19056261343012704,0.9974004464779761
242,nash_reference,1.0,0.0,1.0,0.29921221227932454,0.0,0.0,0.015736786648631096,1.2767703533172607,1.7321743965148926,0.0,0.0
242,teacher_expert,1.0,0.0,0.0,0.4113681220484282,0.0,0.015012790448963642,0.0,1.277788758277893,1.730255126953125,0.0,0.0
242,game_cfm_raw,1.0,0.0,0.0,0.42023280625350395,0.003574010916054249,0.02440926805138588,0.016999701038002968,1.2841261625289917,1.8680626153945923,0.0,0.0
242,game_cfm_anchored,1.0,0.0,0.0,0.4026226745982052,0.0,0.0,0.01194691821489215,1.2816052774220397,1.8680647373736103,0.0,0.0
242,nash_reference_hocbf,1.0,0.0,0.0,0.6112813723276659,0.0,0.02651621110656658,0.030627262508898908,1.2932366533739013,1.6368133184594709,0.6460980036297641,0.5676273018423063
242,game_cfm_hocbf,1.0,0.0,0.0,0.6112813723276659,0.0,0.02887364889029473,0.03204048165861678,1.2974918033213343,1.6395140532289854,0.5898366606170599,0.509213922496725
243,nash_reference,1.0,0.0,1.0,0.30205603494371547,0.0,0.0,0.019448090344667435,1.249048113822937,1.9505969285964966,0.0,0.0
243,teacher_expert,1.0,0.0,0.0,0.39820105426303326,0.0,0.028761018067598343,0.0,1.276725172996521,1.952255129814148,0.0,0.0
243,game_cfm_raw,1.0,0.0,0.0,0.3687731524519072,0.00339762051589787,0.0330522283911705,0.03303802013397217,1.2740415334701538,2.1158275604248047,0.0,0.0
243,game_cfm_anchored,1.0,0.0,1.0,0.3564864025161011,0.0,0.0,0.024565272550124855,1.2790048026445011,2.115829414495791,0.0,0.0
243,nash_reference_hocbf,1.0,0.0,0.0,0.5290668255818916,0.0,0.1341763707270534,0.05387817792382462,1.2457266700635892,1.8064033859540434,0.8566243194192378,0.914783569252207
243,game_cfm_hocbf,1.0,0.0,0.0,0.5290668255818916,0.0,0.13444485387940902,0.05682452177096058,1.2324391898321907,1.7728818842057323,0.8166969147005445,0.8805457908393715
244,nash_reference,1.0,0.0,1.0,0.2963882953313439,0.0,0.0,0.015112023800611496,1.1538105010986328,1.684306025505066,0.0,0.0
244,teacher_expert,1.0,0.0,0.0,0.39625441916723264,0.0,0.018229078501462936,0.0,1.1634938716888428,1.7048053741455078,0.0,0.0
244,game_cfm_raw,1.0,0.0,0.0,0.36142164372085966,0.003505751257762313,0.022233616560697556,0.016440631821751595,1.1492432355880737,1.7429381608963013,0.0,0.0
244,game_cfm_anchored,1.0,0.0,0.0,0.37199261215283075,0.0,0.0,0.01297035428449887,1.1536926030079335,1.7429386165304523,0.0,0.0
244,nash_reference_hocbf,1.0,0.0,0.0,0.5995341465509906,0.0,0.045779649879124445,0.03663207600360625,1.1936250359366827,1.5791126952401324,0.8602540834845736,0.5571031909405855
244,game_cfm_hocbf,1.0,0.0,0.0,0.5995341465509906,0.0,0.04558799186444085,0.0365854300893113,1.181453341713723,1.598597834646801,0.7840290381125227,0.5160316194167874
245,nash_reference,1.0,0.0,1.0,0.30270445096962395,0.0,0.0,0.02307985909283161,1.4110897779464722,2.254796266555786,0.0,0.0
245,teacher_expert,1.0,0.0,0.0,0.3899184568592197,0.0,0.0342593714594841,0.0,1.402052879333496,2.2593770027160645,0.0,0.0
245,game_cfm_raw,1.0,0.0,0.0,0.36479256486756984,0.0059615750797092915,0.04083000868558884,0.03661452978849411,1.4775300025939941,2.402202606201172,0.0,0.0
245,game_cfm_anchored,1.0,0.0,1.0,0.3419017594546724,0.0,0.0,0.02685594266912117,1.4735627384507077,2.40220225173125,0.0,0.0
245,nash_reference_hocbf,1.0,0.0,0.0,0.6522230733675137,0.0,0.034321686993558566,0.03670030983105484,1.420584698680127,2.1582597350587243,0.33212341197822143,1.071893058149742
245,game_cfm_hocbf,1.0,0.0,0.0,0.6508702077578883,0.0,0.03130608300403268,0.03688207012639082,1.4453561461377196,2.12676325436021,0.3030852994555354,1.0154193485327974
246,nash_reference,1.0,0.0,1.0,0.30569107111401395,0.0,0.0,0.024068523198366165,1.384935975074768,2.221620559692383,0.0,0.0
246,teacher_expert,1.0,0.0,0.0,0.4449917553493145,0.0,0.034700799733400345,0.0,1.402740240097046,2.2593882083892822,0.0,0.0
246,game_cfm_raw,1.0,0.0,0.0,0.39969663060043853,0.00346505269408226,0.03312734514474869,0.02664807066321373,1.3902931213378906,2.339986801147461,0.0,0.0
246,game_cfm_anchored,1.0,0.0,0.0,0.3961618173299632,0.0,0.0,0.022186382427038902,1.3930216758694856,2.33998589511561,0.0,0.0
246,nash_reference_hocbf,1.0,0.0,0.0,0.48677973361725174,0.0,0.03582044781663725,0.029066359697059528,1.3985082648025737,2.213575659229339,0.6079854809437386,0.573570916107699
246,game_cfm_hocbf,1.0,0.0,0.0,0.48677973361725174,0.0,0.03778008337381958,0.02900302416711594,1.4012647755124459,2.2273975237926127,0.5208711433756806,0.5831702163137882
247,nash_reference,1.0,0.0,1.0,0.3067017391901388,0.0,0.0,0.018851734697818756,1.3592796325683594,2.2217421531677246,0.0,0.0
247,teacher_expert,1.0,0.0,0.0,0.3983730195564036,0.0,0.022166982293128967,0.0,1.3575212955474854,2.1852684020996094,0.0,0.0
247,game_cfm_raw,1.0,0.0,1.0,0.34424962558819444,0.0050735799595713615,0.03276151418685913,0.024533269926905632,1.3416939973831177,2.333590507507324,0.0,0.0
247,game_cfm_anchored,1.0,0.0,1.0,0.350965155667609,0.0,0.0,0.01805505605806271,1.3455506100880392,2.3335919527454863,0.0,0.0
247,nash_reference_hocbf,1.0,0.0,0.0,0.6506856875869246,0.0,0.02210571330607836,0.037860099893180434,1.376088252876411,1.7909473861514178,0.4482758620689655,0.9647419566639772
247,game_cfm_hocbf,1.0,0.0,0.0,0.6516497576694025,0.0,0.023394788152010196,0.04336397214487536,1.3987535201010903,1.8327211627723412,0.4301270417422868,1.007895070582402
248,nash_reference,1.0,0.0,1.0,0.3024390579069653,0.0,0.0,0.01643775776028633,1.3506288528442383,2.2980566024780273,0.0,0.0
248,teacher_expert,1.0,0.0,0.0,0.41457516307447556,0.0,0.01889648474752903,0.0,1.3611087799072266,2.3239407539367676,0.0,0.0
248,game_cfm_raw,1.0,0.0,1.0,0.2793301298205042,0.006052103824913502,0.031852465122938156,0.026072155684232712,1.358906865119934,2.2886691093444824,0.0,0.0
248,game_cfm_anchored,1.0,0.0,1.0,0.28818883532134115,0.0,0.0,0.021119838581842167,1.3621824573206067,2.2886675634920643,0.0,0.0
248,nash_reference_hocbf,1.0,0.0,0.0,0.6459320644657224,0.0,0.018947560613345717,0.031501450689009634,1.376868797364702,2.233082469365436,0.6733212341197822,0.531485237603697
248,game_cfm_hocbf,1.0,0.0,0.0,0.647718974774727,0.0,0.02010261027842628,0.03394039495572379,1.3725236668537188,2.200137326723903,0.604355716878403,0.652141540870735
249,nash_reference,1.0,0.0,1.0,0.2966128319253263,0.0,0.0,0.01660582795739174,1.1755002737045288,1.7162541151046753,0.0,0.0
249,teacher_expert,1.0,0.0,0.0,0.39537967456056056,0.0,0.022732850164175034,0.0,1.204084873199463,1.743194341659546,0.0,0.0
249,game_cfm_raw,1.0,0.0,1.0,0.3343656021302048,0.004818377085030079,0.029252789914608,0.0244026817381382,1.1548713445663452,1.717793583869934,0.0,0.0
249,game_cfm_anchored,1.0,0.0,1.0,0.32571921369522555,0.0,0.0,0.019540053470855176,1.160093664312062,1.7177919203844048,0.0,0.0
249,nash_reference_hocbf,1.0,0.0,0.0,0.5623782889702366,0.0,0.03583515424341079,0.032693143015070085,1.2196773163596115,1.7145797250881112,0.7985480943738656,0.5101195111093018
249,game_cfm_hocbf,1.0,0.0,0.0,0.5623782889702366,0.0,0.036693521752379096,0.034313576397609805,1.2056104932336842,1.735906101959903,0.6715063520871143,0.5221855346148161
250,nash_reference,1.0,0.0,1.0,0.3108204398066478,0.0,0.0,0.02414269745349884,1.4410486221313477,2.351086378097534,0.0,0.0
250,teacher_expert,1.0,0.0,0.0,0.43378935595843937,0.0,0.03629928082227707,0.0,1.4817874431610107,2.388855457305908,0.0,0.0
250,game_cfm_raw,1.0,0.0,0.0,0.3697923035212848,0.0035308287478983402,0.02167619578540325,0.03520597144961357,1.4632058143615723,2.3651371002197266,0.0,0.0
250,game_cfm_anchored,1.0,0.0,0.0,0.3603221133535211,0.0,0.0,0.029390675443463004,1.4655880726011243,2.365137608122783,0.0,0.0
250,nash_reference_hocbf,1.0,0.0,0.0,0.6599124380360302,0.0,0.036291160546316634,0.025555860679584496,1.508889254891139,2.34170334055495,0.2413793103448276,1.1732685211714209
250,game_cfm_hocbf,1.0,0.0,0.0,0.6711939435882587,0.0,0.03767485272549471,0.031598356372392604,1.5149433683087021,2.330525629518727,0.21052631578947367,1.2065811437377039
251,nash_reference,1.0,0.0,1.0,0.2988610707473559,0.0,0.0,0.01613709144294262,1.2307696342468262,1.8601291179656982,0.0,0.0
251,teacher_expert,1.0,0.0,0.0,0.3890584984409894,0.0,0.023245777934789658,0.0,1.2133129835128784,1.8621996641159058,0.0,0.0
251,game_cfm_raw,1.0,0.0,1.0,0.27170762374244833,0.009679624810814857,0.018017906695604324,0.024844462051987648,1.2427384853363037,2.498112440109253,0.0,0.0
251,game_cfm_anchored,1.0,0.0,1.0,0.2853478755962763,0.0,0.0,0.02089647991702179,1.2417670274712356,2.498115170612071,0.0,0.0
251,nash_reference_hocbf,1.0,0.0,0.0,0.42888656074474,0.0,0.0771856018393633,0.043800057929101695,1.2409508814695223,1.797931418585508,0.8402903811252269,0.749990545914
251,game_cfm_hocbf,1.0,0.0,0.0,0.42888656074474,0.0,0.0764703035844175,0.050260726500078734,1.2585550993559635,1.871489837902869,0.8058076225045372,0.8824245604344337
252,nash_reference,1.0,0.0,1.0,0.30865278568788823,0.0,0.0,0.017638415098190308,1.4634608030319214,2.317864179611206,0.0,0.0
252,teacher_expert,1.0,0.0,0.0,0.4234753389105853,0.0,0.0192362479865551,0.0,1.4604601860046387,2.200518846511841,0.0,0.0
252,game_cfm_raw,1.0,0.0,0.0,0.37517601214866253,0.00218926090747118,0.026808449998497963,0.01752670295536518,1.429766058921814,2.2760939598083496,0.0,0.0
252,game_cfm_anchored,1.0,0.0,0.0,0.37718581854264754,0.0,0.0,0.014678817123762344,1.435321334487578,2.2760973519557774,0.0,0.0
252,nash_reference_hocbf,1.0,0.0,0.0,0.5468759568217286,0.0,0.059334154717973375,0.03955823950432602,1.4581825822598522,2.1083153651901436,0.7658802177858439,0.7720966426841609
252,game_cfm_hocbf,1.0,0.0,0.0,0.5468759568217286,0.0,0.059017339996141366,0.04004024100997451,1.4409526527177718,2.183171112623574,0.7803992740471869,0.6695420897448988
253,nash_reference,1.0,0.0,1.0,0.3126196977538775,0.0,0.0,0.019044306129217148,1.495474934577942,2.435058832168579,0.0,0.0
253,teacher_expert,1.0,0.0,0.0,0.445153998021609,0.0,0.020376108586788177,0.0,1.4887880086898804,2.449944257736206,0.0,0.0
253,game_cfm_raw,1.0,0.0,0.0,0.39725665990079473,0.002250823425129056,0.024440918117761612,0.02187121845781803,1.5160188674926758,2.438413619995117,0.0,0.0
253,game_cfm_anchored,1.0,0.0,0.0,0.3888950108585277,0.0,0.0,0.015901844793381935,1.5143699928010264,2.4384112330218173,0.0,0.0
253,nash_reference_hocbf,1.0,0.0,0.0,0.5800823658251082,0.0,0.020400038165304366,0.025400943526922223,1.477728311503538,2.3966757234075566,0.32304900181488205,0.929110454143836
253,game_cfm_hocbf,1.0,0.0,0.0,0.5800823658251082,0.0,0.019515941698269593,0.03145421790936489,1.4664498954105232,2.337347409198362,0.3030852994555354,0.8686106510535565
254,nash_reference,1.0,0.0,1.0,0.31121779730951965,0.0,0.0,0.017959902063012123,1.4163671731948853,2.339399814605713,0.0,0.0
254,teacher_expert,1.0,0.0,0.0,0.44589980187193473,0.0,0.013703720644116402,0.0,1.4201159477233887,2.3636906147003174,0.0,0.0
254,game_cfm_raw,1.0,0.0,1.0,0.30030791370034376,0.005230114329606295,0.030851181596517563,0.02449369616806507,1.444246768951416,2.4024088382720947,0.0,0.0
254,game_cfm_anchored,1.0,0.0,1.0,0.30937204017447595,0.0,0.0,0.019443169006032684,1.446984465958987,2.4024089619325197,0.0,0.0
254,nash_reference_hocbf,1.0,0.0,0.0,0.45732194921269254,0.0,0.10806903665748219,0.047326623293958155,1.3975036779093772,2.232309966660772,0.7041742286751361,1.0360385750212735
254,game_cfm_hocbf,1.0,0.0,0.0,0.45732194921269254,0.0,0.10834484000666367,0.050525082840773235,1.4318975218551717,2.2968866965669235,0.6860254083484574,1.0588576440005069
255,nash_reference,1.0,0.0,1.0,0.2980732994501353,0.0,0.0,0.023074235767126083,1.2319626808166504,1.8406946659088135,0.0,0.0
255,teacher_expert,1.0,0.0,0.0,0.4033383321673146,0.0,0.03612630069255829,0.0,1.240045189857483,1.852145791053772,0.0,0.0
255,game_cfm_raw,1.0,0.0,1.0,0.3407359256713573,0.0046547893434762955,0.01701556332409382,0.03257402405142784,1.3377306461334229,1.8994678258895874,0.0,0.0
255,game_cfm_anchored,1.0,0.0,1.0,0.3475038965575486,0.0,0.0,0.028453247287961066,1.3387076305614716,1.899470612089123,0.0,0.0
255,nash_reference_hocbf,1.0,0.0,0.0,0.5742738701217255,0.0,0.04553911208278563,0.03602081739515366,1.265897800312294,1.8503569030229217,0.7840290381125227,0.5792136399339819
255,game_cfm_hocbf,1.0,0.0,0.0,0.5742738701217255,0.0,0.04562024736069822,0.03781629002179208,1.348511369658797,1.9296554951260434,0.6642468239564429,0.6009660238056109
