scenario,seed,method,trajectory_index,tracking_rmse_m,maximum_tracking_error_m,ring_passed,collision_free,endpoint_feasible,minimum_barrier,crossing_clearance_m,crossing_time_error_s,motor_saturation_fraction,maximum_tilt_degrees,wind_acceleration_mps2,mass_scale,motor_tau_scale,command_delay_s
nominal,701,quintic_skeleton,0,0.053927916359821124,0.08080419231981016,1,1,1,0.20378549118697725,0.30478667821286265,0.04561006366889231,0.0,7.950007066548426,0.0,1.0,1.0,0.0
nominal,701,quintic_skeleton,1,0.06480138477146641,0.09752355301799567,1,1,1,0.414397144472208,0.4886966547416429,0.04841618792524738,0.0,9.757767736458385,0.0,1.0,1.0,0.0
nominal,701,quintic_skeleton,2,0.04494495856231435,0.06884976527062493,1,1,1,0.365533103132139,0.46137867229232227,0.05300189070630035,0.0,5.237985822492495,0.0,1.0,1.0,0.0
nominal,701,quintic_skeleton,3,0.04375624890897337,0.06644742194979138,1,1,1,0.27209904589919864,0.37710474181659126,0.05197992275143859,0.0,5.577913106437671,0.0,1.0,1.0,0.0
nominal,701,quintic_skeleton,4,0.04791500383480349,0.07315471695204842,1,1,1,0.21103143845561517,0.3098270807071426,0.05153324641525181,0.0,6.060838787330985,0.0,1.0,1.0,0.0
nominal,701,quintic_skeleton,5,0.047412160427519084,0.07199644600619885,1,1,1,0.28443490818943457,0.3831225067866777,0.046128364393795085,0.0,5.845618387507898,0.0,1.0,1.0,0.0
nominal,701,quintic_skeleton,6,0.0493430489582634,0.0756890591671502,1,1,1,0.26996048368212894,0.3629128469072961,0.054230458702200224,0.0,5.681835145021341,0.0,1.0,1.0,0.0
nominal,701,quintic_skeleton,7,0.04605335899542778,0.06980645139053977,1,1,1,0.3199972770410562,0.42143939975032396,0.049439718902815066,0.0,5.926353834157091,0.0,1.0,1.0,0.0
nominal,701,quintic_skeleton,8,0.042604869072401276,0.06497587181798456,1,1,1,0.25774483777308677,0.36456685051776744,0.05369145924069629,0.0,5.45540983149803,0.0,1.0,1.0,0.0
nominal,701,quintic_skeleton,9,0.06394072754579513,0.0957294423733094,1,1,1,0.21820293501425872,0.3199633218259171,0.04763460147762455,0.0,10.162255155832574,0.0,1.0,1.0,0.0
nominal,701,quintic_skeleton,10,0.03738315854079106,0.05719232636315195,1,1,1,0.28939616431568865,0.3865670305384804,0.054138559993972546,0.0,4.506221668722979,0.0,1.0,1.0,0.0
nominal,701,quintic_skeleton,11,0.040618377249946803,0.06225897402484747,1,1,1,0.2253063000054328,0.3312951847948688,0.053787397616347654,0.0,4.611516246469089,0.0,1.0,1.0,0.0
nominal,701,quintic_skeleton,12,0.04705092872968196,0.07203643051289511,1,1,1,0.20353335986535268,0.2973973363114574,0.05353667721115274,0.0,5.655507094858856,0.0,1.0,1.0,0.0
nominal,701,quintic_skeleton,13,0.04423254593632481,0.06733124017402094,1,1,1,0.30592174371945746,0.3999012195789754,0.053961089362009496,0.0,5.757218542618387,0.0,1.0,1.0,0.0
nominal,701,quintic_skeleton,14,0.05995040420790557,0.08936252402402299,1,1,1,0.4501118435378122,0.5063307611719738,0.04348717804563562,0.0,9.425585981861682,0.0,1.0,1.0,0.0
nominal,701,quintic_skeleton,15,0.0481910410863108,0.07333892030385102,1,1,1,0.38973426441491843,0.4732463107403058,0.048491823458762795,0.0,6.2966278704285665,0.0,1.0,1.0,0.0
nominal,701,quintic_skeleton,16,0.060015226902992276,0.08968940817459703,1,1,1,0.32873832386025403,0.41471936519508557,0.04404921639423165,0.0,9.694818829131563,0.0,1.0,1.0,0.0
nominal,701,quintic_skeleton,17,0.05840717396812492,0.08718687836417661,1,1,1,0.32605425691817685,0.421016203685075,0.049501456790792986,0.0,9.320659326467943,0.0,1.0,1.0,0.0
nominal,701,quintic_skeleton,18,0.04731572373743065,0.07255835741786311,1,1,1,0.4190186675355152,0.4830303860500554,0.05565747228461415,0.0,5.511219381307059,0.0,1.0,1.0,0.0
nominal,701,quintic_skeleton,19,0.04566421917348957,0.06919938897591814,1,1,1,0.19530319009562286,0.29856100460733237,0.052873425307103705,0.0,6.142715190720647,0.0,1.0,1.0,0.0
nominal,701,quintic_skeleton,20,0.04185663916554133,0.06421702983400461,1,1,1,0.2137814513713883,0.3224639991183552,0.05267329245283925,0.0,4.890032207405568,0.0,1.0,1.0,0.0
nominal,701,quintic_skeleton,21,0.04756844110030555,0.07194251722918525,1,1,1,0.30659706023594463,0.403604469094721,0.04652491430410066,0.0,6.66185533363234,0.0,1.0,1.0,0.0
nominal,701,quintic_skeleton,22,0.04305448853168486,0.06528611578282123,1,1,1,0.37084201830624997,0.44586684970090074,0.04915897631464361,0.0,5.7217427885590295,0.0,1.0,1.0,0.0
nominal,701,quintic_skeleton,23,0.04814890652872897,0.07281389936970732,1,1,1,0.2576765001411332,0.35550081095580466,0.0482283256179632,0.0,6.61956062675509,0.0,1.0,1.0,0.0
nominal,701,boundary_cfm_steps8,0,0.20926656748461522,0.46419800811990813,1,1,1,0.223315541310353,0.3323733866539495,0.1418012100735484,0.011131725417439703,59.97159287377508,0.0,1.0,1.0,0.0
nominal,701,boundary_cfm_steps8,1,0.39647034503234385,0.8698679499236239,1,1,1,0.34747073472638695,0.4364706068829298,0.2680289637764224,0.0071111111111111115,57.31706915967336,0.0,1.0,1.0,0.0
nominal,701,boundary_cfm_steps8,2,0.18848121201412782,0.4007679592192336,1,1,1,0.34523845447447715,0.45210486338764966,0.12919126052914764,0.003084304318026045,54.98005362935293,0.0,1.0,1.0,0.0
nominal,701,boundary_cfm_steps8,3,0.21320282994870554,0.36836350152045,1,1,1,0.05247618856445434,0.1143448749723941,0.08020295354328777,0.011801730920535013,56.60979569972166,0.0,1.0,1.0,0.0
nominal,701,boundary_cfm_steps8,4,0.16292105308056107,0.3103153659121939,1,1,1,0.25969603558977394,0.3657663621725056,0.11222736300966663,0.000182882223847842,52.41007395279711,0.0,1.0,1.0,0.0
nominal,701,boundary_cfm_steps8,5,0.21525945335482435,0.4910516518857706,1,1,1,0.2136768666424982,0.3162265352827806,0.10104864677771497,0.00794912559618442,68.06643246361853,0.0,1.0,1.0,0.0
nominal,701,boundary_cfm_steps8,6,0.21719468234224304,0.5107643657718391,1,1,0,0.10141649490413542,0.18646038417420793,0.15437897600700135,0.006688963210702341,49.41827741654359,0.0,1.0,1.0,0.0
nominal,701,boundary_cfm_steps8,7,0.2763836262661212,0.6425452707526095,1,1,0,0.025364461463645214,0.06355521424719685,0.2097425252580618,0.020748576078112285,65.29968342019217,0.0,1.0,1.0,0.0
nominal,701,boundary_cfm_steps8,8,0.274145259890721,0.5374434586105867,1,1,1,0.04383274731976486,0.10437661261668296,0.07403306613469818,0.04016516516516516,67.18849130062338,0.0,1.0,1.0,0.0
nominal,701,boundary_cfm_steps8,9,0.48463186438615896,1.1578136828422279,0,0,1,-0.008249984392087354,nan,nan,0.014801110083256245,54.75344246069306,0.0,1.0,1.0,0.0
nominal,701,boundary_cfm_steps8,10,0.18104135061643606,0.3787709415167305,1,1,1,0.16686130521399123,0.30106281181071015,0.1684949237527329,0.004219409282700422,47.50740169065832,0.0,1.0,1.0,0.0
nominal,701,boundary_cfm_steps8,11,0.23504363910747988,0.4417502979126879,1,1,1,0.013568210979826485,0.0384334782302127,0.1584453892292994,0.0006830601092896175,45.93746245119613,0.0,1.0,1.0,0.0
nominal,701,boundary_cfm_steps8,12,0.23235733434713224,0.4458380404769022,1,1,1,0.032228272746922214,0.08998891855936036,0.24295128436011915,0.004824259131633356,64.70047974524046,0.0,1.0,1.0,0.0
nominal,701,boundary_cfm_steps8,13,0.35869717650150357,0.7593028337282124,1,1,1,0.021744222848020724,0.052724797953198954,0.17499024708947886,0.011077158135981665,64.45775034336907,0.0,1.0,1.0,0.0
nominal,701,boundary_cfm_steps8,14,0.3241158185291654,0.9203499369456,1,1,1,0.37943025163363314,0.45660296520562554,0.1708847438518064,0.008365200764818356,41.81359745312179,0.0,1.0,1.0,0.0
nominal,701,boundary_cfm_steps8,15,0.20845630873758084,0.4127258024675904,1,1,1,0.15325723758141482,0.30515395921319727,0.05854424925127133,0.003837298541826554,44.608828715595685,0.0,1.0,1.0,0.0
nominal,701,boundary_cfm_steps8,16,0.6713850189821197,1.8968526834089396,0,0,1,-0.002132043342804389,nan,nan,0.014540337711069419,69.9098808142363,0.0,1.0,1.0,0.0
nominal,701,boundary_cfm_steps8,17,0.3827948078162149,0.7605838407697874,1,1,0,0.2626315488371252,0.3659854751684398,0.3267194847463837,0.0,51.41773294843978,0.0,1.0,1.0,0.0
nominal,701,boundary_cfm_steps8,18,0.2941961507806116,0.6579647464575763,1,1,1,0.21037215287322375,0.3157655069980172,0.12896424393261618,0.003360215053763441,68.81328804754418,0.0,1.0,1.0,0.0
nominal,701,boundary_cfm_steps8,19,0.23343991278910797,0.5862335613501867,1,1,1,0.03956092485406018,0.08985063214755995,0.21823408963030433,0.0026041666666666665,51.4179159552814,0.0,1.0,1.0,0.0
nominal,701,boundary_cfm_steps8,20,0.2603799261699932,0.498037246568294,1,1,1,0.013845526011920337,0.05151152194620995,0.1405064520218673,0.01019385026737968,61.352364380193656,0.0,1.0,1.0,0.0
nominal,701,boundary_cfm_steps8,21,0.18993778076600754,0.4174072208570882,1,1,1,0.2215405378142355,0.3253773991763317,0.22520638540372762,0.0,42.815089262725614,0.0,1.0,1.0,0.0
nominal,701,boundary_cfm_steps8,22,0.24506861782654646,0.47666990779411444,1,1,1,0.11082911973550276,0.19305927478790108,1.2215758341811536,0.0003968253968253968,63.04392406999435,0.0,1.0,1.0,0.0
nominal,701,boundary_cfm_steps8,23,0.2365876314139079,0.5281243727289614,1,1,1,0.12102442622295287,0.2176267536593491,0.03400991373190165,0.009712837837837838,51.390514145821946,0.0,1.0,1.0,0.0
nominal,701,projected_velocity_steps8,0,0.04563892779281956,0.05994774449048129,1,1,1,0.20904138706952088,0.31060255352292515,0.060895188168065495,0.0,26.808577558924835,0.0,1.0,1.0,0.0
nominal,701,projected_velocity_steps8,1,0.0560599324523722,0.07100783942687648,1,1,1,0.47369052360782865,0.5332542905635966,0.06306337177393129,0.0,34.374648464613855,0.0,1.0,1.0,0.0
nominal,701,projected_velocity_steps8,2,0.041509754206594154,0.05861546314629327,1,1,1,0.3192679523939066,0.4270911463199017,0.060101350817832966,0.0,11.308402882255598,0.0,1.0,1.0,0.0
nominal,701,projected_velocity_steps8,3,0.038386349778869344,0.05864407795170601,1,1,1,0.239969628777455,0.34680124931774325,0.04414123802014247,0.0,14.826510141652546,0.0,1.0,1.0,0.0
nominal,701,projected_velocity_steps8,4,0.042256569185153685,0.06477382859547878,1,1,1,0.1638208678369289,0.25972207928029306,0.06411372218378553,0.0,13.177307100807793,0.0,1.0,1.0,0.0
nominal,701,projected_velocity_steps8,5,0.041661313703405346,0.06514921895981904,1,1,1,0.25662406076130867,0.3586640709543829,0.06219702234494573,0.0,17.457585394656515,0.0,1.0,1.0,0.0
nominal,701,projected_velocity_steps8,6,0.04467480334303683,0.06310866485247177,1,1,1,0.24576007416869855,0.3405985708038539,0.06754227093039367,0.0,16.84039721935314,0.0,1.0,1.0,0.0
nominal,701,projected_velocity_steps8,7,0.04066479631674622,0.06121293819116269,1,1,1,0.2966411997677244,0.40142353642851863,0.04634015639251965,0.0,13.4336487321245,0.0,1.0,1.0,0.0
nominal,701,projected_velocity_steps8,8,0.03629725830112168,0.06260196278802381,1,1,1,0.23431807703385168,0.3424869699697462,0.04191172314563962,0.0,18.28288817182587,0.0,1.0,1.0,0.0
nominal,701,projected_velocity_steps8,9,0.057741514786604886,0.09208833702185436,1,1,0,0.24714851165349108,0.3510720222148774,0.04042222787420613,0.0,27.167893501269788,0.0,1.0,1.0,0.0
nominal,701,projected_velocity_steps8,10,0.033017625265725256,0.044798797991257064,1,1,1,0.3107673266188942,0.40853500257484127,0.06693138996935932,0.0,14.611046669844304,0.0,1.0,1.0,0.0
nominal,701,projected_velocity_steps8,11,0.03575389523194772,0.054116753333346285,1,1,1,0.23282414342718952,0.3465232871544094,0.06125792954366949,0.0,12.467097364523317,0.0,1.0,1.0,0.0
nominal,701,projected_velocity_steps8,12,0.04244192678271326,0.05835498243458235,1,1,1,0.15273588507174257,0.24257603970323194,0.0704600147070531,0.0,10.438342952301651,0.0,1.0,1.0,0.0
nominal,701,projected_velocity_steps8,13,0.039430090477743915,0.05960492782790307,1,1,1,0.3249910728069204,0.41688180651066387,0.043369843091135785,0.0,15.089789373206125,0.0,1.0,1.0,0.0
nominal,701,projected_velocity_steps8,14,0.0528786700440537,0.0721718775436893,1,1,1,0.5355939406005179,0.5649114433281586,0.08641651527385519,0.0,23.535626505126178,0.0,1.0,1.0,0.0
nominal,701,projected_velocity_steps8,15,0.043572076383606946,0.06495890578110333,1,1,1,0.37893335810841866,0.46506407193442245,0.04987964689633406,0.0,12.204968807044365,0.0,1.0,1.0,0.0
nominal,701,projected_velocity_steps8,16,0.05214253895258437,0.08725639535281901,1,1,1,0.3539164346055698,0.43688462907669606,0.03372282227497658,0.0,30.762135837886802,0.0,1.0,1.0,0.0
nominal,701,projected_velocity_steps8,17,0.05014767614558004,0.07271372751996581,1,1,1,0.38538609070052243,0.4731002208810602,0.07505853980979449,0.0,28.55128764544269,0.0,1.0,1.0,0.0
nominal,701,projected_velocity_steps8,18,0.04234115607971708,0.0649383808719523,1,1,1,0.31851479561498286,0.4029426783742749,0.062189799506478405,0.0,9.875681932249885,0.0,1.0,1.0,0.0
nominal,701,projected_velocity_steps8,19,0.040555235575631704,0.05602546927747943,1,1,1,0.19776407987731653,0.30223563262246783,0.052369495948264344,0.0,11.431441777606588,0.0,1.0,1.0,0.0
nominal,701,projected_velocity_steps8,20,0.03725242902780042,0.05261729812785673,1,1,1,0.13985378757555667,0.24224638605583632,0.0529419045337951,0.0,24.53097137579455,0.0,1.0,1.0,0.0
nominal,701,projected_velocity_steps8,21,0.0392319177252594,0.05602647070559841,1,1,1,0.2273583569123438,0.33088364826365074,0.06232868963848337,0.0,21.63034401402005,0.0,1.0,1.0,0.0
nominal,701,projected_velocity_steps8,22,0.035381102413966296,0.048844187477614126,1,1,1,0.20694972556439284,0.3020455170461633,0.048772419961746305,0.0,17.580520669645548,0.0,1.0,1.0,0.0
nominal,701,projected_velocity_steps8,23,0.04524963562763085,0.07055297387290563,1,1,1,0.25764258804227846,0.3588253127401256,0.06324378354678073,0.0,13.306319290493512,0.0,1.0,1.0,0.0
nominal,701,proposed_robust_steps1,0,0.05853806631109754,0.09950539093223129,1,1,1,0.20409075767842946,0.30515014155145626,0.04643785324346705,0.0,16.349056093223478,0.0,1.0,1.0,0.0
nominal,701,proposed_robust_steps1,1,0.06498442704682945,0.09935397510833735,1,1,1,0.41476379092000687,0.48905198506503766,0.04944725021463903,0.0,11.781021342167177,0.0,1.0,1.0,0.0
nominal,701,proposed_robust_steps1,2,0.04677524405936535,0.08071185450220697,1,1,1,0.36322683115401005,0.45939776180439934,0.05000258362284615,0.0,13.13232259936389,0.0,1.0,1.0,0.0
nominal,701,proposed_robust_steps1,3,0.04762188701420579,0.08878107574587248,1,1,1,0.27848999401736096,0.38262091154479155,0.0606586120219772,0.0,17.1775989873888,0.0,1.0,1.0,0.0
nominal,701,proposed_robust_steps1,4,0.047991350230059626,0.08132377714352558,1,1,1,0.2139725847387181,0.3128474427855419,0.0498512196877976,0.0,10.025066033175925,0.0,1.0,1.0,0.0
nominal,701,proposed_robust_steps1,5,0.05685243066168573,0.09899346375251714,1,1,1,0.29455720985004247,0.39251871978540875,0.05368746411981817,0.0,17.35163253437678,0.0,1.0,1.0,0.0
nominal,701,proposed_robust_steps1,6,0.053253258088152886,0.09426063045933138,1,1,1,0.28463058713052053,0.37609858508818045,0.0579385880980805,0.0,19.17438343429956,0.0,1.0,1.0,0.0
nominal,701,proposed_robust_steps1,7,0.05554616089716299,0.09924067300427362,1,1,1,0.31860173158879374,0.4203128259438267,0.06337229881613604,0.0,20.527305568213166,0.0,1.0,1.0,0.0
nominal,701,proposed_robust_steps1,8,0.04525425779469824,0.07740553981717826,1,1,1,0.24836719465199195,0.3557459278733135,0.05422530781166657,0.0,20.524343307238052,0.0,1.0,1.0,0.0
nominal,701,proposed_robust_steps1,9,0.06343057733575622,0.10119735647384326,1,1,1,0.2192532126422018,0.32103286049674173,0.04917333633514254,0.0,12.125349728938042,0.0,1.0,1.0,0.0
nominal,701,proposed_robust_steps1,10,0.03860480372859802,0.0679947602011081,1,1,1,0.28467833014016697,0.38271216374968153,0.0609540776559343,0.0,11.389341325290399,0.0,1.0,1.0,0.0
nominal,701,proposed_robust_steps1,11,0.04872811220190618,0.08525920833396357,1,1,1,0.22979273010744353,0.3356349615794781,0.04880177255392981,0.0,19.00641396413651,0.0,1.0,1.0,0.0
nominal,701,proposed_robust_steps1,12,0.0505559310619354,0.09658169697824781,1,1,1,0.1895740065592309,0.2832376936591119,0.04619603946694184,0.0,21.683258123488194,0.0,1.0,1.0,0.0
nominal,701,proposed_robust_steps1,13,0.060251979547293076,0.11973092251655411,1,1,1,0.33712429733068433,0.42721038109135356,0.0583837720674083,0.0,26.68853619974051,0.0,1.0,1.0,0.0
nominal,701,proposed_robust_steps1,14,0.06089408401792901,0.09556301479344108,1,1,1,0.44946300580627774,0.5057672581148567,0.04504417467818911,0.0,13.485726690057605,0.0,1.0,1.0,0.0
nominal,701,proposed_robust_steps1,15,0.048275362204316274,0.07814411277098783,1,1,1,0.38538424149144807,0.46973317640040035,0.04890074435176528,0.0,18.94709089428259,0.0,1.0,1.0,0.0
nominal,701,proposed_robust_steps1,16,0.05938551432988801,0.09445838076353812,1,1,1,0.32883890427054224,0.41479228573080984,0.042715536581442226,0.0,13.747583340308356,0.0,1.0,1.0,0.0
nominal,701,proposed_robust_steps1,17,0.061299121325121095,0.1041041151606433,1,1,1,0.34054809052145724,0.43292308394339485,0.054167831911560604,0.0,17.55933144915541,0.0,1.0,1.0,0.0
nominal,701,proposed_robust_steps1,18,0.05049538318586157,0.09255012479041279,1,1,1,0.4100567282855237,0.47604001360608,0.05855637576214079,0.0,16.171788122305617,0.0,1.0,1.0,0.0
nominal,701,proposed_robust_steps1,19,0.05047882897956398,0.09097293711403108,1,1,1,0.1873953960012394,0.2906805582452291,0.06304530879386183,0.0,19.704007546756106,0.0,1.0,1.0,0.0
nominal,701,proposed_robust_steps1,20,0.048072324407248575,0.08113841955856024,1,1,1,0.22393912752931847,0.3330049020040502,0.045812431347157734,0.0,21.96128238746486,0.0,1.0,1.0,0.0
nominal,701,proposed_robust_steps1,21,0.0498762736400132,0.08914828327416299,1,1,1,0.29977971062411407,0.3976424606682982,0.04714680368799584,0.0,16.69209003921829,0.0,1.0,1.0,0.0
nominal,701,proposed_robust_steps1,22,0.05783948769470433,0.1216543904477243,1,1,1,0.2960570384369591,0.38869607604950823,0.06996180566960053,0.0,28.332229645453936,0.0,1.0,1.0,0.0
nominal,701,proposed_robust_steps1,23,0.05180358028527204,0.08608743705693464,1,1,1,0.2543737895060967,0.35235379290416924,0.0470433562961996,0.0,16.337552586169593,0.0,1.0,1.0,0.0
nominal,701,proposed_robust_steps8,0,0.05480645437123501,0.08842056955701319,1,1,1,0.21299307120708708,0.3141790569022837,0.050177030868717054,0.0,12.049392839272876,0.0,1.0,1.0,0.0
nominal,701,proposed_robust_steps8,1,0.06505306382638139,0.09935865831464388,1,1,1,0.41994442532198023,0.49289672462949263,0.04631512574625285,0.0,10.725704884739732,0.0,1.0,1.0,0.0
nominal,701,proposed_robust_steps8,2,0.046394658805106744,0.07811243032563181,1,1,1,0.39145757195604725,0.4817251389597842,0.05487952559670539,0.0,13.00778202087103,0.0,1.0,1.0,0.0
nominal,701,proposed_robust_steps8,3,0.04530180551041275,0.0787559260601759,1,1,1,0.26277503700269317,0.36843128952879717,0.053423812319259856,0.0,11.277045556796034,0.0,1.0,1.0,0.0
nominal,701,proposed_robust_steps8,4,0.04776120858874446,0.08225451899690384,1,1,1,0.2224005176726061,0.3212078037250995,0.05040871853157203,0.0,9.945249808148349,0.0,1.0,1.0,0.0
nominal,701,proposed_robust_steps8,5,0.04863624390905006,0.0783335798075514,1,1,1,0.28941845646721837,0.38742758498833374,0.05454301004594431,0.0,12.557545753826195,0.0,1.0,1.0,0.0
nominal,701,proposed_robust_steps8,6,0.05259362242885747,0.09628780773682931,1,1,1,0.27021312278745735,0.36366629010763063,0.050036108055113715,0.0,16.54143988413354,0.0,1.0,1.0,0.0
nominal,701,proposed_robust_steps8,7,0.05228011836853365,0.09649667259185664,1,1,1,0.3294018142337079,0.4293524742038136,0.05099575439285253,0.0,18.08357306987817,0.0,1.0,1.0,0.0
nominal,701,proposed_robust_steps8,8,0.043576462699575116,0.07434884469289628,1,1,1,0.24845424959681237,0.3558633522802368,0.054097002766809954,0.0,16.49295141402321,0.0,1.0,1.0,0.0
nominal,701,proposed_robust_steps8,9,0.06358362180962496,0.09674117093432598,1,1,1,0.22166197761071219,0.3233995786781756,0.04875061401161496,0.0,10.774892745952535,0.0,1.0,1.0,0.0
nominal,701,proposed_robust_steps8,10,0.03830423498958135,0.06569303084478854,1,1,1,0.2997096615299026,0.3965277062438574,0.061931455407892244,0.0,11.085863763509229,0.0,1.0,1.0,0.0
nominal,701,proposed_robust_steps8,11,0.04549942979393644,0.08184557313629408,1,1,1,0.23452290047110405,0.340271602940166,0.049835611145675696,0.0,17.246228714626607,0.0,1.0,1.0,0.0
nominal,701,proposed_robust_steps8,12,0.04880893018620358,0.0870561384478437,1,1,1,0.19482505531025965,0.2885132054490257,0.05379433646099363,0.0,16.85674512085705,0.0,1.0,1.0,0.0
nominal,701,proposed_robust_steps8,13,0.04926303185824934,0.09375603469620668,1,1,1,0.32307759535696395,0.41503943003328236,0.048807244960033636,0.0,19.44603501266681,0.0,1.0,1.0,0.0
nominal,701,proposed_robust_steps8,14,0.06029486144586423,0.09454715638620825,1,1,1,0.44766927406935453,0.5046052908178901,0.04446229423247594,0.0,9.641533515638343,0.0,1.0,1.0,0.0
nominal,701,proposed_robust_steps8,15,0.04854444816034482,0.07843066262530689,1,1,1,0.403361153913441,0.483048439361761,0.04863856085669527,0.0,18.278772041769827,0.0,1.0,1.0,0.0
nominal,701,proposed_robust_steps8,16,0.059424778916960456,0.09495267791373266,1,1,1,0.32614541076957343,0.41256517931079684,0.04236719626785357,0.0,11.80958096762782,0.0,1.0,1.0,0.0
nominal,701,proposed_robust_steps8,17,0.05868830016979723,0.09321184588358432,1,1,1,0.33360942744742217,0.4274227861114571,0.05017950447853714,0.0,15.037444215525724,0.0,1.0,1.0,0.0
nominal,701,proposed_robust_steps8,18,0.04928744863716688,0.09055100960089492,1,1,1,0.41484514354009916,0.4799655518297016,0.054632637980493115,0.0,13.956045289405386,0.0,1.0,1.0,0.0
nominal,701,proposed_robust_steps8,19,0.04647818396907234,0.07656962298385936,1,1,1,0.1902048166454085,0.29317475462358317,0.054385638044874174,0.0,12.762201903123156,0.0,1.0,1.0,0.0
nominal,701,proposed_robust_steps8,20,0.04234790778562951,0.06906357619184122,1,1,1,0.22164548937559556,0.3305693999790794,0.04573907630221363,0.0,13.15990474186446,0.0,1.0,1.0,0.0
nominal,701,proposed_robust_steps8,21,0.04813659167897532,0.07901270355902851,1,1,1,0.3070227510493602,0.40395246356229525,0.05003945388699904,0.0,9.317092011612692,0.0,1.0,1.0,0.0
nominal,701,proposed_robust_steps8,22,0.04357811080536175,0.0703211021187092,1,1,1,0.36676449863464494,0.4432695857558496,0.06173568619280845,0.0,11.650118958316527,0.0,1.0,1.0,0.0
nominal,701,proposed_robust_steps8,23,0.0488712698279288,0.07793825218711514,1,1,1,0.2683830625251434,0.36522531575256134,0.047798031482082504,0.0,9.76678173761358,0.0,1.0,1.0,0.0
nominal,702,quintic_skeleton,0,0.053927916359821124,0.08080419231981016,1,1,1,0.20378549118697725,0.30478667821286265,0.04561006366889231,0.0,7.950007066548426,0.0,1.0,1.0,0.0
nominal,702,quintic_skeleton,1,0.06480138477146641,0.09752355301799567,1,1,1,0.414397144472208,0.4886966547416429,0.04841618792524738,0.0,9.757767736458385,0.0,1.0,1.0,0.0
nominal,702,quintic_skeleton,2,0.04494495856231435,0.06884976527062493,1,1,1,0.365533103132139,0.46137867229232227,0.05300189070630035,0.0,5.237985822492495,0.0,1.0,1.0,0.0
nominal,702,quintic_skeleton,3,0.04375624890897337,0.06644742194979138,1,1,1,0.27209904589919864,0.37710474181659126,0.05197992275143859,0.0,5.577913106437671,0.0,1.0,1.0,0.0
nominal,702,quintic_skeleton,4,0.04791500383480349,0.07315471695204842,1,1,1,0.21103143845561517,0.3098270807071426,0.05153324641525181,0.0,6.060838787330985,0.0,1.0,1.0,0.0
nominal,702,quintic_skeleton,5,0.047412160427519084,0.07199644600619885,1,1,1,0.28443490818943457,0.3831225067866777,0.046128364393795085,0.0,5.845618387507898,0.0,1.0,1.0,0.0
nominal,702,quintic_skeleton,6,0.0493430489582634,0.0756890591671502,1,1,1,0.26996048368212894,0.3629128469072961,0.054230458702200224,0.0,5.681835145021341,0.0,1.0,1.0,0.0
nominal,702,quintic_skeleton,7,0.04605335899542778,0.06980645139053977,1,1,1,0.3199972770410562,0.42143939975032396,0.049439718902815066,0.0,5.926353834157091,0.0,1.0,1.0,0.0
nominal,702,quintic_skeleton,8,0.042604869072401276,0.06497587181798456,1,1,1,0.25774483777308677,0.36456685051776744,0.05369145924069629,0.0,5.45540983149803,0.0,1.0,1.0,0.0
nominal,702,quintic_skeleton,9,0.06394072754579513,0.0957294423733094,1,1,1,0.21820293501425872,0.3199633218259171,0.04763460147762455,0.0,10.162255155832574,0.0,1.0,1.0,0.0
nominal,702,quintic_skeleton,10,0.03738315854079106,0.05719232636315195,1,1,1,0.28939616431568865,0.3865670305384804,0.054138559993972546,0.0,4.506221668722979,0.0,1.0,1.0,0.0
nominal,702,quintic_skeleton,11,0.040618377249946803,0.06225897402484747,1,1,1,0.2253063000054328,0.3312951847948688,0.053787397616347654,0.0,4.611516246469089,0.0,1.0,1.0,0.0
nominal,702,quintic_skeleton,12,0.04705092872968196,0.07203643051289511,1,1,1,0.20353335986535268,0.2973973363114574,0.05353667721115274,0.0,5.655507094858856,0.0,1.0,1.0,0.0
nominal,702,quintic_skeleton,13,0.04423254593632481,0.06733124017402094,1,1,1,0.30592174371945746,0.3999012195789754,0.053961089362009496,0.0,5.757218542618387,0.0,1.0,1.0,0.0
nominal,702,quintic_skeleton,14,0.05995040420790557,0.08936252402402299,1,1,1,0.4501118435378122,0.5063307611719738,0.04348717804563562,0.0,9.425585981861682,0.0,1.0,1.0,0.0
nominal,702,quintic_skeleton,15,0.0481910410863108,0.07333892030385102,1,1,1,0.38973426441491843,0.4732463107403058,0.048491823458762795,0.0,6.2966278704285665,0.0,1.0,1.0,0.0
nominal,702,quintic_skeleton,16,0.060015226902992276,0.08968940817459703,1,1,1,0.32873832386025403,0.41471936519508557,0.04404921639423165,0.0,9.694818829131563,0.0,1.0,1.0,0.0
nominal,702,quintic_skeleton,17,0.05840717396812492,0.08718687836417661,1,1,1,0.32605425691817685,0.421016203685075,0.049501456790792986,0.0,9.320659326467943,0.0,1.0,1.0,0.0
nominal,702,quintic_skeleton,18,0.04731572373743065,0.07255835741786311,1,1,1,0.4190186675355152,0.4830303860500554,0.05565747228461415,0.0,5.511219381307059,0.0,1.0,1.0,0.0
nominal,702,quintic_skeleton,19,0.04566421917348957,0.06919938897591814,1,1,1,0.19530319009562286,0.29856100460733237,0.052873425307103705,0.0,6.142715190720647,0.0,1.0,1.0,0.0
nominal,702,quintic_skeleton,20,0.04185663916554133,0.06421702983400461,1,1,1,0.2137814513713883,0.3224639991183552,0.05267329245283925,0.0,4.890032207405568,0.0,1.0,1.0,0.0
nominal,702,quintic_skeleton,21,0.04756844110030555,0.07194251722918525,1,1,1,0.30659706023594463,0.403604469094721,0.04652491430410066,0.0,6.66185533363234,0.0,1.0,1.0,0.0
nominal,702,quintic_skeleton,22,0.04305448853168486,0.06528611578282123,1,1,1,0.37084201830624997,0.44586684970090074,0.04915897631464361,0.0,5.7217427885590295,0.0,1.0,1.0,0.0
nominal,702,quintic_skeleton,23,0.04814890652872897,0.07281389936970732,1,1,1,0.2576765001411332,0.35550081095580466,0.0482283256179632,0.0,6.61956062675509,0.0,1.0,1.0,0.0
nominal,702,boundary_cfm_steps8,0,0.20926656748461522,0.46419800811990813,1,1,1,0.223315541310353,0.3323733866539495,0.1418012100735484,0.011131725417439703,59.97159287377508,0.0,1.0,1.0,0.0
nominal,702,boundary_cfm_steps8,1,0.39647034503234385,0.8698679499236239,1,1,1,0.34747073472638695,0.4364706068829298,0.2680289637764224,0.0071111111111111115,57.31706915967336,0.0,1.0,1.0,0.0
nominal,702,boundary_cfm_steps8,2,0.18848121201412782,0.4007679592192336,1,1,1,0.34523845447447715,0.45210486338764966,0.12919126052914764,0.003084304318026045,54.98005362935293,0.0,1.0,1.0,0.0
nominal,702,boundary_cfm_steps8,3,0.21320282994870554,0.36836350152045,1,1,1,0.05247618856445434,0.1143448749723941,0.08020295354328777,0.011801730920535013,56.60979569972166,0.0,1.0,1.0,0.0
nominal,702,boundary_cfm_steps8,4,0.16292105308056107,0.3103153659121939,1,1,1,0.25969603558977394,0.3657663621725056,0.11222736300966663,0.000182882223847842,52.41007395279711,0.0,1.0,1.0,0.0
nominal,702,boundary_cfm_steps8,5,0.21525945335482435,0.4910516518857706,1,1,1,0.2136768666424982,0.3162265352827806,0.10104864677771497,0.00794912559618442,68.06643246361853,0.0,1.0,1.0,0.0
nominal,702,boundary_cfm_steps8,6,0.21719468234224304,0.5107643657718391,1,1,0,0.10141649490413542,0.18646038417420793,0.15437897600700135,0.006688963210702341,49.41827741654359,0.0,1.0,1.0,0.0
nominal,702,boundary_cfm_steps8,7,0.2763836262661212,0.6425452707526095,1,1,0,0.025364461463645214,0.06355521424719685,0.2097425252580618,0.020748576078112285,65.29968342019217,0.0,1.0,1.0,0.0
nominal,702,boundary_cfm_steps8,8,0.274145259890721,0.5374434586105867,1,1,1,0.04383274731976486,0.10437661261668296,0.07403306613469818,0.04016516516516516,67.18849130062338,0.0,1.0,1.0,0.0
nominal,702,boundary_cfm_steps8,9,0.48463186438615896,1.1578136828422279,0,0,1,-0.008249984392087354,nan,nan,0.014801110083256245,54.75344246069306,0.0,1.0,1.0,0.0
nominal,702,boundary_cfm_steps8,10,0.18104135061643606,0.3787709415167305,1,1,1,0.16686130521399123,0.30106281181071015,0.1684949237527329,0.004219409282700422,47.50740169065832,0.0,1.0,1.0,0.0
nominal,702,boundary_cfm_steps8,11,0.23504363910747988,0.4417502979126879,1,1,1,0.013568210979826485,0.0384334782302127,0.1584453892292994,0.0006830601092896175,45.93746245119613,0.0,1.0,1.0,0.0
nominal,702,boundary_cfm_steps8,12,0.23235733434713224,0.4458380404769022,1,1,1,0.032228272746922214,0.08998891855936036,0.24295128436011915,0.004824259131633356,64.70047974524046,0.0,1.0,1.0,0.0
nominal,702,boundary_cfm_steps8,13,0.35869717650150357,0.7593028337282124,1,1,1,0.021744222848020724,0.052724797953198954,0.17499024708947886,0.011077158135981665,64.45775034336907,0.0,1.0,1.0,0.0
nominal,702,boundary_cfm_steps8,14,0.3241158185291654,0.9203499369456,1,1,1,0.37943025163363314,0.45660296520562554,0.1708847438518064,0.008365200764818356,41.81359745312179,0.0,1.0,1.0,0.0
nominal,702,boundary_cfm_steps8,15,0.20845630873758084,0.4127258024675904,1,1,1,0.15325723758141482,0.30515395921319727,0.05854424925127133,0.003837298541826554,44.608828715595685,0.0,1.0,1.0,0.0
nominal,702,boundary_cfm_steps8,16,0.6713850189821197,1.8968526834089396,0,0,1,-0.002132043342804389,nan,nan,0.014540337711069419,69.9098808142363,0.0,1.0,1.0,0.0
nominal,702,boundary_cfm_steps8,17,0.3827948078162149,0.7605838407697874,1,1,0,0.2626315488371252,0.3659854751684398,0.3267194847463837,0.0,51.41773294843978,0.0,1.0,1.0,0.0
nominal,702,boundary_cfm_steps8,18,0.2941961507806116,0.6579647464575763,1,1,1,0.21037215287322375,0.3157655069980172,0.12896424393261618,0.003360215053763441,68.81328804754418,0.0,1.0,1.0,0.0
nominal,702,boundary_cfm_steps8,19,0.23343991278910797,0.5862335613501867,1,1,1,0.03956092485406018,0.08985063214755995,0.21823408963030433,0.0026041666666666665,51.4179159552814,0.0,1.0,1.0,0.0
nominal,702,boundary_cfm_steps8,20,0.2603799261699932,0.498037246568294,1,1,1,0.013845526011920337,0.05151152194620995,0.1405064520218673,0.01019385026737968,61.352364380193656,0.0,1.0,1.0,0.0
nominal,702,boundary_cfm_steps8,21,0.18993778076600754,0.4174072208570882,1,1,1,0.2215405378142355,0.3253773991763317,0.22520638540372762,0.0,42.815089262725614,0.0,1.0,1.0,0.0
nominal,702,boundary_cfm_steps8,22,0.24506861782654646,0.47666990779411444,1,1,1,0.11082911973550276,0.19305927478790108,1.2215758341811536,0.0003968253968253968,63.04392406999435,0.0,1.0,1.0,0.0
nominal,702,boundary_cfm_steps8,23,0.2365876314139079,0.5281243727289614,1,1,1,0.12102442622295287,0.2176267536593491,0.03400991373190165,0.009712837837837838,51.390514145821946,0.0,1.0,1.0,0.0
nominal,702,projected_velocity_steps8,0,0.04563892779281956,0.05994774449048129,1,1,1,0.20904138706952088,0.31060255352292515,0.060895188168065495,0.0,26.808577558924835,0.0,1.0,1.0,0.0
nominal,702,projected_velocity_steps8,1,0.0560599324523722,0.07100783942687648,1,1,1,0.47369052360782865,0.5332542905635966,0.06306337177393129,0.0,34.374648464613855,0.0,1.0,1.0,0.0
nominal,702,projected_velocity_steps8,2,0.041509754206594154,0.05861546314629327,1,1,1,0.3192679523939066,0.4270911463199017,0.060101350817832966,0.0,11.308402882255598,0.0,1.0,1.0,0.0
nominal,702,projected_velocity_steps8,3,0.038386349778869344,0.05864407795170601,1,1,1,0.239969628777455,0.34680124931774325,0.04414123802014247,0.0,14.826510141652546,0.0,1.0,1.0,0.0
nominal,702,projected_velocity_steps8,4,0.042256569185153685,0.06477382859547878,1,1,1,0.1638208678369289,0.25972207928029306,0.06411372218378553,0.0,13.177307100807793,0.0,1.0,1.0,0.0
nominal,702,projected_velocity_steps8,5,0.041661313703405346,0.06514921895981904,1,1,1,0.25662406076130867,0.3586640709543829,0.06219702234494573,0.0,17.457585394656515,0.0,1.0,1.0,0.0
nominal,702,projected_velocity_steps8,6,0.04467480334303683,0.06310866485247177,1,1,1,0.24576007416869855,0.3405985708038539,0.06754227093039367,0.0,16.84039721935314,0.0,1.0,1.0,0.0
nominal,702,projected_velocity_steps8,7,0.04066479631674622,0.06121293819116269,1,1,1,0.2966411997677244,0.40142353642851863,0.04634015639251965,0.0,13.4336487321245,0.0,1.0,1.0,0.0
nominal,702,projected_velocity_steps8,8,0.03629725830112168,0.06260196278802381,1,1,1,0.23431807703385168,0.3424869699697462,0.04191172314563962,0.0,18.28288817182587,0.0,1.0,1.0,0.0
nominal,702,projected_velocity_steps8,9,0.057741514786604886,0.09208833702185436,1,1,0,0.24714851165349108,0.3510720222148774,0.04042222787420613,0.0,27.167893501269788,0.0,1.0,1.0,0.0
nominal,702,projected_velocity_steps8,10,0.033017625265725256,0.044798797991257064,1,1,1,0.3107673266188942,0.40853500257484127,0.06693138996935932,0.0,14.611046669844304,0.0,1.0,1.0,0.0
nominal,702,projected_velocity_steps8,11,0.03575389523194772,0.054116753333346285,1,1,1,0.23282414342718952,0.3465232871544094,0.06125792954366949,0.0,12.467097364523317,0.0,1.0,1.0,0.0
nominal,702,projected_velocity_steps8,12,0.04244192678271326,0.05835498243458235,1,1,1,0.15273588507174257,0.24257603970323194,0.0704600147070531,0.0,10.438342952301651,0.0,1.0,1.0,0.0
nominal,702,projected_velocity_steps8,13,0.039430090477743915,0.05960492782790307,1,1,1,0.3249910728069204,0.41688180651066387,0.043369843091135785,0.0,15.089789373206125,0.0,1.0,1.0,0.0
nominal,702,projected_velocity_steps8,14,0.0528786700440537,0.0721718775436893,1,1,1,0.5355939406005179,0.5649114433281586,0.08641651527385519,0.0,23.535626505126178,0.0,1.0,1.0,0.0
nominal,702,projected_velocity_steps8,15,0.043572076383606946,0.06495890578110333,1,1,1,0.37893335810841866,0.46506407193442245,0.04987964689633406,0.0,12.204968807044365,0.0,1.0,1.0,0.0
nominal,702,projected_velocity_steps8,16,0.05214253895258437,0.08725639535281901,1,1,1,0.3539164346055698,0.43688462907669606,0.03372282227497658,0.0,30.762135837886802,0.0,1.0,1.0,0.0
nominal,702,projected_velocity_steps8,17,0.05014767614558004,0.07271372751996581,1,1,1,0.38538609070052243,0.4731002208810602,0.07505853980979449,0.0,28.55128764544269,0.0,1.0,1.0,0.0
nominal,702,projected_velocity_steps8,18,0.04234115607971708,0.0649383808719523,1,1,1,0.31851479561498286,0.4029426783742749,0.062189799506478405,0.0,9.875681932249885,0.0,1.0,1.0,0.0
nominal,702,projected_velocity_steps8,19,0.040555235575631704,0.05602546927747943,1,1,1,0.19776407987731653,0.30223563262246783,0.052369495948264344,0.0,11.431441777606588,0.0,1.0,1.0,0.0
nominal,702,projected_velocity_steps8,20,0.03725242902780042,0.05261729812785673,1,1,1,0.13985378757555667,0.24224638605583632,0.0529419045337951,0.0,24.53097137579455,0.0,1.0,1.0,0.0
nominal,702,projected_velocity_steps8,21,0.0392319177252594,0.05602647070559841,1,1,1,0.2273583569123438,0.33088364826365074,0.06232868963848337,0.0,21.63034401402005,0.0,1.0,1.0,0.0
nominal,702,projected_velocity_steps8,22,0.035381102413966296,0.048844187477614126,1,1,1,0.20694972556439284,0.3020455170461633,0.048772419961746305,0.0,17.580520669645548,0.0,1.0,1.0,0.0
nominal,702,projected_velocity_steps8,23,0.04524963562763085,0.07055297387290563,1,1,1,0.25764258804227846,0.3588253127401256,0.06324378354678073,0.0,13.306319290493512,0.0,1.0,1.0,0.0
nominal,702,proposed_robust_steps1,0,0.05853806631109754,0.09950539093223129,1,1,1,0.20409075767842946,0.30515014155145626,0.04643785324346705,0.0,16.349056093223478,0.0,1.0,1.0,0.0
nominal,702,proposed_robust_steps1,1,0.06498442704682945,0.09935397510833735,1,1,1,0.41476379092000687,0.48905198506503766,0.04944725021463903,0.0,11.781021342167177,0.0,1.0,1.0,0.0
nominal,702,proposed_robust_steps1,2,0.04677524405936535,0.08071185450220697,1,1,1,0.36322683115401005,0.45939776180439934,0.05000258362284615,0.0,13.13232259936389,0.0,1.0,1.0,0.0
nominal,702,proposed_robust_steps1,3,0.04762188701420579,0.08878107574587248,1,1,1,0.27848999401736096,0.38262091154479155,0.0606586120219772,0.0,17.1775989873888,0.0,1.0,1.0,0.0
nominal,702,proposed_robust_steps1,4,0.047991350230059626,0.08132377714352558,1,1,1,0.2139725847387181,0.3128474427855419,0.0498512196877976,0.0,10.025066033175925,0.0,1.0,1.0,0.0
nominal,702,proposed_robust_steps1,5,0.05685243066168573,0.09899346375251714,1,1,1,0.29455720985004247,0.39251871978540875,0.05368746411981817,0.0,17.35163253437678,0.0,1.0,1.0,0.0
nominal,702,proposed_robust_steps1,6,0.053253258088152886,0.09426063045933138,1,1,1,0.28463058713052053,0.37609858508818045,0.0579385880980805,0.0,19.17438343429956,0.0,1.0,1.0,0.0
nominal,702,proposed_robust_steps1,7,0.05554616089716299,0.09924067300427362,1,1,1,0.31860173158879374,0.4203128259438267,0.06337229881613604,0.0,20.527305568213166,0.0,1.0,1.0,0.0
nominal,702,proposed_robust_steps1,8,0.04525425779469824,0.07740553981717826,1,1,1,0.24836719465199195,0.3557459278733135,0.05422530781166657,0.0,20.524343307238052,0.0,1.0,1.0,0.0
nominal,702,proposed_robust_steps1,9,0.06343057733575622,0.10119735647384326,1,1,1,0.2192532126422018,0.32103286049674173,0.04917333633514254,0.0,12.125349728938042,0.0,1.0,1.0,0.0
nominal,702,proposed_robust_steps1,10,0.03860480372859802,0.0679947602011081,1,1,1,0.28467833014016697,0.38271216374968153,0.0609540776559343,0.0,11.389341325290399,0.0,1.0,1.0,0.0
nominal,702,proposed_robust_steps1,11,0.04872811220190618,0.08525920833396357,1,1,1,0.22979273010744353,0.3356349615794781,0.04880177255392981,0.0,19.00641396413651,0.0,1.0,1.0,0.0
nominal,702,proposed_robust_steps1,12,0.0505559310619354,0.09658169697824781,1,1,1,0.1895740065592309,0.2832376936591119,0.04619603946694184,0.0,21.683258123488194,0.0,1.0,1.0,0.0
nominal,702,proposed_robust_steps1,13,0.060251979547293076,0.11973092251655411,1,1,1,0.33712429733068433,0.42721038109135356,0.0583837720674083,0.0,26.68853619974051,0.0,1.0,1.0,0.0
nominal,702,proposed_robust_steps1,14,0.06089408401792901,0.09556301479344108,1,1,1,0.44946300580627774,0.5057672581148567,0.04504417467818911,0.0,13.485726690057605,0.0,1.0,1.0,0.0
nominal,702,proposed_robust_steps1,15,0.048275362204316274,0.07814411277098783,1,1,1,0.38538424149144807,0.46973317640040035,0.04890074435176528,0.0,18.94709089428259,0.0,1.0,1.0,0.0
nominal,702,proposed_robust_steps1,16,0.05938551432988801,0.09445838076353812,1,1,1,0.32883890427054224,0.41479228573080984,0.042715536581442226,0.0,13.747583340308356,0.0,1.0,1.0,0.0
nominal,702,proposed_robust_steps1,17,0.061299121325121095,0.1041041151606433,1,1,1,0.34054809052145724,0.43292308394339485,0.054167831911560604,0.0,17.55933144915541,0.0,1.0,1.0,0.0
nominal,702,proposed_robust_steps1,18,0.05049538318586157,0.09255012479041279,1,1,1,0.4100567282855237,0.47604001360608,0.05855637576214079,0.0,16.171788122305617,0.0,1.0,1.0,0.0
nominal,702,proposed_robust_steps1,19,0.05047882897956398,0.09097293711403108,1,1,1,0.1873953960012394,0.2906805582452291,0.06304530879386183,0.0,19.704007546756106,0.0,1.0,1.0,0.0
nominal,702,proposed_robust_steps1,20,0.048072324407248575,0.08113841955856024,1,1,1,0.22393912752931847,0.3330049020040502,0.045812431347157734,0.0,21.96128238746486,0.0,1.0,1.0,0.0
nominal,702,proposed_robust_steps1,21,0.0498762736400132,0.08914828327416299,1,1,1,0.29977971062411407,0.3976424606682982,0.04714680368799584,0.0,16.69209003921829,0.0,1.0,1.0,0.0
nominal,702,proposed_robust_steps1,22,0.05783948769470433,0.1216543904477243,1,1,1,0.2960570384369591,0.38869607604950823,0.06996180566960053,0.0,28.332229645453936,0.0,1.0,1.0,0.0
nominal,702,proposed_robust_steps1,23,0.05180358028527204,0.08608743705693464,1,1,1,0.2543737895060967,0.35235379290416924,0.0470433562961996,0.0,16.337552586169593,0.0,1.0,1.0,0.0
nominal,702,proposed_robust_steps8,0,0.05480645437123501,0.08842056955701319,1,1,1,0.21299307120708708,0.3141790569022837,0.050177030868717054,0.0,12.049392839272876,0.0,1.0,1.0,0.0
nominal,702,proposed_robust_steps8,1,0.06505306382638139,0.09935865831464388,1,1,1,0.41994442532198023,0.49289672462949263,0.04631512574625285,0.0,10.725704884739732,0.0,1.0,1.0,0.0
nominal,702,proposed_robust_steps8,2,0.046394658805106744,0.07811243032563181,1,1,1,0.39145757195604725,0.4817251389597842,0.05487952559670539,0.0,13.00778202087103,0.0,1.0,1.0,0.0
nominal,702,proposed_robust_steps8,3,0.04530180551041275,0.0787559260601759,1,1,1,0.26277503700269317,0.36843128952879717,0.053423812319259856,0.0,11.277045556796034,0.0,1.0,1.0,0.0
nominal,702,proposed_robust_steps8,4,0.04776120858874446,0.08225451899690384,1,1,1,0.2224005176726061,0.3212078037250995,0.05040871853157203,0.0,9.945249808148349,0.0,1.0,1.0,0.0
nominal,702,proposed_robust_steps8,5,0.04863624390905006,0.0783335798075514,1,1,1,0.28941845646721837,0.38742758498833374,0.05454301004594431,0.0,12.557545753826195,0.0,1.0,1.0,0.0
nominal,702,proposed_robust_steps8,6,0.05259362242885747,0.09628780773682931,1,1,1,0.27021312278745735,0.36366629010763063,0.050036108055113715,0.0,16.54143988413354,0.0,1.0,1.0,0.0
nominal,702,proposed_robust_steps8,7,0.05228011836853365,0.09649667259185664,1,1,1,0.3294018142337079,0.4293524742038136,0.05099575439285253,0.0,18.08357306987817,0.0,1.0,1.0,0.0
nominal,702,proposed_robust_steps8,8,0.043576462699575116,0.07434884469289628,1,1,1,0.24845424959681237,0.3558633522802368,0.054097002766809954,0.0,16.49295141402321,0.0,1.0,1.0,0.0
nominal,702,proposed_robust_steps8,9,0.06358362180962496,0.09674117093432598,1,1,1,0.22166197761071219,0.3233995786781756,0.04875061401161496,0.0,10.774892745952535,0.0,1.0,1.0,0.0
nominal,702,proposed_robust_steps8,10,0.03830423498958135,0.06569303084478854,1,1,1,0.2997096615299026,0.3965277062438574,0.061931455407892244,0.0,11.085863763509229,0.0,1.0,1.0,0.0
nominal,702,proposed_robust_steps8,11,0.04549942979393644,0.08184557313629408,1,1,1,0.23452290047110405,0.340271602940166,0.049835611145675696,0.0,17.246228714626607,0.0,1.0,1.0,0.0
nominal,702,proposed_robust_steps8,12,0.04880893018620358,0.0870561384478437,1,1,1,0.19482505531025965,0.2885132054490257,0.05379433646099363,0.0,16.85674512085705,0.0,1.0,1.0,0.0
nominal,702,proposed_robust_steps8,13,0.04926303185824934,0.09375603469620668,1,1,1,0.32307759535696395,0.41503943003328236,0.048807244960033636,0.0,19.44603501266681,0.0,1.0,1.0,0.0
nominal,702,proposed_robust_steps8,14,0.06029486144586423,0.09454715638620825,1,1,1,0.44766927406935453,0.5046052908178901,0.04446229423247594,0.0,9.641533515638343,0.0,1.0,1.0,0.0
nominal,702,proposed_robust_steps8,15,0.04854444816034482,0.07843066262530689,1,1,1,0.403361153913441,0.483048439361761,0.04863856085669527,0.0,18.278772041769827,0.0,1.0,1.0,0.0
nominal,702,proposed_robust_steps8,16,0.059424778916960456,0.09495267791373266,1,1,1,0.32614541076957343,0.41256517931079684,0.04236719626785357,0.0,11.80958096762782,0.0,1.0,1.0,0.0
nominal,702,proposed_robust_steps8,17,0.05868830016979723,0.09321184588358432,1,1,1,0.33360942744742217,0.4274227861114571,0.05017950447853714,0.0,15.037444215525724,0.0,1.0,1.0,0.0
nominal,702,proposed_robust_steps8,18,0.04928744863716688,0.09055100960089492,1,1,1,0.41484514354009916,0.4799655518297016,0.054632637980493115,0.0,13.956045289405386,0.0,1.0,1.0,0.0
nominal,702,proposed_robust_steps8,19,0.04647818396907234,0.07656962298385936,1,1,1,0.1902048166454085,0.29317475462358317,0.054385638044874174,0.0,12.762201903123156,0.0,1.0,1.0,0.0
nominal,702,proposed_robust_steps8,20,0.04234790778562951,0.06906357619184122,1,1,1,0.22164548937559556,0.3305693999790794,0.04573907630221363,0.0,13.15990474186446,0.0,1.0,1.0,0.0
nominal,702,proposed_robust_steps8,21,0.04813659167897532,0.07901270355902851,1,1,1,0.3070227510493602,0.40395246356229525,0.05003945388699904,0.0,9.317092011612692,0.0,1.0,1.0,0.0
nominal,702,proposed_robust_steps8,22,0.04357811080536175,0.0703211021187092,1,1,1,0.36676449863464494,0.4432695857558496,0.06173568619280845,0.0,11.650118958316527,0.0,1.0,1.0,0.0
nominal,702,proposed_robust_steps8,23,0.0488712698279288,0.07793825218711514,1,1,1,0.2683830625251434,0.36522531575256134,0.047798031482082504,0.0,9.76678173761358,0.0,1.0,1.0,0.0
nominal,703,quintic_skeleton,0,0.053927916359821124,0.08080419231981016,1,1,1,0.20378549118697725,0.30478667821286265,0.04561006366889231,0.0,7.950007066548426,0.0,1.0,1.0,0.0
nominal,703,quintic_skeleton,1,0.06480138477146641,0.09752355301799567,1,1,1,0.414397144472208,0.4886966547416429,0.04841618792524738,0.0,9.757767736458385,0.0,1.0,1.0,0.0
nominal,703,quintic_skeleton,2,0.04494495856231435,0.06884976527062493,1,1,1,0.365533103132139,0.46137867229232227,0.05300189070630035,0.0,5.237985822492495,0.0,1.0,1.0,0.0
nominal,703,quintic_skeleton,3,0.04375624890897337,0.06644742194979138,1,1,1,0.27209904589919864,0.37710474181659126,0.05197992275143859,0.0,5.577913106437671,0.0,1.0,1.0,0.0
nominal,703,quintic_skeleton,4,0.04791500383480349,0.07315471695204842,1,1,1,0.21103143845561517,0.3098270807071426,0.05153324641525181,0.0,6.060838787330985,0.0,1.0,1.0,0.0
nominal,703,quintic_skeleton,5,0.047412160427519084,0.07199644600619885,1,1,1,0.28443490818943457,0.3831225067866777,0.046128364393795085,0.0,5.845618387507898,0.0,1.0,1.0,0.0
nominal,703,quintic_skeleton,6,0.0493430489582634,0.0756890591671502,1,1,1,0.26996048368212894,0.3629128469072961,0.054230458702200224,0.0,5.681835145021341,0.0,1.0,1.0,0.0
nominal,703,quintic_skeleton,7,0.04605335899542778,0.06980645139053977,1,1,1,0.3199972770410562,0.42143939975032396,0.049439718902815066,0.0,5.926353834157091,0.0,1.0,1.0,0.0
nominal,703,quintic_skeleton,8,0.042604869072401276,0.06497587181798456,1,1,1,0.25774483777308677,0.36456685051776744,0.05369145924069629,0.0,5.45540983149803,0.0,1.0,1.0,0.0
nominal,703,quintic_skeleton,9,0.06394072754579513,0.0957294423733094,1,1,1,0.21820293501425872,0.3199633218259171,0.04763460147762455,0.0,10.162255155832574,0.0,1.0,1.0,0.0
nominal,703,quintic_skeleton,10,0.03738315854079106,0.05719232636315195,1,1,1,0.28939616431568865,0.3865670305384804,0.054138559993972546,0.0,4.506221668722979,0.0,1.0,1.0,0.0
nominal,703,quintic_skeleton,11,0.040618377249946803,0.06225897402484747,1,1,1,0.2253063000054328,0.3312951847948688,0.053787397616347654,0.0,4.611516246469089,0.0,1.0,1.0,0.0
nominal,703,quintic_skeleton,12,0.04705092872968196,0.07203643051289511,1,1,1,0.20353335986535268,0.2973973363114574,0.05353667721115274,0.0,5.655507094858856,0.0,1.0,1.0,0.0
nominal,703,quintic_skeleton,13,0.04423254593632481,0.06733124017402094,1,1,1,0.30592174371945746,0.3999012195789754,0.053961089362009496,0.0,5.757218542618387,0.0,1.0,1.0,0.0
nominal,703,quintic_skeleton,14,0.05995040420790557,0.08936252402402299,1,1,1,0.4501118435378122,0.5063307611719738,0.04348717804563562,0.0,9.425585981861682,0.0,1.0,1.0,0.0
nominal,703,quintic_skeleton,15,0.0481910410863108,0.07333892030385102,1,1,1,0.38973426441491843,0.4732463107403058,0.048491823458762795,0.0,6.2966278704285665,0.0,1.0,1.0,0.0
nominal,703,quintic_skeleton,16,0.060015226902992276,0.08968940817459703,1,1,1,0.32873832386025403,0.41471936519508557,0.04404921639423165,0.0,9.694818829131563,0.0,1.0,1.0,0.0
nominal,703,quintic_skeleton,17,0.05840717396812492,0.08718687836417661,1,1,1,0.32605425691817685,0.421016203685075,0.049501456790792986,0.0,9.320659326467943,0.0,1.0,1.0,0.0
nominal,703,quintic_skeleton,18,0.04731572373743065,0.07255835741786311,1,1,1,0.4190186675355152,0.4830303860500554,0.05565747228461415,0.0,5.511219381307059,0.0,1.0,1.0,0.0
nominal,703,quintic_skeleton,19,0.04566421917348957,0.06919938897591814,1,1,1,0.19530319009562286,0.29856100460733237,0.052873425307103705,0.0,6.142715190720647,0.0,1.0,1.0,0.0
nominal,703,quintic_skeleton,20,0.04185663916554133,0.06421702983400461,1,1,1,0.2137814513713883,0.3224639991183552,0.05267329245283925,0.0,4.890032207405568,0.0,1.0,1.0,0.0
nominal,703,quintic_skeleton,21,0.04756844110030555,0.07194251722918525,1,1,1,0.30659706023594463,0.403604469094721,0.04652491430410066,0.0,6.66185533363234,0.0,1.0,1.0,0.0
nominal,703,quintic_skeleton,22,0.04305448853168486,0.06528611578282123,1,1,1,0.37084201830624997,0.44586684970090074,0.04915897631464361,0.0,5.7217427885590295,0.0,1.0,1.0,0.0
nominal,703,quintic_skeleton,23,0.04814890652872897,0.07281389936970732,1,1,1,0.2576765001411332,0.35550081095580466,0.0482283256179632,0.0,6.61956062675509,0.0,1.0,1.0,0.0
nominal,703,boundary_cfm_steps8,0,0.20926656748461522,0.46419800811990813,1,1,1,0.223315541310353,0.3323733866539495,0.1418012100735484,0.011131725417439703,59.97159287377508,0.0,1.0,1.0,0.0
nominal,703,boundary_cfm_steps8,1,0.39647034503234385,0.8698679499236239,1,1,1,0.34747073472638695,0.4364706068829298,0.2680289637764224,0.0071111111111111115,57.31706915967336,0.0,1.0,1.0,0.0
nominal,703,boundary_cfm_steps8,2,0.18848121201412782,0.4007679592192336,1,1,1,0.34523845447447715,0.45210486338764966,0.12919126052914764,0.003084304318026045,54.98005362935293,0.0,1.0,1.0,0.0
nominal,703,boundary_cfm_steps8,3,0.21320282994870554,0.36836350152045,1,1,1,0.05247618856445434,0.1143448749723941,0.08020295354328777,0.011801730920535013,56.60979569972166,0.0,1.0,1.0,0.0
nominal,703,boundary_cfm_steps8,4,0.16292105308056107,0.3103153659121939,1,1,1,0.25969603558977394,0.3657663621725056,0.11222736300966663,0.000182882223847842,52.41007395279711,0.0,1.0,1.0,0.0
nominal,703,boundary_cfm_steps8,5,0.21525945335482435,0.4910516518857706,1,1,1,0.2136768666424982,0.3162265352827806,0.10104864677771497,0.00794912559618442,68.06643246361853,0.0,1.0,1.0,0.0
nominal,703,boundary_cfm_steps8,6,0.21719468234224304,0.5107643657718391,1,1,0,0.10141649490413542,0.18646038417420793,0.15437897600700135,0.006688963210702341,49.41827741654359,0.0,1.0,1.0,0.0
nominal,703,boundary_cfm_steps8,7,0.2763836262661212,0.6425452707526095,1,1,0,0.025364461463645214,0.06355521424719685,0.2097425252580618,0.020748576078112285,65.29968342019217,0.0,1.0,1.0,0.0
nominal,703,boundary_cfm_steps8,8,0.274145259890721,0.5374434586105867,1,1,1,0.04383274731976486,0.10437661261668296,0.07403306613469818,0.04016516516516516,67.18849130062338,0.0,1.0,1.0,0.0
nominal,703,boundary_cfm_steps8,9,0.48463186438615896,1.1578136828422279,0,0,1,-0.008249984392087354,nan,nan,0.014801110083256245,54.75344246069306,0.0,1.0,1.0,0.0
nominal,703,boundary_cfm_steps8,10,0.18104135061643606,0.3787709415167305,1,1,1,0.16686130521399123,0.30106281181071015,0.1684949237527329,0.004219409282700422,47.50740169065832,0.0,1.0,1.0,0.0
nominal,703,boundary_cfm_steps8,11,0.23504363910747988,0.4417502979126879,1,1,1,0.013568210979826485,0.0384334782302127,0.1584453892292994,0.0006830601092896175,45.93746245119613,0.0,1.0,1.0,0.0
nominal,703,boundary_cfm_steps8,12,0.23235733434713224,0.4458380404769022,1,1,1,0.032228272746922214,0.08998891855936036,0.24295128436011915,0.004824259131633356,64.70047974524046,0.0,1.0,1.0,0.0
nominal,703,boundary_cfm_steps8,13,0.35869717650150357,0.7593028337282124,1,1,1,0.021744222848020724,0.052724797953198954,0.17499024708947886,0.011077158135981665,64.45775034336907,0.0,1.0,1.0,0.0
nominal,703,boundary_cfm_steps8,14,0.3241158185291654,0.9203499369456,1,1,1,0.37943025163363314,0.45660296520562554,0.1708847438518064,0.008365200764818356,41.81359745312179,0.0,1.0,1.0,0.0
nominal,703,boundary_cfm_steps8,15,0.20845630873758084,0.4127258024675904,1,1,1,0.15325723758141482,0.30515395921319727,0.05854424925127133,0.003837298541826554,44.608828715595685,0.0,1.0,1.0,0.0
nominal,703,boundary_cfm_steps8,16,0.6713850189821197,1.8968526834089396,0,0,1,-0.002132043342804389,nan,nan,0.014540337711069419,69.9098808142363,0.0,1.0,1.0,0.0
nominal,703,boundary_cfm_steps8,17,0.3827948078162149,0.7605838407697874,1,1,0,0.2626315488371252,0.3659854751684398,0.3267194847463837,0.0,51.41773294843978,0.0,1.0,1.0,0.0
nominal,703,boundary_cfm_steps8,18,0.2941961507806116,0.6579647464575763,1,1,1,0.21037215287322375,0.3157655069980172,0.12896424393261618,0.003360215053763441,68.81328804754418,0.0,1.0,1.0,0.0
nominal,703,boundary_cfm_steps8,19,0.23343991278910797,0.5862335613501867,1,1,1,0.03956092485406018,0.08985063214755995,0.21823408963030433,0.0026041666666666665,51.4179159552814,0.0,1.0,1.0,0.0
nominal,703,boundary_cfm_steps8,20,0.2603799261699932,0.498037246568294,1,1,1,0.013845526011920337,0.05151152194620995,0.1405064520218673,0.01019385026737968,61.352364380193656,0.0,1.0,1.0,0.0
nominal,703,boundary_cfm_steps8,21,0.18993778076600754,0.4174072208570882,1,1,1,0.2215405378142355,0.3253773991763317,0.22520638540372762,0.0,42.815089262725614,0.0,1.0,1.0,0.0
nominal,703,boundary_cfm_steps8,22,0.24506861782654646,0.47666990779411444,1,1,1,0.11082911973550276,0.19305927478790108,1.2215758341811536,0.0003968253968253968,63.04392406999435,0.0,1.0,1.0,0.0
nominal,703,boundary_cfm_steps8,23,0.2365876314139079,0.5281243727289614,1,1,1,0.12102442622295287,0.2176267536593491,0.03400991373190165,0.009712837837837838,51.390514145821946,0.0,1.0,1.0,0.0
nominal,703,projected_velocity_steps8,0,0.04563892779281956,0.05994774449048129,1,1,1,0.20904138706952088,0.31060255352292515,0.060895188168065495,0.0,26.808577558924835,0.0,1.0,1.0,0.0
nominal,703,projected_velocity_steps8,1,0.0560599324523722,0.07100783942687648,1,1,1,0.47369052360782865,0.5332542905635966,0.06306337177393129,0.0,34.374648464613855,0.0,1.0,1.0,0.0
nominal,703,projected_velocity_steps8,2,0.041509754206594154,0.05861546314629327,1,1,1,0.3192679523939066,0.4270911463199017,0.060101350817832966,0.0,11.308402882255598,0.0,1.0,1.0,0.0
nominal,703,projected_velocity_steps8,3,0.038386349778869344,0.05864407795170601,1,1,1,0.239969628777455,0.34680124931774325,0.04414123802014247,0.0,14.826510141652546,0.0,1.0,1.0,0.0
nominal,703,projected_velocity_steps8,4,0.042256569185153685,0.06477382859547878,1,1,1,0.1638208678369289,0.25972207928029306,0.06411372218378553,0.0,13.177307100807793,0.0,1.0,1.0,0.0
nominal,703,projected_velocity_steps8,5,0.041661313703405346,0.06514921895981904,1,1,1,0.25662406076130867,0.3586640709543829,0.06219702234494573,0.0,17.457585394656515,0.0,1.0,1.0,0.0
nominal,703,projected_velocity_steps8,6,0.04467480334303683,0.06310866485247177,1,1,1,0.24576007416869855,0.3405985708038539,0.06754227093039367,0.0,16.84039721935314,0.0,1.0,1.0,0.0
nominal,703,projected_velocity_steps8,7,0.04066479631674622,0.06121293819116269,1,1,1,0.2966411997677244,0.40142353642851863,0.04634015639251965,0.0,13.4336487321245,0.0,1.0,1.0,0.0
nominal,703,projected_velocity_steps8,8,0.03629725830112168,0.06260196278802381,1,1,1,0.23431807703385168,0.3424869699697462,0.04191172314563962,0.0,18.28288817182587,0.0,1.0,1.0,0.0
nominal,703,projected_velocity_steps8,9,0.057741514786604886,0.09208833702185436,1,1,0,0.24714851165349108,0.3510720222148774,0.04042222787420613,0.0,27.167893501269788,0.0,1.0,1.0,0.0
nominal,703,projected_velocity_steps8,10,0.033017625265725256,0.044798797991257064,1,1,1,0.3107673266188942,0.40853500257484127,0.06693138996935932,0.0,14.611046669844304,0.0,1.0,1.0,0.0
nominal,703,projected_velocity_steps8,11,0.03575389523194772,0.054116753333346285,1,1,1,0.23282414342718952,0.3465232871544094,0.06125792954366949,0.0,12.467097364523317,0.0,1.0,1.0,0.0
nominal,703,projected_velocity_steps8,12,0.04244192678271326,0.05835498243458235,1,1,1,0.15273588507174257,0.24257603970323194,0.0704600147070531,0.0,10.438342952301651,0.0,1.0,1.0,0.0
nominal,703,projected_velocity_steps8,13,0.039430090477743915,0.05960492782790307,1,1,1,0.3249910728069204,0.41688180651066387,0.043369843091135785,0.0,15.089789373206125,0.0,1.0,1.0,0.0
nominal,703,projected_velocity_steps8,14,0.0528786700440537,0.0721718775436893,1,1,1,0.5355939406005179,0.5649114433281586,0.08641651527385519,0.0,23.535626505126178,0.0,1.0,1.0,0.0
nominal,703,projected_velocity_steps8,15,0.043572076383606946,0.06495890578110333,1,1,1,0.37893335810841866,0.46506407193442245,0.04987964689633406,0.0,12.204968807044365,0.0,1.0,1.0,0.0
nominal,703,projected_velocity_steps8,16,0.05214253895258437,0.08725639535281901,1,1,1,0.3539164346055698,0.43688462907669606,0.03372282227497658,0.0,30.762135837886802,0.0,1.0,1.0,0.0
nominal,703,projected_velocity_steps8,17,0.05014767614558004,0.07271372751996581,1,1,1,0.38538609070052243,0.4731002208810602,0.07505853980979449,0.0,28.55128764544269,0.0,1.0,1.0,0.0
nominal,703,projected_velocity_steps8,18,0.04234115607971708,0.0649383808719523,1,1,1,0.31851479561498286,0.4029426783742749,0.062189799506478405,0.0,9.875681932249885,0.0,1.0,1.0,0.0
nominal,703,projected_velocity_steps8,19,0.040555235575631704,0.05602546927747943,1,1,1,0.19776407987731653,0.30223563262246783,0.052369495948264344,0.0,11.431441777606588,0.0,1.0,1.0,0.0
nominal,703,projected_velocity_steps8,20,0.03725242902780042,0.05261729812785673,1,1,1,0.13985378757555667,0.24224638605583632,0.0529419045337951,0.0,24.53097137579455,0.0,1.0,1.0,0.0
nominal,703,projected_velocity_steps8,21,0.0392319177252594,0.05602647070559841,1,1,1,0.2273583569123438,0.33088364826365074,0.06232868963848337,0.0,21.63034401402005,0.0,1.0,1.0,0.0
nominal,703,projected_velocity_steps8,22,0.035381102413966296,0.048844187477614126,1,1,1,0.20694972556439284,0.3020455170461633,0.048772419961746305,0.0,17.580520669645548,0.0,1.0,1.0,0.0
nominal,703,projected_velocity_steps8,23,0.04524963562763085,0.07055297387290563,1,1,1,0.25764258804227846,0.3588253127401256,0.06324378354678073,0.0,13.306319290493512,0.0,1.0,1.0,0.0
nominal,703,proposed_robust_steps1,0,0.05853806631109754,0.09950539093223129,1,1,1,0.20409075767842946,0.30515014155145626,0.04643785324346705,0.0,16.349056093223478,0.0,1.0,1.0,0.0
nominal,703,proposed_robust_steps1,1,0.06498442704682945,0.09935397510833735,1,1,1,0.41476379092000687,0.48905198506503766,0.04944725021463903,0.0,11.781021342167177,0.0,1.0,1.0,0.0
nominal,703,proposed_robust_steps1,2,0.04677524405936535,0.08071185450220697,1,1,1,0.36322683115401005,0.45939776180439934,0.05000258362284615,0.0,13.13232259936389,0.0,1.0,1.0,0.0
nominal,703,proposed_robust_steps1,3,0.04762188701420579,0.08878107574587248,1,1,1,0.27848999401736096,0.38262091154479155,0.0606586120219772,0.0,17.1775989873888,0.0,1.0,1.0,0.0
nominal,703,proposed_robust_steps1,4,0.047991350230059626,0.08132377714352558,1,1,1,0.2139725847387181,0.3128474427855419,0.0498512196877976,0.0,10.025066033175925,0.0,1.0,1.0,0.0
nominal,703,proposed_robust_steps1,5,0.05685243066168573,0.09899346375251714,1,1,1,0.29455720985004247,0.39251871978540875,0.05368746411981817,0.0,17.35163253437678,0.0,1.0,1.0,0.0
nominal,703,proposed_robust_steps1,6,0.053253258088152886,0.09426063045933138,1,1,1,0.28463058713052053,0.37609858508818045,0.0579385880980805,0.0,19.17438343429956,0.0,1.0,1.0,0.0
nominal,703,proposed_robust_steps1,7,0.05554616089716299,0.09924067300427362,1,1,1,0.31860173158879374,0.4203128259438267,0.06337229881613604,0.0,20.527305568213166,0.0,1.0,1.0,0.0
nominal,703,proposed_robust_steps1,8,0.04525425779469824,0.07740553981717826,1,1,1,0.24836719465199195,0.3557459278733135,0.05422530781166657,0.0,20.524343307238052,0.0,1.0,1.0,0.0
nominal,703,proposed_robust_steps1,9,0.06343057733575622,0.10119735647384326,1,1,1,0.2192532126422018,0.32103286049674173,0.04917333633514254,0.0,12.125349728938042,0.0,1.0,1.0,0.0
nominal,703,proposed_robust_steps1,10,0.03860480372859802,0.0679947602011081,1,1,1,0.28467833014016697,0.38271216374968153,0.0609540776559343,0.0,11.389341325290399,0.0,1.0,1.0,0.0
nominal,703,proposed_robust_steps1,11,0.04872811220190618,0.08525920833396357,1,1,1,0.22979273010744353,0.3356349615794781,0.04880177255392981,0.0,19.00641396413651,0.0,1.0,1.0,0.0
nominal,703,proposed_robust_steps1,12,0.0505559310619354,0.09658169697824781,1,1,1,0.1895740065592309,0.2832376936591119,0.04619603946694184,0.0,21.683258123488194,0.0,1.0,1.0,0.0
nominal,703,proposed_robust_steps1,13,0.060251979547293076,0.11973092251655411,1,1,1,0.33712429733068433,0.42721038109135356,0.0583837720674083,0.0,26.68853619974051,0.0,1.0,1.0,0.0
nominal,703,proposed_robust_steps1,14,0.06089408401792901,0.09556301479344108,1,1,1,0.44946300580627774,0.5057672581148567,0.04504417467818911,0.0,13.485726690057605,0.0,1.0,1.0,0.0
nominal,703,proposed_robust_steps1,15,0.048275362204316274,0.07814411277098783,1,1,1,0.38538424149144807,0.46973317640040035,0.04890074435176528,0.0,18.94709089428259,0.0,1.0,1.0,0.0
nominal,703,proposed_robust_steps1,16,0.05938551432988801,0.09445838076353812,1,1,1,0.32883890427054224,0.41479228573080984,0.042715536581442226,0.0,13.747583340308356,0.0,1.0,1.0,0.0
nominal,703,proposed_robust_steps1,17,0.061299121325121095,0.1041041151606433,1,1,1,0.34054809052145724,0.43292308394339485,0.054167831911560604,0.0,17.55933144915541,0.0,1.0,1.0,0.0
nominal,703,proposed_robust_steps1,18,0.05049538318586157,0.09255012479041279,1,1,1,0.4100567282855237,0.47604001360608,0.05855637576214079,0.0,16.171788122305617,0.0,1.0,1.0,0.0
nominal,703,proposed_robust_steps1,19,0.05047882897956398,0.09097293711403108,1,1,1,0.1873953960012394,0.2906805582452291,0.06304530879386183,0.0,19.704007546756106,0.0,1.0,1.0,0.0
nominal,703,proposed_robust_steps1,20,0.048072324407248575,0.08113841955856024,1,1,1,0.22393912752931847,0.3330049020040502,0.045812431347157734,0.0,21.96128238746486,0.0,1.0,1.0,0.0
nominal,703,proposed_robust_steps1,21,0.0498762736400132,0.08914828327416299,1,1,1,0.29977971062411407,0.3976424606682982,0.04714680368799584,0.0,16.69209003921829,0.0,1.0,1.0,0.0
nominal,703,proposed_robust_steps1,22,0.05783948769470433,0.1216543904477243,1,1,1,0.2960570384369591,0.38869607604950823,0.06996180566960053,0.0,28.332229645453936,0.0,1.0,1.0,0.0
nominal,703,proposed_robust_steps1,23,0.05180358028527204,0.08608743705693464,1,1,1,0.2543737895060967,0.35235379290416924,0.0470433562961996,0.0,16.337552586169593,0.0,1.0,1.0,0.0
nominal,703,proposed_robust_steps8,0,0.05480645437123501,0.08842056955701319,1,1,1,0.21299307120708708,0.3141790569022837,0.050177030868717054,0.0,12.049392839272876,0.0,1.0,1.0,0.0
nominal,703,proposed_robust_steps8,1,0.06505306382638139,0.09935865831464388,1,1,1,0.41994442532198023,0.49289672462949263,0.04631512574625285,0.0,10.725704884739732,0.0,1.0,1.0,0.0
nominal,703,proposed_robust_steps8,2,0.046394658805106744,0.07811243032563181,1,1,1,0.39145757195604725,0.4817251389597842,0.05487952559670539,0.0,13.00778202087103,0.0,1.0,1.0,0.0
nominal,703,proposed_robust_steps8,3,0.04530180551041275,0.0787559260601759,1,1,1,0.26277503700269317,0.36843128952879717,0.053423812319259856,0.0,11.277045556796034,0.0,1.0,1.0,0.0
nominal,703,proposed_robust_steps8,4,0.04776120858874446,0.08225451899690384,1,1,1,0.2224005176726061,0.3212078037250995,0.05040871853157203,0.0,9.945249808148349,0.0,1.0,1.0,0.0
nominal,703,proposed_robust_steps8,5,0.04863624390905006,0.0783335798075514,1,1,1,0.28941845646721837,0.38742758498833374,0.05454301004594431,0.0,12.557545753826195,0.0,1.0,1.0,0.0
nominal,703,proposed_robust_steps8,6,0.05259362242885747,0.09628780773682931,1,1,1,0.27021312278745735,0.36366629010763063,0.050036108055113715,0.0,16.54143988413354,0.0,1.0,1.0,0.0
nominal,703,proposed_robust_steps8,7,0.05228011836853365,0.09649667259185664,1,1,1,0.3294018142337079,0.4293524742038136,0.05099575439285253,0.0,18.08357306987817,0.0,1.0,1.0,0.0
nominal,703,proposed_robust_steps8,8,0.043576462699575116,0.07434884469289628,1,1,1,0.24845424959681237,0.3558633522802368,0.054097002766809954,0.0,16.49295141402321,0.0,1.0,1.0,0.0
nominal,703,proposed_robust_steps8,9,0.06358362180962496,0.09674117093432598,1,1,1,0.22166197761071219,0.3233995786781756,0.04875061401161496,0.0,10.774892745952535,0.0,1.0,1.0,0.0
nominal,703,proposed_robust_steps8,10,0.03830423498958135,0.06569303084478854,1,1,1,0.2997096615299026,0.3965277062438574,0.061931455407892244,0.0,11.085863763509229,0.0,1.0,1.0,0.0
nominal,703,proposed_robust_steps8,11,0.04549942979393644,0.08184557313629408,1,1,1,0.23452290047110405,0.340271602940166,0.049835611145675696,0.0,17.246228714626607,0.0,1.0,1.0,0.0
nominal,703,proposed_robust_steps8,12,0.04880893018620358,0.0870561384478437,1,1,1,0.19482505531025965,0.2885132054490257,0.05379433646099363,0.0,16.85674512085705,0.0,1.0,1.0,0.0
nominal,703,proposed_robust_steps8,13,0.04926303185824934,0.09375603469620668,1,1,1,0.32307759535696395,0.41503943003328236,0.048807244960033636,0.0,19.44603501266681,0.0,1.0,1.0,0.0
nominal,703,proposed_robust_steps8,14,0.06029486144586423,0.09454715638620825,1,1,1,0.44766927406935453,0.5046052908178901,0.04446229423247594,0.0,9.641533515638343,0.0,1.0,1.0,0.0
nominal,703,proposed_robust_steps8,15,0.04854444816034482,0.07843066262530689,1,1,1,0.403361153913441,0.483048439361761,0.04863856085669527,0.0,18.278772041769827,0.0,1.0,1.0,0.0
nominal,703,proposed_robust_steps8,16,0.059424778916960456,0.09495267791373266,1,1,1,0.32614541076957343,0.41256517931079684,0.04236719626785357,0.0,11.80958096762782,0.0,1.0,1.0,0.0
nominal,703,proposed_robust_steps8,17,0.05868830016979723,0.09321184588358432,1,1,1,0.33360942744742217,0.4274227861114571,0.05017950447853714,0.0,15.037444215525724,0.0,1.0,1.0,0.0
nominal,703,proposed_robust_steps8,18,0.04928744863716688,0.09055100960089492,1,1,1,0.41484514354009916,0.4799655518297016,0.054632637980493115,0.0,13.956045289405386,0.0,1.0,1.0,0.0
nominal,703,proposed_robust_steps8,19,0.04647818396907234,0.07656962298385936,1,1,1,0.1902048166454085,0.29317475462358317,0.054385638044874174,0.0,12.762201903123156,0.0,1.0,1.0,0.0
nominal,703,proposed_robust_steps8,20,0.04234790778562951,0.06906357619184122,1,1,1,0.22164548937559556,0.3305693999790794,0.04573907630221363,0.0,13.15990474186446,0.0,1.0,1.0,0.0
nominal,703,proposed_robust_steps8,21,0.04813659167897532,0.07901270355902851,1,1,1,0.3070227510493602,0.40395246356229525,0.05003945388699904,0.0,9.317092011612692,0.0,1.0,1.0,0.0
nominal,703,proposed_robust_steps8,22,0.04357811080536175,0.0703211021187092,1,1,1,0.36676449863464494,0.4432695857558496,0.06173568619280845,0.0,11.650118958316527,0.0,1.0,1.0,0.0
nominal,703,proposed_robust_steps8,23,0.0488712698279288,0.07793825218711514,1,1,1,0.2683830625251434,0.36522531575256134,0.047798031482082504,0.0,9.76678173761358,0.0,1.0,1.0,0.0
moderate_uncertainty,701,quintic_skeleton,0,0.1084257358520617,0.13856559838110993,1,1,1,0.19439515081723907,0.29511012355884925,0.07975287487060223,0.0,9.878311748542108,0.6000000000000001,0.9929299735411842,0.8297674459331352,0.01
moderate_uncertainty,701,quintic_skeleton,1,0.10721031268979099,0.13444660654186757,1,1,1,0.3063722371654165,0.40228996266705386,0.05728420362127418,0.0,10.332750565714264,0.6,1.04049226266134,0.9608761004086002,0.01
moderate_uncertainty,701,quintic_skeleton,2,0.04294600640198633,0.06889097746303026,1,1,1,0.34549177909526857,0.44523190766984233,0.006019644561556348,0.0,6.575944343154101,0.6,0.9994586072858193,0.889828563519946,0.01
moderate_uncertainty,701,quintic_skeleton,3,0.04718266962290051,0.060171317628824605,1,1,1,0.23815872251813533,0.3449944054866818,0.014545051141048315,0.0,6.010928868140749,0.6,1.008246108001931,1.018368135086783,0.01
moderate_uncertainty,701,quintic_skeleton,4,0.04630379720604296,0.06937534961343901,1,1,1,0.20065716301633674,0.29930782449907967,0.004336857611030087,0.0,7.563889208414323,0.6,1.0365902789052348,1.1729309202439717,0.01
moderate_uncertainty,701,quintic_skeleton,5,0.0483107017164375,0.06911733410893665,1,1,1,0.279199970172831,0.37835620951038607,0.0012282901653444256,0.0,6.993411627326194,0.6,1.0169753495671194,0.8706079567813325,0.01
moderate_uncertainty,701,quintic_skeleton,6,0.09745773258251793,0.11735560638095369,1,1,1,0.22111312539707811,0.31798923898519327,0.07027355666145407,0.0,6.798378896023981,0.6,1.0363758905746596,1.0568332404013414,0.01
moderate_uncertainty,701,quintic_skeleton,7,0.10901537364489677,0.13748956473480473,1,1,1,0.24108278559100638,0.3503993259934921,0.09332958099567046,0.0,9.804740675018921,0.6,0.9933387114988844,1.073397017430156,0.01
moderate_uncertainty,701,quintic_skeleton,8,0.10570365965950387,0.13146936732470174,1,1,1,0.2580510399353582,0.3648961524808914,0.10141497598208415,0.0,8.572309107373558,0.5999999999999999,1.007468086873058,1.0224707692665702,0.01
moderate_uncertainty,701,quintic_skeleton,9,0.10464450586934182,0.1337550103389043,1,1,1,0.1664514275299164,0.26534648180477327,0.05647693999294345,0.0,10.866551558283351,0.6000000000000001,1.0226103956823862,0.9325068901178604,0.01
moderate_uncertainty,701,quintic_skeleton,10,0.10190426837462989,0.116972709663395,1,1,1,0.2335416594629935,0.33484253523705954,0.06576557675711658,0.0,6.198016698037754,0.5999999999999999,1.0499098222261554,1.1461961572898884,0.01
moderate_uncertainty,701,quintic_skeleton,11,0.08112094575875708,0.10563944103835317,1,1,1,0.2880719744736523,0.3900339074450635,0.08084579231505051,0.0,7.221358476440345,0.6,0.9662550010772103,1.054850625111701,0.01
moderate_uncertainty,701,quintic_skeleton,12,0.08724295512318576,0.10485209476073117,1,1,1,0.25618688357777797,0.3482747125719824,0.05380468971391572,0.0,6.146787687514711,0.6,0.9774859308846717,1.0988358920173815,0.01
moderate_uncertainty,701,quintic_skeleton,13,0.050501095076999465,0.06932623057704873,1,1,1,0.3077994962540567,0.40212368343629573,0.0032280007702589764,0.0,6.7387529775710915,0.5999999999999999,0.9986747342206992,0.8679372287707371,0.01
moderate_uncertainty,701,quintic_skeleton,14,0.03136710203605898,0.0436452780593177,1,1,1,0.4778387299720622,0.5265358786447818,0.008027335926493961,0.0,8.265619157193607,0.5999999999999999,0.9758586786137546,0.8444017688384086,0.01
moderate_uncertainty,701,quintic_skeleton,15,0.12717900772173907,0.16098440166289127,1,1,1,0.3524872722538659,0.44421774067293984,0.11916274123971116,0.0,10.396407967705812,0.6,0.9582811848251183,0.950992353010429,0.01
moderate_uncertainty,701,quintic_skeleton,16,0.054133100252427895,0.06277256732874065,1,1,1,0.263517540683913,0.35803040332050734,0.017485725120639284,0.0,8.240840972251526,0.5999999999999999,0.9940161217190617,1.1090358617813418,0.01
moderate_uncertainty,701,quintic_skeleton,17,0.12899666779449537,0.16513013322000278,1,1,1,0.2949396812521458,0.3943103314991392,0.10217573934302093,0.0,12.609246073190947,0.6,1.0206269857862873,0.876125268285103,0.01
moderate_uncertainty,701,quintic_skeleton,18,0.05998670848002427,0.08123723385118232,1,1,1,0.3488615492738881,0.4289191554348837,0.0038725331549831488,0.0,6.576899706059761,0.6,1.0351541067249657,0.9497658996973878,0.01
moderate_uncertainty,701,quintic_skeleton,19,0.11785816869203385,0.15069738445513697,1,1,1,0.1890170766338723,0.29189206717958677,0.12981221327178272,0.0,10.38297190873434,0.5999999999999999,1.0076509459928882,0.9187963456121729,0.01
moderate_uncertainty,701,quintic_skeleton,20,0.1007380061747882,0.12173470344528133,1,1,1,0.13445183494846735,0.23416544768079767,0.07859170457501197,0.0,8.231287156739409,0.6000000000000001,0.9555313233488515,1.1848902234273728,0.01
moderate_uncertainty,701,quintic_skeleton,21,0.06067007484933245,0.07553798799385286,1,1,1,0.3285509071712322,0.4230039572429745,0.0024670028568376523,0.0,7.23879885258773,0.6000000000000001,0.9716970362131345,1.0364615762060698,0.01
moderate_uncertainty,701,quintic_skeleton,22,0.10148078400756476,0.12027831620451991,1,1,1,0.3493948975279603,0.42832851447180775,0.0602790818101262,0.0,7.388981893369103,0.6000000000000001,0.9522608172721043,0.8109117605997371,0.01
moderate_uncertainty,701,quintic_skeleton,23,0.06509860399525232,0.08510452910292866,1,1,1,0.23011359164834264,0.32931711213643644,0.003267187047802711,0.0,7.615720203054275,0.6000000000000001,1.0479602662316019,1.185155570586712,0.01
moderate_uncertainty,701,boundary_cfm_steps8,0,0.2490412484090493,0.5365035723669417,1,1,1,0.21889108131032795,0.32545326369563166,0.1785923431826304,0.011131725417439703,53.18855950585769,0.6000000000000001,0.9929299735411842,0.8297674459331352,0.01
moderate_uncertainty,701,boundary_cfm_steps8,1,0.40176258876182425,0.8606437924005766,1,1,1,0.2638980280451239,0.36533791841675056,0.2735318007220533,0.005333333333333333,56.732098625637796,0.6,1.04049226266134,0.9608761004086002,0.01
moderate_uncertainty,701,boundary_cfm_steps8,2,0.1779210211565997,0.36685247136345156,1,1,1,0.3354491619913899,0.43649840520508104,0.04223715796198446,0.0017135023989033585,48.21962411921677,0.6,0.9994586072858193,0.889828563519946,0.01
moderate_uncertainty,701,boundary_cfm_steps8,3,0.19489604056085608,0.4536415023314767,1,1,1,0.02833064811761669,0.06867104926217221,0.06057319829620722,0.012195121951219513,58.35285378625367,0.6,1.008246108001931,1.018368135086783,0.01
moderate_uncertainty,701,boundary_cfm_steps8,4,0.19991129905996452,0.4187423219745955,1,1,1,0.309871531715967,0.4080692921489679,0.003973259529784112,0.001463057790782736,53.362083665612445,0.6,1.0365902789052348,1.1729309202439717,0.01
moderate_uncertainty,701,boundary_cfm_steps8,5,0.210525043927056,0.42534346439973436,1,1,1,0.1707116200541099,0.2738629816589044,0.0451902073901973,0.0051669316375198724,69.05726357501383,0.6,1.0169753495671194,0.8706079567813325,0.01
moderate_uncertainty,701,boundary_cfm_steps8,6,0.25730320985018673,0.552703022139619,1,1,0,0.07078836401068683,0.14153553111082062,0.16959389616408282,0.006187290969899666,49.86147041203086,0.6,1.0363758905746596,1.0568332404013414,0.01
moderate_uncertainty,701,boundary_cfm_steps8,7,0.29813920488939866,0.7223099343108227,1,1,0,0.04237933531792347,0.09798357908548133,0.27945664719720886,0.019324654190398697,67.3150154057518,0.6,0.9933387114988844,1.073397017430156,0.01
moderate_uncertainty,701,boundary_cfm_steps8,8,0.31441484191034375,0.6142980141725594,1,1,1,0.027380121505253877,0.06890029175365653,0.13948157750297785,0.03866366366366367,68.54486774001128,0.5999999999999999,1.007468086873058,1.0224707692665702,0.01
moderate_uncertainty,701,boundary_cfm_steps8,9,0.4835092498488085,1.1487168999705197,0,0,0,-0.002579381802686846,nan,nan,0.012719703977798334,52.756159062006944,0.6000000000000001,1.0226103956823862,0.9325068901178604,0.01
moderate_uncertainty,701,boundary_cfm_steps8,10,0.25818809441489265,0.4509966823790228,1,1,0,0.08985139294941188,0.19651684231671784,0.17923230974265136,0.0028129395218002813,44.119613382232814,0.5999999999999999,1.0499098222261554,1.1461961572898884,0.01
moderate_uncertainty,701,boundary_cfm_steps8,11,0.2627965476926338,0.4746088287896881,1,1,1,0.029688282280440684,0.07347145209801742,0.18660020109944986,0.00034153005464480874,46.12543407168411,0.6,0.9662550010772103,1.054850625111701,0.01
moderate_uncertainty,701,boundary_cfm_steps8,12,0.19772584896455106,0.3762193145860862,1,1,1,0.07361013113718795,0.15583016299767727,0.21305571766762466,0.009476223294279808,65.54034827839376,0.6,0.9774859308846717,1.0988358920173815,0.01
moderate_uncertainty,701,boundary_cfm_steps8,13,0.3562863085719758,0.6264988390197321,1,1,1,0.06609439590459237,0.13496906464235936,0.12866904697363335,0.011650114591291063,59.151626953434345,0.5999999999999999,0.9986747342206992,0.8679372287707371,0.01
moderate_uncertainty,701,boundary_cfm_steps8,14,0.2656558083911466,0.6892277392566721,1,1,0,0.4260162279369724,0.5023604434077239,0.11027909896648191,0.008604206500956023,40.01826423270673,0.5999999999999999,0.9758586786137546,0.8444017688384086,0.01
moderate_uncertainty,701,boundary_cfm_steps8,15,0.23715343578410153,0.39196003694378234,1,1,1,0.11191093924812218,0.24727646966079192,0.12600488686391076,0.007482732156561781,44.61670788622692,0.6,0.9582811848251183,0.950992353010429,0.01
moderate_uncertainty,701,boundary_cfm_steps8,16,0.5882845751663544,1.7164513405794783,0,0,1,-0.013688627993618068,nan,nan,0.016416510318949345,71.96282087693923,0.5999999999999999,0.9940161217190617,1.1090358617813418,0.01
moderate_uncertainty,701,boundary_cfm_steps8,17,0.4846898671572638,0.9022652413591924,1,1,0,0.19673701654613707,0.30215061501799306,0.45034637387564747,0.000471253534401508,49.46271492367667,0.6,1.0206269857862873,0.876125268285103,0.01
moderate_uncertainty,701,boundary_cfm_steps8,18,0.3126182007459854,0.6228081416280677,1,1,1,0.22045563507838767,0.32699315673114715,0.09735940647383412,0.003360215053763441,67.51330003757528,0.6,1.0351541067249657,0.9497658996973878,0.01
moderate_uncertainty,701,boundary_cfm_steps8,19,0.30992207014860035,0.7419111986315413,1,1,1,0.038425839769888476,0.08701063326269048,0.3095329962170381,0.002403846153846154,47.95621844902695,0.5999999999999999,1.0076509459928882,0.9187963456121729,0.01
moderate_uncertainty,701,boundary_cfm_steps8,20,0.271968034124937,0.5110353590698985,0,0,1,-0.0038702167699995148,nan,nan,0.01303475935828877,63.64843048872096,0.6000000000000001,0.9555313233488515,1.1848902234273728,0.01
moderate_uncertainty,701,boundary_cfm_steps8,21,0.13321483336421705,0.3252476877855422,1,1,1,0.271474313926282,0.3746862475504647,0.11807975662411785,0.002071251035625518,43.891356188056086,0.6000000000000001,0.9716970362131345,1.0364615762060698,0.01
moderate_uncertainty,701,boundary_cfm_steps8,22,0.2440504339739697,0.5011501743553499,1,1,1,0.0788446086543289,0.1486405935319417,1.25050171676338,0.003373015873015873,59.18808653396546,0.6000000000000001,0.9522608172721043,0.8109117605997371,0.01
moderate_uncertainty,701,boundary_cfm_steps8,23,0.3141763030546688,0.6660104084362976,1,1,0,0.06714813124721364,0.13617251680505138,0.03359119435243407,0.008234797297297296,57.51943347902903,0.6000000000000001,1.0479602662316019,1.185155570586712,0.01
moderate_uncertainty,701,projected_velocity_steps8,0,0.10141847930800191,0.11912465945089622,1,1,1,0.1999779230731373,0.3010174874156827,0.11046264631490166,0.0,24.742201210248346,0.6000000000000001,0.9929299735411842,0.8297674459331352,0.01
moderate_uncertainty,701,projected_velocity_steps8,1,0.10531187659295327,0.11946423595667237,1,1,1,0.3558725922552756,0.4444085011123571,0.06606609019212328,0.0,33.74260844054393,0.6,1.04049226266134,0.9608761004086002,0.01
moderate_uncertainty,701,projected_velocity_steps8,2,0.042314217742042366,0.07000559105477339,1,1,1,0.30647657640809894,0.41437090515124053,0.016764732750289557,0.0,10.99152153651047,0.6,0.9994586072858193,0.889828563519946,0.01
moderate_uncertainty,701,projected_velocity_steps8,3,0.04562216688610934,0.05530671687515583,1,1,1,0.25177661864663864,0.3579722721506299,0.0007331102992664817,0.0,15.048646901025405,0.6,1.008246108001931,1.018368135086783,0.01
moderate_uncertainty,701,projected_velocity_steps8,4,0.047303414543533116,0.0717300897463464,1,1,1,0.14981559374411746,0.24362793270253358,0.013797634680637216,0.0,19.125090709461535,0.6,1.0365902789052348,1.1729309202439717,0.01
moderate_uncertainty,701,projected_velocity_steps8,5,0.05153371015469156,0.067606026183897,1,1,1,0.20998508168995494,0.3141182205382027,0.0519660305454237,0.0,21.237426479716817,0.6,1.0169753495671194,0.8706079567813325,0.01
moderate_uncertainty,701,projected_velocity_steps8,6,0.09809854161385534,0.1110785639087911,1,1,1,0.1797222019375142,0.27429655662026,0.08374317463273595,0.0,17.779066345458002,0.6,1.0363758905746596,1.0568332404013414,0.01
moderate_uncertainty,701,projected_velocity_steps8,7,0.10495906629817882,0.13140430191825087,1,1,1,0.22112986836151816,0.33096127278056686,0.10768736957652747,0.0,17.29809215543446,0.6,0.9933387114988844,1.073397017430156,0.01
moderate_uncertainty,701,projected_velocity_steps8,8,0.10120479413183728,0.12847058397253683,1,1,1,0.21849302129634568,0.328073168476238,0.09709276937975497,0.0,19.335771953689278,0.5999999999999999,1.007468086873058,1.0224707692665702,0.01
moderate_uncertainty,701,projected_velocity_steps8,9,0.10351930031243473,0.13270380624894237,1,1,0,0.1708315408942562,0.27218956150391443,0.04915129752475833,0.0,24.949898247122935,0.6000000000000001,1.0226103956823862,0.9325068901178604,0.01
moderate_uncertainty,701,projected_velocity_steps8,10,0.10488258690361017,0.12264971639859733,1,1,1,0.21816807136378402,0.3213408441662282,0.07592946625780517,0.0,16.456330770974233,0.5999999999999999,1.0499098222261554,1.1461961572898884,0.01
moderate_uncertainty,701,projected_velocity_steps8,11,0.07865073038872353,0.09890080204667925,1,1,1,0.2874877815009831,0.40245887790300716,0.10441732541001247,0.0,13.105621380565196,0.6,0.9662550010772103,1.054850625111701,0.01
moderate_uncertainty,701,projected_velocity_steps8,12,0.08363078857773897,0.09365592730098315,1,1,1,0.22488265248009517,0.3186145291332116,0.06640431076021791,0.0,10.409782526562555,0.6,0.9774859308846717,1.0988358920173815,0.01
moderate_uncertainty,701,projected_velocity_steps8,13,0.05166327699258003,0.06569192979879805,1,1,1,0.3485413958090635,0.4373133833654682,0.010423118831741629,0.0,18.55624433097331,0.5999999999999999,0.9986747342206992,0.8679372287707371,0.01
moderate_uncertainty,701,projected_velocity_steps8,14,0.029002785114202984,0.041109555101787765,1,1,1,0.5698072596402672,0.5873569301899846,0.005386286104202442,0.0,19.221745234092882,0.5999999999999999,0.9758586786137546,0.8444017688384086,0.01
moderate_uncertainty,701,projected_velocity_steps8,15,0.12338675851586871,0.15348491406141032,1,1,1,0.34434847097449683,0.43666613155412837,0.1355553387817392,0.0,15.431799748804863,0.6,0.9582811848251183,0.950992353010429,0.01
moderate_uncertainty,701,projected_velocity_steps8,16,0.0549565736029974,0.06963026246418931,1,1,1,0.3064124404094447,0.39688607470028237,0.005367403303745633,0.0,29.823438931598687,0.5999999999999999,0.9940161217190617,1.1090358617813418,0.01
moderate_uncertainty,701,projected_velocity_steps8,17,0.12242135013239784,0.1482863385289345,1,1,1,0.35838133260573224,0.4505050537452187,0.16559891973217367,0.0,29.554070092551928,0.6,1.0206269857862873,0.876125268285103,0.01
moderate_uncertainty,701,projected_velocity_steps8,18,0.06111541374070574,0.07844887802532086,1,1,1,0.2687847735768118,0.35975131832391305,0.00982584518613816,0.0,12.053081552879169,0.6,1.0351541067249657,0.9497658996973878,0.01
moderate_uncertainty,701,projected_velocity_steps8,19,0.11359906637413514,0.13724886403807549,1,1,1,0.18563114259573013,0.2889458802904903,0.14758078643434303,0.0,14.382340697638126,0.5999999999999999,1.0076509459928882,0.9187963456121729,0.01
moderate_uncertainty,701,projected_velocity_steps8,20,0.09323624292405772,0.1122150760906371,1,1,1,0.07829360600237512,0.158961531295446,0.07609416332707397,0.0,25.858409622304638,0.6000000000000001,0.9555313233488515,1.1848902234273728,0.01
moderate_uncertainty,701,projected_velocity_steps8,21,0.060219317930872596,0.07589825092772452,1,1,1,0.28551564430405885,0.38497006951527474,0.0022814701583109276,0.0,20.662358128665577,0.6000000000000001,0.9716970362131345,1.0364615762060698,0.01
moderate_uncertainty,701,projected_velocity_steps8,22,0.09737662584235522,0.11357463057906661,1,1,1,0.24468553294429313,0.33794484873115926,0.06064637445827126,0.0,17.202835398714672,0.6000000000000001,0.9522608172721043,0.8109117605997371,0.01
moderate_uncertainty,701,projected_velocity_steps8,23,0.06752210140808801,0.09172288131610946,1,1,1,0.2401087457430562,0.3428206339667566,0.0013444997127853853,0.0,13.588707654335694,0.6000000000000001,1.0479602662316019,1.185155570586712,0.01
moderate_uncertainty,701,proposed_robust_steps1,0,0.1105814399311892,0.15105558456382956,1,1,1,0.19490084720131262,0.29557995887653093,0.08119934063582113,0.0,15.82537520284358,0.6000000000000001,0.9929299735411842,0.8297674459331352,0.01
moderate_uncertainty,701,proposed_robust_steps1,1,0.10784550177711573,0.13727357583773286,1,1,1,0.306049055393187,0.40210124888088383,0.05833496383229031,0.0,11.613306651151206,0.6,1.04049226266134,0.9608761004086002,0.01
moderate_uncertainty,701,proposed_robust_steps1,2,0.044722816518600474,0.06898019519509035,1,1,1,0.3429431461167443,0.44335122853680786,0.008599207233956907,0.0,16.442525736549364,0.6,0.9994586072858193,0.889828563519946,0.01
moderate_uncertainty,701,proposed_robust_steps1,3,0.045991742221541,0.05830584051752666,1,1,1,0.24371518900346592,0.3504904688180531,0.01593505361343439,0.0,15.82847925974942,0.6,1.008246108001931,1.018368135086783,0.01
moderate_uncertainty,701,proposed_robust_steps1,4,0.04891904951912729,0.07492078136331635,1,1,1,0.2034647930554523,0.3022307967681097,0.0004665000040464662,0.0,16.012257508324296,0.6,1.0365902789052348,1.1729309202439717,0.01
moderate_uncertainty,701,proposed_robust_steps1,5,0.055295093823785245,0.07137161055587225,1,1,1,0.2758555594093293,0.37541115340627995,0.007951505584066432,0.0,16.545743158110113,0.6,1.0169753495671194,0.8706079567813325,0.01
moderate_uncertainty,701,proposed_robust_steps1,6,0.10397733491274079,0.13473257691692003,1,1,1,0.22094311917013354,0.3180700227002806,0.07468594449717036,0.0,19.468892643013373,0.6,1.0363758905746596,1.0568332404013414,0.01
moderate_uncertainty,701,proposed_robust_steps1,7,0.11639932081751779,0.1645073895740574,1,1,1,0.24281260171440694,0.35215391492351505,0.11170319150735653,0.0,24.480655797428646,0.6,0.9933387114988844,1.073397017430156,0.01
moderate_uncertainty,701,proposed_robust_steps1,8,0.10939435566399383,0.14642393449648639,1,1,1,0.24888876369313093,0.3562551061007589,0.1015220728149524,0.0,21.75353063808537,0.5999999999999999,1.007468086873058,1.0224707692665702,0.01
moderate_uncertainty,701,proposed_robust_steps1,9,0.10550793008874985,0.1381730061212765,1,1,1,0.16691100758091115,0.26590489524484007,0.057993355079899445,0.0,11.655299086320289,0.6000000000000001,1.0226103956823862,0.9325068901178604,0.01
moderate_uncertainty,701,proposed_robust_steps1,10,0.10470833805221623,0.1253337857384677,1,1,1,0.2284640786167514,0.3298728268990769,0.07189842638092037,0.0,11.046587776895342,0.5999999999999999,1.0499098222261554,1.1461961572898884,0.01
moderate_uncertainty,701,proposed_robust_steps1,11,0.08916015289525246,0.12818459935156912,1,1,1,0.29387403628558917,0.39525629873762913,0.07517446312811016,0.0,22.15249854018767,0.6,0.9662550010772103,1.054850625111701,0.01
moderate_uncertainty,701,proposed_robust_steps1,12,0.07851256891803153,0.10265375447787288,1,1,1,0.2670322880215205,0.35846745518026296,0.04707802597086541,0.0,25.732922239089863,0.6,0.9774859308846717,1.0988358920173815,0.01
moderate_uncertainty,701,proposed_robust_steps1,13,0.05492556560397361,0.07069396842983834,1,1,1,0.3734368992360561,0.45556094406836545,0.009980285934219957,0.0,21.198042834036787,0.5999999999999999,0.9986747342206992,0.8679372287707371,0.01
moderate_uncertainty,701,proposed_robust_steps1,14,0.03245840183498715,0.04435736892837275,1,1,1,0.4782439363213461,0.5264804099568983,0.007965218464399682,0.0,11.353347618899322,0.5999999999999999,0.9758586786137546,0.8444017688384086,0.01
moderate_uncertainty,701,proposed_robust_steps1,15,0.12661448944456072,0.16597948512402,1,1,1,0.35524129832106527,0.44604379136214034,0.11403173874211436,0.0,22.729710831029085,0.6,0.9582811848251183,0.950992353010429,0.01
moderate_uncertainty,701,proposed_robust_steps1,16,0.05497352465826222,0.0707434565648936,1,1,1,0.26368593239438803,0.35819114050115075,0.016179796633068566,0.0,19.114308831154275,0.5999999999999999,0.9940161217190617,1.1090358617813418,0.01
moderate_uncertainty,701,proposed_robust_steps1,17,0.13212817811332006,0.18130162699789007,1,1,1,0.30131191605697905,0.39985036221154285,0.10512570424889223,0.0,17.31700621635616,0.6,1.0206269857862873,0.876125268285103,0.01
moderate_uncertainty,701,proposed_robust_steps1,18,0.06515874168986219,0.08883418218595358,1,1,1,0.3421517125121826,0.4231632798935363,0.0010237049742989335,0.0,17.739057601270147,0.6,1.0351541067249657,0.9497658996973878,0.01
moderate_uncertainty,701,proposed_robust_steps1,19,0.11936716327577591,0.1665301779520329,1,1,1,0.18438975732018534,0.28704315815916565,0.13270373109130285,0.0,21.469796709350767,0.5999999999999999,1.0076509459928882,0.9187963456121729,0.01
moderate_uncertainty,701,proposed_robust_steps1,20,0.10213807064414412,0.13618079581391984,1,1,0,0.14496578897124787,0.24696022110107532,0.07242612492790901,0.0,29.590276849936995,0.6000000000000001,0.9555313233488515,1.1848902234273728,0.01
moderate_uncertainty,701,proposed_robust_steps1,21,0.05372322115401468,0.07367894107681165,1,1,1,0.32422953761190537,0.4188629036041071,0.0060503517100842785,0.0,21.785118266504583,0.6000000000000001,0.9716970362131345,1.0364615762060698,0.01
moderate_uncertainty,701,proposed_robust_steps1,22,0.0983943116817054,0.12563065796597275,1,1,1,0.3276295033989656,0.4125062894856285,0.07882962460146503,0.0,25.451932330552232,0.6000000000000001,0.9522608172721043,0.8109117605997371,0.01
moderate_uncertainty,701,proposed_robust_steps1,23,0.08377462483454523,0.12301299381350422,1,1,1,0.22179752487800333,0.3211399186760542,0.0053611386046137355,0.0,24.625493055382083,0.6000000000000001,1.0479602662316019,1.185155570586712,0.01
moderate_uncertainty,701,proposed_robust_steps8,0,0.10902616133606056,0.14478185045247427,1,1,1,0.20123122612256542,0.3021873992931336,0.08626265220268703,0.0,11.408193268495275,0.6000000000000001,0.9929299735411842,0.8297674459331352,0.01
moderate_uncertainty,701,proposed_robust_steps8,1,0.10765122685652918,0.1365684156232567,1,1,1,0.3105339661572022,0.40589945715659165,0.05552112788759089,0.0,10.595145261722042,0.6,1.04049226266134,0.9608761004086002,0.01
moderate_uncertainty,701,proposed_robust_steps8,2,0.04447402246986321,0.06809667838884116,1,1,1,0.37167318991945675,0.46631684342476537,0.010010474616597431,0.0,16.354275894104525,0.6,0.9994586072858193,0.889828563519946,0.01
moderate_uncertainty,701,proposed_robust_steps8,3,0.046441255273392705,0.060261168494009656,1,1,1,0.22933627685823546,0.33640362594841594,0.017423949874307176,0.0,11.899587442884144,0.6,1.008246108001931,1.018368135086783,0.01
moderate_uncertainty,701,proposed_robust_steps8,4,0.04817905428482281,0.07314212256162433,1,1,1,0.21015910335652305,0.30903847804299067,0.004019096388223176,0.0,15.606723377722046,0.6,1.0365902789052348,1.1729309202439717,0.01
moderate_uncertainty,701,proposed_robust_steps8,5,0.04965767416535227,0.07034357652383573,1,1,1,0.2779445363950971,0.3772314043737838,0.00014123027711576697,0.0,14.623921828166255,0.6,1.0169753495671194,0.8706079567813325,0.01
moderate_uncertainty,701,proposed_robust_steps8,6,0.10224905011815998,0.13665491866528265,1,1,1,0.20530861779384202,0.302981109429015,0.06640161203234696,0.0,17.087164708214218,0.6,1.0363758905746596,1.0568332404013414,0.01
moderate_uncertainty,701,proposed_robust_steps8,7,0.11349259872061697,0.1609219845481501,1,1,1,0.2504648338239291,0.35935730988914294,0.10434150089752903,0.0,21.64531905057345,0.6,0.9933387114988844,1.073397017430156,0.01
moderate_uncertainty,701,proposed_robust_steps8,8,0.10769521863058742,0.1403116815646468,1,1,1,0.2504509502274664,0.35780447594436504,0.10135827416923515,0.0,17.535853438813017,0.5999999999999999,1.007468086873058,1.0224707692665702,0.01
moderate_uncertainty,701,proposed_robust_steps8,9,0.10482270984490344,0.13534323350472208,1,1,1,0.16877539652061133,0.26795215977649456,0.057321974092999106,0.0,11.251824151931782,0.6000000000000001,1.0226103956823862,0.9325068901178604,0.01
moderate_uncertainty,701,proposed_robust_steps8,10,0.10391057595055987,0.1251099814689795,1,1,1,0.23830089862923404,0.3396441353091114,0.07317675532483348,0.0,10.901835971777114,0.5999999999999999,1.0499098222261554,1.1461961572898884,0.01
moderate_uncertainty,701,proposed_robust_steps8,11,0.08617620711393238,0.12606781826767485,1,1,1,0.2991164468624941,0.3996197061974467,0.07587569996288579,0.0,18.604802038022907,0.6,0.9662550010772103,1.054850625111701,0.01
moderate_uncertainty,701,proposed_robust_steps8,12,0.07921065907342742,0.10292777567775672,1,1,1,0.2633759911152208,0.3552199113490712,0.05543565730870892,0.0,18.943295019351154,0.6,0.9774859308846717,1.0988358920173815,0.01
moderate_uncertainty,701,proposed_robust_steps8,13,0.05163010489468878,0.06967398378446006,1,1,1,0.3231085211856024,0.4144783269644117,0.007659356770746584,0.0,17.73447257150759,0.5999999999999999,0.9986747342206992,0.8679372287707371,0.01
moderate_uncertainty,701,proposed_robust_steps8,14,0.0317613189328626,0.04422782237320111,1,1,1,0.4744490914587971,0.5241597812378006,0.008665634347014839,0.0,11.437813952308682,0.5999999999999999,0.9758586786137546,0.8444017688384086,0.01
moderate_uncertainty,701,proposed_robust_steps8,15,0.1268293418722862,0.16574660262645438,1,1,1,0.3713016446861111,0.4588287214529676,0.11002661289870153,0.0,21.719573950448897,0.6,0.9582811848251183,0.950992353010429,0.01
moderate_uncertainty,701,proposed_robust_steps8,16,0.054214767102600946,0.06687342985497859,1,1,1,0.2613638803870701,0.35606248327732243,0.019338447521242585,0.0,13.520084017184825,0.5999999999999999,0.9940161217190617,1.1090358617813418,0.01
moderate_uncertainty,701,proposed_robust_steps8,17,0.12993229420306635,0.17070645369330892,1,1,1,0.2979656101496762,0.3970481056412916,0.10109322571871537,0.0,17.21864278326785,0.6,1.0206269857862873,0.876125268285103,0.01
moderate_uncertainty,701,proposed_robust_steps8,18,0.062494938150051235,0.08203697725797345,1,1,1,0.346060196844303,0.426496485555213,0.001720184901714994,0.0,10.577455455349394,0.6,1.0351541067249657,0.9497658996973878,0.01
moderate_uncertainty,701,proposed_robust_steps8,19,0.11855050358935568,0.15787070619424895,1,1,1,0.18422828137320463,0.2867649962920204,0.12322993183710151,0.0,15.624694068570603,0.5999999999999999,1.0076509459928882,0.9187963456121729,0.01
moderate_uncertainty,701,proposed_robust_steps8,20,0.09802869898290413,0.12477843827517288,1,1,1,0.1412398909084646,0.24256555830427304,0.071571766717061,0.0,16.95212295898711,0.6000000000000001,0.9555313233488515,1.1848902234273728,0.01
moderate_uncertainty,701,proposed_robust_steps8,21,0.05891585118673374,0.07401500828937087,1,1,1,0.3330244133433981,0.4265301488766745,0.0068260409612665995,0.0,10.15695608512549,0.6000000000000001,0.9716970362131345,1.0364615762060698,0.01
moderate_uncertainty,701,proposed_robust_steps8,22,0.10053620944885584,0.12013513817334938,1,1,1,0.3354774500249854,0.4171590065104687,0.07360682611899039,0.0,11.880110982267254,0.6000000000000001,0.9522608172721043,0.8109117605997371,0.01
moderate_uncertainty,701,proposed_robust_steps8,23,0.06778369540874636,0.0923705896612576,1,1,1,0.23669208625692442,0.3356391885592872,0.0026967755647815395,0.0,14.747650147335007,0.6000000000000001,1.0479602662316019,1.185155570586712,0.01
moderate_uncertainty,702,quintic_skeleton,0,0.038196638156286655,0.05709873620343687,1,1,1,0.174171995273102,0.2733542897386898,0.003440742082736481,0.0,8.157357462126733,0.6,1.0111210136243949,0.8774956256322474,0.01
moderate_uncertainty,702,quintic_skeleton,1,0.1364479383822838,0.1784406003635152,1,1,1,0.4746295181528985,0.5323296113179453,0.10030896450215954,0.0,14.271722311028775,0.6,1.00545099450354,1.0985536041831474,0.01
moderate_uncertainty,702,quintic_skeleton,2,0.10817370119821137,0.13525848536669566,1,1,1,0.4139517281961128,0.49854867404127173,0.10234074021057804,0.0,8.48858029586824,0.6,0.9971679153364819,0.9987002754889791,0.01
moderate_uncertainty,702,quintic_skeleton,3,0.08727889283679174,0.09498709052539583,1,1,1,0.18271269231292492,0.28853362902292945,0.017709085054597118,0.0,4.750631602508996,0.6,0.9561585551540597,1.1116800782931078,0.01
moderate_uncertainty,702,quintic_skeleton,4,0.10688270499637256,0.1339614269139142,1,1,1,0.16376118964431796,0.25958473918720526,0.08876534609330555,0.0,8.609628149320312,0.6000000000000001,0.9663409690476523,0.8634004932024697,0.01
moderate_uncertainty,702,quintic_skeleton,5,0.12552519787234032,0.15954758100016253,1,1,1,0.2648894283934346,0.3654812726836057,0.12457751550281371,0.0,10.342531851724138,0.6,1.0260915638715504,1.1138576894392072,0.01
moderate_uncertainty,702,quintic_skeleton,6,0.05658780081134439,0.07382314005809529,1,1,1,0.22533225977446775,0.3209957718451848,0.007183831667736396,0.0,6.968432600833242,0.6,0.9827401589120662,1.086315055377054,0.01
moderate_uncertainty,702,quintic_skeleton,7,0.08538143243757423,0.10044483506289836,1,1,1,0.22757890578223555,0.3372236582991124,0.03436441758170572,0.0,6.528799062732111,0.6,0.9630784940832284,0.8658436246468999,0.01
moderate_uncertainty,702,quintic_skeleton,8,0.07348483554796424,0.0872743403374714,1,1,1,0.204822456123833,0.3126618465312643,0.007933413234515463,0.0,5.952396844701767,0.6000000000000001,1.0359658152981117,1.1060848467972841,0.01
moderate_uncertainty,702,quintic_skeleton,9,0.13918660186553367,0.176323150053714,1,1,1,0.19884856929421013,0.30030747377700584,0.08683013093167036,0.0,12.518611404416214,0.6,1.0473878201468594,0.8886619057985689,0.01
moderate_uncertainty,702,quintic_skeleton,10,0.06971234515337894,0.08537117201411515,1,1,1,0.3191136721722878,0.4119628680060987,0.016898348333292734,0.0,5.951917837390642,0.6,0.952730330035061,0.8768377459350711,0.01
moderate_uncertainty,702,quintic_skeleton,11,0.05935305966526928,0.07019890844544904,1,1,1,0.28495792369796163,0.38723815559555685,0.016103584248924996,0.0,5.3040777623790785,0.6,0.9890647517679555,0.8694824233621161,0.01
moderate_uncertainty,702,quintic_skeleton,12,0.12010881142862288,0.15228823166998062,1,1,1,0.22530938340192766,0.3189775478282633,0.12295270075947151,0.0,9.773167321674208,0.6,0.9908981118747926,0.9365492937489969,0.01
moderate_uncertainty,702,quintic_skeleton,13,0.07945698487524687,0.1039303764330198,1,1,1,0.36346797611874,0.4473947710300209,0.08505188262305241,0.0,6.8114556635473615,0.6,0.9851312597734709,0.8327207857033805,0.01
moderate_uncertainty,702,quintic_skeleton,14,0.12490977488177574,0.16077812103803205,1,1,1,0.4068744803320038,0.4744040995555062,0.0947392961725162,0.0,12.601128253956555,0.6,1.0336220158035112,1.0708998251952033,0.01
moderate_uncertainty,702,quintic_skeleton,15,0.04632883355978857,0.056603333283973004,1,1,1,0.3705778617504689,0.45814577838688986,0.028301122853055638,0.0,5.703401173625572,0.6,1.0132154300233944,0.9759848050734347,0.01
moderate_uncertainty,702,quintic_skeleton,16,0.08890967868943786,0.11276106645853258,1,1,1,0.43590890717050623,0.497773786747951,0.04536947641944433,0.0,9.8072997105208,0.5999999999999998,1.0061189107232065,0.8454353868888612,0.01
moderate_uncertainty,702,quintic_skeleton,17,0.05917597750945865,0.06913722827517088,1,1,1,0.3354198772474885,0.42882437233412385,0.022601789447198595,0.0,8.224704451626996,0.6,0.9938815397038123,0.934942709615981,0.01
moderate_uncertainty,702,quintic_skeleton,18,0.116344242717141,0.1435130749567849,1,1,1,0.313275725340042,0.3996018790945155,0.09856944988952598,0.0,8.287552644715317,0.6,1.0387680512230544,1.056611920582874,0.01
moderate_uncertainty,702,quintic_skeleton,19,0.07376327286494747,0.08360092633974664,1,1,1,0.12739396534903,0.22099109024067623,0.028218579963678714,0.0,6.677830482923077,0.6,1.0283455372185297,1.1368599462458642,0.01
moderate_uncertainty,702,quintic_skeleton,20,0.11197403643053669,0.13610543217800264,1,1,1,0.17057222034334307,0.2765446396975595,0.09716844553614301,0.0,8.01521948616362,0.6,1.0311207421397812,0.9054945047352428,0.01
moderate_uncertainty,702,quintic_skeleton,21,0.06344281180256607,0.07512376833734337,1,1,1,0.3162061520313029,0.41247189113174343,0.004152260115448669,0.0,6.777273046691523,0.6,0.9551098409452317,0.8518054745032442,0.01
moderate_uncertainty,702,quintic_skeleton,22,0.1349949480127285,0.16583663897413845,1,1,1,0.28495361656300244,0.3745850885548838,0.13759608945937707,0.0,9.358934568103395,0.5999999999999999,1.0494121717035618,0.9079097733715483,0.01
moderate_uncertainty,702,quintic_skeleton,23,0.11800455933990885,0.14659497953991224,1,1,1,0.2851064875960335,0.3802288037450682,0.09405497610862668,0.0,8.923259779007532,0.6000000000000001,1.0477398950088792,0.9072840729490473,0.01
moderate_uncertainty,702,boundary_cfm_steps8,0,0.17005757718219242,0.3209872298806378,1,1,1,0.23775761700914963,0.3519710056259864,0.0738626687381907,0.011131725417439703,58.32741619231166,0.6,1.0111210136243949,0.8774956256322474,0.01
moderate_uncertainty,702,boundary_cfm_steps8,1,0.5292952228855963,1.096773654418741,1,1,0,0.29598684029662087,0.39334404634092246,0.3521793453886497,0.007555555555555556,54.2413647583941,0.6,1.00545099450354,1.0985536041831474,0.01
moderate_uncertainty,702,boundary_cfm_steps8,2,0.2346534432131214,0.45198789486978813,1,1,1,0.26948919708414837,0.3797044122655838,0.205327762666339,0.0029129540781357094,57.41402208882692,0.6,0.9971679153364819,0.9987002754889791,0.01
moderate_uncertainty,702,boundary_cfm_steps8,3,0.17543119119227993,0.4187660276719468,1,1,1,0.04174051293336739,0.0950695489278286,0.06026396781457155,0.016522423288749016,58.539136369876175,0.6,0.9561585551540597,1.1116800782931078,0.01
moderate_uncertainty,702,boundary_cfm_steps8,4,0.17456651817111413,0.3704527474029277,1,1,1,0.3236019497829945,0.41556349157910266,0.17439604831888733,0.0,51.93683202264232,0.6000000000000001,0.9663409690476523,0.8634004932024697,0.01
moderate_uncertainty,702,boundary_cfm_steps8,5,0.2853743553128629,0.631468238155461,1,1,1,0.21984127780337304,0.3227284818978168,0.16602088055522035,0.008545310015898252,66.945287785793,0.6,1.0260915638715504,1.1138576894392072,0.01
moderate_uncertainty,702,boundary_cfm_steps8,6,0.18156826472188947,0.42043980255479185,1,1,0,0.11733494229841569,0.2014271502808023,0.10399287145788838,0.009698996655518394,52.171453584276854,0.6,0.9827401589120662,1.086315055377054,0.01
moderate_uncertainty,702,boundary_cfm_steps8,7,0.2409443943202741,0.5752713639166633,1,1,0,0.05565617462073205,0.12145292614076741,0.18382790667628468,0.02176566314076485,62.17294598057637,0.6,0.9630784940832284,0.8658436246468999,0.01
moderate_uncertainty,702,boundary_cfm_steps8,8,0.3474257130142254,0.6351070845769252,1,1,1,0.008737060996431959,0.023836395207742167,0.023744944447990246,0.04035285285285285,68.06165348622652,0.6000000000000001,1.0359658152981117,1.1060848467972841,0.01
moderate_uncertainty,702,boundary_cfm_steps8,9,0.5547549439988405,1.2727102490614566,0,0,0,-0.021258610712128624,nan,nan,0.010407030527289547,50.95482150257443,0.6,1.0473878201468594,0.8886619057985689,0.01
moderate_uncertainty,702,boundary_cfm_steps8,10,0.13497573344504268,0.2739744267952011,1,1,1,0.24659829413731899,0.40598164426499317,0.0336481393890824,0.0024613220815752463,49.66749437026384,0.6,0.952730330035061,0.8768377459350711,0.01
moderate_uncertainty,702,boundary_cfm_steps8,11,0.22674930284240033,0.39799907204597607,1,1,1,0.013019596791743502,0.035764454369697385,0.11733077776657597,0.0006830601092896175,44.56154004678845,0.6,0.9890647517679555,0.8694824233621161,0.01
moderate_uncertainty,702,boundary_cfm_steps8,12,0.2687976651536742,0.49254576610792317,1,1,1,0.07004602426677975,0.1449306723507961,0.34828817513281596,0.003790489317711923,61.4967175327381,0.6,0.9908981118747926,0.9365492937489969,0.01
moderate_uncertainty,702,boundary_cfm_steps8,13,0.3716295518812567,0.7593678505031314,1,1,1,0.03938745783762045,0.08906051606283982,0.20575209497906055,0.008212375859434682,61.530228191193814,0.6,0.9851312597734709,0.8327207857033805,0.01
moderate_uncertainty,702,boundary_cfm_steps8,14,0.42192248137323646,1.1235687861231236,1,1,1,0.26640486746988684,0.3626515254108121,0.23593779354413957,0.006692160611854685,43.2744535949436,0.6,1.0336220158035112,1.0708998251952033,0.01
moderate_uncertainty,702,boundary_cfm_steps8,15,0.17306840078502458,0.39553748914456793,1,1,1,0.23436216227008647,0.3912596890893485,0.03897969791427447,0.00422102839600921,45.817058239301396,0.6,1.0132154300233944,0.9759848050734347,0.01
moderate_uncertainty,702,boundary_cfm_steps8,16,0.6606313218432743,1.8836353548305662,1,1,1,0.028084845656824522,0.06360411593849202,0.31747459900325503,0.014071294559099437,67.02714935605606,0.5999999999999998,1.0061189107232065,0.8454353868888612,0.01
moderate_uncertainty,702,boundary_cfm_steps8,17,0.31637928693700057,0.658401515015425,1,1,1,0.360431494790794,0.45391515437923935,0.26693308464895216,0.0,52.60361292306423,0.6,0.9938815397038123,0.934942709615981,0.01
moderate_uncertainty,702,boundary_cfm_steps8,18,0.3513615014601085,0.7635089080296278,1,1,1,0.11207557438637594,0.20392504094039693,0.1831207004709694,0.0030241935483870967,68.64657984335841,0.6,1.0387680512230544,1.056611920582874,0.01
moderate_uncertainty,702,boundary_cfm_steps8,19,0.24724707614272368,0.549588394942534,0,0,1,-0.005962739662276846,nan,nan,0.0028044871794871795,53.93986745096263,0.6,1.0283455372185297,1.1368599462458642,0.01
moderate_uncertainty,702,boundary_cfm_steps8,20,0.30568022150597307,0.5581032861404361,0,0,1,-0.017736382655716768,nan,nan,0.008689839572192513,58.032254095287065,0.6,1.0311207421397812,0.9054945047352428,0.01
moderate_uncertainty,702,boundary_cfm_steps8,21,0.1343861150133061,0.31593182733742786,1,1,1,0.2645774762203866,0.36935812577884597,0.12461848269376219,0.001035625517812759,40.55288727698939,0.6,0.9551098409452317,0.8518054745032442,0.01
moderate_uncertainty,702,boundary_cfm_steps8,22,0.34259544366530703,0.6263432389732337,1,1,0,0.09808975258839671,0.17463289453818603,1.3629642644788902,0.0005952380952380953,60.83297436671242,0.5999999999999999,1.0494121717035618,0.9079097733715483,0.01
moderate_uncertainty,702,boundary_cfm_steps8,23,0.298727808359418,0.6195503380935152,1,1,0,0.07796734600845545,0.1690478268972082,0.09845220628476237,0.006545608108108108,51.22003064295529,0.6000000000000001,1.0477398950088792,0.9072840729490473,0.01
moderate_uncertainty,702,projected_velocity_steps8,0,0.04360786626692531,0.06156259312428666,1,1,1,0.183694811883486,0.2839858110100564,0.015238965803068938,0.0,28.380343195056675,0.6,1.0111210136243949,0.8774956256322474,0.01
moderate_uncertainty,702,projected_velocity_steps8,1,0.13034560063059705,0.15506639975452402,1,1,1,0.5324012683680436,0.5756305052548171,0.15215399478217995,0.0,36.820246345098624,0.6,1.00545099450354,1.0985536041831474,0.01
moderate_uncertainty,702,projected_velocity_steps8,2,0.10697928357868622,0.13111133394372865,1,1,1,0.37584877997270416,0.4709474895570005,0.11861771482967276,0.0,13.86428502421487,0.6,0.9971679153364819,0.9987002754889791,0.01
moderate_uncertainty,702,projected_velocity_steps8,3,0.07996058376434907,0.0925658663148162,1,1,1,0.1884950621676499,0.29456949353782125,0.002668916649904318,0.0,19.40192425723881,0.6,0.9561585551540597,1.1116800782931078,0.01
moderate_uncertainty,702,projected_velocity_steps8,4,0.1024843405424347,0.1261544484999247,1,1,1,0.1153653010919823,0.2014215427899034,0.11493951898698906,0.0,12.862101917996615,0.6000000000000001,0.9663409690476523,0.8634004932024697,0.01
moderate_uncertainty,702,projected_velocity_steps8,5,0.12161011386425193,0.15168221921797673,1,1,1,0.26593814418440576,0.3663405323860642,0.19649235812451016,0.0,18.98678734918837,0.6,1.0260915638715504,1.1138576894392072,0.01
moderate_uncertainty,702,projected_velocity_steps8,6,0.05095327517818369,0.06446790125067833,1,1,1,0.22341623992068205,0.31907417121746523,0.007649337064794093,0.0,21.374682584300647,0.6,0.9827401589120662,1.086315055377054,0.01
moderate_uncertainty,702,projected_velocity_steps8,7,0.08181470789514336,0.09477289713936543,1,1,1,0.2085108657164344,0.3179589504007472,0.022019866948395528,0.0,12.443393339157927,0.6,0.9630784940832284,0.8658436246468999,0.01
moderate_uncertainty,702,projected_velocity_steps8,8,0.07760575398595851,0.09062507046470983,1,1,1,0.1894730020960341,0.2973791625472368,0.010328678146133807,0.0,20.697354571253058,0.6000000000000001,1.0359658152981117,1.1060848467972841,0.01
moderate_uncertainty,702,projected_velocity_steps8,9,0.13747304228208646,0.17320996312960374,1,1,0,0.1966111778209361,0.2996897763619445,0.08592753098586048,0.0,26.09324172336373,0.6,1.0473878201468594,0.8886619057985689,0.01
moderate_uncertainty,702,projected_velocity_steps8,10,0.06847711771002489,0.07758204533113881,1,1,1,0.3820222614879235,0.46561359317297696,0.045072706875544544,0.0,16.251771350767093,0.6,0.952730330035061,0.8768377459350711,0.01
moderate_uncertainty,702,projected_velocity_steps8,11,0.058845674881725624,0.06803118742839674,1,1,1,0.30717732519977253,0.41013399140234774,0.0047236758865634165,0.0,10.339674402680629,0.6,0.9890647517679555,0.8694824233621161,0.01
moderate_uncertainty,702,projected_velocity_steps8,12,0.11722497365932673,0.1380871507736667,1,1,1,0.18240541383641412,0.27527751468861655,0.1757797422299432,0.0,12.705103619708346,0.6,0.9908981118747926,0.9365492937489969,0.01
moderate_uncertainty,702,projected_velocity_steps8,13,0.07692160635000368,0.09757131342334303,1,1,1,0.35640757094845027,0.448159386105723,0.07717966017579725,0.0,13.274811321584313,0.6,0.9851312597734709,0.8327207857033805,0.01
moderate_uncertainty,702,projected_velocity_steps8,14,0.12022864463065244,0.14616706210566124,1,1,1,0.46461928818442255,0.5181576885962409,0.1892644349546857,0.0,24.631489909617624,0.6,1.0336220158035112,1.0708998251952033,0.01
moderate_uncertainty,702,projected_velocity_steps8,15,0.04155679878542209,0.04958845513323553,1,1,1,0.3622865423641273,0.45352480422589153,0.024844164690375425,0.0,10.95500693601022,0.6,1.0132154300233944,0.9759848050734347,0.01
moderate_uncertainty,702,projected_velocity_steps8,16,0.08511307095448682,0.11338068547509658,1,1,1,0.41875849794954023,0.4862992828021692,0.03411189832986761,0.0,29.41397667990219,0.5999999999999998,1.0061189107232065,0.8454353868888612,0.01
moderate_uncertainty,702,projected_velocity_steps8,17,0.05633815737238275,0.06561160067672382,1,1,1,0.36465288026412684,0.4546642372052774,0.010045573310752065,0.0,24.375503763997184,0.6,0.9938815397038123,0.934942709615981,0.01
moderate_uncertainty,702,projected_velocity_steps8,18,0.1137110452997245,0.13904797709588296,1,1,1,0.23250180799051035,0.32593763813092924,0.11416350034302836,0.0,12.386056389053211,0.6,1.0387680512230544,1.056611920582874,0.01
moderate_uncertainty,702,projected_velocity_steps8,19,0.07416070567649767,0.08598507709029844,1,1,1,0.15568502955124802,0.25717646298794594,0.01298753687072729,0.0,11.264856973033522,0.6,1.0283455372185297,1.1368599462458642,0.01
moderate_uncertainty,702,projected_velocity_steps8,20,0.11040000270747191,0.12901798605351472,1,1,1,0.10162230971435454,0.1921971497360193,0.10779331025725059,0.0,24.80918067623581,0.6,1.0311207421397812,0.9054945047352428,0.01
moderate_uncertainty,702,projected_velocity_steps8,21,0.0630987121500107,0.07573453619530829,1,1,1,0.2807062983741246,0.38067859299333584,0.003080014010575116,0.0,18.994514001430893,0.6,0.9551098409452317,0.8518054745032442,0.01
moderate_uncertainty,702,projected_velocity_steps8,22,0.13049192345776983,0.15103816158575606,1,1,1,0.13795309219327428,0.22667342518314687,0.1594364384652538,0.0,18.939783675714327,0.5999999999999999,1.0494121717035618,0.9079097733715483,0.01
moderate_uncertainty,702,projected_velocity_steps8,23,0.11649084084752737,0.14309016073984665,1,1,1,0.31919407936301064,0.4096280298691772,0.11489521293288751,0.0,14.560801965076376,0.6000000000000001,1.0477398950088792,0.9072840729490473,0.01
moderate_uncertainty,702,proposed_robust_steps1,0,0.04400152323310784,0.06092013496020095,1,1,1,0.17359609457717176,0.272721702351883,0.0015366957630940092,0.0,17.881269010914046,0.6,1.0111210136243949,0.8774956256322474,0.01
moderate_uncertainty,702,proposed_robust_steps1,1,0.13680015146953098,0.1795971843547099,1,1,1,0.4747745386338012,0.5324691884680034,0.10041032298695285,0.0,15.778159778131004,0.6,1.00545099450354,1.0985536041831474,0.01
moderate_uncertainty,702,proposed_robust_steps1,2,0.11030973445545228,0.14471446239955676,1,1,1,0.41129714711594895,0.49642413441219135,0.09902383153846861,0.0,12.486481175483794,0.6,0.9971679153364819,0.9987002754889791,0.01
moderate_uncertainty,702,proposed_robust_steps1,3,0.0787990956640566,0.09557247650546309,1,1,1,0.18964576771204722,0.29578458198190516,0.020104091701455218,0.0,19.407142383278256,0.6,0.9561585551540597,1.1116800782931078,0.01
moderate_uncertainty,702,proposed_robust_steps1,4,0.1066674163130946,0.1404782011337413,1,1,1,0.1658517968933763,0.2619432157112167,0.08809349570980718,0.0,11.628151928036164,0.6000000000000001,0.9663409690476523,0.8634004932024697,0.01
moderate_uncertainty,702,proposed_robust_steps1,5,0.13542915369978675,0.19005486975911692,1,1,1,0.2820935763776313,0.3818262390620968,0.12776781839847917,0.0,22.96419247840226,0.6,1.0260915638715504,1.1138576894392072,0.01
moderate_uncertainty,702,proposed_robust_steps1,6,0.05001483989946362,0.07010210382555938,1,1,1,0.24141857494321395,0.3369930535217518,0.006611339744366784,0.0,25.161775841958992,0.6,0.9827401589120662,1.086315055377054,0.01
moderate_uncertainty,702,proposed_robust_steps1,7,0.08456287100294889,0.10480167962729883,1,1,1,0.22800603837605188,0.3377936553417512,0.04404188399541065,0.0,18.250522135818287,0.6,0.9630784940832284,0.8658436246468999,0.01
moderate_uncertainty,702,proposed_robust_steps1,8,0.0860493325304844,0.11537249619795911,1,1,1,0.19516659304540496,0.302595911023466,0.007636994472087544,0.0,23.648403909572558,0.6000000000000001,1.0359658152981117,1.1060848467972841,0.01
moderate_uncertainty,702,proposed_robust_steps1,9,0.1403779866653225,0.1813619483932897,1,1,1,0.1992289428028074,0.30069980170646204,0.08880291407796381,0.0,13.198709803664421,0.6,1.0473878201468594,0.8886619057985689,0.01
moderate_uncertainty,702,proposed_robust_steps1,10,0.06755636709419666,0.08538529633124652,1,1,1,0.31654242047040165,0.40957793709330415,0.009575969289347785,0.0,9.620995434778445,0.6,0.952730330035061,0.8768377459350711,0.01
moderate_uncertainty,702,proposed_robust_steps1,11,0.06621702447301515,0.08313297155992361,1,1,1,0.284550028845936,0.38682418544269825,0.01491230654461928,0.0,18.95140802399994,0.6,0.9890647517679555,0.8694824233621161,0.01
moderate_uncertainty,702,proposed_robust_steps1,12,0.12169478924076446,0.1714146989991448,1,1,1,0.20502920718995896,0.299284920651706,0.11290039834380794,0.0,23.485806812072603,0.6,0.9908981118747926,0.9365492937489969,0.01
moderate_uncertainty,702,proposed_robust_steps1,13,0.09253325394566947,0.14985276832743802,1,1,1,0.35147650319938667,0.4390145957615399,0.0943339150982081,0.0,23.915259473320926,0.6,0.9851312597734709,0.8327207857033805,0.01
moderate_uncertainty,702,proposed_robust_steps1,14,0.12660037372933092,0.16991146943359106,1,1,1,0.40590841671454614,0.47362977707068554,0.09673225364504123,0.0,16.65829131217203,0.6,1.0336220158035112,1.0708998251952033,0.01
moderate_uncertainty,702,proposed_robust_steps1,15,0.04183932357415349,0.05104454208482563,1,1,1,0.3822656963630653,0.4685776159350057,0.031584129083278345,0.0,16.807352091930404,0.6,1.0132154300233944,0.9759848050734347,0.01
moderate_uncertainty,702,proposed_robust_steps1,16,0.08878743412998967,0.11546828474722758,1,1,1,0.4365212786347082,0.49821342545848585,0.04444913996406896,0.0,12.49092572886073,0.5999999999999998,1.0061189107232065,0.8454353868888612,0.01
moderate_uncertainty,702,proposed_robust_steps1,17,0.05862355809287872,0.07366059104864353,1,1,1,0.35210385881359074,0.4422419694746812,0.025548468337256658,0.0,18.911163190812754,0.6,0.9938815397038123,0.934942709615981,0.01
moderate_uncertainty,702,proposed_robust_steps1,18,0.12128795456618839,0.16427665731075516,1,1,1,0.30441929306600285,0.39194783897829266,0.1049851840236764,0.0,17.741215902709133,0.6,1.0387680512230544,1.056611920582874,0.01
moderate_uncertainty,702,proposed_robust_steps1,19,0.08772744518093913,0.11787018962639509,1,1,1,0.11662616036949927,0.2079129434028487,0.04145220938530958,0.0,20.830567097537664,0.6,1.0283455372185297,1.1368599462458642,0.01
moderate_uncertainty,702,proposed_robust_steps1,20,0.11874971558933316,0.1548209786430765,1,1,1,0.17437885838607234,0.28094394976487624,0.08829235686800807,0.0,19.936386542169057,0.6,1.0311207421397812,0.9054945047352428,0.01
moderate_uncertainty,702,proposed_robust_steps1,21,0.059147226557684736,0.07641320909819581,1,1,1,0.3140949667008875,0.41022416121694194,0.007848170770234475,0.0,18.286315014867682,0.6,0.9551098409452317,0.8518054745032442,0.01
moderate_uncertainty,702,proposed_robust_steps1,22,0.14739560122156378,0.21395661837669042,1,1,1,0.233269344505877,0.3289846736337807,0.14612771577518613,0.0,26.185596826223797,0.5999999999999999,1.0494121717035618,0.9079097733715483,0.01
moderate_uncertainty,702,proposed_robust_steps1,23,0.12134137946817658,0.15598573289420176,1,1,1,0.27596067599015706,0.37209295184037683,0.09293492010205595,0.0,13.87416456555884,0.6000000000000001,1.0477398950088792,0.9072840729490473,0.01
moderate_uncertainty,702,proposed_robust_steps8,0,0.03991181303134467,0.05599491770093459,1,1,1,0.18175340646709945,0.28160260951296023,0.002586200080625378,0.0,14.006215634086356,0.6,1.0111210136243949,0.8774956256322474,0.01
moderate_uncertainty,702,proposed_robust_steps8,1,0.1368627362888811,0.18034231981168472,1,1,1,0.48030814699711516,0.53633680615043,0.09684271794782484,0.0,14.958464208412773,0.6,1.00545099450354,1.0985536041831474,0.01
moderate_uncertainty,702,proposed_robust_steps8,2,0.11006493868107965,0.14279389588990035,1,1,1,0.4323006998851557,0.5120336563110979,0.1092616467852694,0.0,13.181949946993743,0.6,0.9971679153364819,0.9987002754889791,0.01
moderate_uncertainty,702,proposed_robust_steps8,3,0.08346344720239966,0.09614233479385312,1,1,1,0.17567938571509556,0.2806726392748692,0.020456227373113922,0.0,12.812003598972156,0.6,0.9561585551540597,1.1116800782931078,0.01
moderate_uncertainty,702,proposed_robust_steps8,4,0.10651678835394872,0.14295959318525417,1,1,1,0.1714438610548915,0.2681661053888215,0.08663074307908758,0.0,10.726656305560946,0.6000000000000001,0.9663409690476523,0.8634004932024697,0.01
moderate_uncertainty,702,proposed_robust_steps8,5,0.12686283636514115,0.1666761620824757,1,1,1,0.27087892282227194,0.37084329671858435,0.13835077369429527,0.0,13.604579105797399,0.6,1.0260915638715504,1.1138576894392072,0.01
moderate_uncertainty,702,proposed_robust_steps8,6,0.05134430327687565,0.07004885623878995,1,1,1,0.23467870856192052,0.3301150275269234,0.01011293381621492,0.0,20.569401030494785,0.6,0.9827401589120662,1.086315055377054,0.01
moderate_uncertainty,702,proposed_robust_steps8,7,0.08460327009239609,0.10437820602322422,1,1,1,0.23671102325011384,0.3460978357389539,0.02992070420539239,0.0,16.033106884595274,0.6,0.9630784940832284,0.8658436246468999,0.01
moderate_uncertainty,702,proposed_robust_steps8,8,0.07870409668814438,0.09324587165371627,1,1,1,0.19377089810213552,0.3012559759671548,0.007020435216358312,0.0,16.2049447122446,0.6000000000000001,1.0359658152981117,1.1060848467972841,0.01
moderate_uncertainty,702,proposed_robust_steps8,9,0.1395328152337578,0.17807643139950607,1,1,1,0.2005737483535349,0.30205088950396936,0.08969883868214756,0.0,13.0722596594435,0.6,1.0473878201468594,0.8886619057985689,0.01
moderate_uncertainty,702,proposed_robust_steps8,10,0.06789594859385446,0.08536886703441782,1,1,1,0.3344674278540532,0.42498614763928955,0.011419280314086233,0.0,9.326485127670852,0.6,0.952730330035061,0.8768377459350711,0.01
moderate_uncertainty,702,proposed_robust_steps8,11,0.06316464690336171,0.0760691203029643,1,1,1,0.292063225812184,0.39356860906839713,0.013722480296631812,0.0,17.16777370517524,0.6,0.9890647517679555,0.8694824233621161,0.01
moderate_uncertainty,702,proposed_robust_steps8,12,0.1210873388547531,0.16473453502295224,1,1,1,0.21736621547093868,0.3113447893917233,0.11805963672226882,0.0,19.016598348087907,0.6,0.9908981118747926,0.9365492937489969,0.01
moderate_uncertainty,702,proposed_robust_steps8,13,0.08550800741851255,0.1294849161864762,1,1,1,0.37358539063423557,0.45608140111452716,0.08387930523736475,0.0,18.05176641843835,0.6,0.9851312597734709,0.8327207857033805,0.01
moderate_uncertainty,702,proposed_robust_steps8,14,0.12540637826088835,0.1677883971216257,1,1,1,0.4074163715978797,0.47476613415395985,0.09555492366661933,0.0,12.691960986619772,0.6,1.0336220158035112,1.0708998251952033,0.01
moderate_uncertainty,702,proposed_robust_steps8,15,0.04238847128250549,0.05043353979007779,1,1,1,0.3924126793765869,0.47564626470633165,0.03253584640131724,0.0,16.33609014378323,0.6,1.0132154300233944,0.9759848050734347,0.01
moderate_uncertainty,702,proposed_robust_steps8,16,0.08889368487600714,0.11619949984799792,1,1,1,0.43347817646476605,0.4959850001191111,0.04471707760603261,0.0,11.279242578866398,0.5999999999999998,1.0061189107232065,0.8454353868888612,0.01
moderate_uncertainty,702,proposed_robust_steps8,17,0.058510015514679214,0.0706696225126435,1,1,1,0.3452281470614714,0.43678311174312795,0.023253824722172745,0.0,14.367285982054723,0.6,0.9938815397038123,0.934942709615981,0.01
moderate_uncertainty,702,proposed_robust_steps8,18,0.11904977636296786,0.16195572360966695,1,1,1,0.3086414283895787,0.3955781441738762,0.09970994039107195,0.0,15.753134730481543,0.6,1.0387680512230544,1.056611920582874,0.01
moderate_uncertainty,702,proposed_robust_steps8,19,0.07539050443638551,0.08855513114484038,1,1,1,0.12281266273222141,0.21521097721878482,0.033984016348315826,0.0,12.267310007471611,0.6,1.0283455372185297,1.1368599462458642,0.01
moderate_uncertainty,702,proposed_robust_steps8,20,0.11357882724032152,0.14340349623298607,1,1,1,0.17208940687080457,0.2783430232275561,0.08809163434262013,0.0,15.008038419070182,0.6,1.0311207421397812,0.9054945047352428,0.01
moderate_uncertainty,702,proposed_robust_steps8,21,0.062172704048487,0.0752563576884583,1,1,1,0.3210768739370056,0.41642382070057254,0.008393561449766995,0.0,9.410145588169938,0.6,0.9551098409452317,0.8518054745032442,0.01
moderate_uncertainty,702,proposed_robust_steps8,22,0.136459404482261,0.17253591211814667,1,1,1,0.2830268801050581,0.37329007518004953,0.15381838786250324,0.0,13.1056711392584,0.5999999999999999,1.0494121717035618,0.9079097733715483,0.01
moderate_uncertainty,702,proposed_robust_steps8,23,0.11887835172345633,0.15046670504255902,1,1,1,0.2867097321255481,0.38166212942490624,0.09352487665970433,0.0,11.03725877195814,0.6000000000000001,1.0477398950088792,0.9072840729490473,0.01
moderate_uncertainty,703,quintic_skeleton,0,0.06202737660197009,0.07392344551510907,1,1,1,0.2026303257662273,0.30362569405536455,0.022413625556843453,0.0,7.039513765085145,0.6,0.9508186088288038,1.0156142386980274,0.01
moderate_uncertainty,703,quintic_skeleton,1,0.027122152220397856,0.05401622286342702,1,1,1,0.4164981170376693,0.4902777692716071,0.01024696840260253,0.0,9.14184509815874,0.6,1.0156017373450914,1.1650211954926712,0.01
moderate_uncertainty,703,quintic_skeleton,2,0.11761969690335958,0.14572303590004318,1,1,1,0.2720497885935995,0.38179738345377456,0.11158816954724227,0.0,7.724654568788472,0.6,1.027059917106274,1.0103074966524996,0.01
moderate_uncertainty,703,quintic_skeleton,3,0.09640317122810264,0.11601988322323571,1,1,1,0.23313496139199866,0.3403064158785477,0.07644559073672585,0.0,7.149657591042547,0.6000000000000001,1.0140463222110476,0.9086693015769891,0.01
moderate_uncertainty,703,quintic_skeleton,4,0.12267419945009107,0.15403289943640597,1,1,1,0.2138312991395364,0.31272107415024036,0.1112966353990843,0.0,9.652194561656943,0.6,1.0333196770839541,1.0342747235506973,0.01
moderate_uncertainty,703,quintic_skeleton,5,0.1317569790831808,0.16670485406711902,1,1,1,0.26237550798533676,0.36322124090647623,0.12779401634235965,0.0,9.966779218669062,0.5999999999999999,1.0335361135439671,1.1668873278372203,0.01
moderate_uncertainty,703,quintic_skeleton,6,0.062019491528425404,0.08306680833258395,1,1,1,0.31669731456729366,0.4051446803562667,0.004786739529583084,0.0,6.022137816724968,0.6000000000000001,1.0259760624545466,1.154997249998454,0.01
moderate_uncertainty,703,quintic_skeleton,7,0.07683322689291888,0.08626829466824483,1,1,1,0.23508955973213874,0.34463965314392553,0.017797277831453684,0.0,6.559291406358546,0.6,0.9565584025431851,1.1364803174899867,0.01
moderate_uncertainty,703,quintic_skeleton,8,0.11568755367519769,0.14531781708927485,1,1,1,0.27218570798618014,0.3778971482109498,0.13126181246559376,0.0,9.111829493756156,0.6000000000000001,0.9577746166861324,0.8721403944393136,0.01
moderate_uncertainty,703,quintic_skeleton,9,0.042118023063047974,0.058714581150618284,1,1,1,0.24045696959777293,0.3417007000294564,0.01632104337467899,0.0,9.752533089956861,0.6,1.0309498099140462,1.1736297341688327,0.01
moderate_uncertainty,703,quintic_skeleton,10,0.07688326949155994,0.08940627297549295,1,1,1,0.36757616452007086,0.4516965086770396,0.04172048864795119,0.0,4.865483169405802,0.5999999999999999,0.9859951398349578,1.1899816872198508,0.01
moderate_uncertainty,703,quintic_skeleton,11,0.06925964176105012,0.08862838603176315,1,1,1,0.18911157373886073,0.2942507813318921,0.0013540953251083288,0.0,5.844258386847113,0.6,1.0425306211142562,1.0123302372488643,0.01
moderate_uncertainty,703,quintic_skeleton,12,0.07405515098543519,0.08904387303587177,1,1,1,0.1808743062268229,0.2738635454154006,0.048311816490348214,0.0,5.561124808142227,0.6,0.9919866731689503,0.9456892850774973,0.01
moderate_uncertainty,703,quintic_skeleton,13,0.09577480035549887,0.11846643860978977,1,1,1,0.22282144817468105,0.32372847696113605,0.07563394771790799,0.0,8.198772623164858,0.5999999999999999,0.9502325753400421,1.1299422053918626,0.01
moderate_uncertainty,703,quintic_skeleton,14,0.09580087035182921,0.12203189443206516,1,1,1,0.4409454777071913,0.5017677184554915,0.046334820384307474,0.0,10.523923346063677,0.6,0.989551983770444,0.9923668544219247,0.01
moderate_uncertainty,703,quintic_skeleton,15,0.09295796643074047,0.114590000552907,1,1,1,0.38871360203727,0.4725561819801688,0.07049775860362484,0.0,8.127903722270066,0.6,1.0368659869329948,0.9908263652225554,0.01
moderate_uncertainty,703,quintic_skeleton,16,0.06603698435748895,0.07863775682392307,1,1,1,0.3798050704470174,0.45570808199222507,0.02110745206796194,0.0,8.18929776486025,0.6,0.9753552764601251,1.0672648601015773,0.01
moderate_uncertainty,703,quintic_skeleton,17,0.10147534817168902,0.1317080194239061,1,1,1,0.30394314877813783,0.40225774473561515,0.07226810848174514,0.0,12.135137119890452,0.6,0.9950868160587779,1.0467017856897032,0.01
moderate_uncertainty,703,quintic_skeleton,18,0.12385802879697613,0.15804311454269435,1,1,1,0.40744878788184685,0.4742344862961267,0.1346893719859521,0.0,9.263380765659013,0.6000000000000001,0.9980691324164807,0.9323687694033793,0.01
moderate_uncertainty,703,quintic_skeleton,19,0.09311393826848248,0.11005189872815843,1,1,1,0.12547444399175695,0.21855588391846895,0.05325353834236113,0.0,7.236661376588477,0.6000000000000001,0.9682888313734015,0.9393067302128779,0.01
moderate_uncertainty,703,quintic_skeleton,20,0.12170474714831472,0.15358391219977036,1,1,1,0.1829233190324947,0.2900482567769893,0.13799643264125105,0.0,8.800797430815456,0.6,0.9705097841104544,1.0839516149665251,0.01
moderate_uncertainty,703,quintic_skeleton,21,0.11479240203541867,0.14551243301555314,1,1,1,0.3448304695873915,0.4353941643927442,0.09592153284815508,0.0,10.428204200381092,0.6,0.9537087474370672,1.1972711632985018,0.01
moderate_uncertainty,703,quintic_skeleton,22,0.057814855969870745,0.07341366437355255,1,1,1,0.4070263912905059,0.47310197550719923,0.009387390163800191,0.0,6.847135636800502,0.6000000000000001,0.9578587731153768,1.0028900814686303,0.01
moderate_uncertainty,703,quintic_skeleton,23,0.05262923893354567,0.06952536500505159,1,1,1,0.2687127293451204,0.3656605048127841,0.007479782172385985,0.0,6.87648531649405,0.5999999999999999,0.971796220281871,0.8074175308031023,0.01
moderate_uncertainty,703,boundary_cfm_steps8,0,0.1680199446330224,0.3482831703519987,1,1,1,0.22049462486874252,0.33276731044419383,0.11064167397569813,0.011827458256029684,62.73524610084825,0.6,0.9508186088288038,1.0156142386980274,0.01
moderate_uncertainty,703,boundary_cfm_steps8,1,0.28145745066601696,0.6393844638111023,1,1,1,0.3703577074318036,0.45737303371418564,0.19866514843566607,0.0064444444444444445,64.30881742496493,0.6,1.0156017373450914,1.1650211954926712,0.01
moderate_uncertainty,703,boundary_cfm_steps8,2,0.2551271827950984,0.47758879517799957,1,1,1,0.36041097637409014,0.47005214835786024,0.21245708399481078,0.0025702535983550376,55.7248369985077,0.6,1.027059917106274,1.0103074966524996,0.01
moderate_uncertainty,703,boundary_cfm_steps8,3,0.24311894101392315,0.39158603228535666,1,1,1,0.002467569323835985,0.007067238145410215,0.09935298683886584,0.007081038552321007,56.012208006770564,0.6000000000000001,1.0140463222110476,0.9086693015769891,0.01
moderate_uncertainty,703,boundary_cfm_steps8,4,0.21824550050533378,0.42206954136249697,1,1,1,0.31207598976387213,0.4120345318101325,0.20260148240526865,0.0,50.88626251700767,0.6,1.0333196770839541,1.0342747235506973,0.01
moderate_uncertainty,703,boundary_cfm_steps8,5,0.31302841421756916,0.6537223780229198,1,1,0,0.1728003400142385,0.275222648001329,0.1662328308667167,0.009141494435612083,67.609369700402,0.5999999999999999,1.0335361135439671,1.1668873278372203,0.01
moderate_uncertainty,703,boundary_cfm_steps8,6,0.25266805305215617,0.48387416539341643,1,1,0,0.048527765756436025,0.10081223067389672,0.09371431519434692,0.006521739130434782,51.05803204704213,0.6000000000000001,1.0259760624545466,1.154997249998454,0.01
moderate_uncertainty,703,boundary_cfm_steps8,7,0.2799148501853489,0.58600146028618,0,0,0,-0.009342069866904418,nan,nan,0.022579332790886898,69.932472758855,0.6,0.9565584025431851,1.1364803174899867,0.01
moderate_uncertainty,703,boundary_cfm_steps8,8,0.27457862519020076,0.6348175377039874,1,1,1,0.04765016912676076,0.10722843741287669,0.19785804412484076,0.03547297297297297,67.72102446389727,0.6000000000000001,0.9577746166861324,0.8721403944393136,0.01
moderate_uncertainty,703,boundary_cfm_steps8,9,0.46774368435068214,1.0486909196216523,0,0,0,-0.012488826394138494,nan,nan,0.015263644773358002,59.32238978861518,0.6,1.0309498099140462,1.1736297341688327,0.01
moderate_uncertainty,703,boundary_cfm_steps8,10,0.16500695591467854,0.3282841377680514,1,1,1,0.1963490844315765,0.32040781066915364,0.1630511760322766,0.0050984528832630095,48.09309727198894,0.5999999999999999,0.9859951398349578,1.1899816872198508,0.01
moderate_uncertainty,703,boundary_cfm_steps8,11,0.26476436489696215,0.463813245811633,0,0,1,-0.023126455258782194,nan,nan,0.0011953551912568306,47.491287867443134,0.6,1.0425306211142562,1.0123302372488643,0.01
moderate_uncertainty,703,boundary_cfm_steps8,12,0.1854420557715536,0.3657409227535264,1,1,1,0.03893381206076487,0.0963485892358511,0.19986187036663727,0.006374913852515506,65.24104643588335,0.6,0.9919866731689503,0.9456892850774973,0.01
moderate_uncertainty,703,boundary_cfm_steps8,13,0.3616145711002688,0.7964306605113474,0,0,1,-0.0012816301047898354,nan,nan,0.011650114591291063,67.37241089255336,0.5999999999999999,0.9502325753400421,1.1299422053918626,0.01
moderate_uncertainty,703,boundary_cfm_steps8,14,0.32920457154916255,0.876143854482853,1,1,0,0.35462084458274945,0.4475476277830063,0.168595293659215,0.010038240917782026,41.49248409945294,0.6,0.989551983770444,0.9923668544219247,0.01
moderate_uncertainty,703,boundary_cfm_steps8,15,0.23263984195667856,0.43336986854939075,1,1,1,0.1163930186740991,0.24984714636373884,0.07864041753329198,0.0028779739063699156,44.68647494367517,0.6,1.0368659869329948,0.9908263652225554,0.01
moderate_uncertainty,703,boundary_cfm_steps8,16,0.5848112224954096,1.7504977308755112,1,1,1,0.0423432787558744,0.09031995692414674,0.28249604963372854,0.01571294559099437,70.99772680077453,0.6,0.9753552764601251,1.0672648601015773,0.01
moderate_uncertainty,703,boundary_cfm_steps8,17,0.4155688925786356,0.8155073300545359,1,1,0,0.3702114239315216,0.45696876397794794,0.38685570285296356,0.000235626767200754,52.0945070164776,0.6,0.9950868160587779,1.0467017856897032,0.01
moderate_uncertainty,703,boundary_cfm_steps8,18,0.34711149186957546,0.804413816691374,1,1,1,0.1631903177590595,0.2594657721952168,0.22042054639233388,0.0030241935483870967,67.16685520866683,0.6000000000000001,0.9980691324164807,0.9323687694033793,0.01
moderate_uncertainty,703,boundary_cfm_steps8,19,0.23776065514474776,0.6012881792926688,1,1,1,0.0028692767295278726,0.00855252837188819,0.2271876684213905,0.003205128205128205,52.348719400436494,0.6000000000000001,0.9682888313734015,0.9393067302128779,0.01
moderate_uncertainty,703,boundary_cfm_steps8,20,0.2862378912364441,0.5453132625976999,0,0,1,-0.009269114991639266,nan,nan,0.012199197860962567,63.971036534008455,0.6,0.9705097841104544,1.0839516149665251,0.01
moderate_uncertainty,703,boundary_cfm_steps8,21,0.2503603233501387,0.4841739067693372,1,1,1,0.20010723855588852,0.3085574872064214,0.3449601471189232,0.001864125932062966,49.589087223768125,0.6,0.9537087474370672,1.1972711632985018,0.01
moderate_uncertainty,703,boundary_cfm_steps8,22,0.1937565150543275,0.36182651523001697,1,1,1,0.08704392484424532,0.30088054401483405,0.15192832657492783,0.001984126984126984,63.24579646296514,0.6000000000000001,0.9578587731153768,1.0028900814686303,0.01
moderate_uncertainty,703,boundary_cfm_steps8,23,0.18583317100567906,0.4489964307793144,1,1,1,0.1836905524232782,0.28224574770850297,0.04354725351179067,0.0078125,47.396519893308785,0.5999999999999999,0.971796220281871,0.8074175308031023,0.01
moderate_uncertainty,703,projected_velocity_steps8,0,0.058408753246433576,0.06673667573536855,1,1,1,0.20665655944200997,0.3079104222325503,0.022401445622608263,0.0,30.025317935559176,0.6,0.9508186088288038,1.0156142386980274,0.01
moderate_uncertainty,703,projected_velocity_steps8,1,0.03719452478652865,0.05186709220749455,1,1,1,0.4847239173956435,0.5404716021509437,0.029925152138353894,0.0,33.781291038597715,0.6,1.0156017373450914,1.1650211954926712,0.01
moderate_uncertainty,703,projected_velocity_steps8,2,0.11676465480776442,0.13657391632259674,1,1,1,0.22861899449619985,0.3436660580189481,0.1302606861771447,0.0,12.54197925653697,0.6,1.027059917106274,1.0103074966524996,0.01
moderate_uncertainty,703,projected_velocity_steps8,3,0.0942525032590702,0.11044922037510217,1,1,1,0.2943312087926529,0.39673248552494245,0.07143326171439801,0.0,14.7212160021405,0.6000000000000001,1.0140463222110476,0.9086693015769891,0.01
moderate_uncertainty,703,projected_velocity_steps8,4,0.11949929313898705,0.1455669077704858,1,1,1,0.15600439463723104,0.25083091430139665,0.14202783150434062,0.0,14.050577100003101,0.6,1.0333196770839541,1.0342747235506973,0.01
moderate_uncertainty,703,projected_velocity_steps8,5,0.1302611769009718,0.16128754226275727,1,1,1,0.2234667618071562,0.3270822007856245,0.2045784811822342,0.0,18.69112156821483,0.5999999999999999,1.0335361135439671,1.1668873278372203,0.01
moderate_uncertainty,703,projected_velocity_steps8,6,0.07173247386352025,0.09812314438208675,1,1,1,0.2930456362661632,0.3834316165177457,0.01871862172716865,0.0,22.47352925888974,0.6000000000000001,1.0259760624545466,1.154997249998454,0.01
moderate_uncertainty,703,projected_velocity_steps8,7,0.07279543345531123,0.0858803432009206,1,1,1,0.2152895238934929,0.3248905675930973,0.001602144792609561,0.0,17.754043802286816,0.6,0.9565584025431851,1.1364803174899867,0.01
moderate_uncertainty,703,projected_velocity_steps8,8,0.10878015649408607,0.14239228643498025,1,1,1,0.2388408570008014,0.3475795591941615,0.13073432165570864,0.0,19.319530526589432,0.6000000000000001,0.9577746166861324,0.8721403944393136,0.01
moderate_uncertainty,703,projected_velocity_steps8,9,0.04398364722398892,0.06892528702248682,1,1,0,0.275926923001275,0.37639182461378284,0.00202266594887357,0.0,27.00455146610532,0.6,1.0309498099140462,1.1736297341688327,0.01
moderate_uncertainty,703,projected_velocity_steps8,10,0.065711337091559,0.07912919625573119,1,1,1,0.33467080705081953,0.42593425472697377,0.04950606741544972,0.0,18.5805551368975,0.5999999999999999,0.9859951398349578,1.1899816872198508,0.01
moderate_uncertainty,703,projected_velocity_steps8,11,0.07129490971721188,0.08348031632039622,1,1,1,0.21096924056818162,0.3195601180410691,0.028418516253101878,0.0,11.327205639630796,0.6,1.0425306211142562,1.0123302372488643,0.01
moderate_uncertainty,703,projected_velocity_steps8,12,0.07074154879181621,0.07996865870799406,1,1,1,0.1363885452994271,0.22343653102677072,0.05746729459684641,0.0,9.260153131767407,0.6,0.9919866731689503,0.9456892850774973,0.01
moderate_uncertainty,703,projected_velocity_steps8,13,0.09093650113617519,0.11415984971751231,1,1,1,0.2340677505719627,0.33490044006339326,0.06302431710344392,0.0,18.7145323736269,0.5999999999999999,0.9502325753400421,1.1299422053918626,0.01
moderate_uncertainty,703,projected_velocity_steps8,14,0.09097124266651074,0.11076066068073209,1,1,1,0.5124990592585608,0.5497957292309232,0.08139225057885136,0.0,22.67906226629741,0.6,0.989551983770444,0.9923668544219247,0.01
moderate_uncertainty,703,projected_velocity_steps8,15,0.09082423837580929,0.11070169625411491,1,1,1,0.3920046064199923,0.47542199796364065,0.07310722592370178,0.0,13.357633284876421,0.6,1.0368659869329948,0.9908263652225554,0.01
moderate_uncertainty,703,projected_velocity_steps8,16,0.05979819910314695,0.07590517698367703,1,1,1,0.4532783498971425,0.5117617857402035,0.008447359397604437,0.0,30.040376928060603,0.6,0.9753552764601251,1.0672648601015773,0.01
moderate_uncertainty,703,projected_velocity_steps8,17,0.09216166589304978,0.11680130612539692,1,1,1,0.3295480841260616,0.4266326105262923,0.11222728779651403,0.0,29.051207306165875,0.6,0.9950868160587779,1.0467017856897032,0.01
moderate_uncertainty,703,projected_velocity_steps8,18,0.11956184862288423,0.15032910462862115,1,1,1,0.30304323844943293,0.3899368938883385,0.1600998423658324,0.0,12.890846862654895,0.6000000000000001,0.9980691324164807,0.9323687694033793,0.01
moderate_uncertainty,703,projected_velocity_steps8,19,0.09047115146678111,0.10512403118717178,1,1,1,0.12112827448916558,0.2144224012392538,0.05001857750327687,0.0,12.43078633253532,0.6000000000000001,0.9682888313734015,0.9393067302128779,0.01
moderate_uncertainty,703,projected_velocity_steps8,20,0.11692093652703464,0.1428185139660196,1,1,1,0.10802671643441919,0.2037086085770155,0.15623169498633205,0.0,27.06819440303541,0.6,0.9705097841104544,1.0839516149665251,0.01
moderate_uncertainty,703,projected_velocity_steps8,21,0.10684536780144004,0.12906124700010146,1,1,1,0.23341439829262517,0.33777383580586207,0.13631158740248606,0.0,23.81154270378172,0.6,0.9537087474370672,1.1972711632985018,0.01
moderate_uncertainty,703,projected_velocity_steps8,22,0.0584973899447026,0.06904583876094762,1,1,1,0.2485208910666839,0.3424558239872799,0.02302876136694998,0.0,20.35887180746859,0.6000000000000001,0.9578587731153768,1.0028900814686303,0.01
moderate_uncertainty,703,projected_velocity_steps8,23,0.05208946197451904,0.07411549219034665,1,1,1,0.24567464796702246,0.34971795152273916,0.009464898299111013,0.0,13.681009186058834,0.5999999999999999,0.971796220281871,0.8074175308031023,0.01
moderate_uncertainty,703,proposed_robust_steps1,0,0.06293716563824799,0.08352865313012102,1,1,1,0.20225461922547103,0.30321580903255974,0.02184560288030024,0.0,19.773708841484694,0.6,0.9508186088288038,1.0156142386980274,0.01
moderate_uncertainty,703,proposed_robust_steps1,1,0.027400682936878133,0.05228195622530796,1,1,1,0.4176714178357053,0.491336123247858,0.011806243099845126,0.0,11.822674522739062,0.6,1.0156017373450914,1.1650211954926712,0.01
moderate_uncertainty,703,proposed_robust_steps1,2,0.12089341874304045,0.15749107891570446,1,1,1,0.270786176385027,0.38032339166141715,0.10818679065824321,0.0,12.150106165244031,0.6,1.027059917106274,1.0103074966524996,0.01
moderate_uncertainty,703,proposed_robust_steps1,3,0.09998604894571826,0.13364522979966795,1,1,1,0.23199594545905608,0.33954350680884593,0.08613892007849655,0.0,16.52071227667988,0.6000000000000001,1.0140463222110476,0.9086693015769891,0.01
moderate_uncertainty,703,proposed_robust_steps1,4,0.12404896278285434,0.16342097890394447,1,1,1,0.21628617936390515,0.31524109553478774,0.1120165750465949,0.0,13.128952792723277,0.6,1.0333196770839541,1.0342747235506973,0.01
moderate_uncertainty,703,proposed_robust_steps1,5,0.14695621195736544,0.20947430619715446,1,1,1,0.26777605102363294,0.3680363874491659,0.13058209976473023,0.0,24.413998478073324,0.5999999999999999,1.0335361135439671,1.1668873278372203,0.01
moderate_uncertainty,703,proposed_robust_steps1,6,0.07796047785844673,0.10999459563550451,1,1,1,0.3142230309884072,0.4032751082956013,0.004170652392605501,0.0,23.911081048815433,0.6000000000000001,1.0259760624545466,1.154997249998454,0.01
moderate_uncertainty,703,proposed_robust_steps1,7,0.07852964734670845,0.1012078806152543,1,1,1,0.23509815466004785,0.3449564197939456,0.03141332970877064,0.0,25.141928909193023,0.6,0.9565584025431851,1.1364803174899867,0.01
moderate_uncertainty,703,proposed_robust_steps1,8,0.11446213008927524,0.15696495685936174,1,1,1,0.26395773737944234,0.370327328395558,0.12944961894645868,0.0,21.406307297683057,0.6000000000000001,0.9577746166861324,0.8721403944393136,0.01
moderate_uncertainty,703,proposed_robust_steps1,9,0.04375075828681126,0.06335593329055818,1,1,1,0.2410620764038192,0.34228938202806014,0.017109395521782478,0.0,17.206140793057614,0.6,1.0309498099140462,1.1736297341688327,0.01
moderate_uncertainty,703,proposed_robust_steps1,10,0.07389120140205237,0.09170108888554976,1,1,1,0.35840336739845674,0.44418908455955425,0.048327509070331676,0.0,12.478713860719218,0.5999999999999999,0.9859951398349578,1.1899816872198508,0.01
moderate_uncertainty,703,proposed_robust_steps1,11,0.08226121782920562,0.10594060764166047,1,1,1,0.18601337551115435,0.29084717748260036,0.0023334556510139493,0.0,20.28282650366477,0.6,1.0425306211142562,1.0123302372488643,0.01
moderate_uncertainty,703,proposed_robust_steps1,12,0.06917660762599681,0.09067313858099027,1,1,1,0.1802051580198743,0.2729746253301428,0.0430790772626386,0.0,21.1022042349567,0.6,0.9919866731689503,0.9456892850774973,0.01
moderate_uncertainty,703,proposed_robust_steps1,13,0.10647575069017538,0.16577069141595294,1,1,1,0.24457622171360002,0.3454388433173584,0.08311571195911904,0.0,32.143898388578876,0.5999999999999999,0.9502325753400421,1.1299422053918626,0.01
moderate_uncertainty,703,proposed_robust_steps1,14,0.09628723001182642,0.1260141192367352,1,1,1,0.4410003601139971,0.5015309816193878,0.0476579551171763,0.0,13.788636851146029,0.6,0.989551983770444,0.9923668544219247,0.01
moderate_uncertainty,703,proposed_robust_steps1,15,0.09392821764765624,0.12165172844615478,1,1,1,0.37302262386621016,0.460028321878828,0.0701524894922052,0.0,18.897994082601546,0.6,1.0368659869329948,0.9908263652225554,0.01
moderate_uncertainty,703,proposed_robust_steps1,16,0.06352931486362723,0.07854493399086415,1,1,1,0.38118388632598404,0.45673792054914886,0.019715098549228482,0.0,18.415210495374506,0.6,0.9753552764601251,1.0672648601015773,0.01
moderate_uncertainty,703,proposed_robust_steps1,17,0.09744994045344521,0.13832176395838316,1,1,1,0.32493538205416406,0.41993574672532125,0.07771139500832147,0.0,18.722937074754093,0.6,0.9950868160587779,1.0467017856897032,0.01
moderate_uncertainty,703,proposed_robust_steps1,18,0.12627842824115626,0.17683098921298876,1,1,1,0.39926914065468344,0.4682991996103101,0.14393392076897493,0.0,18.314503060293386,0.6000000000000001,0.9980691324164807,0.9323687694033793,0.01
moderate_uncertainty,703,proposed_robust_steps1,19,0.08874376396220603,0.10838993313299292,1,1,1,0.12576664568103932,0.2188949268553299,0.06345392669998962,0.0,19.271417946049283,0.6000000000000001,0.9682888313734015,0.9393067302128779,0.01
moderate_uncertainty,703,proposed_robust_steps1,20,0.12165791814342777,0.16891690319871636,1,1,1,0.19244950213292963,0.300437298605428,0.12821182191177272,0.0,27.918485601772613,0.6,0.9705097841104544,1.0839516149665251,0.01
moderate_uncertainty,703,proposed_robust_steps1,21,0.11561322472929739,0.16496613667692853,1,1,1,0.3291384743060189,0.4224445173316698,0.09201256783288381,0.0,26.147776157672844,0.6,0.9537087474370672,1.1972711632985018,0.01
moderate_uncertainty,703,proposed_robust_steps1,22,0.053294975270099146,0.0739069317330146,1,1,1,0.3424002638746149,0.4265987856392295,0.012770796238952276,0.0,27.057164389999258,0.6000000000000001,0.9578587731153768,1.0028900814686303,0.01
moderate_uncertainty,703,proposed_robust_steps1,23,0.04857519723427638,0.07095790816057354,1,1,1,0.270367316318579,0.3671752079083694,0.0058380836899476485,0.0,15.951407622101776,0.5999999999999999,0.971796220281871,0.8074175308031023,0.01
moderate_uncertainty,703,proposed_robust_steps8,0,0.06155896220631644,0.07776945819400286,1,1,1,0.20956541064845993,0.310707372727148,0.02480130068835562,0.0,14.788531574691838,0.6,0.9508186088288038,1.0156142386980274,0.01
moderate_uncertainty,703,proposed_robust_steps8,1,0.02740986597373419,0.05385177885315703,1,1,1,0.4225392614291971,0.4949458047615527,0.009804255371259618,0.0,12.322049538658046,0.6,1.0156017373450914,1.1650211954926712,0.01
moderate_uncertainty,703,proposed_robust_steps8,2,0.12059455650695469,0.15541052166756986,1,1,1,0.2954463393199631,0.4026646270368359,0.11923275795413035,0.0,11.995559782176706,0.6,1.027059917106274,1.0103074966524996,0.01
moderate_uncertainty,703,proposed_robust_steps8,3,0.0980341064751338,0.1258314501478786,1,1,1,0.22486504909702407,0.33222944497734513,0.07726634389478182,0.0,11.844186481081707,0.6000000000000001,1.0140463222110476,0.9086693015769891,0.01
moderate_uncertainty,703,proposed_robust_steps8,4,0.12365151760638027,0.16321209759103267,1,1,1,0.2209438679640069,0.31990362327722177,0.10935176289725312,0.0,12.286876986344206,0.6,1.0333196770839541,1.0342747235506973,0.01
moderate_uncertainty,703,proposed_robust_steps8,5,0.13374403348325506,0.17538663387353023,1,1,1,0.26692441107060527,0.3672824632197704,0.14168262157696931,0.0,13.253100126922797,0.5999999999999999,1.0335361135439671,1.1668873278372203,0.01
moderate_uncertainty,703,proposed_robust_steps8,6,0.07399549232824595,0.09706466930402322,1,1,1,0.3319197633158731,0.41956135815273166,0.009373663437421076,0.0,19.44790030900239,0.6000000000000001,1.0259760624545466,1.154997249998454,0.01
moderate_uncertainty,703,proposed_robust_steps8,7,0.07615343981140091,0.09382588472583556,1,1,1,0.24446711331235577,0.35357140140188403,0.0105224641955588,0.0,21.943738381587707,0.6,0.9565584025431851,1.1364803174899867,0.01
moderate_uncertainty,703,proposed_robust_steps8,8,0.11586369031884834,0.15554666744713713,1,1,1,0.2650792817005008,0.3713832549645505,0.12896616732309996,0.0,18.678597987730452,0.6000000000000001,0.9577746166861324,0.8721403944393136,0.01
moderate_uncertainty,703,proposed_robust_steps8,9,0.04229564557561627,0.05987955782649425,1,1,1,0.24391113604371426,0.34499610214959386,0.014561705017421822,0.0,11.5482043331505,0.6,1.0309498099140462,1.1736297341688327,0.01
moderate_uncertainty,703,proposed_robust_steps8,10,0.07462507479747785,0.08898725384844752,1,1,1,0.37232213197803277,0.45549432469648954,0.049009374803260286,0.0,10.484336251615687,0.5999999999999999,0.9859951398349578,1.1899816872198508,0.01
moderate_uncertainty,703,proposed_robust_steps8,11,0.07843795565040838,0.09993824315817038,1,1,1,0.19379442643729597,0.29927288598968005,0.00022638567043076208,0.0,20.272557444611984,0.6,1.0425306211142562,1.0123302372488643,0.01
moderate_uncertainty,703,proposed_robust_steps8,12,0.07026063343283868,0.08960479371828005,1,1,1,0.17362847326264136,0.2658505628854886,0.04999628750798246,0.0,16.44444356693634,0.6,0.9919866731689503,0.9456892850774973,0.01
moderate_uncertainty,703,proposed_robust_steps8,13,0.09629043318356398,0.13912859095414223,1,1,1,0.23696895448805896,0.3381007708878164,0.06980511404279399,0.0,25.13509500432062,0.5999999999999999,0.9502325753400421,1.1299422053918626,0.01
moderate_uncertainty,703,proposed_robust_steps8,14,0.0959727571450567,0.12484804309436955,1,1,1,0.4343428008870654,0.4970568051935387,0.047250563200561535,0.0,10.43326264733342,0.6,0.989551983770444,0.9923668544219247,0.01
moderate_uncertainty,703,proposed_robust_steps8,15,0.09418566532109227,0.12071538563540034,1,1,1,0.36534690783679585,0.45400043322536204,0.06949712045923517,0.0,18.996475721412676,0.6,1.0368659869329948,0.9908263652225554,0.01
moderate_uncertainty,703,proposed_robust_steps8,16,0.0635421063346623,0.07706793625138615,1,1,1,0.37904157353084494,0.4551045190941333,0.022303577049561873,0.0,13.884047024145246,0.6,0.9753552764601251,1.0672648601015773,0.01
moderate_uncertainty,703,proposed_robust_steps8,17,0.0998693021404065,0.13462648763041307,1,1,1,0.3147199069181929,0.41145165460321254,0.07327550753610668,0.0,17.27988205820303,0.6,0.9950868160587779,1.0467017856897032,0.01
moderate_uncertainty,703,proposed_robust_steps8,18,0.1255563679990166,0.1756010674387867,1,1,1,0.40383515952278287,0.47137350378186443,0.1409273597334284,0.0,17.19657044433914,0.6000000000000001,0.9980691324164807,0.9323687694033793,0.01
moderate_uncertainty,703,proposed_robust_steps8,19,0.09227196522107779,0.11184537431423432,1,1,1,0.12157950982223872,0.21361189594505717,0.0555310036869332,0.0,12.914292666007997,0.6000000000000001,0.9682888313734015,0.9393067302128779,0.01
moderate_uncertainty,703,proposed_robust_steps8,20,0.12139070959141701,0.15896555192238151,1,1,1,0.19053996762628944,0.29822925249336174,0.12585341574180653,0.0,17.2425434926786,0.6,0.9705097841104544,1.0839516149665251,0.01
moderate_uncertainty,703,proposed_robust_steps8,21,0.11481870624244561,0.15258329550700497,1,1,1,0.33987982709010367,0.4313254765965703,0.0982452526055857,0.0,12.877279753867052,0.6,0.9537087474370672,1.1972711632985018,0.01
moderate_uncertainty,703,proposed_robust_steps8,22,0.05589606589750968,0.07212748495216498,1,1,1,0.3940988201900538,0.463899970027698,0.004094992210148085,0.0,9.521721434434872,0.6000000000000001,0.9578587731153768,1.0028900814686303,0.01
moderate_uncertainty,703,proposed_robust_steps8,23,0.051676950456399265,0.06888831904080754,1,1,1,0.28273522798202466,0.37817346392712486,0.007363938678961013,0.0,11.586901428644817,0.5999999999999999,0.971796220281871,0.8074175308031023,0.01
severe_uncertainty,701,quintic_skeleton,0,0.17716513224930378,0.21256545664453413,1,1,0,0.16328306630399528,0.26146734924620507,0.11326831292814354,0.0,12.664146316869642,1.2000000000000002,0.9858599470823686,0.7520930303829865,0.02
severe_uncertainty,701,quintic_skeleton,1,0.1925073818468494,0.22227322215827824,1,1,0,0.19811379992932876,0.300342175328283,0.0657402803465259,0.0,12.842399308720506,1.2,1.0809845253226797,0.9815331757150503,0.02
severe_uncertainty,701,quintic_skeleton,2,0.11872558566491517,0.1535564733918462,1,1,0,0.325705233302622,0.42861846331378917,0.06417636925429271,0.0,10.970696521202877,1.2,0.9989172145716385,0.8571999861599054,0.02
severe_uncertainty,701,quintic_skeleton,3,0.10914012035659908,0.1340014121328363,1,1,1,0.19716122789734217,0.30372926351037677,0.02314081781232913,0.0,10.134798968693655,1.2,1.016492216003862,1.0821442364018705,0.02
severe_uncertainty,701,quintic_skeleton,4,0.12530749105807415,0.17107912847038756,1,1,0,0.180301383001715,0.27816375053370895,0.047451237378131506,0.0,19.7236986482712,1.2,1.0731805578104696,1.3526291104269506,0.02
severe_uncertainty,701,quintic_skeleton,5,0.12583835310335015,0.16006231523434686,1,1,0,0.23103476924452027,0.3333889807657066,0.0510390658533737,0.0,10.82981053348308,1.2,1.0339506991342389,0.8235639243673317,0.02
severe_uncertainty,701,quintic_skeleton,6,0.18138316993825582,0.20367533335019128,1,1,0,0.1386086365054579,0.22842125581505962,0.08682387651903634,0.0,10.257224277819878,1.2,1.0727517811493195,1.1494581707023475,0.02
severe_uncertainty,701,quintic_skeleton,7,0.1834215029317542,0.22102593993471145,1,1,0,0.1702658207300323,0.2775037539363188,0.1378015235044896,0.0,15.71599889144582,1.2,0.9866774229977688,1.178444780502773,0.02
severe_uncertainty,701,quintic_skeleton,8,0.18356878822070757,0.21544061250707874,1,1,0,0.23691565518556987,0.34488142976520086,0.14960269796705372,0.0,13.197282037410776,1.1999999999999997,1.014936173746116,1.0893238462164978,0.02
severe_uncertainty,701,quintic_skeleton,9,0.18202856027538805,0.21484660892665333,1,1,0,0.09990315662335791,0.18325936730259118,0.06545740996804916,0.0,13.084830664594463,1.2000000000000002,1.0452207913647724,0.9318870577062556,0.02
severe_uncertainty,701,quintic_skeleton,10,0.20287597460633192,0.22429179725643983,1,1,0,0.151567346472206,0.24786193259102696,0.07752638317485294,0.0,12.6306325648113,1.1999999999999997,1.0998196444523107,1.3058432752573048,0.02
severe_uncertainty,701,quintic_skeleton,11,0.13250514674829375,0.16626103746688353,1,1,1,0.3515076838233389,0.4438937711057276,0.10565792489202286,0.0,12.57501003078855,1.2,0.9325100021544207,1.1459885939454766,0.02
severe_uncertainty,701,quintic_skeleton,12,0.15603646347198596,0.17664898977460555,1,1,0,0.17471872532732435,0.2671373286759711,0.05588269158730563,0.0,11.19726720770915,1.2,0.9549718617693436,1.2229628110304178,0.02
severe_uncertainty,701,quintic_skeleton,13,0.12439053647502703,0.15410366355036798,1,1,0,0.28249584389396515,0.3809932392451033,0.048350883555251745,0.0,11.231800986996427,1.1999999999999997,0.9973494684413985,0.8188901503487898,0.02
severe_uncertainty,701,quintic_skeleton,14,0.08450809617933235,0.11038314035266507,1,1,1,0.4966429308554915,0.5403547481312198,0.025827763488353694,0.0,11.017971121151126,1.1999999999999997,0.9517173572275094,0.7777030954672148,0.02
severe_uncertainty,701,quintic_skeleton,15,0.20388984959840661,0.2457660413778995,1,1,0,0.3170840531280818,0.4147340427931216,0.18487045410479608,0.0,15.086169433473291,1.2,0.9165623696502366,0.9642366177682506,0.02
severe_uncertainty,701,quintic_skeleton,16,0.11628495815670496,0.14469667693420518,1,1,1,0.20443859825518818,0.30109297202220375,0.009336405989827767,0.0,15.236369224023365,1.1999999999999997,0.9880322434381236,1.240812758117348,0.02
severe_uncertainty,701,quintic_skeleton,17,0.20987338075465636,0.25321106533878285,1,1,0,0.2500484606917003,0.3534828479026369,0.15622495158084337,0.0,16.338429141979027,1.2,1.0412539715725746,0.8332192194989301,0.02
severe_uncertainty,701,quintic_skeleton,18,0.1454518388895124,0.18099229929382896,1,1,0,0.2816801350907054,0.3722709428618065,0.05121463923533298,0.0,11.019588625178809,1.2,1.0703082134499313,0.9620903244704285,0.02
severe_uncertainty,701,quintic_skeleton,19,0.1930052590057549,0.23501938080956686,1,1,0,0.18308717019043028,0.2855418692499394,0.20935930776949307,0.0,14.999876853801071,1.1999999999999997,1.0153018919857766,0.9078936048213027,0.02
severe_uncertainty,701,quintic_skeleton,20,0.18475102941032234,0.29576245960832354,1,1,0,0.07601569881722209,0.15667806320160665,0.10661952725871249,0.0,38.72665282647277,1.2000000000000002,0.9110626466977032,1.3735578909979025,0.02
severe_uncertainty,701,quintic_skeleton,21,0.13488669145999202,0.16291589317054928,1,1,0,0.3033142270398014,0.4018587385708593,0.038615567157995745,0.0,12.096156982861613,1.2000000000000002,0.943394072426269,1.1138077583606223,0.02
severe_uncertainty,701,quintic_skeleton,22,0.18015944263481046,0.2053037101362012,1,1,0,0.25397663748405797,0.34629821203084343,0.07123207257058617,0.0,11.030793161790257,1.2000000000000002,0.9045216345442088,0.7190955810495399,0.02
severe_uncertainty,701,quintic_skeleton,23,0.15852973110449073,0.1993293317224628,1,1,0,0.18145031813984835,0.2795379909963,0.04646842327885503,0.0,15.69468527266886,1.2000000000000002,1.0959205324632038,1.3740222485267464,0.02
severe_uncertainty,701,boundary_cfm_steps8,0,0.3205569401115288,0.6383301064198119,1,1,0,0.1597111132644583,0.2611303695067697,0.22024939005996158,0.010435992578849721,48.49472304892985,1.2000000000000002,0.9858599470823686,0.7520930303829865,0.02
severe_uncertainty,701,boundary_cfm_steps8,1,0.4411057653608148,0.8784012694686981,1,1,0,0.1321549532079702,0.2271142516435064,0.2775972203777095,0.0026666666666666666,57.46209037149989,1.2,1.0809845253226797,0.9815331757150503,0.02
severe_uncertainty,701,boundary_cfm_steps8,2,0.2241023220257928,0.39655883971283024,1,1,0,0.33090375994444216,0.4333972311812357,0.021267446626292763,0.001199451679232351,47.98935625700953,1.2,0.9989172145716385,0.8571999861599054,0.02
severe_uncertainty,701,boundary_cfm_steps8,3,0.22337623784345673,0.5772106277883886,1,1,1,0.00811702200481081,0.022314575787881152,0.04243896220051502,0.011211644374508261,60.39020324449929,1.2,1.016492216003862,1.0821442364018705,0.02
severe_uncertainty,701,boundary_cfm_steps8,4,0.29232753271525425,0.5385709743892615,1,1,0,0.34882645850770794,0.4339386865711422,0.11132771715542455,0.002560351133869788,53.22272825846491,1.2,1.0731805578104696,1.3526291104269506,0.02
severe_uncertainty,701,boundary_cfm_steps8,5,0.2753194293034204,0.5701773405785248,1,1,0,0.12482971433906402,0.21670773965754078,0.02777563331750077,0.003577106518282989,69.31783425697267,1.2,1.0339506991342389,0.8235639243673317,0.02
severe_uncertainty,701,boundary_cfm_steps8,6,0.33193424851860165,0.6161440669622804,1,1,0,0.0219135952871544,0.053559478347901424,0.18425522829766283,0.006020066889632107,50.80349017760895,1.2,1.0727517811493195,1.1494581707023475,0.02
severe_uncertainty,701,boundary_cfm_steps8,7,0.3635342185688886,0.8317456272266923,1,1,0,0.02355485111995251,0.05952866831737208,0.33817254206665126,0.019934906427990236,70.38283519266102,1.2,0.9866774229977688,1.178444780502773,0.02
severe_uncertainty,701,boundary_cfm_steps8,8,0.39674526345553646,0.7614684708351477,1,1,0,0.00143399993215226,0.004271068425034885,0.21581126529944816,0.036974474474474474,70.75973784399189,1.1999999999999997,1.014936173746116,1.0893238462164978,0.02
severe_uncertainty,701,boundary_cfm_steps8,9,0.5174708998061588,1.1708529024088374,0,0,0,-0.014896196263820816,nan,nan,0.011100832562442183,50.50187602458568,1.2000000000000002,1.0452207913647724,0.9318870577062556,0.02
severe_uncertainty,701,boundary_cfm_steps8,10,0.3688203207619716,0.5361479575537388,1,1,0,0.029330922336479444,0.08452065901390604,0.1910824391125372,0.0010548523206751054,49.13842258226216,1.1999999999999997,1.0998196444523107,1.3058432752573048,0.02
severe_uncertainty,701,boundary_cfm_steps8,11,0.3081908743331501,0.5264983244435263,1,1,1,0.035364620549837536,0.08286825516488916,0.21694813240896726,0.0005122950819672131,46.149959402000064,1.2,0.9325100021544207,1.1459885939454766,0.02
severe_uncertainty,701,boundary_cfm_steps8,12,0.1984169087157012,0.34318757857639276,1,1,0,0.1126585230113274,0.19913748914509416,0.1781496713509525,0.014472777394900068,65.95262512098402,1.2,0.9549718617693436,1.2229628110304178,0.02
severe_uncertainty,701,boundary_cfm_steps8,13,0.4067125866760547,0.7956727880986967,1,1,0,0.09430029874097628,0.17894322448553002,0.0908022361068932,0.010313216195569137,55.56895578871376,1.1999999999999997,0.9973494684413985,0.8188901503487898,0.02
severe_uncertainty,701,boundary_cfm_steps8,14,0.2833864051021251,0.5023515955193271,1,1,0,0.36661475909044267,0.467466413571887,0.047890895480083184,0.008604206500956023,45.2754501293495,1.1999999999999997,0.9517173572275094,0.7777030954672148,0.02
severe_uncertainty,701,boundary_cfm_steps8,15,0.306766720517692,0.48247153636974255,1,1,0,0.0903831878988326,0.1852085164669296,0.2150061212230978,0.01170376055257099,46.24080867848351,1.2,0.9165623696502366,0.9642366177682506,0.02
severe_uncertainty,701,boundary_cfm_steps8,16,0.5467747079033757,1.540167881100528,0,0,0,-0.023415112103351905,nan,nan,0.02181050656660413,73.88292110238507,1.1999999999999997,0.9880322434381236,1.240812758117348,0.02
severe_uncertainty,701,boundary_cfm_steps8,17,0.6034527014620339,1.059923920338569,1,1,0,0.14059288528092298,0.23835197016802195,0.5740723644811139,0.000942507068803016,48.04434130693834,1.2,1.0412539715725746,0.8332192194989301,0.02
severe_uncertainty,701,boundary_cfm_steps8,18,0.37342861982496545,0.7586018248464473,1,1,0,0.20898773764368955,0.3135029105663731,0.06943102259876088,0.003192204301075269,66.56680160400845,1.2,1.0703082134499313,0.9620903244704285,0.02
severe_uncertainty,701,boundary_cfm_steps8,19,0.4088196359410316,0.908781559911787,1,1,0,0.03649049861923899,0.08325191065869131,0.416645037598665,0.002203525641025641,46.471605372181706,1.1999999999999997,1.0153018919857766,0.9078936048213027,0.02
severe_uncertainty,701,boundary_cfm_steps8,20,0.33952354357093706,0.6151810062202971,0,0,0,-0.022243238251239403,nan,nan,0.014872994652406418,70.60875435599037,1.2000000000000002,0.9110626466977032,1.3735578909979025,0.02
severe_uncertainty,701,boundary_cfm_steps8,21,0.16289464090442254,0.305118316466547,1,1,0,0.299187738504054,0.3974209732567115,0.02822696624758514,0.006628003314001657,50.6224710678136,1.2000000000000002,0.943394072426269,1.1138077583606223,0.02
severe_uncertainty,701,boundary_cfm_steps8,22,0.28980871589047263,0.5483093970924451,1,1,0,0.02928458982080573,0.06564293736773824,1.2723801346471868,0.005753968253968254,57.62729361832559,1.2000000000000002,0.9045216345442088,0.7190955810495399,0.02
severe_uncertainty,701,boundary_cfm_steps8,23,0.43924833981438477,0.8148841080725108,1,1,0,0.01789842127209921,0.04572689469323121,0.0965195598406774,0.005701013513513513,62.78252037280627,1.2000000000000002,1.0959205324632038,1.3740222485267464,0.02
severe_uncertainty,701,projected_velocity_steps8,0,0.1712834614833519,0.195716628104422,1,1,0,0.16916228740618594,0.26781758661988264,0.16467355769820458,0.0,24.696744849790225,1.2000000000000002,0.9858599470823686,0.7520930303829865,0.02
severe_uncertainty,701,projected_velocity_steps8,1,0.19433851206733088,0.21580203699239747,1,1,0,0.23621991728797556,0.33911516033187894,0.06593624810267462,0.0,33.98961355308073,1.2,1.0809845253226797,0.9815331757150503,0.02
severe_uncertainty,701,projected_velocity_steps8,2,0.11996230915821346,0.15443065230978323,1,1,0,0.28974447301616735,0.39942060234386173,0.09366324328850428,0.0,14.846559795920218,1.2,0.9989172145716385,0.8571999861599054,0.02
severe_uncertainty,701,projected_velocity_steps8,3,0.1100271461841093,0.1275663409302657,1,1,1,0.23692046956392568,0.34377775031464275,0.04383987591197114,0.0,18.36318263055072,1.2,1.016492216003862,1.0821442364018705,0.02
severe_uncertainty,701,projected_velocity_steps8,4,0.13594012989107493,0.19624832495475342,1,1,0,0.13772557522424472,0.22974453626839647,0.09509662163643906,0.0,30.36047543044631,1.2,1.0731805578104696,1.3526291104269506,0.02
severe_uncertainty,701,projected_velocity_steps8,5,0.1307031737706277,0.15749967016748598,1,1,0,0.16162927603432503,0.26137437609609593,0.17004518766719023,0.0,24.238116085364837,1.2,1.0339506991342389,0.8235639243673317,0.02
severe_uncertainty,701,projected_velocity_steps8,6,0.18578763889488023,0.20822931041057244,1,1,0,0.10357581591946381,0.18344668905458736,0.09984746957517165,0.0,21.224729995389325,1.2,1.0727517811493195,1.1494581707023475,0.02
severe_uncertainty,701,projected_velocity_steps8,7,0.17978354299430577,0.2143411040434086,1,1,0,0.15101741096334165,0.2565679329124196,0.17323632052473137,0.0,22.586412060484516,1.2,0.9866774229977688,1.178444780502773,0.02
severe_uncertainty,701,projected_velocity_steps8,8,0.1801941471082017,0.21169292568383338,1,1,0,0.18529213571007663,0.2940103641010919,0.15149559021241554,0.0,21.083572711096533,1.1999999999999997,1.014936173746116,1.0893238462164978,0.02
severe_uncertainty,701,projected_velocity_steps8,9,0.1835922347618894,0.21734974452895361,1,1,0,0.09465231392926468,0.17716037287033337,0.058356508835781806,0.0,25.188855331252046,1.2000000000000002,1.0452207913647724,0.9318870577062556,0.02
severe_uncertainty,701,projected_velocity_steps8,10,0.21750910437781817,0.24605933154569176,1,1,0,0.11618694837039271,0.20603446184093527,0.08747942454469726,0.0,19.39474789868778,1.1999999999999997,1.0998196444523107,1.3058432752573048,0.02
severe_uncertainty,701,projected_velocity_steps8,11,0.13307480195807714,0.15949861771444301,1,1,1,0.3466035221441256,0.45582834181867504,0.1529869449373944,0.0,18.05134008635377,1.2,0.9325100021544207,1.1459885939454766,0.02
severe_uncertainty,701,projected_velocity_steps8,12,0.15279267043769423,0.1690266874841637,1,1,0,0.23178879257083743,0.32528252261131824,0.0628883138931311,0.0,14.895708630059966,1.2,0.9549718617693436,1.2229628110304178,0.02
severe_uncertainty,701,projected_velocity_steps8,13,0.12765016176183486,0.15151276722095122,1,1,1,0.3237326849726614,0.4216244751645411,0.06381472977915692,0.0,22.465263799052604,1.1999999999999997,0.9973494684413985,0.8188901503487898,0.02
severe_uncertainty,701,projected_velocity_steps8,14,0.08833225124707983,0.10518396678331025,1,1,1,0.6019919298624825,0.6075138275755083,0.08862629817712331,0.0,20.141155305639316,1.1999999999999997,0.9517173572275094,0.7777030954672148,0.02
severe_uncertainty,701,projected_velocity_steps8,15,0.20020067664849564,0.23815622441548057,1,1,0,0.30834150609486244,0.40604498330514405,0.2190008479343435,0.0,18.61812905023079,1.2,0.9165623696502366,0.9642366177682506,0.02
severe_uncertainty,701,projected_velocity_steps8,16,0.12836508882042916,0.1716893504188525,1,1,0,0.24783065278024313,0.3441349377160906,0.023976305043008406,0.0,37.56341050846607,1.1999999999999997,0.9880322434381236,1.240812758117348,0.02
severe_uncertainty,701,projected_velocity_steps8,17,0.2038738921299191,0.23832062353260508,1,1,0,0.30880367883168813,0.4083470689494392,0.2501620307091299,0.0,30.800157273511623,1.2,1.0412539715725746,0.8332192194989301,0.02
severe_uncertainty,701,projected_velocity_steps8,18,0.14795034999668735,0.17937892241566028,1,1,0,0.21897732390188357,0.3126673183247,0.089989966787555,0.0,15.248167472332414,1.2,1.0703082134499313,0.9620903244704285,0.02
severe_uncertainty,701,projected_velocity_steps8,19,0.18897320763442743,0.22101866331078637,1,1,0,0.172668502001093,0.27460061038635974,0.2406191150195962,0.0,17.757514725919894,1.1999999999999997,1.0153018919857766,0.9078936048213027,0.02
severe_uncertainty,701,projected_velocity_steps8,20,0.2150288877697246,0.32011826011366684,1,1,0,0.04325633141805737,0.10118100951013215,0.0853357865707074,0.0,44.68448330388872,1.2000000000000002,0.9110626466977032,1.3735578909979025,0.02
severe_uncertainty,701,projected_velocity_steps8,21,0.13721994131828016,0.1645626787564315,1,1,0,0.3342222520479536,0.4267492679701377,0.06459657420149933,0.0,26.50995731081804,1.2000000000000002,0.943394072426269,1.1138077583606223,0.02
severe_uncertainty,701,projected_velocity_steps8,22,0.17754420533180618,0.20089784157368099,1,1,0,0.2344126605010282,0.32777351649343894,0.07225266661527252,0.0,18.62830454370288,1.2000000000000002,0.9045216345442088,0.7190955810495399,0.02
severe_uncertainty,701,projected_velocity_steps8,23,0.1672255024028585,0.21833474034993186,1,1,0,0.19332810702967634,0.29389540227542865,0.074692936472045,0.0,26.009999298808538,1.2000000000000002,1.0959205324632038,1.3740222485267464,0.02
severe_uncertainty,701,proposed_robust_steps1,0,0.17925938952430776,0.22369210641588594,1,1,0,0.16360237525824076,0.2617651858155875,0.11506665166354857,0.0,17.43410411644451,1.2000000000000002,0.9858599470823686,0.7520930303829865,0.02
severe_uncertainty,701,proposed_robust_steps1,1,0.19330610652033017,0.22450712865261505,1,1,0,0.19760546825511213,0.2998980636037573,0.066806598220849,0.0,12.411535922863967,1.2,1.0809845253226797,0.9815331757150503,0.02
severe_uncertainty,701,proposed_robust_steps1,2,0.12028743568013069,0.15447722750866208,1,1,0,0.32412761295474424,0.4275057830938367,0.0661459261523838,0.0,20.42957750682749,1.2,0.9989172145716385,0.8571999861599054,0.02
severe_uncertainty,701,proposed_robust_steps1,3,0.10708276496718326,0.1313345489505632,1,1,1,0.2027185014380218,0.309587599788631,0.027348255093129215,0.0,18.017744420858662,1.2,1.016492216003862,1.0821442364018705,0.02
severe_uncertainty,701,proposed_robust_steps1,4,0.13414043166900572,0.20512422925657664,1,1,0,0.1837886336672075,0.28179252403450533,0.05271347350720346,0.0,30.44426951652518,1.2,1.0731805578104696,1.3526291104269506,0.02
severe_uncertainty,701,proposed_robust_steps1,5,0.12980019382974117,0.16206932976538094,1,1,0,0.2274069509044227,0.3298432531088018,0.042513916045830324,0.0,18.83622721486969,1.2,1.0339506991342389,0.8235639243673317,0.02
severe_uncertainty,701,proposed_robust_steps1,6,0.18933905869063952,0.21734530957549236,1,1,0,0.1338688289610056,0.22291451993116176,0.0921725273254097,0.0,20.462947589225443,1.2,1.0727517811493195,1.1494581707023475,0.02
severe_uncertainty,701,proposed_robust_steps1,7,0.19561222336333978,0.257854203608949,1,1,0,0.17340412518092765,0.2809156455656584,0.16068972662060554,0.0,30.511646802075568,1.2,0.9866774229977688,1.178444780502773,0.02
severe_uncertainty,701,proposed_robust_steps1,8,0.18962498688532034,0.2345462956266238,1,1,0,0.22878758731700402,0.33691747971206654,0.1499126614716304,0.0,25.92259929166479,1.1999999999999997,1.014936173746116,1.0893238462164978,0.02
severe_uncertainty,701,proposed_robust_steps1,9,0.1833773368515322,0.21876381449316398,1,1,0,0.10000633071065829,0.18342988927803872,0.06690677021029368,0.0,13.5258574181838,1.2000000000000002,1.0452207913647724,0.9318870577062556,0.02
severe_uncertainty,701,proposed_robust_steps1,10,0.2077489633710174,0.23929368235706724,1,1,0,0.14807456159271665,0.2437557751489367,0.08242446916077784,0.0,18.428097165776876,1.1999999999999997,1.0998196444523107,1.3058432752573048,0.02
severe_uncertainty,701,proposed_robust_steps1,11,0.1430695972953131,0.19895091320306948,1,1,1,0.345534667522214,0.44066400256690497,0.10188098654854683,0.0,28.47214193737572,1.2,0.9325100021544207,1.1459885939454766,0.02
severe_uncertainty,701,proposed_robust_steps1,12,0.13796691445571044,0.16677125269166482,1,1,1,0.19173549319736458,0.2856153460976556,0.04978999795100414,0.0,31.609637219541376,1.2,0.9549718617693436,1.2229628110304178,0.02
severe_uncertainty,701,proposed_robust_steps1,13,0.12654239041287285,0.1550200476329364,1,1,0,0.3241652942815415,0.41600469962275965,0.0703694524745826,0.0,22.165398426825167,1.1999999999999997,0.9973494684413985,0.8188901503487898,0.02
severe_uncertainty,701,proposed_robust_steps1,14,0.08535490474248099,0.11081308500307506,1,1,1,0.498048107322584,0.5409680660319313,0.027528946521003128,0.0,13.578958272245693,1.1999999999999997,0.9517173572275094,0.7777030954672148,0.02
severe_uncertainty,701,proposed_robust_steps1,15,0.2034998583724297,0.2512368422562931,1,1,0,0.32151825020796543,0.41761274967402473,0.17586826007392453,0.0,27.660287125539504,1.2,0.9165623696502366,0.9642366177682506,0.02
severe_uncertainty,701,proposed_robust_steps1,16,0.12079578559660636,0.17264785648194195,1,1,0,0.20474506036311102,0.30141149460103794,0.009565193568357166,0.0,28.31272129712194,1.1999999999999997,0.9880322434381236,1.240812758117348,0.02
severe_uncertainty,701,proposed_robust_steps1,17,0.2137722496540365,0.26940279108258686,1,1,0,0.25229679465383825,0.3555859131034953,0.15672835203092728,0.0,20.412925846437673,1.2,1.0412539715725746,0.8332192194989301,0.02
severe_uncertainty,701,proposed_robust_steps1,18,0.14983648449674578,0.18897313464009982,1,1,0,0.276926647959245,0.3676596841710487,0.05563992579198995,0.0,20.721333747423326,1.2,1.0703082134499313,0.9620903244704285,0.02
severe_uncertainty,701,proposed_robust_steps1,19,0.19483684105180982,0.25021441143557244,1,1,0,0.18097198565655365,0.28324434003359844,0.20736873341115025,0.0,24.49604153044666,1.1999999999999997,1.0153018919857766,0.9078936048213027,0.02
severe_uncertainty,701,proposed_robust_steps1,20,0.178672951267668,0.24993871274400667,1,1,0,0.08816233140109703,0.1735319077778581,0.10152385200748792,0.0,39.610727803058936,1.2000000000000002,0.9110626466977032,1.3735578909979025,0.02
severe_uncertainty,701,proposed_robust_steps1,21,0.12707605381219417,0.15976216503224022,1,1,0,0.30335368306513244,0.4013529539401471,0.03148998058033747,0.0,28.773999478215863,1.2000000000000002,0.943394072426269,1.1138077583606223,0.02
severe_uncertainty,701,proposed_robust_steps1,22,0.17577895901410207,0.20424921145239106,1,1,0,0.2567965172043705,0.34903189271174995,0.09007285518723229,0.0,25.783972142672596,1.2000000000000002,0.9045216345442088,0.7190955810495399,0.02
severe_uncertainty,701,proposed_robust_steps1,23,0.19901288015829782,0.30493435465294877,1,1,0,0.16712198998688205,0.2639655371152956,0.03819281702670407,0.0,36.74305748258894,1.2000000000000002,1.0959205324632038,1.3740222485267464,0.02
severe_uncertainty,701,proposed_robust_steps8,0,0.17791855250666744,0.21839384396009204,1,1,0,0.16694214215252048,0.26553615228230376,0.12149573879327269,0.0,14.143645649452495,1.2000000000000002,0.9858599470823686,0.7520930303829865,0.02
severe_uncertainty,701,proposed_robust_steps8,1,0.1929841268463206,0.2240403377035757,1,1,0,0.20115407255354384,0.3035537469301625,0.06421431010616452,0.0,12.59327324070386,1.2,1.0809845253226797,0.9815331757150503,0.02
severe_uncertainty,701,proposed_robust_steps8,2,0.12023955056457827,0.15359092725036505,1,1,0,0.3517101348048712,0.4500140986515909,0.07109303838099557,0.0,20.294633983994203,1.2,0.9989172145716385,0.8571999861599054,0.02
severe_uncertainty,701,proposed_robust_steps8,3,0.10828829718218068,0.13396957218950847,1,1,1,0.190681697538258,0.29699466312650835,0.01911253481067776,0.0,13.910887763404988,1.2,1.016492216003862,1.0821442364018705,0.02
severe_uncertainty,701,proposed_robust_steps8,4,0.13122636880003516,0.19344111957123275,1,1,0,0.18796960740393387,0.28635865835262986,0.04724904029530874,0.0,28.093471270205047,1.2,1.0731805578104696,1.3526291104269506,0.02
severe_uncertainty,701,proposed_robust_steps8,5,0.12680702025980992,0.16114648830352288,1,1,0,0.22802876550117512,0.3304770805369644,0.05813179150062453,0.0,17.696535195967446,1.2,1.0339506991342389,0.8235639243673317,0.02
severe_uncertainty,701,proposed_robust_steps8,6,0.18731507582566315,0.21962956215988158,1,1,0,0.12280949588632738,0.20977641250716006,0.08299161315324621,0.0,18.529068471188317,1.2,1.0727517811493195,1.1494581707023475,0.02
severe_uncertainty,701,proposed_robust_steps8,7,0.191018946206957,0.24798716431067577,1,1,0,0.17884640250911574,0.28689359309705054,0.1582205385243114,0.0,27.065716218420864,1.2,0.9866774229977688,1.178444780502773,0.02
severe_uncertainty,701,proposed_robust_steps8,8,0.18634982422695334,0.22492380029748524,1,1,0,0.23143623904228602,0.3396452494285026,0.1494325086017505,0.0,18.986713295944245,1.1999999999999997,1.014936173746116,1.0893238462164978,0.02
severe_uncertainty,701,proposed_robust_steps8,9,0.18249003836210043,0.21734208832870833,1,1,0,0.10129134246197499,0.18516232727498838,0.06607798408973942,0.0,13.642138413756925,1.2000000000000002,1.0452207913647724,0.9318870577062556,0.02
severe_uncertainty,701,proposed_robust_steps8,10,0.20548404562797748,0.23068027868291444,1,1,0,0.1538739370922606,0.25052203260533507,0.08381786055223284,0.0,16.236649834900213,1.1999999999999997,1.0998196444523107,1.3058432752573048,0.02
severe_uncertainty,701,proposed_robust_steps8,11,0.13897971275080062,0.18237225791793032,1,1,1,0.36482595902012765,0.4542850222651759,0.10021520708514853,0.0,21.04015322683338,1.2,0.9325100021544207,1.1459885939454766,0.02
severe_uncertainty,701,proposed_robust_steps8,12,0.13983771048240395,0.16897620160086269,1,1,1,0.18429983167096584,0.27767205788683624,0.058785096875432874,0.0,27.27194405844898,1.2,0.9549718617693436,1.2229628110304178,0.02
severe_uncertainty,701,proposed_robust_steps8,13,0.12563292978943832,0.15415123743806428,1,1,0,0.2905913212063455,0.3871068448740326,0.05783736939893469,0.0,20.181944951845793,1.1999999999999997,0.9973494684413985,0.8188901503487898,0.02
severe_uncertainty,701,proposed_robust_steps8,14,0.08479386256682467,0.11101584116795231,1,1,1,0.49190662677460606,0.5370606655105516,0.025694268451026625,0.0,14.156309019738373,1.1999999999999997,0.9517173572275094,0.7777030954672148,0.02
severe_uncertainty,701,proposed_robust_steps8,15,0.2033786559395828,0.2513376824655154,1,1,0,0.3354383335904077,0.42947867742907125,0.16724814963844947,0.0,25.981271159312804,1.2,0.9165623696502366,0.9642366177682506,0.02
severe_uncertainty,701,proposed_robust_steps8,16,0.11810844929024208,0.15050639159446533,1,1,1,0.20264181183560898,0.2992544720461049,0.0038945039448616825,0.0,18.41878915662401,1.1999999999999997,0.9880322434381236,1.240812758117348,0.02
severe_uncertainty,701,proposed_robust_steps8,17,0.2112611075642439,0.25896856555423275,1,1,0,0.25073967600675945,0.35414935275996684,0.15338843771596444,0.0,19.93677715808969,1.2,1.0412539715725746,0.8332192194989301,0.02
severe_uncertainty,701,proposed_robust_steps8,18,0.14744156865486485,0.18180607059229856,1,1,0,0.2803156703775325,0.37061702137662644,0.05101242732543465,0.0,13.436931499410194,1.2,1.0703082134499313,0.9620903244704285,0.02
severe_uncertainty,701,proposed_robust_steps8,19,0.1938512140528851,0.24186938422637433,1,1,0,0.17849950862815214,0.28055663016097776,0.19650431467276475,0.0,18.630174073869714,1.1999999999999997,1.0153018919857766,0.9078936048213027,0.02
severe_uncertainty,701,proposed_robust_steps8,20,0.2031468185575419,0.34486229893417825,1,1,0,0.08181157817122772,0.16476274692765241,0.09973469544279734,0.0,40.9078685571697,1.2000000000000002,0.9110626466977032,1.3735578909979025,0.02
severe_uncertainty,701,proposed_robust_steps8,21,0.13296641934621067,0.15942452807068702,1,1,0,0.3095363886756905,0.407065602569232,0.03462083244018466,0.0,15.321905142926404,1.2000000000000002,0.943394072426269,1.1138077583606223,0.02
severe_uncertainty,701,proposed_robust_steps8,22,0.17921494341890243,0.20497353276051247,1,1,0,0.2427318974125638,0.3356878913633128,0.0862185983191277,0.0,14.041017685641712,1.2000000000000002,0.9045216345442088,0.7190955810495399,0.02
severe_uncertainty,701,proposed_robust_steps8,23,0.16444360590729248,0.2241960449783333,1,1,0,0.18262229083366172,0.2808142241818372,0.047151957186193805,0.0,24.448349902437666,1.2000000000000002,1.0959205324632038,1.3740222485267464,0.02
severe_uncertainty,702,quintic_skeleton,0,0.1118119978243613,0.14376837312238733,1,1,1,0.1455920704019597,0.24080418131622205,0.040000087097619375,0.0,11.90787369646708,1.2,1.0222420272487898,0.8356173448564327,0.02
severe_uncertainty,702,quintic_skeleton,1,0.21446765977010984,0.2670629961215588,1,1,0,0.5377622221070738,0.575339165076785,0.15406545068467237,0.0,19.650528285674405,1.2,1.0109019890070798,1.2224688073205079,0.02
severe_uncertainty,702,quintic_skeleton,2,0.18213532192158957,0.21465973219389117,1,1,0,0.37538496686289213,0.4686465456483164,0.15167070802044513,0.0,12.664683790997382,1.2,0.9943358306729638,1.0477254821057134,0.02
severe_uncertainty,702,quintic_skeleton,3,0.17120700871994377,0.18798859125185588,1,1,0,0.11176750409488778,0.20381082834171835,0.013612488040748438,0.0,8.648846491337244,1.2,0.9123171103081195,1.2454401370129387,0.02
severe_uncertainty,702,quintic_skeleton,4,0.17614034298562886,0.2082883186855727,1,1,0,0.11315878758295463,0.19855673738187912,0.12422692791251766,0.0,12.021283597088027,1.2000000000000002,0.9326819380953048,0.8109508631043217,0.02
severe_uncertainty,702,quintic_skeleton,5,0.209961118860817,0.2540466641298504,1,1,0,0.24254152840705018,0.34454925475684794,0.20793680547416615,0.0,16.05777666968554,1.2,1.0521831277431009,1.2492509565186123,0.02
severe_uncertainty,702,quintic_skeleton,6,0.1273527402897578,0.15495978501614108,1,1,0,0.17989059143959862,0.27450073356721444,0.03801576178449828,0.0,15.808079861802014,1.2,0.9654803178241325,1.2010513469098443,0.02
severe_uncertainty,702,quintic_skeleton,7,0.15705999601086426,0.17586774285015094,1,1,0,0.15184351375169938,0.2558286592821356,0.02036308247598617,0.0,10.223188400571225,1.2,0.926156988166457,0.8152263431320748,0.02
severe_uncertainty,702,quintic_skeleton,8,0.16386417556788915,0.19044778057754144,1,1,0,0.14747285036973598,0.24925191386042106,0.042160397653039805,0.0,11.914748734828587,1.2000000000000002,1.0719316305962234,1.2356484818952471,0.02
severe_uncertainty,702,quintic_skeleton,9,0.23948809385634195,0.28585030426756347,1,1,0,0.13286135216883643,0.22605260759285387,0.1294372175571663,0.0,15.025358057427406,1.2,1.0947756402937188,0.8551583351474954,0.02
severe_uncertainty,702,quintic_skeleton,10,0.15152381297875983,0.1733036121493664,1,1,0,0.3193312567056597,0.41191276624821294,0.08155384253718623,0.0,10.451076741518046,1.2,0.9054606600701223,0.8344660553863743,0.02
severe_uncertainty,702,quintic_skeleton,11,0.12628977422928403,0.14666633142563162,1,1,1,0.32528055627818575,0.42206109347790105,0.020058178249620084,0.0,8.565090068132594,1.2,0.9781295035359111,0.821594240883703,0.02
severe_uncertainty,702,quintic_skeleton,12,0.19615919956174993,0.2350800406009143,1,1,0,0.2182559345497543,0.3122195168339357,0.19103034512379402,0.0,14.323439668631057,1.2,0.9817962237495852,0.9389612640607445,0.02
severe_uncertainty,702,quintic_skeleton,13,0.12278093452287894,0.1486651438932898,1,1,1,0.3763201038055524,0.45760667011606804,0.11561150487037075,0.0,8.242856834735552,1.2,0.970262519546942,0.7572613749809156,0.02
severe_uncertainty,702,quintic_skeleton,14,0.20434888795275158,0.24909074600645376,1,1,0,0.33857762843468237,0.42114394234926467,0.148305392011993,0.0,16.758549626575498,1.2,1.0672440316070224,1.1740746940916058,0.02
severe_uncertainty,702,quintic_skeleton,15,0.09393029112298974,0.11435637052720254,1,1,1,0.3185031039497703,0.41503702907495643,0.006802092969012907,0.0,9.012755266417315,1.2,1.026430860046789,1.0079734088785106,0.02
severe_uncertainty,702,quintic_skeleton,16,0.1558145275307668,0.18073953890320196,1,1,0,0.48078670521624906,0.529717132584796,0.04689579136004873,0.0,12.475349459317416,1.1999999999999995,1.0122378214464132,0.779511927055507,0.02
severe_uncertainty,702,quintic_skeleton,17,0.12318901861151856,0.1477842358720227,1,1,1,0.31343135199114874,0.4103323657640556,0.0039820040707208015,0.0,12.506841775247683,1.2,0.9877630794076248,0.9361497418279667,0.02
severe_uncertainty,702,quintic_skeleton,18,0.20635672070955358,0.2381034300419194,1,1,0,0.2169898834068521,0.3119198614762934,0.1442964069454784,0.0,12.392279312101499,1.2,1.0775361024461088,1.1490708610200293,0.02
severe_uncertainty,702,quintic_skeleton,19,0.15531516721121655,0.181784638628344,1,1,0,0.06886388288001903,0.13920088084744847,0.0028138443183398643,0.0,11.000750551204744,1.2,1.0566910744370597,1.289504905930262,0.02
severe_uncertainty,702,quintic_skeleton,20,0.20178921826407678,0.23161056002914285,1,1,0,0.11206014260884656,0.20535597544100226,0.143686198952389,0.0,12.471950863716017,1.2,1.0622414842795627,0.8846153832866749,0.02
severe_uncertainty,702,quintic_skeleton,21,0.13614846022478824,0.15820180953114482,1,1,0,0.28471905697830907,0.38490243282921155,0.03386791804121536,0.0,10.408604911817399,1.2,0.9102196818904633,0.7906595803806773,0.02
severe_uncertainty,702,quintic_skeleton,22,0.24178221361680097,0.28324852427207126,1,1,0,0.20698417150750759,0.30119256528367455,0.23341695826122422,0.0,13.064931874449288,1.1999999999999997,1.0988243434071239,0.8888421034002094,0.02
severe_uncertainty,702,quintic_skeleton,23,0.21220310744312884,0.24949564763800025,1,1,0,0.22577706898988206,0.32505404601811616,0.14250000639977234,0.0,12.290585892419116,1.2000000000000002,1.0954797900177584,0.8877471276608329,0.02
severe_uncertainty,702,boundary_cfm_steps8,0,0.21369914952173116,0.4175618143659995,1,1,0,0.1981941921759315,0.3180361943750899,0.005108902480492006,0.011827458256029684,56.91171122350515,1.2,1.0222420272487898,0.8356173448564327,0.02
severe_uncertainty,702,boundary_cfm_steps8,1,0.6791284388346029,1.3427718277246141,1,1,0,0.21765603673856784,0.32046926978452556,0.4513695767276955,0.007555555555555556,51.051948317816,1.2,1.0109019890070798,1.2224688073205079,0.02
severe_uncertainty,702,boundary_cfm_steps8,2,0.30678977068865315,0.5357830377670916,1,1,0,0.1902897183479201,0.3017930235511853,0.276495571479471,0.0032556545579163812,60.60711084659218,1.2,0.9943358306729638,1.0477254821057134,0.02
severe_uncertainty,702,boundary_cfm_steps8,3,0.1963138824544088,0.5288983062953916,1,1,1,0.026566499567464142,0.06492844950488408,0.04521976357139268,0.01848937844217152,59.384412988921866,1.2,0.9123171103081195,1.2454401370129387,0.02
severe_uncertainty,702,boundary_cfm_steps8,4,0.2302072917255889,0.451321720508484,1,1,0,0.26080270330891137,0.37087673290092993,0.23767822778619996,0.0,51.837843847517426,1.2000000000000002,0.9326819380953048,0.8109508631043217,0.02
severe_uncertainty,702,boundary_cfm_steps8,5,0.3882410820037098,0.7817844226742905,1,1,0,0.21763005916510014,0.32020759140372024,0.22421456015343155,0.009141494435612083,64.86716737093487,1.2,1.0521831277431009,1.2492509565186123,0.02
severe_uncertainty,702,boundary_cfm_steps8,6,0.20324019214898756,0.33752282794598826,1,1,0,0.10880038380162003,0.21479527150133768,0.03928308252358903,0.012374581939799331,53.68149663824337,1.2,0.9654803178241325,1.2010513469098443,0.02
severe_uncertainty,702,boundary_cfm_steps8,7,0.2630437525087736,0.5378994154822472,1,1,0,0.029204414133057136,0.07632193418433447,0.14879755091032987,0.02339300244100895,60.823453511002114,1.2,0.926156988166457,0.8152263431320748,0.02
severe_uncertainty,702,boundary_cfm_steps8,8,0.46413823748447014,0.7809156668314358,0,0,0,-0.026492594477255414,nan,nan,0.04016516516516516,69.39794139046974,1.2000000000000002,1.0719316305962234,1.2356484818952471,0.02
severe_uncertainty,702,boundary_cfm_steps8,9,0.6595089733654244,1.409905133107703,0,0,0,-0.032527693886330394,nan,nan,0.008556891766882516,50.256764345929014,1.2,1.0947756402937188,0.8551583351474954,0.02
severe_uncertainty,702,boundary_cfm_steps8,10,0.1763296899520318,0.32394125365415516,1,1,0,0.3542218482834418,0.4947038486342755,0.0881819133066597,0.004922644163150493,52.583630487527834,1.2,0.9054606600701223,0.8344660553863743,0.02
severe_uncertainty,702,boundary_cfm_steps8,11,0.2598220694970004,0.4460036455737276,1,1,1,0.00305149480079488,0.009275453012417445,0.07729947075693744,0.0006830601092896175,44.38561709798348,1.2,0.9781295035359111,0.821594240883703,0.02
severe_uncertainty,702,boundary_cfm_steps8,12,0.33805350686592117,0.5969154359286176,1,1,0,0.0840034249968046,0.15636519097273918,0.4298911706138995,0.003618194348725017,58.692758932226255,1.2,0.9817962237495852,0.9389612640607445,0.02
severe_uncertainty,702,boundary_cfm_steps8,13,0.4027262443687645,0.7937451840510973,1,1,1,0.03227490392122769,0.07723784002294115,0.23292360547188506,0.005729564553093965,60.23582947957181,1.2,0.970262519546942,0.7572613749809156,0.02
severe_uncertainty,702,boundary_cfm_steps8,14,0.5547223258872246,1.3503495882537588,1,1,0,0.16352269176497528,0.2563695017636845,0.3035039847612526,0.005258126195028681,45.23846289511092,1.2,1.0672440316070224,1.1740746940916058,0.02
severe_uncertainty,702,boundary_cfm_steps8,15,0.17754085188551208,0.42263768942204816,1,1,1,0.32118375149268796,0.46941899302433027,0.01909979067130041,0.005755947812739831,47.18432004990105,1.2,1.026430860046789,1.0079734088785106,0.02
severe_uncertainty,702,boundary_cfm_steps8,16,0.6746027940203017,1.8861070431428355,1,1,0,0.038143156194406946,0.08317415742287049,0.32235420099035195,0.014305816135084427,64.81193126926152,1.1999999999999995,1.0122378214464132,0.779511927055507,0.02
severe_uncertainty,702,boundary_cfm_steps8,17,0.28894896587482377,0.5771601584098275,1,1,1,0.38636155251273446,0.47003489674676024,0.22294603088064946,0.0,52.23241680504794,1.2,0.9877630794076248,0.9361497418279667,0.02
severe_uncertainty,702,boundary_cfm_steps8,18,0.4462508466158348,0.8921572586729973,1,1,0,0.01984128446952834,0.05098710277449492,0.24475466410852587,0.003528225806451613,66.9754268914241,1.2,1.0775361024461088,1.1490708610200293,0.02
severe_uncertainty,702,boundary_cfm_steps8,19,0.31094733921222995,0.5521896026618297,0,0,0,-0.02991043408546834,nan,nan,0.0030048076923076925,56.16723178401517,1.2,1.0566910744370597,1.289504905930262,0.02
severe_uncertainty,702,boundary_cfm_steps8,20,0.3852000824582876,0.6538889542777334,0,0,0,-0.02895995984657431,nan,nan,0.006851604278074866,59.39577402308977,1.2,1.0622414842795627,0.8846153832866749,0.02
severe_uncertainty,702,boundary_cfm_steps8,21,0.16216406272171338,0.3007582632410802,1,1,0,0.2814601423716256,0.3823384420964879,0.03871587598681536,0.004971002485501243,44.75543406605161,1.2,0.9102196818904633,0.7906595803806773,0.02
severe_uncertainty,702,boundary_cfm_steps8,22,0.45662507660025187,0.7725343221066215,1,1,0,0.06631788491885289,0.1299884666890277,1.4813442246815738,0.0007936507936507937,58.97361712910389,1.1999999999999997,1.0988243434071239,0.8888421034002094,0.02
severe_uncertainty,702,boundary_cfm_steps8,23,0.38957386369919994,0.7393567275816356,1,1,0,0.02783945058804329,0.08838783799392275,0.164483437132388,0.005701013513513513,51.41354083952978,1.2000000000000002,1.0954797900177584,0.8877471276608329,0.02
severe_uncertainty,702,projected_velocity_steps8,0,0.1205585083591495,0.1473892442677825,1,1,1,0.15675947712678087,0.25408495629930616,0.0849429467058247,0.0,31.32783217836884,1.2,1.0222420272487898,0.8356173448564327,0.02
severe_uncertainty,702,projected_velocity_steps8,1,0.21664617098887937,0.25915943687432397,1,1,0,0.4684602859538131,0.5334741733558979,0.25334710474682165,0.0,39.85622757978017,1.2,1.0109019890070798,1.2224688073205079,0.02
severe_uncertainty,702,projected_velocity_steps8,2,0.18201156854571243,0.21460226390848144,1,1,0,0.38115764110397976,0.4743244201398005,0.17738826327410484,0.0,17.102817563664647,1.2,0.9943358306729638,1.0477254821057134,0.02
severe_uncertainty,702,projected_velocity_steps8,3,0.1456856502178523,0.18220945116514506,1,1,1,0.14101474219178306,0.24099118743634684,0.024492860710775943,0.0,36.8085155423778,1.2,0.9123171103081195,1.2454401370129387,0.02
severe_uncertainty,702,projected_velocity_steps8,4,0.17232516652713523,0.20058844301530293,1,1,0,0.0705941199075286,0.13847800690552836,0.16307343320674716,0.0,16.295469403597224,1.2000000000000002,0.9326819380953048,0.8109508631043217,0.02
severe_uncertainty,702,projected_velocity_steps8,5,0.2107113555823442,0.2544386220827705,1,1,0,0.26519389430244344,0.3661706826208129,0.3187974377756886,0.0,24.52626658704973,1.2,1.0521831277431009,1.2492509565186123,0.02
severe_uncertainty,702,projected_velocity_steps8,6,0.12256592845125644,0.14925611266965105,1,1,1,0.194430224544419,0.2897946519503848,0.08727723799267828,0.0,30.883770542145076,1.2,0.9654803178241325,1.2010513469098443,0.02
severe_uncertainty,702,projected_velocity_steps8,7,0.15515246997032328,0.17841361126697916,1,1,0,0.13616086463170562,0.23696650028390737,0.0007621519910165908,0.0,15.070848341038756,1.2,0.926156988166457,0.8152263431320748,0.02
severe_uncertainty,702,projected_velocity_steps8,8,0.1736398158139772,0.20521683136041993,1,1,0,0.1258497497725816,0.22553146749243913,0.06024453520229933,0.0,20.8748766589311,1.2000000000000002,1.0719316305962234,1.2356484818952471,0.02
severe_uncertainty,702,projected_velocity_steps8,9,0.23869390531965176,0.28308310687821314,1,1,0,0.12025836256016353,0.21092565611086572,0.13589198525877544,0.0,27.395256748965302,1.2,1.0947756402937188,0.8551583351474954,0.02
severe_uncertainty,702,projected_velocity_steps8,10,0.15187292864652865,0.16806054394003078,1,1,0,0.41830170901612745,0.4899883774155974,0.1564912717970346,0.0,20.04838235517484,1.2,0.9054606600701223,0.8344660553863743,0.02
severe_uncertainty,702,projected_velocity_steps8,11,0.1274967419326628,0.14372135855770662,1,1,1,0.34980074019423396,0.44227686283396195,0.06566932679992732,0.0,12.992253463017835,1.2,0.9781295035359111,0.821594240883703,0.02
severe_uncertainty,702,projected_velocity_steps8,12,0.19367755901021505,0.21873813853672538,1,1,0,0.19749036219918495,0.291094023870179,0.2800700443844688,0.0,16.83310010298805,1.2,0.9817962237495852,0.9389612640607445,0.02
severe_uncertainty,702,projected_velocity_steps8,13,0.12084947535790592,0.1442668013518153,1,1,1,0.33896876919818225,0.4314066893366781,0.11036492546723942,0.0,13.51184868482317,1.2,0.970262519546942,0.7572613749809156,0.02
severe_uncertainty,702,projected_velocity_steps8,14,0.20117267418982,0.2359530120992855,1,1,0,0.3783416320607602,0.45290388171960205,0.292181898159213,0.0,26.193720133285012,1.2,1.0672440316070224,1.1740746940916058,0.02
severe_uncertainty,702,projected_velocity_steps8,15,0.09180241360101904,0.11278543477138389,1,1,1,0.3150323394276609,0.41318460073954333,0.0008376096815112533,0.0,12.121124297828718,1.2,1.026430860046789,1.0079734088785106,0.02
severe_uncertainty,702,projected_velocity_steps8,16,0.15506555427566332,0.18459278008393834,1,1,0,0.37857236939935074,0.45466669853324726,0.034972107606532354,0.0,28.841301594563795,1.1999999999999995,1.0122378214464132,0.779511927055507,0.02
severe_uncertainty,702,projected_velocity_steps8,17,0.1251444836680955,0.14686081219560848,1,1,1,0.31599610868910055,0.4137672654820494,0.05555671380118543,0.0,21.0748638530431,1.2,0.9877630794076248,0.9361497418279667,0.02
severe_uncertainty,702,projected_velocity_steps8,18,0.20477503022542987,0.2364879558485328,1,1,0,0.150549287570167,0.23991166733098068,0.1695929818440436,0.0,15.269632345733685,1.2,1.0775361024461088,1.1490708610200293,0.02
severe_uncertainty,702,projected_velocity_steps8,19,0.1583850671353854,0.1799528979991534,1,1,0,0.09598006443880888,0.18186643281424328,0.029265531930639188,0.0,18.232087645106656,1.2,1.0566910744370597,1.289504905930262,0.02
severe_uncertainty,702,projected_velocity_steps8,20,0.20080628199787753,0.22593010150252846,1,1,0,0.056953854111297074,0.12366869319535623,0.16605855535890468,0.0,25.557056511116066,1.2,1.0622414842795627,0.8846153832866749,0.02
severe_uncertainty,702,projected_velocity_steps8,21,0.13894856312372705,0.1603370980346272,1,1,0,0.3144113676258707,0.4105450955796286,0.051512800914492285,0.0,21.81378561421967,1.2,0.9102196818904633,0.7906595803806773,0.02
severe_uncertainty,702,projected_velocity_steps8,22,0.23809828486769208,0.2702752563317056,1,1,0,0.07808276242608857,0.14764041466059463,0.3033216009798245,0.0,20.63080516643995,1.1999999999999997,1.0988243434071239,0.8888421034002094,0.02
severe_uncertainty,702,projected_velocity_steps8,23,0.21110634254748092,0.24381579952420876,1,1,0,0.2503557153697449,0.3519226374968893,0.16836911352683037,0.0,16.674526499887225,1.2000000000000002,1.0954797900177584,0.8877471276608329,0.02
severe_uncertainty,702,proposed_robust_steps1,0,0.11532985819935702,0.14697626626369648,1,1,1,0.14499004156486375,0.2400871590099385,0.04379245963812073,0.0,21.009013257829878,1.2,1.0222420272487898,0.8356173448564327,0.02
severe_uncertainty,702,proposed_robust_steps1,1,0.21479964379758973,0.2670530047964456,1,1,0,0.5388486653205076,0.5760202180921837,0.15274293583051923,0.0,20.823762124398797,1.2,1.0109019890070798,1.2224688073205079,0.02
severe_uncertainty,702,proposed_robust_steps1,2,0.18491194203918299,0.22282916639036446,1,1,0,0.37350211145530826,0.4670970155253249,0.14746385777616666,0.0,16.55546906204295,1.2,0.9943358306729638,1.0477254821057134,0.02
severe_uncertainty,702,proposed_robust_steps1,3,0.1538103703143127,0.18699717128870158,1,1,1,0.11912099258867415,0.21335120375752054,0.015461430343261195,0.0,24.01848188008989,1.2,0.9123171103081195,1.2454401370129387,0.02
severe_uncertainty,702,proposed_robust_steps1,4,0.17599565805437942,0.21346705839254085,1,1,0,0.11474528809951022,0.2006252421331004,0.1247704672529979,0.0,15.361239096574973,1.2000000000000002,0.9326819380953048,0.8109508631043217,0.02
severe_uncertainty,702,proposed_robust_steps1,5,0.2242608194518662,0.29375829188707486,1,1,0,0.26479141419373814,0.3653272747197892,0.20948798450592987,0.0,29.510135873466147,1.2,1.0521831277431009,1.2492509565186123,0.02
severe_uncertainty,702,proposed_robust_steps1,6,0.12078141573540545,0.15668145316410206,1,1,1,0.19334887879576867,0.2898229482607112,0.04179908375700192,0.0,31.72940993745719,1.2,0.9654803178241325,1.2010513469098443,0.02
severe_uncertainty,702,proposed_robust_steps1,7,0.1553853259532586,0.1752909100225959,1,1,0,0.1518649423062195,0.25590175467379317,0.026600162748589895,0.0,18.3246902329448,1.2,0.926156988166457,0.8152263431320748,0.02
severe_uncertainty,702,proposed_robust_steps1,8,0.17875842548913257,0.23335874240685922,1,1,0,0.1362005956244645,0.23562537195968242,0.04517810520922039,0.0,26.09456896789191,1.2000000000000002,1.0719316305962234,1.2356484818952471,0.02
severe_uncertainty,702,proposed_robust_steps1,9,0.24101386673840097,0.29052005888606014,1,1,0,0.13243978123651212,0.22550363629115866,0.13164819069465006,0.0,15.507713618037824,1.2,1.0947756402937188,0.8551583351474954,0.02
severe_uncertainty,702,proposed_robust_steps1,10,0.14964434407262556,0.17382403270169888,1,1,0,0.31865118701000267,0.4112464819589178,0.07514742023370458,0.0,12.973202385574362,1.2,0.9054606600701223,0.8344660553863743,0.02
severe_uncertainty,702,proposed_robust_steps1,11,0.1316445690802042,0.15160263559870638,1,1,1,0.3136576872609373,0.412961356766616,0.01496817432193387,0.0,20.97317001329434,1.2,0.9781295035359111,0.821594240883703,0.02
severe_uncertainty,702,proposed_robust_steps1,12,0.1980902229617523,0.2534422071497002,1,1,0,0.19738754303311498,0.2910079761186468,0.1868773169691229,0.0,26.203682556215195,1.2,0.9817962237495852,0.9389612640607445,0.02
severe_uncertainty,702,proposed_robust_steps1,13,0.13453788357039162,0.19195955489318167,1,1,1,0.3215940133857766,0.41355817402203787,0.12635304974136385,0.0,23.238151802804147,1.2,0.970262519546942,0.7572613749809156,0.02
severe_uncertainty,702,proposed_robust_steps1,14,0.2072406169597324,0.26012256052884164,1,1,0,0.33829215338360064,0.4207515613308779,0.1498459167728754,0.0,20.999808623696584,1.2,1.0672440316070224,1.1740746940916058,0.02
severe_uncertainty,702,proposed_robust_steps1,15,0.08988479272933184,0.1133726792357379,1,1,1,0.3332419024995805,0.42828236339221876,0.012579946881035475,0.0,15.056967601921526,1.2,1.026430860046789,1.0079734088785106,0.02
severe_uncertainty,702,proposed_robust_steps1,16,0.15604967845037607,0.1826149942307454,1,1,0,0.48147744870699133,0.5301936411368396,0.04609667785364069,0.0,13.57460370981328,1.1999999999999995,1.0122378214464132,0.779511927055507,0.02
severe_uncertainty,702,proposed_robust_steps1,17,0.12314142355124563,0.14983785969631896,1,1,1,0.32776584199704156,0.42227397624829566,0.0037775211536783537,0.0,21.798747181845545,1.2,0.9877630794076248,0.9361497418279667,0.02
severe_uncertainty,702,proposed_robust_steps1,18,0.21240802915179666,0.25892651489126656,1,1,0,0.20816838057594697,0.3031863829709476,0.15376866648220355,0.0,19.78492773218577,1.2,1.0775361024461088,1.1490708610200293,0.02
severe_uncertainty,702,proposed_robust_steps1,19,0.18312798787318285,0.22632140433799033,1,1,0,0.055552943811447694,0.11828055234245466,0.013527470349832704,0.0,30.349407757822995,1.2,1.0566910744370597,1.289504905930262,0.02
severe_uncertainty,702,proposed_robust_steps1,20,0.20887109965844583,0.2498583449051615,1,1,0,0.1123016153078158,0.20560614194298743,0.1344535358753669,0.0,21.579320548423297,1.2,1.0622414842795627,0.8846153832866749,0.02
severe_uncertainty,702,proposed_robust_steps1,21,0.13253607162040515,0.16253424685043855,1,1,0,0.28483216602244243,0.38459662987246884,0.028178164043961562,0.0,21.82913715713686,1.2,0.9102196818904633,0.7906595803806773,0.02
severe_uncertainty,702,proposed_robust_steps1,22,0.2523598903415595,0.3247724113175291,1,1,0,0.16851931953600308,0.2614889985444955,0.23523762583795893,0.0,26.075150016849992,1.1999999999999997,1.0988243434071239,0.8888421034002094,0.02
severe_uncertainty,702,proposed_robust_steps1,23,0.21519809960853986,0.2555421439455249,1,1,0,0.21894765449078094,0.3182842169278207,0.14230759732666254,0.0,15.291083146627564,1.2000000000000002,1.0954797900177584,0.8877471276608329,0.02
severe_uncertainty,702,proposed_robust_steps8,0,0.11318335898220254,0.14299060161080168,1,1,1,0.15226399906664265,0.24861792998902366,0.04616653660630732,0.0,17.371186506104184,1.2,1.0222420272487898,0.8356173448564327,0.02
severe_uncertainty,702,proposed_robust_steps8,1,0.21508590869713956,0.2690762061826225,1,1,0,0.537608285622034,0.5751111240716118,0.14902619459051802,0.0,20.325925636143904,1.2,1.0109019890070798,1.2224688073205079,0.02
severe_uncertainty,702,proposed_robust_steps8,2,0.18455884871084538,0.2209835876227191,1,1,0,0.36835605102028013,0.46320931719231545,0.1632826544389454,0.0,17.345928150799274,1.2,0.9943358306729638,1.0477254821057134,0.02
severe_uncertainty,702,proposed_robust_steps8,3,0.16414951592221094,0.18800079845349046,1,1,0,0.10735962131097224,0.1977182156228531,0.00869463601057463,0.0,18.579348751835475,1.2,0.9123171103081195,1.2454401370129387,0.02
severe_uncertainty,702,proposed_robust_steps8,4,0.1758637148616077,0.2161667407781261,1,1,0,0.11842883147236057,0.20538541507032038,0.12099178507496555,0.0,14.499876194507872,1.2000000000000002,0.9326819380953048,0.8109508631043217,0.02
severe_uncertainty,702,proposed_robust_steps8,5,0.21136026146706696,0.261031210936576,1,1,0,0.24750611739947526,0.3493689827600664,0.2278720441304216,0.0,17.59489609414937,1.2,1.0521831277431009,1.2492509565186123,0.02
severe_uncertainty,702,proposed_robust_steps8,6,0.12123197876090507,0.1554970566720054,1,1,1,0.18910494115236576,0.28470406090230627,0.026976218748794523,0.0,26.052292902231883,1.2,0.9654803178241325,1.2010513469098443,0.02
severe_uncertainty,702,proposed_robust_steps8,7,0.155804664314962,0.17574995108613867,1,1,0,0.15968055655300128,0.26492610053884036,0.011666278902350946,0.0,17.38236750839491,1.2,0.926156988166457,0.8152263431320748,0.02
severe_uncertainty,702,proposed_robust_steps8,8,0.17017742755311582,0.1995519236836003,1,1,0,0.1337288752342257,0.23259735489293099,0.04468675379486475,0.0,17.533194178178857,1.2000000000000002,1.0719316305962234,1.2356484818952471,0.02
severe_uncertainty,702,proposed_robust_steps8,9,0.24004254007906775,0.2877243123794071,1,1,0,0.13254661193529998,0.2255887601482582,0.13415678562207223,0.0,15.693886873235817,1.2,1.0947756402937188,0.8551583351474954,0.02
severe_uncertainty,702,proposed_robust_steps8,10,0.1499473843104536,0.1735313159183853,1,1,0,0.3351296968887372,0.4250711223592736,0.07911501376195096,0.0,13.568122629012418,1.2,0.9054606600701223,0.8344660553863743,0.02
severe_uncertainty,702,proposed_robust_steps8,11,0.1292585698076739,0.1480917427527094,1,1,1,0.3221836837260035,0.4196795004623893,0.019740477403107803,0.0,19.02885251882277,1.2,0.9781295035359111,0.821594240883703,0.02
severe_uncertainty,702,proposed_robust_steps8,12,0.19748777299781714,0.24707038427305666,1,1,0,0.2127124121318241,0.30654051794504583,0.18529803113231003,0.0,21.834847738381356,1.2,0.9817962237495852,0.9389612640607445,0.02
severe_uncertainty,702,proposed_robust_steps8,13,0.12886177448570998,0.17365285025155924,1,1,1,0.36267519183391667,0.4468869072618808,0.11650000774171465,0.0,17.941331580174896,1.2,0.970262519546942,0.7572613749809156,0.02
severe_uncertainty,702,proposed_robust_steps8,14,0.20499273534178813,0.2564459874718098,1,1,0,0.3409703187205183,0.4229904333098605,0.14858911050508294,0.0,16.64092483219216,1.2,1.0672440316070224,1.1740746940916058,0.02
severe_uncertainty,702,proposed_robust_steps8,15,0.09014125065427862,0.11272532543491913,1,1,1,0.3342981067916895,0.4286941822362305,0.014828864339838876,0.0,16.063825231842333,1.2,1.026430860046789,1.0079734088785106,0.02
severe_uncertainty,702,proposed_robust_steps8,16,0.15614089422346197,0.18409396131267097,1,1,0,0.4850880092786634,0.5326947539647584,0.04719411660450312,0.0,12.807737451629984,1.1999999999999995,1.0122378214464132,0.779511927055507,0.02
severe_uncertainty,702,proposed_robust_steps8,17,0.12296653099951531,0.14838256000762937,1,1,1,0.32190511416808143,0.41736458413139144,0.0037535696961903398,0.0,18.434398997462978,1.2,0.9877630794076248,0.9361497418279667,0.02
severe_uncertainty,702,proposed_robust_steps8,18,0.2095670004865858,0.25633297939103705,1,1,0,0.21111220169162745,0.3060163840972335,0.148485160928995,0.0,18.246108927591926,1.2,1.0775361024461088,1.1490708610200293,0.02
severe_uncertainty,702,proposed_robust_steps8,19,0.15857872244407464,0.1895082872137195,1,1,0,0.06465121540218026,0.13250492526890195,0.011100086752111604,0.0,17.182563073499683,1.2,1.0566910744370597,1.289504905930262,0.02
severe_uncertainty,702,proposed_robust_steps8,20,0.20366301066539108,0.23761963484679174,1,1,0,0.1106251451573361,0.2034396042178307,0.13305572608223448,0.0,17.536587804696676,1.2,1.0622414842795627,0.8846153832866749,0.02
severe_uncertainty,702,proposed_robust_steps8,21,0.13503658381204026,0.15940437357360543,1,1,0,0.29108408255794543,0.390344020176121,0.03019654001188199,0.0,13.315098947795887,1.2,0.9102196818904633,0.7906595803806773,0.02
severe_uncertainty,702,proposed_robust_steps8,22,0.24313599413017595,0.28853665889894187,1,1,0,0.20664012958984923,0.30083616826339976,0.25623333714492347,0.0,16.019798822092547,1.1999999999999997,1.0988243434071239,0.8888421034002094,0.02
severe_uncertainty,702,proposed_robust_steps8,23,0.2130337656985753,0.2525064121515285,1,1,0,0.22105630041641453,0.32038938609933143,0.14145336033976585,0.0,13.822984502151048,1.2000000000000002,1.0954797900177584,0.8877471276608329,0.02
severe_uncertainty,703,quintic_skeleton,0,0.1183166198329293,0.13522033699346456,1,1,1,0.1879803348551389,0.2883195307259671,0.001052537119624386,0.0,11.474458995895045,1.2,0.9016372176576076,1.0773249177215478,0.02
severe_uncertainty,703,quintic_skeleton,1,0.10021454860531372,0.1488119552944666,1,1,1,0.4179891049682467,0.4913813269329955,0.028459672627783927,0.0,17.354806177655657,1.2,1.0312034746901828,1.3387870921121745,0.02
severe_uncertainty,703,quintic_skeleton,2,0.207892830883133,0.24283738660923543,1,1,0,0.18782443060769136,0.2984086391735203,0.17212824013682937,0.0,11.212931774405801,1.2,1.0541198342125482,1.0680381191418742,0.02
severe_uncertainty,703,quintic_skeleton,3,0.17510749472888312,0.19693027994837298,1,1,0,0.15901498549300178,0.2622954836680508,0.10096826438356166,0.0,10.59563189174263,1.2000000000000002,1.0280926444220952,0.8901712777597308,0.02
severe_uncertainty,703,quintic_skeleton,4,0.21273654248280477,0.2520512866515913,1,1,0,0.18169699394583172,0.2794346786742955,0.17605536821827705,0.0,14.235053526629182,1.2,1.0666393541679082,1.1099807662137202,0.02
severe_uncertainty,703,quintic_skeleton,5,0.226919069196991,0.275677373707664,1,1,0,0.2224985859773586,0.3250162711727939,0.21415352443789537,0.0,15.480458386672359,1.1999999999999997,1.067072227087934,1.3420528237151355,0.02
severe_uncertainty,703,quintic_skeleton,6,0.15060574909546295,0.1916994628492237,1,1,0,0.2616100356239381,0.35583538636205664,0.0487597274312237,0.0,13.383328523245991,1.2000000000000002,1.0519521249090935,1.3212451874972944,0.02
severe_uncertainty,703,quintic_skeleton,7,0.1470206236276728,0.17279426614617646,1,1,0,0.1636615580323827,0.2694704753555173,0.012424145995779678,0.0,24.66290550928201,1.2,0.9131168050863704,1.2888405556074765,0.02
severe_uncertainty,703,quintic_skeleton,8,0.18639347588435543,0.22344721361304165,1,1,0,0.2850362709639233,0.38951731145147583,0.20453413520517083,0.0,13.279781633445555,1.2000000000000002,0.9155492333722649,0.8262456902687987,0.02
severe_uncertainty,703,quintic_skeleton,9,0.1110714172212702,0.15354466038949294,1,1,0,0.24778577348602035,0.3486868856627884,0.017547522948822447,0.0,15.543345332868423,1.2,1.0618996198280926,1.353852034795457,0.02
severe_uncertainty,703,quintic_skeleton,10,0.13425010535250417,0.15675389807911788,1,1,1,0.3853996326377054,0.4653700156415094,0.028224470752962194,0.0,28.767148463218337,1.1999999999999997,0.9719902796699156,1.3824679526347388,0.02
severe_uncertainty,703,quintic_skeleton,11,0.16301945180333982,0.19726255784749994,1,1,0,0.14125778850345838,0.24008162120466006,0.05717866615964784,0.0,10.169227803717815,1.2,1.0850612422285124,1.0715779151855127,0.02
severe_uncertainty,703,quintic_skeleton,12,0.13543031864176375,0.14850619725296244,1,1,1,0.12973561348108148,0.21543854954481736,0.042765919891373017,0.0,7.113156470656345,1.2,0.9839733463379007,0.9549562488856203,0.02
severe_uncertainty,703,quintic_skeleton,13,0.1607269386536409,0.19605906045829158,1,1,0,0.1540489884905051,0.250393116482175,0.10026287728645711,0.0,19.5794314466412,1.1999999999999997,0.9004651506800844,1.2773988594357595,0.02
severe_uncertainty,703,quintic_skeleton,14,0.16188898148009803,0.19202731592168998,1,1,0,0.37138645652565216,0.4495246734566636,0.0495122510262731,0.0,13.383662247284493,1.2,0.979103967540888,1.036641995238368,0.02
severe_uncertainty,703,quintic_skeleton,15,0.16663212657019855,0.1909600223058641,1,1,0,0.2861224878781655,0.3877341985897923,0.09367371546604764,0.0,11.71439229803688,1.2,1.0737319738659896,1.0339461391394718,0.02
severe_uncertainty,703,quintic_skeleton,16,0.13030912204181577,0.1484029886805708,1,1,1,0.37656944407741927,0.4533289994546118,0.0009554670358307149,0.0,12.915917071367579,1.2,0.9507105529202503,1.1677135051777605,0.02
severe_uncertainty,703,quintic_skeleton,17,0.16357373087656968,0.19921850287177775,1,1,0,0.25389347846589094,0.35731941250652044,0.0951332711655577,0.0,17.048590560438203,1.2,0.9901736321175558,1.1317281249569806,0.02
severe_uncertainty,703,quintic_skeleton,18,0.2020633729118077,0.24386025329887362,1,1,0,0.3955049505697803,0.46505993316672745,0.21389942628052427,0.0,13.220523685114781,1.2000000000000002,0.9961382648329614,0.9316453464559138,0.02
severe_uncertainty,703,quintic_skeleton,19,0.1677445457021107,0.1876217943810887,1,1,0,0.06776394006510345,0.13753942539039232,0.0542212908655042,0.0,11.07715356931367,1.2000000000000002,0.9365776627468032,0.9437867778725362,0.02
severe_uncertainty,703,quintic_skeleton,20,0.20025497153283633,0.24237427551359889,1,1,0,0.1545785218166171,0.25822912201899506,0.2215207237484047,0.0,14.019521321502985,1.2,0.9410195682209089,1.196915326191419,0.02
severe_uncertainty,703,quintic_skeleton,21,0.1834667529895388,0.23268932998627997,1,1,0,0.32325364438982557,0.41751793804400716,0.14333611338213093,0.0,33.46978188399759,1.2,0.9074174948741347,1.3952245357723783,0.02
severe_uncertainty,703,quintic_skeleton,22,0.13076996439326072,0.15524834664948178,1,1,0,0.3652006423051545,0.44116921678406895,0.062332068954829456,0.0,12.023844051150956,1.2000000000000002,0.9157175462307537,1.0550576425701028,0.02
severe_uncertainty,703,quintic_skeleton,23,0.12892319559917878,0.15491055577987126,1,1,0,0.2630930937268395,0.360460507017356,0.059994977613928135,0.0,10.655105253472806,1.1999999999999997,0.9435924405637419,0.7129806789054289,0.02
severe_uncertainty,703,boundary_cfm_steps8,0,0.18029942489685352,0.28267620940238697,1,1,0,0.18824080194993387,0.29416937530997145,0.0806455106156152,0.012755102040816327,65.07914474644205,1.2,0.9016372176576076,1.0773249177215478,0.02
severe_uncertainty,703,boundary_cfm_steps8,1,0.23674980592753633,0.4173412014895374,1,1,0,0.41346135013998625,0.48789100331968055,0.12362281502336225,0.0057777777777777775,68.91978028458146,1.2,1.0312034746901828,1.3387870921121745,0.02
severe_uncertainty,703,boundary_cfm_steps8,2,0.3461515728561467,0.5850859284752743,1,1,0,0.3039638515762787,0.4110343898334935,0.2909095541084934,0.0025702535983550376,57.30456955474654,1.2,1.0541198342125482,1.0680381191418742,0.02
severe_uncertainty,703,boundary_cfm_steps8,3,0.3072991982359884,0.4505326219003696,0,0,0,-0.024636720120134112,nan,nan,0.004917387883556255,55.71126859568993,1.2000000000000002,1.0280926444220952,0.8901712777597308,0.02
severe_uncertainty,703,boundary_cfm_steps8,4,0.3076180495153112,0.5462778554989125,1,1,0,0.27065602772005404,0.36676651773194335,0.28629229868644623,0.0,51.65465451825587,1.2,1.0666393541679082,1.1099807662137202,0.02
severe_uncertainty,703,boundary_cfm_steps8,5,0.44999144870848246,0.8227980613136029,1,1,0,0.12122772235199412,0.22046167195951963,0.22431079746821947,0.009538950715421303,64.82948667544018,1.1999999999999997,1.067072227087934,1.3420528237151355,0.02
severe_uncertainty,703,boundary_cfm_steps8,6,0.35129072612280876,0.5294695594584786,1,1,0,0.0023514954198163504,0.015455555332408222,0.0072209500900810575,0.006354515050167224,50.22328020652867,1.2000000000000002,1.0519521249090935,1.3212451874972944,0.02
severe_uncertainty,703,boundary_cfm_steps8,7,0.36719748107248307,0.663500039985801,0,0,0,-0.026346210487621726,nan,nan,0.025223759153783564,76.24731911397546,1.2,0.9131168050863704,1.2888405556074765,0.02
severe_uncertainty,703,boundary_cfm_steps8,8,0.3692400073401414,0.8638254532483949,1,1,0,0.08790553105109515,0.17852811709116728,0.37705991625825375,0.03397147147147147,68.89329711036936,1.2000000000000002,0.9155492333722649,0.8262456902687987,0.02
severe_uncertainty,703,boundary_cfm_steps8,9,0.5098761421516408,0.9562329774648821,0,0,0,-0.016817746775279283,nan,nan,0.017113783533765033,65.14482171770618,1.2,1.0618996198280926,1.353852034795457,0.02
severe_uncertainty,703,boundary_cfm_steps8,10,0.18500041547546017,0.31720089231292947,1,1,0,0.20008317267119818,0.3031248913208108,0.17056557671784223,0.007208157524613221,54.00888956423848,1.1999999999999997,0.9719902796699156,1.3824679526347388,0.02
severe_uncertainty,703,boundary_cfm_steps8,11,0.3440109007388374,0.6142350658995656,0,0,0,-0.029774282395416136,nan,nan,0.0022199453551912567,49.873322491912724,1.2,1.0850612422285124,1.0715779151855127,0.02
severe_uncertainty,703,boundary_cfm_steps8,12,0.17225282638253023,0.31300413285370965,1,1,1,0.031446987465970626,0.07186518161457683,0.15062838157975067,0.00861474844934528,66.26748408719219,1.2,0.9839733463379007,0.9549562488856203,0.02
severe_uncertainty,703,boundary_cfm_steps8,13,0.39789745429534573,0.8673798438473761,0,0,0,-0.02537930275234064,nan,nan,0.012223071046600458,70.21035266485845,1.1999999999999997,0.9004651506800844,1.2773988594357595,0.02
severe_uncertainty,703,boundary_cfm_steps8,14,0.37198850310308934,0.8683156695965901,1,1,0,0.23330693038913405,0.34928111083024066,0.16776781055869527,0.011233269598470364,41.557823418262146,1.2,0.979103967540888,1.036641995238368,0.02
severe_uncertainty,703,boundary_cfm_steps8,15,0.29376358588028106,0.48665287685949216,1,1,0,0.06454553467900856,0.16347731800927717,0.10081572381905168,0.002686108979278588,45.12412446410108,1.2,1.0737319738659896,1.0339461391394718,0.02
severe_uncertainty,703,boundary_cfm_steps8,16,0.5294525790352841,1.6078219880820837,1,1,1,0.08130072351191749,0.1530692643621922,0.25575209469467963,0.018527204502814257,72.96239490812184,1.2,0.9507105529202503,1.1677135051777605,0.02
severe_uncertainty,703,boundary_cfm_steps8,17,0.4741405944762927,0.8959594911923622,1,1,0,0.37074967440782625,0.458203697327797,0.46096199383101943,0.0,52.05017482597949,1.2,0.9901736321175558,1.1317281249569806,0.02
severe_uncertainty,703,boundary_cfm_steps8,18,0.4453654281515419,0.9616029287254861,1,1,0,0.11700558967615163,0.2080546024076318,0.35267565889408825,0.005544354838709678,63.982714025138016,1.2000000000000002,0.9961382648329614,0.9316453464559138,0.02
severe_uncertainty,703,boundary_cfm_steps8,19,0.2781156071438589,0.637377638715671,0,0,0,-0.02317441689527651,nan,nan,0.004807692307692308,53.79651990031602,1.2000000000000002,0.9365776627468032,0.9437867778725362,0.02
severe_uncertainty,703,boundary_cfm_steps8,20,0.361599294811604,0.6736459230017052,0,0,0,-0.01857648715960874,nan,nan,0.009692513368983958,73.14161127899385,1.2,0.9410195682209089,1.196915326191419,0.02
severe_uncertainty,703,boundary_cfm_steps8,21,0.3383004860489984,0.5802788976348965,1,1,0,0.13832804776408253,0.25158310889441216,0.5093004078331131,0.0033140016570008283,53.57667852846127,1.2,0.9074174948741347,1.3952245357723783,0.02
severe_uncertainty,703,boundary_cfm_steps8,22,0.1990132123533186,0.4432264481993133,1,1,0,0.08070333564736486,0.28246256435738776,0.06195660076877352,0.0035714285714285713,64.5503904981338,1.2000000000000002,0.9157175462307537,1.0550576425701028,0.02
severe_uncertainty,703,boundary_cfm_steps8,23,0.21658874387746627,0.4808994855022643,1,1,1,0.22817297824287455,0.32738995613220545,0.10520439429437345,0.007601351351351352,45.58032176772423,1.1999999999999997,0.9435924405637419,0.7129806789054289,0.02
severe_uncertainty,703,projected_velocity_steps8,0,0.11803415736442746,0.14043867866606285,1,1,1,0.18604402034001524,0.28625271747543907,0.007335992643703992,0.0,36.801167363241895,1.2,0.9016372176576076,1.0773249177215478,0.02
severe_uncertainty,703,projected_velocity_steps8,1,0.13818591555000015,0.17854034804750377,1,1,0,0.44657930502047954,0.5123189858409652,0.1806613466759921,0.0,42.90623021314711,1.2,1.0312034746901828,1.3387870921121745,0.02
severe_uncertainty,703,projected_velocity_steps8,2,0.20780293010984077,0.23440234767922463,1,1,0,0.14872724649890362,0.25622205360485883,0.20586098864889157,0.0,14.353183061379914,1.2,1.0541198342125482,1.0680381191418742,0.02
severe_uncertainty,703,projected_velocity_steps8,3,0.174069540369357,0.1947130136011773,1,1,0,0.2269557039548419,0.3343483749543497,0.09845860923312211,0.0,15.203895230439809,1.2000000000000002,1.0280926444220952,0.8901712777597308,0.02
severe_uncertainty,703,projected_velocity_steps8,4,0.2099485213064779,0.24206841394853304,1,1,0,0.12434617853862322,0.21292403615601443,0.22115048261542958,0.0,16.481600173768303,1.2,1.0666393541679082,1.1099807662137202,0.02
severe_uncertainty,703,projected_velocity_steps8,5,0.2426101477268485,0.30813488670489847,1,1,0,0.1869035703904421,0.2884577942330221,0.33856155685041633,0.0,30.519704120850975,1.1999999999999997,1.067072227087934,1.3420528237151355,0.02
severe_uncertainty,703,projected_velocity_steps8,6,0.19310033794117737,0.2811765727755895,1,1,0,0.24238673341730166,0.3375092405527298,0.10512287608634097,0.0,38.89675670871677,1.2000000000000002,1.0519521249090935,1.3212451874972944,0.02
severe_uncertainty,703,projected_velocity_steps8,7,0.14596432974636234,0.17653173201145325,1,1,0,0.15060400598253146,0.25445917829920595,0.03483603112224287,0.0,35.548375277469546,1.2,0.9131168050863704,1.2888405556074765,0.02
severe_uncertainty,703,projected_velocity_steps8,8,0.17893782626014668,0.2189469570609184,1,1,0,0.23997658125552793,0.3490119598761988,0.20853351507291729,0.0,21.118083760152185,1.2000000000000002,0.9155492333722649,0.8262456902687987,0.02
severe_uncertainty,703,projected_velocity_steps8,9,0.12295561444326485,0.1728292705492461,1,1,0,0.30094282139201856,0.3969973838096028,0.035668085994728926,0.0,33.23167423515315,1.2,1.0618996198280926,1.353852034795457,0.02
severe_uncertainty,703,projected_velocity_steps8,10,0.13567649569832366,0.2188867101723354,1,1,0,0.24193830396528176,0.35591405755959604,0.06857635978671395,0.0,41.43203029992653,1.1999999999999997,0.9719902796699156,1.3824679526347388,0.02
severe_uncertainty,703,projected_velocity_steps8,11,0.16654616839516162,0.19171995201024586,1,1,0,0.16301009870449332,0.266398903667568,0.12629417072366023,0.0,14.435640366368991,1.2,1.0850612422285124,1.0715779151855127,0.02
severe_uncertainty,703,projected_velocity_steps8,12,0.13331509099617714,0.1459834649346728,1,1,1,0.09901080867116138,0.17586073191768284,0.04473974242724932,0.0,11.039472083065439,1.2,0.9839733463379007,0.9549562488856203,0.02
severe_uncertainty,703,projected_velocity_steps8,13,0.1572756269152969,0.1916692874917494,1,1,0,0.16085049509888869,0.258519179818536,0.08448005263041525,0.0,29.908394146826822,1.1999999999999997,0.9004651506800844,1.2773988594357595,0.02
severe_uncertainty,703,projected_velocity_steps8,14,0.15907270991702732,0.184045683424561,1,1,0,0.4105968180189585,0.4784320439489653,0.07722937831767118,0.0,22.482537755132434,1.2,0.979103967540888,1.036641995238368,0.02
severe_uncertainty,703,projected_velocity_steps8,15,0.16581868439370173,0.18967099297601153,1,1,0,0.29313402394685256,0.3940313566219396,0.09746797605414459,0.0,15.43362737994768,1.2,1.0737319738659896,1.0339461391394718,0.02
severe_uncertainty,703,projected_velocity_steps8,16,0.12622512057249133,0.1512566121860414,1,1,1,0.4894163545930777,0.5367219928853467,0.016676912059386595,0.0,31.77055827643655,1.2,0.9507105529202503,1.1677135051777605,0.02
severe_uncertainty,703,projected_velocity_steps8,17,0.1545148066786979,0.1834963212159033,1,1,0,0.2594093520343147,0.3643728703888234,0.14967478434762738,0.0,30.332477203895458,1.2,0.9901736321175558,1.1317281249569806,0.02
severe_uncertainty,703,projected_velocity_steps8,18,0.19794524837368915,0.23551193684922592,1,1,0,0.29010211158472243,0.3791267876622728,0.25820680184920697,0.0,16.308390564384997,1.2000000000000002,0.9961382648329614,0.9316453464559138,0.02
severe_uncertainty,703,projected_velocity_steps8,19,0.1661082597287329,0.18656139634666002,1,1,0,0.06235717061735471,0.1303956331331933,0.04774088119746578,0.0,14.342740499083922,1.2000000000000002,0.9365776627468032,0.9437867778725362,0.02
severe_uncertainty,703,projected_velocity_steps8,20,0.19410719945705482,0.23797199226713414,1,1,0,0.08524132193043965,0.17217854588980935,0.26697075486425303,0.0,30.284482968920404,1.2,0.9410195682209089,1.196915326191419,0.02
severe_uncertainty,703,projected_velocity_steps8,21,0.20235093542231125,0.3053956724731025,1,1,0,0.20256766513217783,0.3057662069046766,0.21807396880575824,0.0,49.24581834732615,1.2,0.9074174948741347,1.3952245357723783,0.02
severe_uncertainty,703,projected_velocity_steps8,22,0.1342731814531744,0.1531601753096305,1,1,1,0.28209121634807144,0.3719786637149304,0.08588261951589882,0.0,24.303877538567008,1.2000000000000002,0.9157175462307537,1.0550576425701028,0.02
severe_uncertainty,703,projected_velocity_steps8,23,0.12999506721009255,0.16117223203527664,1,1,0,0.22320282889130835,0.32765096656335463,0.07832884920336314,0.0,18.208842300985058,1.1999999999999997,0.9435924405637419,0.7129806789054289,0.02
severe_uncertainty,703,proposed_robust_steps1,0,0.11768286089319284,0.13715462695405767,1,1,1,0.18727619923985037,0.2875762585934205,0.001092662424819757,0.0,26.427644309347357,1.2,0.9016372176576076,1.0773249177215478,0.02
severe_uncertainty,703,proposed_robust_steps1,1,0.10090648055977049,0.14722322342770627,1,1,1,0.42057337668519623,0.49341260401884995,0.026768968219878175,0.0,18.64627994632612,1.2,1.0312034746901828,1.3387870921121745,0.02
severe_uncertainty,703,proposed_robust_steps1,2,0.2119372170780694,0.2537200356760563,1,1,0,0.18746212313948166,0.29781541329034855,0.16749954572331616,0.0,13.341633412918629,1.2,1.0541198342125482,1.0680381191418742,0.02
severe_uncertainty,703,proposed_robust_steps1,3,0.17843929360829713,0.2102302750280497,1,1,0,0.15646782650874372,0.25964430874176314,0.11121740008651271,0.0,17.04949756265247,1.2000000000000002,1.0280926444220952,0.8901712777597308,0.02
severe_uncertainty,703,proposed_robust_steps1,4,0.21572158684926102,0.2623964123973099,1,1,0,0.18262255148527545,0.2805472911173361,0.17850086863496184,0.0,17.497762270755207,1.2,1.0666393541679082,1.1099807662137202,0.02
severe_uncertainty,703,proposed_robust_steps1,5,0.252384459186499,0.3411096741283088,1,1,0,0.2236165514859597,0.32615052676672984,0.21412048677886597,0.0,32.53386595520507,1.1999999999999997,1.067072227087934,1.3420528237151355,0.02
severe_uncertainty,703,proposed_robust_steps1,6,0.16284882374752435,0.2211255460483275,1,1,0,0.2437901330496891,0.33872428569851476,0.05076901979495041,0.0,24.752687478048436,1.2000000000000002,1.0519521249090935,1.3212451874972944,0.02
severe_uncertainty,703,proposed_robust_steps1,7,0.15831693700304325,0.20725042096132457,1,1,0,0.16251356371813153,0.2681655493643276,0.00396191964793724,0.0,38.67979355815043,1.2,0.9131168050863704,1.2888405556074765,0.02
severe_uncertainty,703,proposed_robust_steps1,8,0.18550269677862213,0.23494519676375328,1,1,0,0.2754446243578429,0.380997529410538,0.20310203683903882,0.0,25.20388151418563,1.2000000000000002,0.9155492333722649,0.8262456902687987,0.02
severe_uncertainty,703,proposed_robust_steps1,9,0.11467908233573627,0.1635398361455694,1,1,0,0.2478114879474209,0.348712933697946,0.0169533798517838,0.0,23.949465405092422,1.2,1.0618996198280926,1.353852034795457,0.02
severe_uncertainty,703,proposed_robust_steps1,10,0.12972907710379789,0.15366391520236128,1,1,1,0.3758672378542666,0.4578273156038685,0.03494480365230146,0.0,30.042779010554995,1.1999999999999997,0.9719902796699156,1.3824679526347388,0.02
severe_uncertainty,703,proposed_robust_steps1,11,0.17506039000153187,0.2151988104577977,1,1,0,0.135279950885667,0.23302175610937853,0.04568590988564303,0.0,23.31526321494421,1.2,1.0850612422285124,1.0715779151855127,0.02
severe_uncertainty,703,proposed_robust_steps1,12,0.12932661045622104,0.14630759573699373,1,1,1,0.13332744584797374,0.21963710060328676,0.03956471570596376,0.0,21.252324044465848,1.2,0.9839733463379007,0.9549562488856203,0.02
severe_uncertainty,703,proposed_robust_steps1,13,0.19120246371185026,0.2581944859784259,1,1,0,0.1607358927871607,0.25819213757079335,0.10760758317336849,0.0,40.47581247914768,1.1999999999999997,0.9004651506800844,1.2773988594357595,0.02
severe_uncertainty,703,proposed_robust_steps1,14,0.16260098720917554,0.19509033344597518,1,1,0,0.37155478127529395,0.4495810014630062,0.050688792509204106,0.0,15.95782944728537,1.2,0.979103967540888,1.036641995238368,0.02
severe_uncertainty,703,proposed_robust_steps1,15,0.16824056623301684,0.19842247945837044,1,1,0,0.2748372729533843,0.3775035282593331,0.09241503419309804,0.0,20.093719428659323,1.2,1.0737319738659896,1.0339461391394718,0.02
severe_uncertainty,703,proposed_robust_steps1,16,0.12834893607376122,0.1500000243459596,1,1,1,0.37817572429972934,0.45446515807018845,0.0015530215827697091,0.0,25.15224163954418,1.2,0.9507105529202503,1.1677135051777605,0.02
severe_uncertainty,703,proposed_robust_steps1,17,0.15762222076672816,0.1984590606297234,1,1,0,0.2782677045764237,0.3794553088563375,0.10193870931061655,0.0,22.35272921095252,1.2,0.9901736321175558,1.1317281249569806,0.02
severe_uncertainty,703,proposed_robust_steps1,18,0.20505696383589095,0.2626649809188534,1,1,0,0.3887715810844621,0.45994957560925215,0.22127756214166894,0.0,20.861263029817383,1.2000000000000002,0.9961382648329614,0.9316453464559138,0.02
severe_uncertainty,703,proposed_robust_steps1,19,0.16231335056479107,0.1801576915296463,1,1,0,0.06926220031791772,0.13979480007001188,0.06574133895776502,0.0,20.295301127186857,1.2000000000000002,0.9365776627468032,0.9437867778725362,0.02
severe_uncertainty,703,proposed_robust_steps1,20,0.20186882631325717,0.25750690513780916,1,1,0,0.15928922198613468,0.2638899053969097,0.21074911277014108,0.0,37.91271233862022,1.2,0.9410195682209089,1.196915326191419,0.02
severe_uncertainty,703,proposed_robust_steps1,21,0.2077372225992136,0.29530947547245395,1,1,0,0.303406182901706,0.4006619052434044,0.13297225819138703,0.0,43.5302350044708,1.2,0.9074174948741347,1.3952245357723783,0.02
severe_uncertainty,703,proposed_robust_steps1,22,0.12209409903486103,0.15934905717361422,1,1,1,0.3616037603090844,0.4407157778382112,0.061665762731332396,0.0,30.587818914867544,1.2000000000000002,0.9157175462307537,1.0550576425701028,0.02
severe_uncertainty,703,proposed_robust_steps1,23,0.12635509435448444,0.15493940233251055,1,1,0,0.26626965440011,0.36362486719545417,0.055822503835912585,0.0,18.434157070102245,1.1999999999999997,0.9435924405637419,0.7129806789054289,0.02
severe_uncertainty,703,proposed_robust_steps8,0,0.11749076477137176,0.13338575851889564,1,1,1,0.19282632868526098,0.293474528674029,0.001218353827588281,0.0,19.76137542056297,1.2,0.9016372176576076,1.0773249177215478,0.02
severe_uncertainty,703,proposed_robust_steps8,1,0.10021532530883821,0.14905193611729992,1,1,1,0.42568825586536324,0.49726924744032086,0.027070030047631644,0.0,16.108536802618936,1.2,1.0312034746901828,1.3387870921121745,0.02
severe_uncertainty,703,proposed_robust_steps8,2,0.21147608428687756,0.2515710188067991,1,1,0,0.20828740331501408,0.31991489743191215,0.18468414676593348,0.0,13.907826719644296,1.2,1.0541198342125482,1.0680381191418742,0.02
severe_uncertainty,703,proposed_robust_steps8,3,0.17660000922627522,0.20368831702462764,1,1,0,0.15379194316412922,0.25630987755275725,0.10083271639038305,0.0,13.06026237004155,1.2000000000000002,1.0280926444220952,0.8901712777597308,0.02
severe_uncertainty,703,proposed_robust_steps8,4,0.21496865738069199,0.2612902915703474,1,1,0,0.18365264048138236,0.28167622876006726,0.17212957441432275,0.0,17.419506093219702,1.2,1.0666393541679082,1.1099807662137202,0.02
severe_uncertainty,703,proposed_robust_steps8,5,0.22819479177261726,0.2819944376136064,1,1,0,0.22565139987629945,0.32811553329248383,0.23385302149268927,0.0,17.879797345905526,1.1999999999999997,1.067072227087934,1.3420528237151355,0.02
severe_uncertainty,703,proposed_robust_steps8,6,0.16295282177671674,0.21907521238906527,1,1,0,0.2631546184959039,0.3568305367507235,0.032347595681052166,0.0,24.656624996199927,1.2000000000000002,1.0519521249090935,1.3212451874972944,0.02
severe_uncertainty,703,proposed_robust_steps8,7,0.1544382972129071,0.1991506833025096,1,1,0,0.1739965643837768,0.28148246196905174,0.024156070409649733,0.0,38.357463114050276,1.2,0.9131168050863704,1.2888405556074765,0.02
severe_uncertainty,703,proposed_robust_steps8,8,0.18694626378817328,0.23523105790333546,1,1,0,0.27717018182514186,0.3825033962077412,0.2006744603588828,0.0,22.113725639744484,1.2000000000000002,0.9155492333722649,0.8262456902687987,0.02
severe_uncertainty,703,proposed_robust_steps8,9,0.11225302623989213,0.1567950115125278,1,1,0,0.2509288046172363,0.35167097539243264,0.021164388689516755,0.0,17.687033454608546,1.2,1.0618996198280926,1.353852034795457,0.02
severe_uncertainty,703,proposed_robust_steps8,10,0.1318041006992352,0.1521299301833039,1,1,1,0.37569980296580746,0.457805800658424,0.033345041450284274,0.0,29.257576881928554,1.1999999999999997,0.9719902796699156,1.3824679526347388,0.02
severe_uncertainty,703,proposed_robust_steps8,11,0.17220039513690252,0.20769804763403996,1,1,0,0.14364811972828395,0.2432878402585544,0.052962518585914165,0.0,24.24174949849167,1.2,1.0850612422285124,1.0715779151855127,0.02
severe_uncertainty,703,proposed_robust_steps8,12,0.1307876513619461,0.1470169928123826,1,1,1,0.12444209091239136,0.20875488316651636,0.04572784946289632,0.0,16.530148950146756,1.2,0.9839733463379007,0.9549562488856203,0.02
severe_uncertainty,703,proposed_robust_steps8,13,0.17058203714921863,0.22116963909678702,1,1,0,0.1677359934773188,0.26597480511938243,0.090510418296327,0.0,34.805456426580584,1.1999999999999997,0.9004651506800844,1.2773988594357595,0.02
severe_uncertainty,703,proposed_robust_steps8,14,0.16208989701024104,0.1940839256930221,1,1,0,0.36397448221650736,0.44392783947184256,0.050394794851879476,0.0,13.12098858185631,1.2,0.979103967540888,1.036641995238368,0.02
severe_uncertainty,703,proposed_robust_steps8,15,0.16831142382336373,0.19966161089216483,1,1,0,0.26547661753406093,0.36882494196428983,0.09151883040153885,0.0,20.663642210546016,1.2,1.0737319738659896,1.0339461391394718,0.02
severe_uncertainty,703,proposed_robust_steps8,16,0.12799476791785708,0.14906276674400054,1,1,1,0.37788776151629566,0.45446571378122963,0.003102173776106998,0.0,20.13841408396663,1.2,0.9507105529202503,1.1677135051777605,0.02
severe_uncertainty,703,proposed_robust_steps8,17,0.16138233409689814,0.19840496777201247,1,1,0,0.2661399009694285,0.36852100872050453,0.09712774083700504,0.0,20.849993029181984,1.2,0.9901736321175558,1.1317281249569806,0.02
severe_uncertainty,703,proposed_robust_steps8,18,0.20409578581597507,0.26179890331727196,1,1,0,0.3920522077964004,0.4624075330256273,0.2244607966244505,0.0,20.246109408820278,1.2000000000000002,0.9961382648329614,0.9316453464559138,0.02
severe_uncertainty,703,proposed_robust_steps8,19,0.1665913429454463,0.18819495706065117,1,1,0,0.06492012606396588,0.1329625019209072,0.05766963406168735,0.0,13.554807646312478,1.2000000000000002,0.9365776627468032,0.9437867778725362,0.02
severe_uncertainty,703,proposed_robust_steps8,20,0.1998018141318785,0.24843720872888578,1,1,0,0.15918003188494187,0.26351262362751615,0.20132432645006748,0.0,20.991146954231688,1.2,0.9410195682209089,1.196915326191419,0.02
severe_uncertainty,703,proposed_robust_steps8,21,0.18411071121845946,0.232095479167717,1,1,0,0.3155281372892242,0.41109986018109235,0.14372461337312004,0.0,34.42054409650408,1.2,0.9074174948741347,1.3952245357723783,0.02
severe_uncertainty,703,proposed_robust_steps8,22,0.12920128149021806,0.15479490724056272,1,1,0,0.35659658215672047,0.434378628289222,0.07184698259508915,0.0,13.268995097374685,1.2000000000000002,0.9157175462307537,1.0550576425701028,0.02
severe_uncertainty,703,proposed_robust_steps8,23,0.1283169098104981,0.15409454174290863,1,1,0,0.27685711994335205,0.37297057109190895,0.05996812802373608,0.0,14.643757419764846,1.1999999999999997,0.9435924405637419,0.7129806789054289,0.02
