method,ode_steps,query_index,latency_ms,success,maximum_speed,maximum_acceleration
quintic_skeleton,0,0,0.1783,1,1.5356695018452138,1.097588819982048
quintic_skeleton,0,1,0.1953,1,1.795929688900892,1.2296747327816235
quintic_skeleton,0,2,0.1887,1,1.1987298449231512,0.6326301407279208
quintic_skeleton,0,3,0.191,1,1.1978177180145946,0.7255862237280561
quintic_skeleton,0,4,0.2849,1,1.2867960229389204,0.7250862053029874
quintic_skeleton,0,5,0.1928,1,1.3244457589255683,0.8105515153103439
quintic_skeleton,0,6,0.1904,1,1.3067726929544208,0.6731223553414297
quintic_skeleton,0,7,0.2513,1,1.2815173836195188,0.8032299991522596
quintic_skeleton,0,8,0.1932,1,1.1757002105099408,0.6799152929145684
quintic_skeleton,0,9,0.1936,1,1.7994802958856417,1.28231794806035
quintic_skeleton,0,10,0.2965,1,0.9970438272478653,0.5400992556990377
quintic_skeleton,0,11,0.2925,1,1.0971836924563736,0.5772395684946311
quintic_skeleton,0,12,0.2959,1,1.2515679203192052,0.664018475924988
quintic_skeleton,0,13,0.2923,1,1.1931499039155753,0.7017872787410018
quintic_skeleton,0,14,0.2136,1,1.6938971594860983,1.2472193479194214
quintic_skeleton,0,15,0.187,1,1.330604508361187,0.7865520854887152
quintic_skeleton,0,16,0.186,1,1.7193902360968238,1.242269416417385
quintic_skeleton,0,17,0.1866,1,1.6398312167880942,1.1908903238816233
quintic_skeleton,0,18,0.19,1,1.252192332526791,0.6481761548638267
quintic_skeleton,0,19,0.2301,1,1.2409936296658517,0.7658729955229333
quintic_skeleton,0,20,0.2105,1,1.1232232188152134,0.5782317033061747
quintic_skeleton,0,21,0.2588,1,1.301339365205175,0.8305748547240851
quintic_skeleton,0,22,0.259,1,1.1673639891239258,0.7133915552489607
quintic_skeleton,0,23,0.2561,1,1.3320109572328083,0.8663230196443805
quintic_skeleton,0,24,0.2425,1,1.054917055086804,0.5430629272678458
quintic_skeleton,0,25,0.2894,1,1.1729808835226179,0.762595257373895
quintic_skeleton,0,26,0.2568,1,1.508754353501078,1.1468325562391415
quintic_skeleton,0,27,0.2592,1,1.1007556596072035,0.6012421893639552
quintic_skeleton,0,28,0.2393,1,1.507310733198385,0.9342676636810813
quintic_skeleton,0,29,0.2454,1,1.683763378563063,1.1908819772369188
quintic_skeleton,0,30,0.2448,1,1.6475232150907466,1.209496276027556
quintic_skeleton,0,31,0.2646,1,1.1544713503314235,0.6452864926603351
quintic_skeleton,0,32,0.244,1,1.5275683103412852,1.107899805277605
quintic_skeleton,0,33,0.2664,1,1.3577742856150314,0.8104458626908946
quintic_skeleton,0,34,0.2757,1,1.260624472308644,0.7189293091204301
quintic_skeleton,0,35,0.285,1,1.6302113472175868,1.242225687810338
quintic_skeleton,0,36,0.2752,1,1.5529500944562586,1.1163867363529292
quintic_skeleton,0,37,0.345,1,1.4014549436084398,0.8258249468576558
quintic_skeleton,0,38,0.2213,1,1.28830710110638,0.7907823509234273
quintic_skeleton,0,39,0.2029,1,1.6068597555392627,1.2127858331253514
quintic_skeleton,0,40,0.2026,1,1.3265032508676953,0.8208295634017341
quintic_skeleton,0,41,0.2062,1,1.1661144152492402,0.6765565622529048
quintic_skeleton,0,42,0.196,1,1.2225398193696377,0.7053432445863499
quintic_skeleton,0,43,0.1936,1,1.5080116022129764,0.9141555993178007
quintic_skeleton,0,44,0.2019,1,1.1561076809858988,0.6429330820641114
quintic_skeleton,0,45,0.2003,1,1.5917776002900428,1.035539775295303
quintic_skeleton,0,46,0.1933,1,1.3808482493773364,0.8819148828280949
quintic_skeleton,0,47,0.195,1,1.4690763675743477,0.983854247629195
quintic_skeleton,0,48,0.1923,1,1.5368025268139938,1.0923898365058753
quintic_skeleton,0,49,0.3398,1,1.5876105340994007,1.1624315105189782
quintic_skeleton,0,50,0.3541,1,1.135142181529265,0.61298082664361
quintic_skeleton,0,51,0.4022,1,1.509827809661976,1.1032528772365335
quintic_skeleton,0,52,0.4611,1,1.1132205127984534,0.5725193873509317
quintic_skeleton,0,53,0.386,1,1.09229713636028,0.6191661930228876
quintic_skeleton,0,54,0.3255,1,1.279735150047937,0.7077858707512734
quintic_skeleton,0,55,0.2568,1,1.25675519252486,0.7362906918905485
quintic_skeleton,0,56,0.2841,1,1.4585368395551617,1.0306741090756508
quintic_skeleton,0,57,0.2473,1,1.2433645877930197,0.7707280159586571
quintic_skeleton,0,58,0.2385,1,1.3926696527638862,0.88890896698808
quintic_skeleton,0,59,0.2281,1,1.1285298048546724,0.5920463459882307
quintic_skeleton,0,60,0.2167,1,1.4526159228668798,0.9114670594513912
quintic_skeleton,0,61,0.2368,1,1.1669356583254955,0.6809921774055557
quintic_skeleton,0,62,0.2845,1,1.3429487177823087,0.7002914656418819
quintic_skeleton,0,63,0.2991,1,1.2495472702990156,0.828456145889253
quintic_skeleton,0,64,0.3109,1,1.3383360132897573,0.7665294324166264
quintic_skeleton,0,65,0.2229,1,1.1583265720075862,0.6814150692130115
quintic_skeleton,0,66,0.2024,1,1.6465956237791566,1.2620927517932863
quintic_skeleton,0,67,0.2065,1,1.4383205765432747,0.9954480765559146
quintic_skeleton,0,68,0.3217,1,1.4807455267636318,0.8829361007040003
quintic_skeleton,0,69,0.1984,1,1.2372182594452288,0.7303370296136824
quintic_skeleton,0,70,0.2316,1,1.6938181937214025,1.2333864757319253
quintic_skeleton,0,71,0.2025,1,1.4462086461283252,0.9119610715778786
quintic_skeleton,0,72,0.2136,1,1.4011638083743954,0.8500771741066683
quintic_skeleton,0,73,0.2,1,1.3481346093496922,0.7639474416793679
quintic_skeleton,0,74,0.2008,1,1.246778530155918,0.7046890326231201
quintic_skeleton,0,75,0.2036,1,1.3282048999246394,0.8716277365327237
quintic_skeleton,0,76,0.212,1,1.5753167835091315,1.1269252555688356
quintic_skeleton,0,77,0.2201,1,1.5328032590088134,1.1291841685070003
quintic_skeleton,0,78,0.2,1,1.4118777705040717,0.9787561528466584
quintic_skeleton,0,79,0.1935,1,1.4605912149677909,1.0306604348254158
quintic_skeleton,0,80,0.1943,1,1.1862938972293582,0.6132694386333989
quintic_skeleton,0,81,0.1948,1,1.28815457808925,0.8529797119205614
quintic_skeleton,0,82,0.199,1,1.7407456070619316,1.157058789521327
quintic_skeleton,0,83,0.319,1,1.3149307335553082,0.8267935303215337
quintic_skeleton,0,84,0.3231,1,1.7139973756593287,1.2839127123457719
quintic_skeleton,0,85,0.3542,1,1.6913964210890737,1.2716945980090695
quintic_skeleton,0,86,0.3575,1,1.6479092367473294,1.2148431585187693
quintic_skeleton,0,87,0.3304,1,1.486348111273342,0.9461163414554764
quintic_skeleton,0,88,0.3475,1,1.7217574364748511,1.2324596063022717
quintic_skeleton,0,89,0.3213,1,1.390972494181501,1.0164860083704237
quintic_skeleton,0,90,0.3852,1,1.6476693572223509,1.0783632321481065
quintic_skeleton,0,91,0.3409,1,1.7115751235572403,1.2239952214668195
quintic_skeleton,0,92,0.2056,1,1.195717174588382,0.6469808112789571
quintic_skeleton,0,93,0.1954,1,1.6817630392517697,1.2523307245665265
quintic_skeleton,0,94,0.1965,1,1.6257112603172081,1.053310915388023
quintic_skeleton,0,95,0.2119,1,1.391394763917615,0.9419168930173394
quintic_skeleton,0,96,0.1957,1,1.8446783979388093,1.3668072330968066
quintic_skeleton,0,97,0.2008,1,1.1719503755821876,0.6301491130221075
quintic_skeleton,0,98,0.1925,1,1.6638512658857432,1.135148514723792
quintic_skeleton,0,99,0.1958,1,1.6148536254121733,1.1851850217653825
quintic_skeleton,0,100,0.2212,1,1.077521246901072,0.5685592092331856
quintic_skeleton,0,101,0.1993,1,1.2336604211197844,0.6579414685826841
quintic_skeleton,0,102,0.3249,1,1.4666176812641338,1.0277910993426593
quintic_skeleton,0,103,0.2812,1,1.8740275635900985,1.3751067254137903
quintic_skeleton,0,104,0.2438,1,1.0166152976119853,0.5235377850380136
quintic_skeleton,0,105,0.2556,1,1.34881461222716,0.9394008566106171
quintic_skeleton,0,106,0.3529,1,1.2561694373963481,0.673160674902125
quintic_skeleton,0,107,0.2394,1,1.2210455315088804,0.6514985986305292
quintic_skeleton,0,108,0.4049,1,1.3448504245230746,0.7727706138806396
quintic_skeleton,0,109,0.2274,1,1.4274937618541022,0.7894966904193967
quintic_skeleton,0,110,0.2095,1,1.7312967031420106,1.2276743676744395
quintic_skeleton,0,111,0.1991,1,1.6701670249800997,1.1793293585620808
quintic_skeleton,0,112,0.2027,1,1.2602852324957663,0.6847352476771961
quintic_skeleton,0,113,0.3244,1,1.431977936951536,0.9837243368987698
quintic_skeleton,0,114,0.2438,1,1.3412758706415402,0.7148593935018619
quintic_skeleton,0,115,0.2247,1,1.3646515564606312,0.7643881800895016
quintic_skeleton,0,116,0.2478,1,1.4407120843747905,0.9034783166471206
quintic_skeleton,0,117,0.2445,1,1.4562360195242372,1.0843659631873879
quintic_skeleton,0,118,0.204,1,1.3612591567747232,0.7357900910111006
quintic_skeleton,0,119,0.2708,1,1.3456429844852051,0.9164664026682687
quintic_skeleton,0,120,0.252,1,1.5015900195795564,1.1267091074711746
quintic_skeleton,0,121,0.2241,1,1.4192621139932973,0.964040636239901
quintic_skeleton,0,122,0.2272,1,1.705585294007842,1.2589623973309074
quintic_skeleton,0,123,0.206,1,1.512590460984909,1.1002448341591378
quintic_skeleton,0,124,0.2036,1,1.1515874800955512,0.5976122785766813
quintic_skeleton,0,125,0.2531,1,1.5270666342670256,1.1230182813907599
quintic_skeleton,0,126,0.2339,1,1.1011919172248572,0.6423646507138614
quintic_skeleton,0,127,0.2468,1,1.2628717977453645,0.7608172022744047
boundary_trajectory,1,0,3.8789,0,28.810250322341684,496.27990423523147
boundary_trajectory,1,1,3.9133,0,15.434888375458712,301.0988532942231
boundary_trajectory,1,2,3.5115,0,12.807919832556392,191.74834650973287
boundary_trajectory,1,3,3.8302,0,14.326336467300777,251.39219427344085
boundary_trajectory,1,4,3.2946,0,16.569298085024357,219.50453156348036
boundary_trajectory,1,5,4.9323,0,21.864730158743267,341.7845167555005
boundary_trajectory,1,6,4.4024,0,11.16104341389001,177.10757496405222
boundary_trajectory,1,7,4.7874,0,18.500349755233916,296.9725205069945
boundary_trajectory,1,8,4.0396,0,13.359879582184812,222.04839494074133
boundary_trajectory,1,9,4.0737,0,23.345287474513608,439.5030557402683
boundary_trajectory,1,10,4.7204,0,12.76194719298376,167.44089118565657
boundary_trajectory,1,11,5.5232,0,18.379917708786333,243.93809885933123
boundary_trajectory,1,12,4.3932,0,19.346687263743323,242.32698926366263
boundary_trajectory,1,13,4.0868,0,15.371337410688902,207.30688275721874
boundary_trajectory,1,14,4.1105,0,26.335030298039385,402.510920259793
boundary_trajectory,1,15,3.5684,0,26.086930958701224,397.93586159357125
boundary_trajectory,1,16,3.4722,0,26.223940268585263,477.65073664954343
boundary_trajectory,1,17,3.5186,0,20.94578441072699,331.64578583939306
boundary_trajectory,1,18,3.5593,0,17.272289577920205,223.28375232809458
boundary_trajectory,1,19,3.4696,0,11.961464848147202,198.6208500079072
boundary_trajectory,1,20,3.4969,0,19.05517218319536,232.50933514019354
boundary_trajectory,1,21,5.0278,0,21.94325642012863,312.8203630399413
boundary_trajectory,1,22,5.6403,0,12.516511825827278,217.35747510827122
boundary_trajectory,1,23,4.819,0,23.47627286020335,419.0778000192228
boundary_trajectory,1,24,4.1865,0,12.295219632615238,156.06814572017907
boundary_trajectory,1,25,3.9968,0,13.496786180065818,266.26129604198024
boundary_trajectory,1,26,3.3798,0,20.758070863384525,459.98195250977864
boundary_trajectory,1,27,3.3103,0,13.468127657817028,191.01139295782457
boundary_trajectory,1,28,3.2285,0,20.611928422887036,341.4527539952121
boundary_trajectory,1,29,3.5171,0,16.841277801712383,345.138569480343
boundary_trajectory,1,30,4.2576,0,17.090272921832156,381.5213301484359
boundary_trajectory,1,31,4.3139,0,13.237815796869837,210.92132810074773
boundary_trajectory,1,32,4.6592,0,21.21943900854079,386.8557857782943
boundary_trajectory,1,33,4.4355,0,18.718945122899147,347.7636990260059
boundary_trajectory,1,34,3.7406,0,16.978840995027006,271.24838022147554
boundary_trajectory,1,35,4.2009,0,17.762324024589475,297.8626451831629
boundary_trajectory,1,36,4.2397,0,26.3467664223624,509.9761807199753
boundary_trajectory,1,37,4.5961,0,15.21616594796434,272.8078452053295
boundary_trajectory,1,38,4.8936,0,15.954250167978586,282.79214838368057
boundary_trajectory,1,39,3.5517,0,20.587130014317314,363.4388843261483
boundary_trajectory,1,40,3.3917,0,17.64860887076692,259.2077400316074
boundary_trajectory,1,41,3.5624,0,20.066612478414466,330.9994161464962
boundary_trajectory,1,42,5.304,0,15.620018827525655,261.7862924660962
boundary_trajectory,1,43,3.6967,0,17.14017731838696,260.6443992835682
boundary_trajectory,1,44,6.5418,0,19.11431333279836,270.9965377904921
boundary_trajectory,1,45,7.253,0,21.422738585651633,342.37895045694535
boundary_trajectory,1,46,5.9113,0,18.775763306808642,343.6106539000174
boundary_trajectory,1,47,4.3399,0,18.005897394318733,288.1118488102556
boundary_trajectory,1,48,3.6708,0,16.048592541285466,325.1194201648501
boundary_trajectory,1,49,4.1649,0,20.246355325036124,301.0796716223731
boundary_trajectory,1,50,4.6043,0,13.672162326984411,190.60295566543334
boundary_trajectory,1,51,5.3303,0,14.059136395776292,282.0140984636279
boundary_trajectory,1,52,4.9353,0,11.910309421249435,170.32635937884726
boundary_trajectory,1,53,3.906,0,21.505885210550886,262.2375001559868
boundary_trajectory,1,54,3.4368,0,19.5488936253365,226.82148213265467
boundary_trajectory,1,55,3.3018,0,17.378351576162117,284.87005864547285
boundary_trajectory,1,56,3.2212,0,21.18877486200687,363.9693329564104
boundary_trajectory,1,57,3.4237,0,17.279411459457062,251.26617906647866
boundary_trajectory,1,58,3.6684,0,18.63202258248018,253.81153149487704
boundary_trajectory,1,59,3.6776,0,20.062130083623106,307.78698962649185
boundary_trajectory,1,60,3.466,0,15.591016463585774,204.76150031179907
boundary_trajectory,1,61,4.0145,0,14.652381043796877,229.03134926202415
boundary_trajectory,1,62,3.3724,0,15.141100969958076,169.0567685889835
boundary_trajectory,1,63,3.3563,0,21.217088390495626,346.67863862946257
boundary_trajectory,1,64,3.7538,0,20.279458491650498,312.8762042486325
boundary_trajectory,1,65,4.8418,0,20.771198253068963,296.77541935138413
boundary_trajectory,1,66,5.3968,0,15.41238223047828,360.9229326573428
boundary_trajectory,1,67,5.7575,0,21.197824994501897,265.3939748447937
boundary_trajectory,1,68,3.6319,0,23.613762986520165,386.8781316547287
boundary_trajectory,1,69,5.2563,0,17.979116508186777,274.6968155284547
boundary_trajectory,1,70,4.4228,0,23.386511637708697,496.5104499089841
boundary_trajectory,1,71,4.3807,0,13.988588043090017,206.08367096853394
boundary_trajectory,1,72,4.6558,0,18.557903950711577,313.94365053170924
boundary_trajectory,1,73,4.5049,0,16.69311918806239,228.34932024370727
boundary_trajectory,1,74,3.7453,0,15.015499376898811,217.77990307272006
boundary_trajectory,1,75,3.4307,0,19.66721660752158,328.9217935541754
boundary_trajectory,1,76,5.5112,0,16.641364506667784,378.2551808236765
boundary_trajectory,1,77,5.309,0,22.048117958838215,428.4271068610757
boundary_trajectory,1,78,4.7869,0,20.03390715754581,390.3682048950834
boundary_trajectory,1,79,4.3548,0,19.51626181138622,330.80699725204266
boundary_trajectory,1,80,5.5777,0,15.400515721763915,161.4317325227896
boundary_trajectory,1,81,4.6834,0,27.374413431585847,441.9353119757875
boundary_trajectory,1,82,4.3553,0,18.226394317646594,338.221571334538
boundary_trajectory,1,83,4.7905,0,22.65276738864343,453.9888993923388
boundary_trajectory,1,84,4.3588,0,29.324264087891187,658.9002904746063
boundary_trajectory,1,85,4.649,0,22.701143050392506,473.53744466722657
boundary_trajectory,1,86,5.3876,0,29.03623213462195,555.3340177113381
boundary_trajectory,1,87,4.3844,0,17.92088769055487,254.71681211537344
boundary_trajectory,1,88,3.8972,0,20.935455434558467,347.3563585567566
boundary_trajectory,1,89,3.7154,0,22.09398852667591,434.2402809460131
boundary_trajectory,1,90,4.0093,0,21.55223222017543,305.8649934019707
boundary_trajectory,1,91,4.363,0,17.966817685823834,313.9080999478548
boundary_trajectory,1,92,5.3303,0,18.16786888115318,267.02784548691193
boundary_trajectory,1,93,4.8705,0,22.79695240866802,523.728084040978
boundary_trajectory,1,94,3.4726,0,17.12596769988379,288.2720847072265
boundary_trajectory,1,95,3.3966,0,13.976506172578008,301.7629308237057
boundary_trajectory,1,96,3.7381,0,18.581786052616454,310.4356567924342
boundary_trajectory,1,97,3.3507,0,15.254194645312747,222.3371688911051
boundary_trajectory,1,98,3.226,0,18.937752389201563,415.16206493730004
boundary_trajectory,1,99,3.4025,0,16.262177054273973,329.1567845555997
boundary_trajectory,1,100,3.4866,0,13.285181000728247,138.7540933898701
boundary_trajectory,1,101,3.6253,0,17.280821205548417,238.9927551631126
boundary_trajectory,1,102,4.657,0,21.541630580068194,404.9597353146864
boundary_trajectory,1,103,5.251,0,17.216724872604342,390.928171866986
boundary_trajectory,1,104,5.6849,0,12.345925489756171,175.89744608583436
boundary_trajectory,1,105,3.5291,0,17.362171845644767,228.1257851048892
boundary_trajectory,1,106,3.9691,0,16.39971867818017,190.19402724487074
boundary_trajectory,1,107,5.6743,0,12.356213806730693,190.22764703732554
boundary_trajectory,1,108,5.8954,0,19.667601645286364,322.1107691427226
boundary_trajectory,1,109,3.911,0,18.869795353660304,296.9804239245809
boundary_trajectory,1,110,3.399,0,20.412389468728538,444.70574053018737
boundary_trajectory,1,111,3.5152,0,20.760394488821262,366.2866226800475
boundary_trajectory,1,112,3.6629,0,16.828469846500152,268.84226020469276
boundary_trajectory,1,113,3.6894,0,28.998349350610454,465.43047186038285
boundary_trajectory,1,114,4.3633,0,13.304961250621231,200.61222443915506
boundary_trajectory,1,115,3.8968,0,17.319819460707972,226.447498231704
boundary_trajectory,1,116,4.5837,0,15.458000558090843,257.61829682088944
boundary_trajectory,1,117,3.4789,0,21.362221908528372,423.0125499590611
boundary_trajectory,1,118,3.4891,0,15.780797035255025,219.7144962777866
boundary_trajectory,1,119,5.534,0,20.896461489864727,402.9740345974458
boundary_trajectory,1,120,5.1892,0,17.07697365337289,308.52645600091637
boundary_trajectory,1,121,3.7624,0,16.85285729816971,346.5782539757676
boundary_trajectory,1,122,4.0762,0,17.72638577304374,406.73137463052603
boundary_trajectory,1,123,3.6506,0,22.04581040155525,459.53041757009345
boundary_trajectory,1,124,4.5857,0,15.09092384769137,233.19991322985803
boundary_trajectory,1,125,5.5375,0,18.198342353203543,358.501227548043
boundary_trajectory,1,126,3.6228,0,15.706089281367028,201.59565979064638
boundary_trajectory,1,127,3.6439,0,14.537599934952365,214.24721040054004
boundary_trajectory,4,0,13.9554,0,5.338806073918195,64.23071914053386
boundary_trajectory,4,1,15.3106,0,7.040823899048834,60.28360903306406
boundary_trajectory,4,2,11.4902,0,3.3918888844096067,32.31259264851046
boundary_trajectory,4,3,11.2471,0,5.241195238747575,64.3200644731963
boundary_trajectory,4,4,11.4559,0,4.066846283652356,42.77430188725295
boundary_trajectory,4,5,14.003,0,5.232142357218391,45.21790087623951
boundary_trajectory,4,6,11.7119,0,5.181256032319564,30.132319351376182
boundary_trajectory,4,7,12.6623,0,4.635554220287326,45.76690214482194
boundary_trajectory,4,8,11.8628,0,3.8668475033779766,48.14093790041117
boundary_trajectory,4,9,11.0901,0,4.992529473401626,89.00137770203627
boundary_trajectory,4,10,14.6573,0,3.3906268039633827,26.496553196295757
boundary_trajectory,4,11,10.9295,0,3.8456283154856745,35.936829727873615
boundary_trajectory,4,12,10.7912,0,4.375803309438706,33.27923743690687
boundary_trajectory,4,13,10.9671,0,2.441783339255453,29.232497382411143
boundary_trajectory,4,14,11.2611,0,7.835289852258196,72.3448410226017
boundary_trajectory,4,15,11.1236,0,5.2752932288323935,46.14396953276346
boundary_trajectory,4,16,12.7617,0,7.0735534634835995,97.59947233918712
boundary_trajectory,4,17,11.9222,0,5.091998018159556,62.043684131474556
boundary_trajectory,4,18,12.2076,0,4.6028439883419745,37.06467627287754
boundary_trajectory,4,19,11.0339,0,3.479001092286021,46.19961791885108
boundary_trajectory,4,20,10.5439,0,2.9403964782157948,25.20083722217761
boundary_trajectory,4,21,14.816,0,5.203830472554954,41.81837504083412
boundary_trajectory,4,22,13.7871,0,4.18551536873849,49.07314281246006
boundary_trajectory,4,23,10.778,0,4.703461870812726,63.679144899170765
boundary_trajectory,4,24,15.7188,0,3.377564071201078,30.65971133538931
boundary_trajectory,4,25,16.6658,0,3.6474926527315077,44.45036114847687
boundary_trajectory,4,26,11.3189,0,3.7497758583641825,57.135368680659546
boundary_trajectory,4,27,11.8258,0,3.1487154694648667,47.4230147077788
boundary_trajectory,4,28,10.7878,0,5.084762977547897,69.39528474302102
boundary_trajectory,4,29,12.5117,0,6.282216105186292,87.94411595738937
boundary_trajectory,4,30,14.6957,0,3.843955667179568,56.878483730744044
boundary_trajectory,4,31,13.594,0,4.131150279682798,52.76440032636701
boundary_trajectory,4,32,12.9249,0,8.105657685095766,92.30314152995307
boundary_trajectory,4,33,17.761,0,4.750822277296523,51.72221155928468
boundary_trajectory,4,34,12.141,0,3.796315470378975,49.88314004683208
boundary_trajectory,4,35,14.3361,0,6.8655635874725105,77.23970509917118
boundary_trajectory,4,36,17.7281,0,6.138281149398537,75.64271279488686
boundary_trajectory,4,37,11.545,0,4.135441841249944,47.042398817027454
boundary_trajectory,4,38,16.1456,0,3.6222672525292743,46.44478493810948
boundary_trajectory,4,39,12.0584,0,5.047993859213957,91.70461888201666
boundary_trajectory,4,40,15.1947,0,6.16074945324239,51.39858991108666
boundary_trajectory,4,41,10.838,0,3.949789707119097,50.07370858346176
boundary_trajectory,4,42,11.353,0,4.96772700861217,62.035998917904394
boundary_trajectory,4,43,14.0106,0,4.596542126619951,33.96031201952916
boundary_trajectory,4,44,11.6622,0,3.6040310339767623,55.81126625224964
boundary_trajectory,4,45,11.968,0,6.926529189274408,62.548162940211675
boundary_trajectory,4,46,14.7691,0,4.823352014057719,64.50279247362131
boundary_trajectory,4,47,16.3832,0,8.969641804423022,72.40108737081147
boundary_trajectory,4,48,19.6582,0,5.555016577384102,66.48624663945682
boundary_trajectory,4,49,13.2185,0,5.00969909094808,57.917630231175636
boundary_trajectory,4,50,12.5827,0,3.05496291810065,41.74377723274838
boundary_trajectory,4,51,12.3662,0,4.342486452587125,63.01912217364374
boundary_trajectory,4,52,11.7414,0,3.0530138150659742,32.215944256672934
boundary_trajectory,4,53,14.9047,0,4.537428628940979,36.73008893820957
boundary_trajectory,4,54,13.6051,0,4.536173852936354,44.087897370142635
boundary_trajectory,4,55,11.6442,0,4.312690023294117,46.321904522463704
boundary_trajectory,4,56,11.374,0,3.4922533983102317,71.54311624573135
boundary_trajectory,4,57,11.9792,0,4.477176644897805,48.07576231490562
boundary_trajectory,4,58,15.8633,0,5.561552359502993,71.09533847752807
boundary_trajectory,4,59,15.3264,0,3.769152382657578,35.56829005465093
boundary_trajectory,4,60,16.0552,0,4.591706040886952,36.760286578915036
boundary_trajectory,4,61,12.6745,0,3.7593229171191744,46.74624300152583
boundary_trajectory,4,62,14.6002,0,5.69346616440466,31.204113764698405
boundary_trajectory,4,63,14.7031,0,4.760084197368083,52.38518741314388
boundary_trajectory,4,64,11.497,0,4.058884785894332,54.749096074782344
boundary_trajectory,4,65,11.156,0,4.211181914134749,30.095042754192583
boundary_trajectory,4,66,12.5656,0,4.435439471089539,89.72556411501682
boundary_trajectory,4,67,11.8117,0,4.271186979800401,48.03724823754688
boundary_trajectory,4,68,14.9442,0,3.7778650047431683,53.38443658350168
boundary_trajectory,4,69,10.7399,0,3.3004136380226807,46.236844617460285
boundary_trajectory,4,70,11.3179,0,4.80569529284429,79.30566996017738
boundary_trajectory,4,71,16.7538,0,5.205502428966014,46.34725442903403
boundary_trajectory,4,72,16.3562,0,4.614518401671693,59.01615985968986
boundary_trajectory,4,73,16.1704,0,4.355922199113925,46.86224441902518
boundary_trajectory,4,74,16.4451,0,7.429099584631314,47.35550388155805
boundary_trajectory,4,75,12.2141,0,4.296787765183289,50.15143884563597
boundary_trajectory,4,76,10.9311,0,4.983832931096087,62.88047917897297
boundary_trajectory,4,77,11.6,0,7.28377161804542,88.69861223549397
boundary_trajectory,4,78,12.8897,0,4.983704627931969,76.01910159045323
boundary_trajectory,4,79,15.8691,0,6.582363932147858,63.663677943526366
boundary_trajectory,4,80,16.0894,0,4.505269142414339,30.512747928416054
boundary_trajectory,4,81,15.7685,0,4.0072920315235105,53.748595723266774
boundary_trajectory,4,82,17.8734,0,5.7602638712396566,45.08955919892309
boundary_trajectory,4,83,14.0453,0,4.210278194320828,77.13412067865339
boundary_trajectory,4,84,14.9307,0,6.806574256260242,108.12304253624878
boundary_trajectory,4,85,17.3924,0,5.678081228006406,86.79309693148326
boundary_trajectory,4,86,17.1818,0,5.038090597560598,78.50728949284274
boundary_trajectory,4,87,14.6743,0,4.677634386436057,61.29443189229357
boundary_trajectory,4,88,15.6673,0,7.390476389855908,75.653934658391
boundary_trajectory,4,89,11.9956,0,3.79732106755746,74.16890920285532
boundary_trajectory,4,90,10.9074,0,7.4050445969880645,63.17599215810141
boundary_trajectory,4,91,11.6344,0,5.857532792580994,75.96703826597584
boundary_trajectory,4,92,10.9568,0,4.616066151213297,40.73747457438489
boundary_trajectory,4,93,12.0023,0,5.146135013126787,100.55032308251623
boundary_trajectory,4,94,11.3205,0,6.6105095672207215,52.41035218631266
boundary_trajectory,4,95,10.58,0,3.230526277898355,46.67739145732438
boundary_trajectory,4,96,10.3835,0,7.576585181697887,56.29010725186457
boundary_trajectory,4,97,10.3502,0,4.091285965729191,39.144185582797824
boundary_trajectory,4,98,10.5331,0,4.482194017713651,65.79473017398129
boundary_trajectory,4,99,10.5872,0,5.142459765277674,80.49261026604502
boundary_trajectory,4,100,10.8837,0,4.063336290324848,38.245502315172416
boundary_trajectory,4,101,12.7821,0,4.61136579855013,37.21898733796841
boundary_trajectory,4,102,13.7188,0,4.622485796453953,75.35427722851173
boundary_trajectory,4,103,12.0472,0,4.296734720241819,71.16701723546429
boundary_trajectory,4,104,11.1168,0,5.389945695108508,43.73784033148921
boundary_trajectory,4,105,11.1224,0,4.444241658542239,46.23924856449809
boundary_trajectory,4,106,11.3134,0,2.9152173956615774,32.08144239820877
boundary_trajectory,4,107,11.4529,0,3.4701288186703843,33.9289084355932
boundary_trajectory,4,108,12.0748,0,5.4316243435060905,49.95061244707414
boundary_trajectory,4,109,10.6385,0,4.649664274676518,41.30025567821071
boundary_trajectory,4,110,11.1686,0,4.917654352670036,76.93208722426199
boundary_trajectory,4,111,12.1346,0,4.605965802141652,69.90745396038889
boundary_trajectory,4,112,15.4844,0,4.529996177648174,47.80552339644567
boundary_trajectory,4,113,11.175,0,7.7174859428452045,93.73548949943434
boundary_trajectory,4,114,11.7806,0,4.712602546740697,29.07100415608074
boundary_trajectory,4,115,12.4602,0,3.717677949644076,39.86703263632998
boundary_trajectory,4,116,10.7293,0,3.9149804531871673,53.042009052992164
boundary_trajectory,4,117,11.0725,0,8.420409997415167,86.6699557958879
boundary_trajectory,4,118,13.8341,0,4.243438915682591,43.42241411109068
boundary_trajectory,4,119,13.6983,0,5.577815766861732,77.28678330803088
boundary_trajectory,4,120,12.5308,0,6.632536064977116,66.15706737862263
boundary_trajectory,4,121,11.2173,0,3.7554679063735388,53.517960034649406
boundary_trajectory,4,122,10.9166,0,8.464852112384367,75.52432831309294
boundary_trajectory,4,123,13.8491,0,8.495927300817227,77.25340711350157
boundary_trajectory,4,124,10.9834,0,2.662498829871611,28.158193781629695
boundary_trajectory,4,125,10.6969,0,6.726674960369448,104.21003634004823
boundary_trajectory,4,126,11.6845,0,3.827772092127073,35.72026915619152
boundary_trajectory,4,127,10.9944,0,3.7876502928068874,40.27162958798207
boundary_trajectory,8,0,20.5578,0,4.7149595810461085,44.71257781756185
boundary_trajectory,8,1,24.1497,0,7.317492385221918,45.31465341333907
boundary_trajectory,8,2,22.8552,0,2.5885270495878414,14.074386128020231
boundary_trajectory,8,3,21.3993,0,4.746572996136403,50.078049414565335
boundary_trajectory,8,4,23.0447,0,2.98157687028008,18.347216080183347
boundary_trajectory,8,5,20.6182,0,4.1468518747704595,26.256468089569918
boundary_trajectory,8,6,19.7599,0,5.450064234192688,18.615134025796763
boundary_trajectory,8,7,19.9277,0,3.870310189754733,22.726204137372154
boundary_trajectory,8,8,25.0078,0,2.888466583168802,21.445241869319997
boundary_trajectory,8,9,19.7983,0,4.836631142963903,86.05096218743446
boundary_trajectory,8,10,21.2375,0,2.8476559163705235,19.577038974512334
boundary_trajectory,8,11,23.517,0,2.4541982947333287,14.333037252821034
boundary_trajectory,8,12,20.6034,0,4.590295900366607,20.60189806078216
boundary_trajectory,8,13,20.5661,0,2.1105026780495835,13.882202852290655
boundary_trajectory,8,14,20.6,0,7.660691188554194,47.85978491899125
boundary_trajectory,8,15,20.3154,0,4.582031250504704,34.88084909694718
boundary_trajectory,8,16,21.4525,0,5.9495976206911285,48.287362676198924
boundary_trajectory,8,17,20.6644,0,4.867430642101353,34.21173633317572
boundary_trajectory,8,18,20.6445,0,3.307805973151125,17.737502344238415
boundary_trajectory,8,19,20.8003,0,3.4449232170119557,46.93684250567032
boundary_trajectory,8,20,20.4803,0,2.5574633386504226,15.26520564335003
boundary_trajectory,8,21,24.4923,0,4.6553022573444425,29.51110203983071
boundary_trajectory,8,22,20.4744,0,3.0101737380078633,31.22801140995013
boundary_trajectory,8,23,20.6698,0,3.548799020868811,33.36184813243682
boundary_trajectory,8,24,21.4751,0,2.5657235689925493,13.959759314831663
boundary_trajectory,8,25,21.0956,0,2.9665924305752345,15.478964003300623
boundary_trajectory,8,26,21.761,0,3.8815432643721004,55.425411979140726
boundary_trajectory,8,27,23.729,0,2.1942879029669875,18.0214760985206
boundary_trajectory,8,28,23.9728,0,3.4782159649119975,29.219424545089076
boundary_trajectory,8,29,24.8805,0,4.273798407481069,32.13726582111098
boundary_trajectory,8,30,20.7891,0,3.388421486448374,23.35857427173513
boundary_trajectory,8,31,26.2846,0,2.932032094366336,23.36029189461894
boundary_trajectory,8,32,20.9092,0,7.419778497685455,48.49572016452227
boundary_trajectory,8,33,22.2658,0,4.4533622648499165,37.355400632285615
boundary_trajectory,8,34,21.6969,0,3.949463836427217,33.66956260224308
boundary_trajectory,8,35,20.1469,0,6.098595127789856,58.58268808958277
boundary_trajectory,8,36,20.4103,0,4.8482019714306395,31.881457301698337
boundary_trajectory,8,37,21.1751,0,2.941358735462307,26.606085272860163
boundary_trajectory,8,38,19.62,0,3.638511412712896,42.1797839964682
boundary_trajectory,8,39,25.1398,0,4.952708638079755,36.67634938572934
boundary_trajectory,8,40,20.0019,0,5.955572416272961,43.96229700068103
boundary_trajectory,8,41,19.5821,0,2.9281961670348475,19.920761342989646
boundary_trajectory,8,42,20.8197,0,4.095525712097357,22.109787811147545
boundary_trajectory,8,43,20.9142,0,3.829000422902936,28.898274755352187
boundary_trajectory,8,44,21.9593,0,3.286837745588807,22.825604396160912
boundary_trajectory,8,45,26.0,0,6.643004010383475,63.219577994832555
boundary_trajectory,8,46,21.5029,0,4.865765816690874,54.913272699387115
boundary_trajectory,8,47,20.854,0,8.584080234552273,69.72496870289129
boundary_trajectory,8,48,23.3853,0,4.8146537410815,34.27666150059003
boundary_trajectory,8,49,22.0301,0,5.360386757940178,45.71799104793163
boundary_trajectory,8,50,21.0876,0,2.226911870644265,17.029174281909174
boundary_trajectory,8,51,22.7342,0,3.226594834023367,25.11474170297973
boundary_trajectory,8,52,26.9363,0,2.716293444139984,18.13154287347841
boundary_trajectory,8,53,23.2537,0,3.452913275827283,21.992504233983684
boundary_trajectory,8,54,23.8097,0,4.226315037731513,23.380831243207194
boundary_trajectory,8,55,25.7389,0,3.7531294263849735,18.826382129769694
boundary_trajectory,8,56,21.9562,0,3.097696794407597,37.42664250075311
boundary_trajectory,8,57,30.1511,0,4.051002061966101,23.347465882833532
boundary_trajectory,8,58,22.5953,0,3.832069315754674,29.232488241238162
boundary_trajectory,8,59,22.4338,0,1.957791289847864,16.6335209420157
boundary_trajectory,8,60,23.7071,0,4.529051982963462,37.10221171337781
boundary_trajectory,8,61,23.1677,0,2.95799312654314,18.167582441476334
boundary_trajectory,8,62,27.812,0,5.475681644666326,25.56990739529014
boundary_trajectory,8,63,28.339,0,4.139259749863302,27.460685977001383
boundary_trajectory,8,64,20.9315,0,3.1933931324860554,20.42534953151904
boundary_trajectory,8,65,20.8816,0,4.443834841071655,26.870398719971043
boundary_trajectory,8,66,25.1247,0,4.261434443886027,56.15696800231167
boundary_trajectory,8,67,25.0088,0,4.503820464979745,30.498808933965407
boundary_trajectory,8,68,23.1155,0,3.8090584561162575,47.33137776268779
boundary_trajectory,8,69,25.8263,0,2.7034422971436394,22.16617053922938
boundary_trajectory,8,70,25.907,0,4.713364819060126,41.8228542199313
boundary_trajectory,8,71,20.7473,0,4.351223162541481,24.91995796056048
boundary_trajectory,8,72,21.1339,0,3.9947327823435717,30.514680087367662
boundary_trajectory,8,73,23.4171,0,3.8451998694520264,34.3285468702621
boundary_trajectory,8,74,27.3823,0,7.199468189351309,41.65256519129259
boundary_trajectory,8,75,31.0322,0,4.325206972870907,35.785482462509464
boundary_trajectory,8,76,26.774,0,3.5058111717401457,28.106329293128084
boundary_trajectory,8,77,20.6845,0,7.10551885143453,58.78281956136313
boundary_trajectory,8,78,24.8693,0,3.467316579815993,30.998202007875182
boundary_trajectory,8,79,20.623,0,5.971713950961907,26.87356708559699
boundary_trajectory,8,80,22.75,0,4.734834564830277,30.969823914162564
boundary_trajectory,8,81,27.3529,0,2.9640123656714685,31.086515468094348
boundary_trajectory,8,82,20.8992,0,5.93601365483322,32.29134165594684
boundary_trajectory,8,83,24.5833,0,4.228368369600562,37.1982508083365
boundary_trajectory,8,84,24.9867,0,4.058455175120187,41.479430340495234
boundary_trajectory,8,85,24.5138,0,4.387140191315724,34.9905844485826
boundary_trajectory,8,86,27.3787,0,3.7117389257463396,38.641383447745966
boundary_trajectory,8,87,30.1034,0,4.5367928294768864,25.80278964161345
boundary_trajectory,8,88,26.8216,0,7.15296897394866,56.633296085347894
boundary_trajectory,8,89,31.5062,0,3.060505783641335,26.15112215149928
boundary_trajectory,8,90,23.4617,0,6.671078938909509,29.645547457887243
boundary_trajectory,8,91,33.0709,0,3.6975451176512903,31.755363205547017
boundary_trajectory,8,92,27.6045,0,3.9267413854270026,22.464423336085567
boundary_trajectory,8,93,23.7593,0,3.5163518716109814,46.67332714399166
boundary_trajectory,8,94,25.09,0,5.6176841736118,26.598039826684598
boundary_trajectory,8,95,30.2861,0,3.0242086420499676,32.8239075077436
boundary_trajectory,8,96,26.5337,0,8.075361373801556,58.57380060849977
boundary_trajectory,8,97,27.2524,0,4.143281530457331,31.294857418565773
boundary_trajectory,8,98,27.2036,0,3.048945739331311,31.081659352951498
boundary_trajectory,8,99,26.027,0,4.559246923406534,35.135590816660724
boundary_trajectory,8,100,25.1193,0,3.42562028123783,27.459465549508558
boundary_trajectory,8,101,28.8107,0,3.82764733001617,12.11269299658037
boundary_trajectory,8,102,23.7114,0,3.13255747034376,35.60638798975419
boundary_trajectory,8,103,29.3567,0,3.74146122846309,49.359922473407956
boundary_trajectory,8,104,27.9259,0,5.684404048787562,41.90508498414903
boundary_trajectory,8,105,29.5832,0,4.704360456261276,29.484228935283515
boundary_trajectory,8,106,24.3298,0,2.661946495953054,24.403096490743177
boundary_trajectory,8,107,26.0506,0,3.335090578663935,16.713461181952706
boundary_trajectory,8,108,23.2572,0,4.371510857918833,26.02994960708465
boundary_trajectory,8,109,24.4697,0,4.735572635637723,40.57186865171177
boundary_trajectory,8,110,26.894,0,3.7379861639870824,46.93796383341395
boundary_trajectory,8,111,29.7885,0,3.8639207968801634,28.589154125540063
boundary_trajectory,8,112,21.4839,0,4.64129258445415,21.369749631403923
boundary_trajectory,8,113,27.4033,0,7.091494746687002,72.87545428344343
boundary_trajectory,8,114,32.5342,0,5.038648323178349,27.522001667022444
boundary_trajectory,8,115,28.799,0,3.2591561012381676,24.067801188554746
boundary_trajectory,8,116,21.473,0,3.9638782591867634,40.475505420752356
boundary_trajectory,8,117,27.0395,0,8.581179673109991,55.782100926345564
boundary_trajectory,8,118,21.8929,0,3.3603052371960764,16.896453856151933
boundary_trajectory,8,119,20.0834,0,5.340487368005468,40.19303414691639
boundary_trajectory,8,120,25.8911,0,6.083917755207043,44.51971813260655
boundary_trajectory,8,121,21.3782,0,3.5604815534063374,21.60016448250013
boundary_trajectory,8,122,20.4081,0,7.5555662941086394,50.272775223162256
boundary_trajectory,8,123,20.3671,0,8.316312488559245,73.44919020280291
boundary_trajectory,8,124,23.1044,0,1.9668259568385076,15.461698786565496
boundary_trajectory,8,125,21.2048,0,6.865690023363696,41.81808984304322
boundary_trajectory,8,126,29.4185,0,3.313127337735045,24.637868463697743
boundary_trajectory,8,127,21.9595,0,3.564110371914509,35.422418175344944
boundary_trajectory,16,0,43.1984,0,4.470462873848917,42.21493638982064
boundary_trajectory,16,1,54.6058,0,7.369722840929345,44.77014720741181
boundary_trajectory,16,2,47.1374,0,2.230657878655226,10.3747704791551
boundary_trajectory,16,3,53.5248,0,4.589555875379111,45.02374924756032
boundary_trajectory,16,4,41.8873,0,3.069968442313903,13.168094311233265
boundary_trajectory,16,5,49.6104,0,3.841118662679747,18.902679811104047
boundary_trajectory,16,6,46.9469,0,5.480741771349769,18.421795606224578
boundary_trajectory,16,7,53.2348,0,3.6656119616061735,23.01605028008754
boundary_trajectory,16,8,47.279,0,2.85336976248252,15.329737361542136
boundary_trajectory,16,9,44.5053,0,4.795548745556887,86.2166195035089
boundary_trajectory,16,10,56.2738,0,2.7882440231529446,17.216086619052763
boundary_trajectory,16,11,48.8893,0,2.3054453462080646,10.938301438523492
boundary_trajectory,16,12,50.3722,0,4.634738086617546,20.1281100558353
boundary_trajectory,16,13,45.2248,0,2.121740528456719,9.394257393382548
boundary_trajectory,16,14,41.4068,0,7.676863379250087,43.160984802728265
boundary_trajectory,16,15,43.7593,0,4.475314107802602,32.662135775257106
boundary_trajectory,16,16,45.6852,0,5.926655665757097,44.57349935584126
boundary_trajectory,16,17,44.9087,0,4.903720198436639,26.528395602752433
boundary_trajectory,16,18,43.4133,0,2.941983872042617,13.610122824902376
boundary_trajectory,16,19,46.0484,0,3.350199766149285,46.0766985349703
boundary_trajectory,16,20,43.5579,0,2.560420016188317,13.774582407400114
boundary_trajectory,16,21,46.3357,0,4.521934968514126,26.341794098566787
boundary_trajectory,16,22,52.561,0,2.9085827650234446,25.935574747194913
boundary_trajectory,16,23,52.2832,0,3.360645786853511,24.569062502512715
boundary_trajectory,16,24,50.9562,0,2.321295909937659,10.457393900798673
boundary_trajectory,16,25,45.3248,0,2.8643352066569996,12.052966560484245
boundary_trajectory,16,26,50.713,0,4.010191794830439,58.03712205856317
boundary_trajectory,16,27,52.3115,0,2.0047750124366583,10.86909739868564
boundary_trajectory,16,28,44.4666,0,3.1236955136604667,20.13048494457166
boundary_trajectory,16,29,50.6437,0,4.28261591780634,20.912346453449352
boundary_trajectory,16,30,47.6133,0,3.457463457353244,20.232912323717972
boundary_trajectory,16,31,45.0607,0,2.421412027501203,13.475391668503194
boundary_trajectory,16,32,46.0969,0,7.297849715976194,31.26369347121589
boundary_trajectory,16,33,57.7803,0,4.403691688827344,33.86010405493326
boundary_trajectory,16,34,52.636,0,4.0254302363138965,29.27397512645782
boundary_trajectory,16,35,44.3015,0,5.960242878115981,54.3628059060395
boundary_trajectory,16,36,62.8444,0,4.808861710149652,27.062322402838838
boundary_trajectory,16,37,49.7056,0,2.885694309774405,16.340383170888682
boundary_trajectory,16,38,52.4996,0,3.6501087453256043,41.72150349098311
boundary_trajectory,16,39,57.1054,0,5.0938870961882445,32.20335926505296
boundary_trajectory,16,40,51.6096,0,5.891340870700259,43.10557013778679
boundary_trajectory,16,41,56.6969,0,2.8683349131919833,18.51954347210874
boundary_trajectory,16,42,44.0052,0,3.7982316737077566,13.470319956428254
boundary_trajectory,16,43,46.4975,0,3.6666348930111106,28.36709596261216
boundary_trajectory,16,44,45.6269,0,3.286142212590379,14.156949031922506
boundary_trajectory,16,45,47.2633,0,6.687593369980173,64.37403338094248
boundary_trajectory,16,46,43.574,0,4.924827428023218,54.13208864954375
boundary_trajectory,16,47,47.7994,0,8.364784586510861,69.52228263848987
boundary_trajectory,16,48,42.6038,0,4.834595337084248,28.695665163344856
boundary_trajectory,16,49,40.7874,0,5.550149106254352,42.18966902481031
boundary_trajectory,16,50,41.6171,0,1.985322074521095,10.62865565398339
boundary_trajectory,16,51,47.2113,0,2.9911466313591086,15.259104578298963
boundary_trajectory,16,52,46.3083,0,2.657448798900837,15.0737953884212
boundary_trajectory,16,53,41.9488,0,3.4862361914066127,22.33970617688785
boundary_trajectory,16,54,43.9242,0,4.163267468453031,21.714153416303326
boundary_trajectory,16,55,45.1341,0,3.647495140024588,12.514421565620296
boundary_trajectory,16,56,42.6009,0,2.967626619879697,30.990587280228933
boundary_trajectory,16,57,51.3895,0,4.194113647097759,25.375913064967683
boundary_trajectory,16,58,51.8948,0,3.8054182163635746,15.443250640139174
boundary_trajectory,16,59,45.1859,0,1.7983062227304267,12.58826686573557
boundary_trajectory,16,60,50.0783,0,4.564801165712572,36.44021458844635
boundary_trajectory,16,61,51.6923,0,2.8379069082771977,14.127895732229526
boundary_trajectory,16,62,49.0913,0,5.423789308429588,24.277319075627606
boundary_trajectory,16,63,52.3875,0,4.291641839714774,19.956530776976074
boundary_trajectory,16,64,51.2895,0,3.0561048116040053,14.771635843916735
boundary_trajectory,16,65,56.4442,0,4.5266755739405955,27.229525990359175
boundary_trajectory,16,66,57.9831,0,4.1564991109407705,48.31596074944867
boundary_trajectory,16,67,52.1062,0,4.639953833526034,31.323818322615995
boundary_trajectory,16,68,45.9496,0,3.8141305073751908,45.60631844414975
boundary_trajectory,16,69,44.8497,0,2.522666129263215,19.143594810990866
boundary_trajectory,16,70,40.7588,0,4.797710864276682,32.888037221077845
boundary_trajectory,16,71,38.4963,0,4.136444826918673,14.898631020501444
boundary_trajectory,16,72,43.7081,0,3.923190851463009,22.51418222338073
boundary_trajectory,16,73,51.1455,0,3.8474179935893082,31.99441799837894
boundary_trajectory,16,74,49.8725,0,7.177394555667681,40.48451093729875
boundary_trajectory,16,75,42.5455,0,4.43310348368736,36.2669437557022
boundary_trajectory,16,76,45.4611,0,3.155813126810179,16.550356067976207
boundary_trajectory,16,77,47.3195,0,7.173959631257303,56.75139313726925
boundary_trajectory,16,78,44.4812,0,3.4289610601147493,26.391105842413964
boundary_trajectory,16,79,42.8767,0,5.893978636475558,25.859556778000712
boundary_trajectory,16,80,50.6701,0,4.713657921714847,29.989701438983396
boundary_trajectory,16,81,43.0621,0,2.8828119395465746,27.86105519048716
boundary_trajectory,16,82,45.6564,0,6.135109345619118,33.389022246924135
boundary_trajectory,16,83,47.2743,0,4.241034848202005,26.812008915525293
boundary_trajectory,16,84,42.5107,0,3.991608176526949,28.208242593638943
boundary_trajectory,16,85,47.69,0,4.135540299468773,19.668061868711604
boundary_trajectory,16,86,46.951,0,3.7675879432861525,26.203698580011107
boundary_trajectory,16,87,40.9763,0,4.533214988053519,15.377345110714169
boundary_trajectory,16,88,40.2808,0,7.181976727810423,54.87272423918727
boundary_trajectory,16,89,41.2941,0,3.1868107834554698,17.77652295487136
boundary_trajectory,16,90,42.6662,0,6.499014943900971,26.791263681689607
boundary_trajectory,16,91,43.6106,0,3.55440573858091,18.17774890066128
boundary_trajectory,16,92,42.5338,0,3.8998295876131777,21.03364431660686
boundary_trajectory,16,93,43.8122,0,3.4170228816043826,29.03436767061623
boundary_trajectory,16,94,40.3448,0,5.406341387418272,21.406410847008264
boundary_trajectory,16,95,41.3788,0,2.9978295663213785,30.56608797243269
boundary_trajectory,16,96,41.3728,0,8.059074385136311,58.78522539266075
boundary_trajectory,16,97,42.9309,0,4.166394661047261,29.833341181457744
boundary_trajectory,16,98,44.1233,0,2.815343316345014,25.21996553562261
boundary_trajectory,16,99,41.2136,0,4.386011496813206,25.010087270459845
boundary_trajectory,16,100,50.7442,0,3.1557534655795227,22.885633494160192
boundary_trajectory,16,101,53.5048,0,3.742713387269241,9.775694345615968
boundary_trajectory,16,102,47.8015,0,3.074406526671052,26.77192922353134
boundary_trajectory,16,103,44.0227,0,3.755496321629394,44.27496311363531
boundary_trajectory,16,104,42.0801,0,5.783960111806434,41.91211681157426
boundary_trajectory,16,105,41.1802,0,4.69065663738574,26.661098836457374
boundary_trajectory,16,106,39.2327,0,2.6291198079466436,23.795216880313514
boundary_trajectory,16,107,46.1933,0,3.352547450536037,13.573526867197792
boundary_trajectory,16,108,47.1223,0,4.151805751437884,21.377109570534046
boundary_trajectory,16,109,46.7,0,4.743605566952945,40.73244705908167
boundary_trajectory,16,110,43.0515,0,3.6206270633160225,41.00113471285547
boundary_trajectory,16,111,41.3943,0,3.8856460919888662,22.235681998199706
boundary_trajectory,16,112,40.7833,0,4.802295516104744,18.03663711387708
boundary_trajectory,16,113,38.4452,0,7.159064413880193,72.20142414362563
boundary_trajectory,16,114,45.5622,0,5.087172811876147,27.004798683052158
boundary_trajectory,16,115,47.5575,0,3.3193487192913165,21.955442658996077
boundary_trajectory,16,116,40.1641,0,4.016879330088212,37.19777198709304
boundary_trajectory,16,117,38.8135,0,8.803097588100258,57.304625191668286
boundary_trajectory,16,118,44.4436,0,3.2218010534682784,14.541615321549342
boundary_trajectory,16,119,44.6547,0,5.383159716284851,40.458636597321565
boundary_trajectory,16,120,42.6692,0,5.9810734076647725,41.6088694412424
boundary_trajectory,16,121,44.8002,0,3.5208465083858296,17.23586460595464
boundary_trajectory,16,122,46.4565,0,7.338715447314619,43.37889280073692
boundary_trajectory,16,123,45.3523,0,8.285636719638896,73.6076032368693
boundary_trajectory,16,124,51.2134,0,1.786002599376913,12.379473071675376
boundary_trajectory,16,125,51.7152,0,6.934069119657479,39.001670286415944
boundary_trajectory,16,126,43.3244,0,3.272758325698945,20.493879875963295
boundary_trajectory,16,127,44.2067,0,3.4687171566952912,32.910648203926215
projected_velocity,1,0,3.7671,0,1.3714556240697562,8.136415826198904
projected_velocity,1,1,4.516,0,1.6229719447793367,11.02649205623951
projected_velocity,1,2,3.8546,0,1.2513022143738286,6.589120003360336
projected_velocity,1,3,3.9224,0,1.3128506838518565,7.827059204678997
projected_velocity,1,4,5.0091,0,1.2964600054891022,7.206205808263885
projected_velocity,1,5,5.7932,0,1.307300353921006,6.848000309758758
projected_velocity,1,6,4.9476,0,1.2823776379551424,8.442319425454155
projected_velocity,1,7,5.2655,0,1.1527502411792165,7.798733381310466
projected_velocity,1,8,4.9336,0,1.147185717589171,7.631422666220798
projected_velocity,1,9,5.8317,0,1.5153198657677687,10.505324447696047
projected_velocity,1,10,5.2788,0,1.005959831375371,6.938632010308171
projected_velocity,1,11,6.148,0,1.0816171176862808,6.2210977611753115
projected_velocity,1,12,5.9135,0,1.1674723412766326,9.816263079367328
projected_velocity,1,13,5.8322,0,1.183342578440943,6.99640026808851
projected_velocity,1,14,5.0889,0,1.4975626788746332,10.232848709808533
projected_velocity,1,15,4.566,0,1.2104725497822706,7.521207778068628
projected_velocity,1,16,5.2009,0,1.3449089240328655,8.264951938869233
projected_velocity,1,17,5.1018,0,1.4308344508392319,11.245751966876185
projected_velocity,1,18,5.0435,0,1.2559374890000925,7.1747310585115915
projected_velocity,1,19,5.1266,0,1.155190632532816,11.091558321753414
projected_velocity,1,20,4.4349,0,1.214312093543953,7.048479005216325
projected_velocity,1,21,4.518,0,1.318417425329005,9.441079898797296
projected_velocity,1,22,4.6553,0,1.5201999157730872,9.741415272934896
projected_velocity,1,23,4.7951,0,1.255526108053972,8.901402476014932
projected_velocity,1,24,4.9783,0,1.224566781264916,6.127492831297946
projected_velocity,1,25,4.6649,0,1.1764939797293024,8.6928003446297
projected_velocity,1,26,4.5962,0,1.259338988911507,7.592995421256882
projected_velocity,1,27,4.2048,0,1.0861759682441132,6.629422694457533
projected_velocity,1,28,4.6493,0,1.5772854297893517,9.28128085585551
projected_velocity,1,29,4.9728,0,1.4983359832713978,10.969670870766087
projected_velocity,1,30,3.5859,0,1.284341564494989,10.126600378606193
projected_velocity,1,31,3.4636,0,1.1635377987116113,7.786078450633078
projected_velocity,1,32,3.0425,0,1.462575095750075,13.384079783312524
projected_velocity,1,33,2.982,0,1.174418609384579,7.888906149663067
projected_velocity,1,34,2.8898,0,1.3010042350396447,8.706715220024266
projected_velocity,1,35,3.2647,0,1.469445414232177,16.9308242400339
projected_velocity,1,36,3.1892,0,1.5825261039518423,15.146638344980182
projected_velocity,1,37,3.1483,0,1.3783419611089227,8.920298377412482
projected_velocity,1,38,3.3687,0,1.2624385509245795,6.6063084793351035
projected_velocity,1,39,4.6424,0,2.0188923977042808,13.563455191878857
projected_velocity,1,40,4.6492,0,1.3859942870277726,10.77193981800138
projected_velocity,1,41,4.07,0,1.1927453352743054,8.886263753174811
projected_velocity,1,42,3.1273,0,1.1895522272652277,8.325237487723825
projected_velocity,1,43,3.7281,0,1.3548482827252786,7.62258872533146
projected_velocity,1,44,3.2558,0,1.0695670887720183,6.145360360339399
projected_velocity,1,45,3.6313,0,1.7944372674716444,11.065018648299228
projected_velocity,1,46,4.6575,0,1.40607670688524,8.347295287086057
projected_velocity,1,47,5.0287,0,1.448183772685829,8.947179586963344
projected_velocity,1,48,5.0869,0,1.360937037713653,13.126257489891804
projected_velocity,1,49,4.8543,0,1.4537833243612706,8.937130033949968
projected_velocity,1,50,3.1134,0,1.081917709373282,6.379453821995683
projected_velocity,1,51,2.8858,0,1.536974133620387,10.890917085793335
projected_velocity,1,52,3.1196,0,1.2505622795880356,6.154152542678564
projected_velocity,1,53,3.0275,0,1.233664610176175,10.804090811023324
projected_velocity,1,54,3.6144,0,1.2406644340115593,10.484592551020533
projected_velocity,1,55,3.0613,0,1.2643665492018363,7.432595131626494
projected_velocity,1,56,4.1923,0,1.418611841342583,8.611392582805856
projected_velocity,1,57,4.6611,0,1.402114836517675,14.96527037154283
projected_velocity,1,58,4.2147,0,1.455728103136635,10.327387018874425
projected_velocity,1,59,3.428,0,1.2158795974311274,7.1815759594546495
projected_velocity,1,60,2.9198,0,1.3147264122649036,13.650618763385529
projected_velocity,1,61,3.7322,0,1.2135699799773998,6.42869193003173
projected_velocity,1,62,4.5808,0,1.1704647117132874,9.004720159223085
projected_velocity,1,63,4.9828,0,1.3023562780352849,10.829827422175496
projected_velocity,1,64,3.8471,0,1.2111096267534187,6.120825421509611
projected_velocity,1,65,4.3394,0,1.1264139764244465,8.908264715716445
projected_velocity,1,66,4.215,0,1.3813039918249217,9.651362622768405
projected_velocity,1,67,3.5332,0,1.2908024334620847,9.935299555237528
projected_velocity,1,68,3.0485,0,1.2526912297919548,7.095214051731729
projected_velocity,1,69,4.6599,0,1.427071724397922,7.549371278361942
projected_velocity,1,70,4.6842,0,1.465545190092816,13.754007443177759
projected_velocity,1,71,4.3271,0,1.6655672834340485,7.049550643572608
projected_velocity,1,72,3.0184,0,1.2906219882923697,7.499435825033218
projected_velocity,1,73,3.0156,0,1.3516017821600286,7.059719708602314
projected_velocity,1,74,5.1465,0,1.2769382918653043,6.8926755690759824
projected_velocity,1,75,5.2246,0,1.3314330981181333,10.339049476943098
projected_velocity,1,76,3.1139,0,1.2828825165219322,7.618857464988646
projected_velocity,1,77,3.0422,0,1.5130612119543236,9.465701690820648
projected_velocity,1,78,2.966,0,1.3237653715424678,8.346640555058286
projected_velocity,1,79,2.7999,0,1.3960247063479239,14.2189586216281
projected_velocity,1,80,2.8056,0,1.0105669837793338,6.863103100459983
projected_velocity,1,81,2.7809,0,1.2746946093895604,13.060699816915447
projected_velocity,1,82,3.3505,0,1.3408196119163578,5.326466066319299
projected_velocity,1,83,4.0371,0,1.3206203461105503,6.453473729329087
projected_velocity,1,84,3.8035,0,1.5585950562383097,7.295854882464879
projected_velocity,1,85,2.7816,0,1.7610763229785116,13.222726174865343
projected_velocity,1,86,3.1362,0,1.6135352829344454,12.350034631120035
projected_velocity,1,87,4.1277,0,1.3525290269003467,8.2265137684178
projected_velocity,1,88,4.0565,0,1.6689242365362635,10.847738111914413
projected_velocity,1,89,3.6107,0,1.3177265630208606,15.561232327734782
projected_velocity,1,90,2.848,0,1.7117292239874242,10.20087704372768
projected_velocity,1,91,2.7075,0,1.4862397445588051,8.364952157640413
projected_velocity,1,92,2.7092,0,1.4270900006572917,7.500099872367795
projected_velocity,1,93,2.8442,0,1.4912317209221468,9.073444197632297
projected_velocity,1,94,3.6873,0,1.4376363436991466,9.506105462314215
projected_velocity,1,95,3.5139,0,1.2877749185861813,9.273639426203909
projected_velocity,1,96,4.6635,0,1.705908557609301,8.139509820721358
projected_velocity,1,97,3.8394,0,1.1799652164374235,6.546956275194634
projected_velocity,1,98,3.2925,0,1.4362690923141654,7.258587362843401
projected_velocity,1,99,3.5312,0,1.478443421666026,9.86893676968841
projected_velocity,1,100,4.4711,0,1.2749631928690863,8.970915332537698
projected_velocity,1,101,4.9503,0,1.2560446286498765,8.99807505640051
projected_velocity,1,102,4.4755,0,1.6064844615380551,9.28308295118065
projected_velocity,1,103,4.9197,0,1.606307838828222,8.983185049204385
projected_velocity,1,104,3.7374,0,1.1246461754431778,6.765888732926659
projected_velocity,1,105,3.6727,0,1.26934203741067,13.98498974025908
projected_velocity,1,106,3.3087,0,1.263888553507138,6.644241477575133
projected_velocity,1,107,2.9571,0,1.2449364619303998,5.548813467564584
projected_velocity,1,108,2.9572,0,1.4089757761158814,9.40137125828353
projected_velocity,1,109,2.9398,0,1.2107513343195777,3.4583851199892854
projected_velocity,1,110,4.1575,0,1.6237011400626433,7.6261541934155614
projected_velocity,1,111,4.3895,0,1.468052912589641,9.529108478115399
projected_velocity,1,112,3.0846,0,1.4213482065674146,7.578363772562258
projected_velocity,1,113,3.4155,0,1.637052810753776,11.317510194958356
projected_velocity,1,114,2.9605,0,1.409561396921807,6.461892943066298
projected_velocity,1,115,2.8786,0,1.3285175366478803,8.695222904614768
projected_velocity,1,116,4.0968,0,1.5323110451370303,10.956606464229182
projected_velocity,1,117,4.6682,0,1.3377795970152055,10.161230305952342
projected_velocity,1,118,4.3993,0,1.2381384952256662,5.638392975227578
projected_velocity,1,119,4.586,0,1.2709566533733236,9.291028449954227
projected_velocity,1,120,2.9375,0,1.4008499967430332,12.632797725359357
projected_velocity,1,121,3.369,0,1.4765976933304084,12.010917550623674
projected_velocity,1,122,5.2243,0,1.6027576366989118,13.30533194427678
projected_velocity,1,123,3.5674,0,1.3754098974232585,8.171058554439478
projected_velocity,1,124,4.9658,0,1.1563497007171482,9.345481209973864
projected_velocity,1,125,4.3277,0,1.328523728752255,10.736303963950881
projected_velocity,1,126,2.7781,0,1.1170421534247958,8.90993871839722
projected_velocity,1,127,3.3407,0,1.254084811132247,8.798936428029448
projected_velocity,4,0,11.1738,0,1.3100691233244213,3.4482813395284406
projected_velocity,4,1,15.9208,0,1.5893502529970622,3.5895045518629667
projected_velocity,4,2,31.2376,1,1.1527851495003207,1.9353755579518548
projected_velocity,4,3,18.4031,1,1.1702882457517687,2.4361080748609694
projected_velocity,4,4,17.5727,1,1.1036962947390334,1.8288073223722239
projected_velocity,4,5,18.352,1,1.184155309439029,2.524986707437522
projected_velocity,4,6,17.0731,1,1.076283193602952,1.7875845768989296
projected_velocity,4,7,10.5293,1,1.0239086333387515,1.9732480187382744
projected_velocity,4,8,11.5113,1,1.0829365935260247,2.3287965543231843
projected_velocity,4,9,10.1965,0,1.5977587468499956,7.668909630942346
projected_velocity,4,10,13.3895,1,0.8924371951940819,2.0151792682549425
projected_velocity,4,11,10.4918,1,1.1144521893613921,1.8148859771818409
projected_velocity,4,12,10.3767,0,1.1483112186721185,4.090633321496015
projected_velocity,4,13,12.2235,1,1.1948475703472878,1.8729586459607763
projected_velocity,4,14,14.3623,1,1.5436021416031656,2.6337975798867475
projected_velocity,4,15,14.227,1,1.1356209804639388,2.595702735156479
projected_velocity,4,16,12.1643,0,1.4404596240427856,3.2824540946116434
projected_velocity,4,17,15.1188,0,1.4588575082657458,5.977794975934308
projected_velocity,4,18,14.8923,1,1.2251140971707326,2.4683116089512778
projected_velocity,4,19,10.8101,0,1.1033580687310913,3.4992860391156593
projected_velocity,4,20,10.3521,1,0.8645838331549113,2.079642833619487
projected_velocity,4,21,16.799,1,1.2388762715861834,2.364866924314277
projected_velocity,4,22,14.0267,1,0.9850095512285029,2.0089094524133917
projected_velocity,4,23,10.9152,0,1.180298865714296,3.0739156117202806
projected_velocity,4,24,13.4037,1,0.9681611208621497,1.778970485949379
projected_velocity,4,25,13.1806,0,1.0326449947690315,3.1273621232077504
projected_velocity,4,26,10.4028,1,1.3504070432224269,2.520249071927508
projected_velocity,4,27,14.2735,1,0.9469671481030797,1.8138437656658888
projected_velocity,4,28,13.4051,1,1.4196835526800082,2.405670154639347
projected_velocity,4,29,11.0808,0,1.4308589374804712,5.267035249357797
projected_velocity,4,30,11.7198,0,1.19575436647418,8.106570213734896
projected_velocity,4,31,10.863,1,1.0058517140840069,2.452736215238506
projected_velocity,4,32,10.9105,0,1.395970314849076,3.6293898381634797
projected_velocity,4,33,10.9541,0,1.0729428517680812,3.0003970653085696
projected_velocity,4,34,10.9191,1,1.1115630932476694,2.143985616677899
projected_velocity,4,35,10.1733,0,1.4753795843830144,3.93789148755576
projected_velocity,4,36,10.406,0,1.4110827769466747,3.9637068410662617
projected_velocity,4,37,10.0512,1,1.301332725322068,1.526998111333866
projected_velocity,4,38,10.9724,1,1.0422347070109172,2.1614619107294297
projected_velocity,4,39,10.9859,0,1.4915011006729935,3.7779674922210313
projected_velocity,4,40,10.2076,1,1.1443995917527403,1.915808275482544
projected_velocity,4,41,10.9017,1,1.1598775634571503,2.2402312325859337
projected_velocity,4,42,11.3462,1,0.9722142280135281,2.983659497209136
projected_velocity,4,43,11.0232,1,1.2977658842467485,2.5938317606014456
projected_velocity,4,44,13.6288,1,0.982633543274777,2.0567583481680165
projected_velocity,4,45,10.9658,1,1.4811870210762539,2.924946988128878
projected_velocity,4,46,11.6773,1,1.1210220445934693,2.505577580571863
projected_velocity,4,47,14.9972,0,1.338509053895873,3.220522892652166
projected_velocity,4,48,11.7882,0,1.3911774432541975,4.60266911477358
projected_velocity,4,49,13.0318,0,1.4372752668932856,3.465645174746878
projected_velocity,4,50,10.2074,1,0.9507180211503956,1.81683435974476
projected_velocity,4,51,10.6807,0,1.4674171228408297,3.97094649484776
projected_velocity,4,52,16.5418,1,0.9802558966048783,1.7418405813287485
projected_velocity,4,53,14.6754,1,1.0348561033497845,2.8815920868045066
projected_velocity,4,54,15.1772,1,1.169894951243014,2.88944355045966
projected_velocity,4,55,12.4736,1,1.106383702938611,2.577564049425942
projected_velocity,4,56,12.5646,1,1.305174007121565,2.7844257511462622
projected_velocity,4,57,11.0343,0,1.1286032227582807,6.748358893417131
projected_velocity,4,58,11.3319,0,1.3449475687129817,3.0122882796182098
projected_velocity,4,59,13.7355,1,0.9673387899815589,1.678799341524746
projected_velocity,4,60,15.6119,1,1.182680995695465,2.655172918560642
projected_velocity,4,61,12.8636,1,0.9043348210474926,1.7959803495409548
projected_velocity,4,62,10.213,1,1.1937809260931036,2.0809070321767122
projected_velocity,4,63,12.2026,1,1.2869302416599633,2.859425018329468
projected_velocity,4,64,12.0833,1,1.0920798817169288,2.1610163120688597
projected_velocity,4,65,12.4649,1,1.0028561763273425,2.2641050008184336
projected_velocity,4,66,13.8812,0,1.3734755605525442,6.337839757567259
projected_velocity,4,67,12.7452,0,1.2209341787422692,3.1779074705168577
projected_velocity,4,68,10.0426,0,1.1932909304831438,4.143165617700747
projected_velocity,4,69,10.0629,1,1.0165249830997987,1.919687796395563
projected_velocity,4,70,10.1135,0,1.5954329728577414,3.0275237342077834
projected_velocity,4,71,10.3032,1,1.3357418688248481,2.172610002353479
projected_velocity,4,72,10.8697,1,1.1567061783090882,2.2076667339070326
projected_velocity,4,73,15.0602,0,1.3433120690671012,3.4497811362694595
projected_velocity,4,74,13.2517,1,1.2017774991388621,1.5868833817186594
projected_velocity,4,75,11.0562,1,1.2249755324098055,2.7967701046428215
projected_velocity,4,76,11.458,0,1.269417688060919,4.536549058658786
projected_velocity,4,77,16.4204,0,1.3013680828730845,3.577789546645737
projected_velocity,4,78,14.9511,0,1.2452135019536235,3.794283071084436
projected_velocity,4,79,16.4382,0,1.4420842474808537,3.4889121671260397
projected_velocity,4,80,13.87,1,1.0127328152673922,2.6496253176613838
projected_velocity,4,81,14.6449,0,1.119570783635592,3.75842482794547
projected_velocity,4,82,10.9743,0,1.4027477108231046,3.6082864291515007
projected_velocity,4,83,12.8103,1,1.103375678375207,1.8132887917871006
projected_velocity,4,84,12.0919,0,1.5073508140546477,3.324774334949104
projected_velocity,4,85,16.2532,0,1.5568931312204872,4.866758549179477
projected_velocity,4,86,10.6652,0,1.3469611684682523,3.953776076292132
projected_velocity,4,87,13.0506,0,1.3130453588706588,3.263905159896256
projected_velocity,4,88,15.9466,0,1.437053378782599,3.85370745080253
projected_velocity,4,89,23.5311,1,1.2423803900840729,2.841833684336677
projected_velocity,4,90,24.055,1,1.5777318351844927,2.884485732494391
projected_velocity,4,91,31.6304,1,1.4193923862984188,2.958709322804635
projected_velocity,4,92,18.476,1,1.1843686766241133,2.3078037237723037
projected_velocity,4,93,22.826,0,1.5049488802787812,3.407250008281998
projected_velocity,4,94,15.7818,0,1.338770492452291,3.2505264088597414
projected_velocity,4,95,14.1303,0,1.1771661107044726,3.0929757719338844
projected_velocity,4,96,13.5911,0,1.765350584935568,3.2233448764154495
projected_velocity,4,97,11.0,1,1.1355853999229852,2.6247607001625988
projected_velocity,4,98,12.8183,1,1.4945194978238974,2.4947604945380695
projected_velocity,4,99,12.591,1,1.3113009210944224,2.8009069748334587
projected_velocity,4,100,13.7876,1,1.1388745138202092,2.7836084970072226
projected_velocity,4,101,10.64,1,1.1209193587411037,2.818200224576641
projected_velocity,4,102,11.722,1,1.5062342696929636,2.409932559975769
projected_velocity,4,103,16.8498,0,1.5261578355259375,4.350373985805095
projected_velocity,4,104,14.3225,1,0.9669252607182607,1.632801325693265
projected_velocity,4,105,17.6422,1,1.2238237920458246,2.8211372721251355
projected_velocity,4,106,12.6136,1,1.041929207937552,2.2014166185945867
projected_velocity,4,107,10.7966,1,1.138238021688008,1.4936313513439763
projected_velocity,4,108,11.3915,1,1.0931830355173988,2.529718864528424
projected_velocity,4,109,10.8334,1,1.3056010832605414,1.9640182408894726
projected_velocity,4,110,12.2538,1,1.5792260849929796,2.9398794499788843
projected_velocity,4,111,11.6485,0,1.5206266493699232,3.5688001523164523
projected_velocity,4,112,14.1843,1,1.0787008005704597,1.9246876585579278
projected_velocity,4,113,12.1022,0,1.3826176573343039,3.525397897806073
projected_velocity,4,114,15.5303,1,1.1501689609883536,2.544176299026166
projected_velocity,4,115,10.708,1,1.2745718586968695,2.211503732805004
projected_velocity,4,116,10.6589,1,1.1453889030913063,2.6469285532395257
projected_velocity,4,117,11.241,0,1.3693273332028457,5.570616030642836
projected_velocity,4,118,15.2456,1,1.2122306400316571,2.2437461548315385
projected_velocity,4,119,14.5425,1,1.2164108815420063,2.733243451297077
projected_velocity,4,120,10.5591,0,1.2354578328542205,3.657323681931411
projected_velocity,4,121,9.9285,0,1.2777417939857634,4.032117696233205
projected_velocity,4,122,10.3382,0,1.576407073970393,4.925366586290534
projected_velocity,4,123,13.9177,0,1.2819096506117098,4.268059636026016
projected_velocity,4,124,10.1257,1,0.8900033904918101,2.5590330049251144
projected_velocity,4,125,10.3615,0,1.4369916289420313,3.3655166377090557
projected_velocity,4,126,10.2404,1,0.8836956983202161,2.460873202023364
projected_velocity,4,127,10.5063,1,1.083936863078856,2.4412008366068045
projected_velocity,8,0,20.0456,0,1.313619328791887,3.719956472238371
projected_velocity,8,1,24.734,1,1.589594430618796,2.8686707978663715
projected_velocity,8,2,21.3177,1,1.1463940185769408,1.5350938355241928
projected_velocity,8,3,19.6996,1,1.1628835447597228,1.64756741532452
projected_velocity,8,4,19.8133,1,1.0897661603671789,1.6154441738876895
projected_velocity,8,5,20.4659,1,1.1815297288270359,2.338398238321447
projected_velocity,8,6,20.2052,1,1.0746241553956153,1.9505888441149744
projected_velocity,8,7,22.8027,1,1.0277278375671852,2.0291880546924275
projected_velocity,8,8,19.8097,1,1.1030496630007458,2.12895165784377
projected_velocity,8,9,25.3652,0,1.6097152656748894,7.6288604642556805
projected_velocity,8,10,20.6317,1,0.8759322929758351,1.7542931065231746
projected_velocity,8,11,19.8808,1,1.1063073901594433,1.4627957798049982
projected_velocity,8,12,20.3377,0,1.1635116570687296,4.0234144278197395
projected_velocity,8,13,23.9481,1,1.19517077283074,1.3210095200235583
projected_velocity,8,14,21.1435,1,1.5455797077981996,2.5877435346611657
projected_velocity,8,15,22.8279,1,1.1389615922532983,2.3657703041134117
projected_velocity,8,16,20.7553,0,1.4335556612829032,3.1675019623989114
projected_velocity,8,17,21.8855,0,1.4455734772477287,5.600923429524219
projected_velocity,8,18,21.7908,1,1.2186577066061506,2.043772895034339
projected_velocity,8,19,19.4976,0,1.1080822914408865,3.358590500092644
projected_velocity,8,20,19.953,1,0.872001590584881,1.7062219759299246
projected_velocity,8,21,22.6313,1,1.2330747584570703,1.8703081193358342
projected_velocity,8,22,23.397,1,0.97376446853349,1.5586589520853036
projected_velocity,8,23,19.7854,1,1.1960097718933145,2.11298883812887
projected_velocity,8,24,24.493,1,0.9550339393173866,1.3252893289125522
projected_velocity,8,25,19.7857,1,1.0246881308385125,2.4520483097614423
projected_velocity,8,26,19.301,1,1.3566310034839821,2.5524596936432977
projected_velocity,8,27,24.559,1,0.9412626598870253,1.6531903482851114
projected_velocity,8,28,19.9744,1,1.4059880426838671,1.9012674921083237
projected_velocity,8,29,19.9258,0,1.4356828915147264,5.000194967021952
projected_velocity,8,30,21.3281,0,1.1948612884521794,8.167097069634604
projected_velocity,8,31,20.044,1,0.993268737225833,1.9294054502519506
projected_velocity,8,32,19.907,1,1.3910906408667125,2.5406598359284867
projected_velocity,8,33,20.6038,1,1.0787144446746328,2.657627690516897
projected_velocity,8,34,22.0896,1,1.101825313299784,2.3318325344363657
projected_velocity,8,35,20.2406,0,1.4731212814939914,3.287990322732303
projected_velocity,8,36,28.0439,0,1.3996913009947778,3.2146516549778164
projected_velocity,8,37,21.9538,1,1.3132130600474212,1.1419657051205871
projected_velocity,8,38,22.1742,1,1.0477368998293066,1.760993900273119
projected_velocity,8,39,24.003,0,1.4620255834861229,3.5052398171570394
projected_velocity,8,40,26.0365,1,1.1416964361073565,1.5903548616288647
projected_velocity,8,41,20.1509,1,1.146095144621103,2.0899077458462334
projected_velocity,8,42,26.568,0,0.9655972288960374,3.071839162407304
projected_velocity,8,43,21.7452,1,1.2937746739346738,2.8119122450639367
projected_velocity,8,44,20.4831,1,0.9752146575557429,1.911468038644886
projected_velocity,8,45,23.2675,1,1.4780242492053843,2.866722928471709
projected_velocity,8,46,20.4249,1,1.1195078791277708,2.1397204726125807
projected_velocity,8,47,22.9933,1,1.3527678706471833,2.5856542050206057
projected_velocity,8,48,28.4859,0,1.3801994745754578,3.4735262594712784
projected_velocity,8,49,21.4876,0,1.4373659345859653,3.765293181293359
projected_velocity,8,50,20.2058,1,0.9276456375902007,1.413429275699117
projected_velocity,8,51,21.586,0,1.478037601156402,3.6886469082384616
projected_velocity,8,52,19.6009,1,0.9880351456350437,1.4012566859147533
projected_velocity,8,53,20.9792,1,1.0355144355660648,2.557523490039616
projected_velocity,8,54,24.7609,1,1.1623736328327694,2.5927877209704735
projected_velocity,8,55,23.7154,1,1.1236365697376465,2.5516783748199505
projected_velocity,8,56,21.0355,1,1.321036041140619,2.586248641256524
projected_velocity,8,57,21.7179,0,1.1457914360355372,6.199395742689263
projected_velocity,8,58,23.9504,1,1.3312030283928207,2.373151093102868
projected_velocity,8,59,28.5565,1,0.9624542667926244,1.365728703480643
projected_velocity,8,60,25.8593,1,1.1841763020930949,2.6681298500020407
projected_velocity,8,61,22.0424,1,0.9005108535632653,1.2966392285717423
projected_velocity,8,62,23.0174,1,1.1827820908628333,1.4423934638739009
projected_velocity,8,63,24.5264,1,1.2857901849582352,2.1950440629767223
projected_velocity,8,64,24.5625,1,1.0874264478898779,1.7797928503831935
projected_velocity,8,65,20.9034,1,1.0242106303112561,1.5613860263747557
projected_velocity,8,66,20.9523,0,1.3546397040497635,6.131405661451408
projected_velocity,8,67,20.2897,1,1.2119260625321617,2.382777874016392
projected_velocity,8,68,24.5326,0,1.2092697733703457,4.176995768739264
projected_velocity,8,69,20.7611,1,1.0009324574346714,1.4245934982072037
projected_velocity,8,70,19.4748,1,1.5959812002077387,2.3936981579866914
projected_velocity,8,71,20.3814,1,1.3238608186032061,1.625717451188265
projected_velocity,8,72,22.8686,1,1.1679465448083142,2.0089530772468556
projected_velocity,8,73,19.7114,1,1.3438579305299445,2.9444986966174183
projected_velocity,8,74,19.7701,1,1.1890239771124356,1.4067089609622152
projected_velocity,8,75,22.9269,1,1.2216490045184456,2.2247015302094764
projected_velocity,8,76,20.2678,0,1.2611073608549377,4.401084851317087
projected_velocity,8,77,23.5095,0,1.2762334488315168,3.2933676929233067
projected_velocity,8,78,21.6249,0,1.2301411950369712,3.7493757731301183
projected_velocity,8,79,20.6396,1,1.4569312648666222,2.5107598101160296
projected_velocity,8,80,22.9437,1,1.0285043205512134,2.5774923195518427
projected_velocity,8,81,25.0126,0,1.1086285464861343,3.124714318568156
projected_velocity,8,82,21.8634,0,1.4046907702466154,3.6959666541644283
projected_velocity,8,83,22.3327,1,1.1118395017497849,1.6850831983800465
projected_velocity,8,84,25.7359,0,1.5013113742420967,3.2796863900979334
projected_velocity,8,85,22.4653,0,1.5467187173280563,4.242440329312322
projected_velocity,8,86,28.4126,0,1.31894784162929,3.7282932419842667
projected_velocity,8,87,24.0947,1,1.2915051174175598,2.756310960968766
projected_velocity,8,88,21.5898,0,1.418468845427245,3.5711127876903213
projected_velocity,8,89,27.8751,1,1.245539166183883,2.157833613443695
projected_velocity,8,90,24.6387,1,1.563811918897394,2.14328629799353
projected_velocity,8,91,24.8907,1,1.4192511998042743,2.8135366840837186
projected_velocity,8,92,24.0005,1,1.1780497963560739,2.07813688951006
projected_velocity,8,93,21.6818,0,1.4907661131729877,3.5687846007661146
projected_velocity,8,94,23.523,1,1.362510459658482,2.930215645944444
projected_velocity,8,95,21.1566,1,1.175151893114812,2.875097479456806
projected_velocity,8,96,23.8265,0,1.758961291070803,3.1039705855864206
projected_velocity,8,97,22.159,1,1.1375038036767542,1.7939503423070986
projected_velocity,8,98,23.9589,1,1.4965550814837933,2.5327441951006175
projected_velocity,8,99,23.6696,1,1.3208815395517592,2.8532851095563663
projected_velocity,8,100,20.0471,1,1.1324247064725748,2.2355082975837792
projected_velocity,8,101,22.3243,1,1.1305211003996325,2.7610136829409786
projected_velocity,8,102,30.2479,1,1.4825333214650889,1.6173361745468473
projected_velocity,8,103,19.8871,0,1.5151541158664328,3.7004564391830708
projected_velocity,8,104,20.4557,1,0.9709095403712081,1.2336892169465838
projected_velocity,8,105,19.8959,1,1.1973037092294125,2.355356142268683
projected_velocity,8,106,21.9899,1,1.033470897127797,1.8223620090425376
projected_velocity,8,107,24.2269,1,1.1418926514625938,1.2664532269328024
projected_velocity,8,108,22.3374,1,1.074652661469196,2.0967602452534795
projected_velocity,8,109,20.3977,1,1.3180695296555203,1.9843435712935351
projected_velocity,8,110,23.718,0,1.5681964944479623,3.3968948486707027
projected_velocity,8,111,26.2611,0,1.5300484602401734,3.1541284255569613
projected_velocity,8,112,20.6185,1,1.0766334364430798,1.673560185270659
projected_velocity,8,113,24.4844,0,1.4003943137860084,3.0477890216828625
projected_velocity,8,114,29.2896,1,1.1633695968224225,2.8360184469448573
projected_velocity,8,115,20.5348,1,1.2483495989569946,1.6446261421690964
projected_velocity,8,116,24.4692,1,1.1467654519779449,2.791570424610843
projected_velocity,8,117,23.7811,0,1.3739544363230425,5.318000196518328
projected_velocity,8,118,26.6996,1,1.2154633509531867,1.819718471332902
projected_velocity,8,119,27.6853,1,1.2132606718904333,2.4183193976496447
projected_velocity,8,120,23.2396,0,1.2067220149978917,3.7127067011658403
projected_velocity,8,121,20.2627,0,1.29870603368742,3.355384249722726
projected_velocity,8,122,22.0499,0,1.5882717094579484,5.283048826306589
projected_velocity,8,123,19.5366,0,1.273686720862304,4.250637311016081
projected_velocity,8,124,22.5771,1,0.8817241957518978,1.568116366268827
projected_velocity,8,125,21.214,1,1.4290408040795117,2.5289158800612332
projected_velocity,8,126,20.7742,1,0.885013398217775,2.2259143112960995
projected_velocity,8,127,21.7946,1,1.0935111258635208,2.4041720265850737
projected_velocity,16,0,50.308,0,1.3206612401467273,3.7756248117029543
projected_velocity,16,1,51.7226,1,1.6004877623716687,2.7423174757692093
projected_velocity,16,2,48.493,1,1.14544705261179,1.424054269185687
projected_velocity,16,3,51.0984,1,1.1704839390052963,1.5187756797681897
projected_velocity,16,4,49.4333,1,1.086913571232078,1.710214836665948
projected_velocity,16,5,46.6787,1,1.1884980230451527,2.244703761013972
projected_velocity,16,6,48.5177,1,1.0774724850168953,1.9734824147018737
projected_velocity,16,7,53.4215,1,1.0330801659625866,2.0245468280844534
projected_velocity,16,8,47.8797,1,1.1177152878769967,2.0669358776719475
projected_velocity,16,9,54.3419,0,1.618825226551225,7.645638327482603
projected_velocity,16,10,46.9166,1,0.8665886637437281,1.7706805593592152
projected_velocity,16,11,50.0215,1,1.1059362513085578,1.3864896478277102
projected_velocity,16,12,52.8444,0,1.171403431535068,4.030259627768429
projected_velocity,16,13,41.9976,1,1.2002105482654688,1.3192878601371156
projected_velocity,16,14,58.2521,1,1.5547532019998742,2.626881727670214
projected_velocity,16,15,57.0255,1,1.1479495975087224,2.2683808230185187
projected_velocity,16,16,44.3749,0,1.437738359186576,3.218490655620905
projected_velocity,16,17,53.8952,0,1.4504666685799843,5.531494036084565
projected_velocity,16,18,51.3701,1,1.2198835318387926,1.9122396524995786
projected_velocity,16,19,57.4082,0,1.111597560061163,3.3384829091107506
projected_velocity,16,20,45.9516,1,0.8692887523409434,1.5845059529273058
projected_velocity,16,21,47.9041,1,1.234534122550366,1.6845304348033392
projected_velocity,16,22,54.5023,1,0.9754231082055271,1.5684966865349994
projected_velocity,16,23,50.768,1,1.200543955928417,2.019562609365685
projected_velocity,16,24,53.4049,1,0.9510728455629928,1.1875956781077048
projected_velocity,16,25,46.549,1,1.0244019717421118,2.4883147328581097
projected_velocity,16,26,48.3399,1,1.3605742156479934,2.625360256849399
projected_velocity,16,27,43.2633,1,0.9446224244738219,1.6137846513528025
projected_velocity,16,28,50.4893,1,1.4021360269608625,1.877560035302382
projected_velocity,16,29,45.3409,0,1.4464839795950235,4.831857409325658
projected_velocity,16,30,39.7133,0,1.197016099650412,8.235358342445053
projected_velocity,16,31,55.8209,1,0.9886514228085643,1.69498625124076
projected_velocity,16,32,49.4597,1,1.3971086536203536,2.6277713413902624
projected_velocity,16,33,49.0713,1,1.0820095014169375,2.4223630003080454
projected_velocity,16,34,58.0661,1,1.1045328416658653,2.3641350767696907
projected_velocity,16,35,43.2575,0,1.4871509921338597,3.1812823443201173
projected_velocity,16,36,40.1735,1,1.3944719913769412,2.9016217117200997
projected_velocity,16,37,47.9435,1,1.3205770489747852,1.1302952742016712
projected_velocity,16,38,47.593,1,1.055424732560582,1.6282924259718754
projected_velocity,16,39,45.9876,0,1.4622730486434192,3.428737327628525
projected_velocity,16,40,41.124,1,1.1470673102140418,1.5625065578936377
projected_velocity,16,41,46.4331,1,1.1393346634901675,2.11174752384522
projected_velocity,16,42,38.738,0,0.965451116466837,3.064860043093611
projected_velocity,16,43,41.6332,1,1.296690958528177,2.8212028806230696
projected_velocity,16,44,42.9809,1,0.971994622221874,2.0431269420690343
projected_velocity,16,45,53.5282,0,1.4851950390455,3.0102136875895047
projected_velocity,16,46,54.6286,1,1.1238487798858716,1.9108661947322245
projected_velocity,16,47,45.7337,1,1.3552446571848744,2.4989306306555847
projected_velocity,16,48,39.7392,0,1.383610810039201,3.376548307142214
projected_velocity,16,49,40.8891,0,1.443178153862678,3.8473092704517384
projected_velocity,16,50,48.7544,1,0.9231325050066578,1.2298077988804466
projected_velocity,16,51,44.0842,0,1.4976787558183655,3.5735150743795607
projected_velocity,16,52,44.7302,1,0.9855177473597714,1.2960143147399938
projected_velocity,16,53,47.9919,1,1.0408593078030222,2.4376578411528174
projected_velocity,16,54,40.0607,1,1.165946479038719,2.4594237252452515
projected_velocity,16,55,44.2547,1,1.132754227854012,2.4884724857685385
projected_velocity,16,56,40.7826,1,1.3283467288648712,2.443534722237494
projected_velocity,16,57,40.0903,0,1.15218466759454,6.092770697213455
projected_velocity,16,58,40.1013,1,1.330966634493651,2.2424638547745652
projected_velocity,16,59,48.7271,1,0.963735899109441,1.411033288202159
projected_velocity,16,60,41.5088,1,1.1846618994301696,2.65796348694644
projected_velocity,16,61,47.4665,1,0.8958833521071115,1.2065954805652026
projected_velocity,16,62,47.3989,1,1.1816839384627094,1.4781082154303802
projected_velocity,16,63,41.92,1,1.2855449642898302,2.2236535099654966
projected_velocity,16,64,44.7732,1,1.091445585694066,1.5582627171895143
projected_velocity,16,65,45.4854,1,1.028233001032195,1.4350117152778707
projected_velocity,16,66,42.1971,0,1.352551951837687,6.143256551042668
projected_velocity,16,67,40.5245,1,1.2101821388335867,2.421568928514383
projected_velocity,16,68,52.4113,0,1.2166189345372993,4.1800702021415805
projected_velocity,16,69,49.9294,1,1.0045614115691994,1.3782502654344635
projected_velocity,16,70,43.0111,1,1.6023509741273756,2.2363574977376115
projected_velocity,16,71,42.7983,1,1.3372885794936735,1.6152090170961666
projected_velocity,16,72,40.9948,1,1.1767615692476738,1.9535834342495273
projected_velocity,16,73,47.6386,1,1.3505162498997587,2.809001959741017
projected_velocity,16,74,46.3995,1,1.1972490376918787,1.3348679298427075
projected_velocity,16,75,50.7208,1,1.2297443656266553,2.172414834962937
projected_velocity,16,76,52.7111,0,1.2614616614087844,4.388914732521536
projected_velocity,16,77,47.0088,0,1.2743869564451076,3.1675928302868623
projected_velocity,16,78,54.1628,0,1.2292712298309394,3.625330625845867
projected_velocity,16,79,49.4587,1,1.4694083621589273,2.3928802670689624
projected_velocity,16,80,44.5061,1,1.0346331955499115,2.5260449356229406
projected_velocity,16,81,44.3415,1,1.102726092805951,2.8116017271664466
projected_velocity,16,82,44.0309,0,1.4087928894593735,3.736659446236054
projected_velocity,16,83,46.8971,1,1.1172282666557207,1.6377648745413784
projected_velocity,16,84,49.1292,0,1.5085382536629852,3.36406097414009
projected_velocity,16,85,46.7597,0,1.5525996225645784,4.017869112756675
projected_velocity,16,86,40.5702,0,1.3145818781595848,3.7230512927415997
projected_velocity,16,87,48.2623,1,1.2902096657920559,2.6584382783942457
projected_velocity,16,88,42.5482,0,1.4251899514689073,3.590944744299956
projected_velocity,16,89,44.0702,1,1.2417778605265721,2.018442458894733
projected_velocity,16,90,45.4916,1,1.5689669631639527,2.1003817461929577
projected_velocity,16,91,49.2447,1,1.4197611971805335,2.928682640203997
projected_velocity,16,92,38.0283,1,1.182664662870394,2.1197082273279073
projected_velocity,16,93,44.3742,0,1.489611612539246,3.6196641299225725
projected_velocity,16,94,45.8158,1,1.3646978422563516,2.7977339008245985
projected_velocity,16,95,42.0522,1,1.1791810457630525,2.8216637257843247
projected_velocity,16,96,41.7677,0,1.7685033782174537,3.042292399333719
projected_velocity,16,97,45.2721,1,1.136489795989531,1.6690287895791154
projected_velocity,16,98,44.0958,1,1.5021357036710221,2.5426435493678166
projected_velocity,16,99,39.9361,1,1.3344190462050782,2.8942392838374547
projected_velocity,16,100,42.4791,1,1.1356701699961145,2.2446135604903703
projected_velocity,16,101,45.0083,1,1.1373019950613634,2.7349604106955967
projected_velocity,16,102,55.2174,1,1.479802694760224,1.6045624644154124
projected_velocity,16,103,45.6862,0,1.523313010206094,3.577619386433554
projected_velocity,16,104,39.2513,1,0.9690866720200273,1.181071747662328
projected_velocity,16,105,40.6778,1,1.1931893056251595,2.25521171166846
projected_velocity,16,106,44.5344,1,1.0346176015297193,1.7761974446605566
projected_velocity,16,107,50.8557,1,1.1440647568473188,1.2160798664075805
projected_velocity,16,108,41.713,1,1.0706721332430957,1.9927847688312517
projected_velocity,16,109,39.9693,1,1.327894008966477,1.9637373924283745
projected_velocity,16,110,45.2407,0,1.5717201638277738,3.732293853010845
projected_velocity,16,111,42.7732,0,1.5362711703336347,3.0933491603980143
projected_velocity,16,112,41.0269,1,1.0843186897894828,1.6475530105170582
projected_velocity,16,113,45.6494,0,1.4073043330774784,3.070671836786183
projected_velocity,16,114,38.797,1,1.1715224393728463,2.8986477542425373
projected_velocity,16,115,38.665,1,1.2416648898640799,1.6810256395318335
projected_velocity,16,116,41.7616,1,1.1545746510922186,2.8081340634753014
projected_velocity,16,117,40.2717,0,1.3803187752945367,5.227676006816622
projected_velocity,16,118,46.8399,1,1.2208712014016094,1.697290416558691
projected_velocity,16,119,44.0301,1,1.2118907316207224,2.5117152404701404
projected_velocity,16,120,58.7832,0,1.205301883727608,3.6962414288904752
projected_velocity,16,121,41.1015,0,1.318152835618158,3.1709788126991665
projected_velocity,16,122,50.2119,0,1.5943031284700164,5.4907775561176235
projected_velocity,16,123,45.5139,0,1.2735448449080715,4.260477095088337
projected_velocity,16,124,48.5085,1,0.8736579797210317,1.3157589484204384
projected_velocity,16,125,41.4795,1,1.4361707461595024,2.473268867963723
projected_velocity,16,126,45.5471,1,0.8885510277879188,2.1624696610829486
projected_velocity,16,127,44.0444,1,1.099598941095718,2.434421713381654
proposed_safe,1,0,218.2233,1,1.588425322652996,1.9942112062026534
proposed_safe,1,1,209.5572,1,1.8598168460102367,1.9974450656174068
proposed_safe,1,2,195.8701,1,1.2563415283480723,1.9949440580637083
proposed_safe,1,3,204.1786,1,1.263432545438257,1.994563698349814
proposed_safe,1,4,185.7581,1,1.4136192305880664,1.9970792523218055
proposed_safe,1,5,196.0037,1,1.437715416726359,1.9956397436128588
proposed_safe,1,6,193.8829,1,1.372493409194029,1.9972339640981251
proposed_safe,1,7,180.2323,1,1.345176176157763,1.9974689679853144
proposed_safe,1,8,190.924,1,1.2335736619300972,1.9988979760150787
proposed_safe,1,9,190.5736,1,1.828107494740556,1.9887864812408445
proposed_safe,1,10,207.0168,1,1.0664101618757007,1.9941646572559095
proposed_safe,1,11,195.3367,1,1.2167360911877008,1.999612816202199
proposed_safe,1,12,216.2159,1,1.381116137192301,1.9953145480509178
proposed_safe,1,13,214.7613,1,1.3132555075254453,1.9975149015963913
proposed_safe,1,14,195.6622,1,1.759245508537559,1.9907500660622204
proposed_safe,1,15,189.7565,1,1.3780538741369193,1.9990480291258792
proposed_safe,1,16,207.332,1,1.787366147783221,1.990451252589156
proposed_safe,1,17,199.1104,1,1.6667876452512445,1.9945711258684464
proposed_safe,1,18,189.6722,1,1.3294587660604604,1.99838023372565
proposed_safe,1,19,186.8432,1,1.293615213018194,1.9972244620073434
proposed_safe,1,20,186.6471,1,1.2212843584800528,1.9999116965739112
proposed_safe,1,21,189.6465,1,1.3679304564264645,1.993371543836865
proposed_safe,1,22,187.6109,1,1.2123763820129903,1.9964064286630183
proposed_safe,1,23,179.9117,1,1.3723781169531368,1.9942444912695894
proposed_safe,1,24,193.1692,1,1.1468433635524977,1.9987939029176027
proposed_safe,1,25,183.1546,1,1.2338428390238725,1.9982411912395917
proposed_safe,1,26,211.2233,1,1.558521996672537,1.9940727644596896
proposed_safe,1,27,221.444,1,1.2015493452906778,1.9989113363166422
proposed_safe,1,28,177.8704,1,1.5590459601042366,1.9900152147586831
proposed_safe,1,29,202.6815,1,1.7596232333302912,1.9918347223767736
proposed_safe,1,30,201.6335,1,1.6851668925048326,1.99742660969788
proposed_safe,1,31,194.5524,1,1.2277997826410814,1.9996224680530483
proposed_safe,1,32,183.8527,1,1.596974209745678,1.9977223059010232
proposed_safe,1,33,175.6666,1,1.443471504780522,1.9925883784979392
proposed_safe,1,34,173.1716,1,1.3795020274678154,1.9968532533288215
proposed_safe,1,35,180.5817,1,1.679246401843302,1.9944467163638586
proposed_safe,1,36,187.4355,1,1.5748773205414957,1.9852037189636258
proposed_safe,1,37,184.7799,1,1.496363728715997,1.99539370926597
proposed_safe,1,38,178.9252,1,1.372751315353696,1.9995633311155256
proposed_safe,1,39,187.1652,1,1.671626443579865,1.993397589317552
proposed_safe,1,40,189.3574,1,1.3701851803133482,1.9941053483675577
proposed_safe,1,41,187.3439,1,1.2142743208232167,1.9990004219311222
proposed_safe,1,42,171.0921,1,1.25517980895339,1.9998116463607039
proposed_safe,1,43,179.8722,1,1.5946863973400074,1.9988406995968333
proposed_safe,1,44,193.0573,1,1.2104158602626662,1.993268523091774
proposed_safe,1,45,197.4371,1,1.6572791204165453,1.9995680614915412
proposed_safe,1,46,173.8041,1,1.4565075691034863,1.9962956728925394
proposed_safe,1,47,200.9291,1,1.53325228908855,1.9957855095592671
proposed_safe,1,48,183.0642,1,1.5724042312847584,1.9944349338476277
proposed_safe,1,49,186.7329,1,1.6467439331661722,1.994231484359986
proposed_safe,1,50,179.3793,1,1.250621214916233,1.9966737138996553
proposed_safe,1,51,187.8102,1,1.5855630453547702,1.9972452862358618
proposed_safe,1,52,187.9533,1,1.222550376497281,1.9954987188981157
proposed_safe,1,53,193.5723,1,1.2163146470007202,1.9979921650249717
proposed_safe,1,54,181.6248,1,1.3407689456600755,1.996354945056155
proposed_safe,1,55,193.4902,1,1.3580289437767143,1.9929204958802194
proposed_safe,1,56,208.1696,1,1.5008812220370649,1.9930499970928546
proposed_safe,1,57,192.9654,1,1.2944006082956692,1.9988229147257508
proposed_safe,1,58,190.4871,1,1.473568747881848,1.999908027195951
proposed_safe,1,59,185.242,1,1.1890446812038673,1.9959759806077932
proposed_safe,1,60,178.1185,1,1.5702941447386933,1.9956552476606508
proposed_safe,1,61,184.2846,1,1.271790529621674,1.993893449581914
proposed_safe,1,62,175.1196,1,1.4562196186512972,1.9968929216169313
proposed_safe,1,63,191.5208,1,1.3020896835298175,1.9974991061007827
proposed_safe,1,64,177.6415,1,1.4424911861874066,1.9938148534077422
proposed_safe,1,65,176.6141,1,1.261868069700532,1.9965531083386094
proposed_safe,1,66,176.4831,1,1.6727362709743616,1.9936557896649916
proposed_safe,1,67,178.5861,1,1.4943531120196376,1.9992664019299022
proposed_safe,1,68,176.7495,1,1.5796298360125889,1.9908062009588887
proposed_safe,1,69,179.566,1,1.324783347469855,1.9997061610954785
proposed_safe,1,70,190.8407,1,1.7197482837948679,1.985520252017199
proposed_safe,1,71,177.0898,1,1.484982211811165,1.9954536917758177
proposed_safe,1,72,182.8614,1,1.4776383142995755,1.991476554374905
proposed_safe,1,73,178.7896,1,1.4299283175414597,1.9973863336538595
proposed_safe,1,74,174.3556,1,1.3703875515510238,1.9988828583868907
proposed_safe,1,75,174.8428,1,1.367571016180773,1.990278377695695
proposed_safe,1,76,174.4263,1,1.603603174317699,1.9960862154222678
proposed_safe,1,77,199.0932,1,1.5753497817366355,1.99863404626258
proposed_safe,1,78,190.3482,1,1.4642805121526736,1.9934084467716104
proposed_safe,1,79,194.8132,1,1.5516984705234929,1.993578871814371
proposed_safe,1,80,193.6388,1,1.3048712668288074,1.994482577653465
proposed_safe,1,81,211.9994,1,1.36510548870264,1.9950434524305318
proposed_safe,1,82,190.524,1,1.7719276599847338,1.9936666997515504
proposed_safe,1,83,195.0832,1,1.3908391930290636,1.9980012807523353
proposed_safe,1,84,187.0453,1,1.7515842623436564,1.9978801137102302
proposed_safe,1,85,190.3901,1,1.745505033713091,1.9942966969425908
proposed_safe,1,86,171.019,1,1.6973076599848702,1.9951261796375277
proposed_safe,1,87,180.1844,1,1.5301564439928634,1.995808404296418
proposed_safe,1,88,179.3078,1,1.7442897522822103,1.99251595043934
proposed_safe,1,89,200.3317,1,1.4478867908350803,1.9985776943753029
proposed_safe,1,90,194.269,1,1.7268144841218556,1.9952169383682785
proposed_safe,1,91,186.0522,1,1.742723146109822,1.9891530014747598
proposed_safe,1,92,205.1154,1,1.2421991839471513,1.995677623277324
proposed_safe,1,93,193.606,1,1.7226400901333028,1.9984239638164298
proposed_safe,1,94,194.554,1,1.711182395284497,1.9948433597331547
proposed_safe,1,95,199.1203,1,1.4405162773582445,1.995329272216713
proposed_safe,1,96,195.7322,1,1.8918826496073793,1.996159700205596
proposed_safe,1,97,181.6387,1,1.241888664860139,1.9959501603327618
proposed_safe,1,98,168.6552,1,1.6889962137680772,1.9993515783230398
proposed_safe,1,99,172.932,1,1.6840855095200247,1.9977846293810584
proposed_safe,1,100,186.6082,1,1.2061643388240468,1.9979997298357492
proposed_safe,1,101,193.6339,1,1.3604916000100171,1.9942073504797828
proposed_safe,1,102,183.4687,1,1.5617035589751798,1.9931105243041396
proposed_safe,1,103,174.3933,1,1.9242490449791296,1.9957079764539134
proposed_safe,1,104,178.4603,1,1.0981787689820843,1.9947980300401489
proposed_safe,1,105,203.747,1,1.3728302910525694,1.9992171498713887
proposed_safe,1,106,177.6961,1,1.3294338736788285,1.9960224069895804
proposed_safe,1,107,175.673,1,1.2838861570912088,1.9995712500301777
proposed_safe,1,108,185.1551,1,1.4075118270374667,1.9966326540821169
proposed_safe,1,109,174.1771,1,1.5188763723575145,1.9978725197427065
proposed_safe,1,110,186.5789,1,1.7568891929653985,1.990763694644011
proposed_safe,1,111,192.0676,1,1.7029224903381035,1.9937835227994525
proposed_safe,1,112,182.2788,1,1.3548398807415827,1.9993514009590587
proposed_safe,1,113,199.746,1,1.5244463809812772,1.9921059991968397
proposed_safe,1,114,185.553,1,1.424553871857749,1.9984003092911806
proposed_safe,1,115,182.5902,1,1.4382024382314873,1.9971899638886867
proposed_safe,1,116,185.0187,1,1.5134776628915452,1.9991806577829145
proposed_safe,1,117,190.3555,1,1.5092479302973447,1.9943940382548169
proposed_safe,1,118,177.1231,1,1.4445239662857872,1.9988812811750798
proposed_safe,1,119,174.958,1,1.3468534062952207,1.9999435811771684
proposed_safe,1,120,171.6698,1,1.5474587060929021,1.9991286550821858
proposed_safe,1,121,172.118,1,1.4983549626456172,1.9925783587107606
proposed_safe,1,122,196.7681,1,1.7476880216255157,1.998400179462489
proposed_safe,1,123,201.0596,1,1.5496542696825206,1.9980583128115976
proposed_safe,1,124,191.9846,1,1.2487470047498024,1.9987593110845576
proposed_safe,1,125,197.3286,1,1.546883630273725,1.9973646791720623
proposed_safe,1,126,184.5765,1,1.2167607841992754,1.9986284095161686
proposed_safe,1,127,192.7888,1,1.3559092259139103,1.9966196391149758
proposed_safe,4,0,600.3687,1,1.6699659230467139,1.9991054821236347
proposed_safe,4,1,621.7024,1,1.906331585551318,1.9996507420898764
proposed_safe,4,2,635.5153,1,1.2118741871900234,1.9994168939804582
proposed_safe,4,3,609.9237,1,1.2573551613813327,1.9986689021711155
proposed_safe,4,4,590.9664,1,1.39675496125605,1.9992231628637647
proposed_safe,4,5,614.2935,1,1.3935365799038566,1.9986531349924819
proposed_safe,4,6,609.0724,1,1.5239881761627185,1.9994299233272315
proposed_safe,4,7,648.32,1,1.3069911214594385,1.9998469016891356
proposed_safe,4,8,647.673,1,1.284405619152104,1.9993052119297194
proposed_safe,4,9,639.8538,1,1.8198386745858977,1.9998480071911657
proposed_safe,4,10,663.2015,1,1.0546147176258125,1.9998819695468866
proposed_safe,4,11,623.4397,1,1.182144730209335,1.9993513109527874
proposed_safe,4,12,609.571,1,1.3614837852658406,1.9999435467288205
proposed_safe,4,13,648.9566,1,1.231465598128173,1.9992211657319094
proposed_safe,4,14,602.9355,1,1.808421926135425,1.9992177864264524
proposed_safe,4,15,622.1073,1,1.4053128301448163,1.9995900239008177
proposed_safe,4,16,663.0687,1,1.8032207127448292,1.9988863408601916
proposed_safe,4,17,594.534,1,1.7224969691182106,1.9985104529404643
proposed_safe,4,18,615.6469,1,1.2910432328606454,1.9990114284903544
proposed_safe,4,19,631.6471,1,1.2874805193370196,1.9998869671121249
proposed_safe,4,20,662.1945,1,1.2101951628396443,1.9999190122757486
proposed_safe,4,21,672.5874,1,1.3708932859190155,1.998780376837612
proposed_safe,4,22,648.6936,1,1.236505741823954,1.9997834045527663
proposed_safe,4,23,635.0231,1,1.4225519468381074,1.9999099226234351
proposed_safe,4,24,613.0402,1,1.1187808099590013,1.9996022387739132
proposed_safe,4,25,623.9117,1,1.2632881236633833,1.9990752555064364
proposed_safe,4,26,631.1056,1,1.529763860081013,1.998867603273494
proposed_safe,4,27,672.5882,1,1.1934288118413152,1.9966354352925475
proposed_safe,4,28,625.8294,1,1.581297450522639,1.998763321017047
proposed_safe,4,29,625.4608,1,1.7664647508193787,1.998935429804008
proposed_safe,4,30,686.3286,1,1.8132738877710977,1.9993422404773957
proposed_safe,4,31,629.4148,1,1.238647155622354,1.9989321762673429
proposed_safe,4,32,596.0248,1,1.6294966994076505,1.9972488157294352
proposed_safe,4,33,618.5415,1,1.4408636260067165,1.999728494953663
proposed_safe,4,34,594.2086,1,1.3396771795917997,1.9988734942351267
proposed_safe,4,35,604.2676,1,1.6667627980449204,1.9990854695058062
proposed_safe,4,36,631.4603,1,1.6078878746526901,1.9995246567263834
proposed_safe,4,37,606.0445,1,1.573009138436251,1.9991605246771773
proposed_safe,4,38,616.1407,1,1.3356833305109745,1.9995338475125761
proposed_safe,4,39,606.4377,1,1.685684563349849,1.9986820248108101
proposed_safe,4,40,649.5816,1,1.4240438571133787,1.9998861052218813
proposed_safe,4,41,666.309,1,1.1904870491872128,1.9991858820450392
proposed_safe,4,42,732.8622,1,1.2768482963242098,1.9996977389074517
proposed_safe,4,43,626.2229,1,1.6148733182590211,1.9990009471444756
proposed_safe,4,44,640.0524,1,1.2250674241818142,1.9997664802376072
proposed_safe,4,45,640.1767,1,1.7026177581391555,1.9990862752736265
proposed_safe,4,46,657.3838,1,1.4789435328440717,1.9985886978452736
proposed_safe,4,47,616.949,1,1.6372599677514454,1.9996095395719897
proposed_safe,4,48,642.4706,1,1.615127410909459,1.9981786033054636
proposed_safe,4,49,675.2098,1,1.6123213905463754,1.9996766378063067
proposed_safe,4,50,648.5281,1,1.2416207949443132,1.9992279135283721
proposed_safe,4,51,680.7073,1,1.5244904600071618,1.999204989724859
proposed_safe,4,52,647.4024,1,1.1914660278441735,1.999138444999588
proposed_safe,4,53,640.6871,1,1.228856381475424,1.999168404947246
proposed_safe,4,54,690.4648,1,1.3232754272853093,1.9989090656746902
proposed_safe,4,55,611.0862,1,1.3752926150617966,1.9987993365026724
proposed_safe,4,56,586.6055,1,1.492308371949774,1.9988178235318368
proposed_safe,4,57,622.2716,1,1.2885973238210717,1.999935053188823
proposed_safe,4,58,608.1484,1,1.470011177928616,1.9993560403963644
proposed_safe,4,59,634.2353,1,1.3442722326192682,1.99950112795107
proposed_safe,4,60,682.8364,1,1.5806451123965628,1.9991893772744758
proposed_safe,4,61,656.3487,1,1.2607288747650014,1.9989114462662594
proposed_safe,4,62,607.6046,1,1.4549844995746803,1.9992287951966234
proposed_safe,4,63,614.8224,1,1.3291352885362573,1.9987357071413125
proposed_safe,4,64,602.9399,1,1.3755371703175279,1.9993839817855745
proposed_safe,4,65,636.1102,1,1.2981091587071991,1.9992364095831836
proposed_safe,4,66,590.8181,1,1.6911588738239205,1.9982385956182462
proposed_safe,4,67,597.4005,1,1.4970458799446371,1.999949190397932
proposed_safe,4,68,611.3675,1,1.523346848852231,1.9993834972686522
proposed_safe,4,69,591.748,1,1.3772326041636722,1.999827280719108
proposed_safe,4,70,646.8588,1,1.6952734415307091,1.9995475099224194
proposed_safe,4,71,641.7187,1,1.5470081884943274,1.999204158656017
proposed_safe,4,72,604.8387,1,1.4733908916872154,1.999142556002621
proposed_safe,4,73,580.7188,1,1.3520864263684658,1.9996659576611928
proposed_safe,4,74,626.4435,1,1.5004611054100416,1.9996130136254866
proposed_safe,4,75,618.6519,1,1.3447071751552497,1.9993637129355442
proposed_safe,4,76,603.8507,1,1.6054661667943495,1.9987270859163684
proposed_safe,4,77,593.0022,1,1.6244105294573243,1.9990808678777519
proposed_safe,4,78,588.7799,1,1.4673205064438992,1.998208277460968
proposed_safe,4,79,610.9566,1,1.4928456811705832,1.9987213933905303
proposed_safe,4,80,648.3679,1,1.3480597098372207,1.9999340082169874
proposed_safe,4,81,651.9849,1,1.3215798672499726,1.9988879425641783
proposed_safe,4,82,594.3196,1,1.763852736924546,1.9982891877479394
proposed_safe,4,83,600.2208,1,1.4806159118998539,1.9990957528818907
proposed_safe,4,84,612.5093,1,1.7515311337724828,1.997790228099722
proposed_safe,4,85,583.4304,1,1.7055699800619235,1.9968771686216615
proposed_safe,4,86,604.8833,1,1.6837435243374845,1.999452319534378
proposed_safe,4,87,594.1571,1,1.5780597782417844,1.9999610597341804
proposed_safe,4,88,610.9938,1,1.7187475102564065,1.9983046989855107
proposed_safe,4,89,606.7307,1,1.4452404659255906,1.9999340667275505
proposed_safe,4,90,633.0105,1,1.7610704398668107,1.9986604144018805
proposed_safe,4,91,704.8106,1,1.7234324625902586,1.9984399518995972
proposed_safe,4,92,652.8029,1,1.217221523552323,1.9995676884681393
proposed_safe,4,93,608.932,1,1.6526629345418427,1.9989646270022683
proposed_safe,4,94,626.1746,1,1.781247843986785,1.9991344714302328
proposed_safe,4,95,621.8703,1,1.4483042517617342,1.998842682485564
proposed_safe,4,96,635.9137,1,1.949919017547635,1.818392613989061
proposed_safe,4,97,609.647,1,1.2770890973506563,1.9998116910825674
proposed_safe,4,98,602.3351,1,1.6608823505103931,1.999039710137032
proposed_safe,4,99,597.7452,1,1.6769883367670944,1.9964442113095597
proposed_safe,4,100,606.9629,1,1.2025087959401461,1.9993820133430125
proposed_safe,4,101,755.1826,1,1.3438378499389922,1.9998051108404444
proposed_safe,4,102,745.8712,1,1.541544262658362,1.999809503240115
proposed_safe,4,103,741.8559,1,1.9367213750549634,1.9987668980539113
proposed_safe,4,104,765.1574,1,1.2058103837924508,1.9999836315522417
proposed_safe,4,105,836.8563,1,1.4112563432079088,1.9996338352606535
proposed_safe,4,106,697.0295,1,1.3204084585398244,1.9996228995751621
proposed_safe,4,107,662.5644,1,1.3121448933675992,1.999234588072368
proposed_safe,4,108,691.656,1,1.4940935138727651,1.9997039021345853
proposed_safe,4,109,696.4566,1,1.5551134150766115,1.999015698064471
proposed_safe,4,110,710.8784,1,1.7787392329515006,1.9984428216929997
proposed_safe,4,111,656.0183,1,1.7454479558330367,1.9988487280063159
proposed_safe,4,112,632.789,1,1.353337230895924,1.9993751059390936
proposed_safe,4,113,634.915,1,1.5347542495512554,1.9982918047960943
proposed_safe,4,114,615.2203,1,1.4702930094938884,1.9995689234893916
proposed_safe,4,115,655.5806,1,1.4336742817306134,1.99886960016459
proposed_safe,4,116,616.3884,1,1.5051717322782736,1.9990813159643124
proposed_safe,4,117,677.272,1,1.5411172099102908,1.9982958449881747
proposed_safe,4,118,637.8559,1,1.4624858900761286,1.99899550043673
proposed_safe,4,119,627.8729,1,1.3554977850922414,1.5290102990558434
proposed_safe,4,120,679.3541,1,1.514114890767797,1.998941070522024
proposed_safe,4,121,705.9226,1,1.4411037627313248,1.999711122538516
proposed_safe,4,122,643.9756,1,1.741636965038266,1.9987891592366887
proposed_safe,4,123,614.6938,1,1.5652043282768067,1.9988481840957657
proposed_safe,4,124,617.5746,1,1.2210285542359987,1.9998041080957458
proposed_safe,4,125,653.9562,1,1.5710724696490028,1.9979107192884782
proposed_safe,4,126,670.1953,1,1.220700425896044,1.9990845607488408
proposed_safe,4,127,645.8182,1,1.3168613926007682,1.9994248088862967
proposed_safe,8,0,1332.3286,1,1.7329872158269144,1.9986792972627974
proposed_safe,8,1,1261.1781,1,1.9498944233978959,1.583003029935491
proposed_safe,8,2,1253.8297,1,1.243058247407261,1.9998663973361201
proposed_safe,8,3,1329.1027,1,1.2647569201062807,1.9984887952752532
proposed_safe,8,4,1330.6145,1,1.4162195208743473,1.9999674257055167
proposed_safe,8,5,1194.487,1,1.378657177020229,1.9982011472877426
proposed_safe,8,6,1189.9686,1,1.7237932418603394,1.9996309911743217
proposed_safe,8,7,1255.8977,1,1.3039887673429165,1.999958803847738
proposed_safe,8,8,1400.4153,1,1.2921820577512093,1.9999667667645409
proposed_safe,8,9,1404.2482,1,1.8438655532756176,1.999216059725359
proposed_safe,8,10,1252.032,1,1.1061311143811317,1.9999766119582554
proposed_safe,8,11,1210.6402,1,1.11457322979086,1.9999062145766484
proposed_safe,8,12,1261.1356,1,1.3885006758957743,1.9997902332872328
proposed_safe,8,13,1303.4206,1,1.190347111364132,1.999662919555388
proposed_safe,8,14,1183.259,1,1.8702952102960633,1.9993072884683567
proposed_safe,8,15,1183.3995,1,1.588883118259928,1.999871150567282
proposed_safe,8,16,1179.8376,1,1.769234187834225,1.999028636680475
proposed_safe,8,17,1169.0365,1,1.7745562346828174,1.9996251671759053
proposed_safe,8,18,1201.0937,1,1.2746703763797207,1.9999607031252098
proposed_safe,8,19,1161.0346,1,1.3300970276904616,1.9995468237248581
proposed_safe,8,20,1147.92,1,1.2371904436956402,1.9995440955956656
proposed_safe,8,21,1144.2015,1,1.3894001923390513,1.9992799794445033
proposed_safe,8,22,1176.4397,1,1.2451082805522053,1.9995073741341036
proposed_safe,8,23,1187.6185,1,1.4445351057002485,1.9997872480148597
proposed_safe,8,24,1236.66,1,1.186991552501525,1.999657592792292
proposed_safe,8,25,1159.7809,1,1.3335932716873515,1.9998513529561261
proposed_safe,8,26,1135.3422,1,1.5272904759850872,1.9994628920056836
proposed_safe,8,27,1188.2014,1,1.1911917075386036,1.994967156843061
proposed_safe,8,28,1187.8848,1,1.614988467449526,1.9991925686895053
proposed_safe,8,29,1215.5318,1,1.7721819363586322,1.9994871030031625
proposed_safe,8,30,1112.6277,1,1.824370723081669,1.9994444749601854
proposed_safe,8,31,1191.9941,1,1.2754423007240752,1.9998652741890541
proposed_safe,8,32,1144.7975,1,1.7125378194963625,1.998717073808875
proposed_safe,8,33,1149.762,1,1.461347442940406,1.9995028265372268
proposed_safe,8,34,1256.6066,1,1.3293811213826514,1.999581035336935
proposed_safe,8,35,1190.1697,1,1.6602037930348297,1.9997638224583854
proposed_safe,8,36,1155.7209,1,1.640990355567571,1.9999878091302505
proposed_safe,8,37,1164.849,1,1.594749085018558,1.9988175463114928
proposed_safe,8,38,1143.0365,1,1.3169526086781762,1.9992269215344929
proposed_safe,8,39,1141.4452,1,1.7547427312701056,1.9992701479337869
proposed_safe,8,40,1130.7789,1,1.4459757151091601,1.9989424234758069
proposed_safe,8,41,1109.6564,1,1.197466402773131,1.9995658987252745
proposed_safe,8,42,1104.5123,1,1.2899657957891526,1.9998675021802477
proposed_safe,8,43,1102.6784,1,1.615567240874385,1.999633327948423
proposed_safe,8,44,1105.304,1,1.3259279476410142,1.999522662020694
proposed_safe,8,45,1185.1326,1,1.6965068306563995,1.9988119006547536
proposed_safe,8,46,1112.7361,1,1.4881424327057056,1.998926571437546
proposed_safe,8,47,1101.186,1,1.635775800716458,1.9979447415310723
proposed_safe,8,48,1098.4783,1,1.7134455602548302,1.9997805492192613
proposed_safe,8,49,1099.1903,1,1.608173980489863,1.9994488619152375
proposed_safe,8,50,1140.482,1,1.2036347753540924,1.9992838070441386
proposed_safe,8,51,1141.6756,1,1.5525853822797486,1.9996781247893674
proposed_safe,8,52,1097.5896,1,1.1946726657219606,1.999816319713467
proposed_safe,8,53,1099.3132,1,1.2307581519227473,1.999844884487859
proposed_safe,8,54,1104.6977,1,1.2754757344915022,1.9998458066546412
proposed_safe,8,55,1101.9547,1,1.4971684457411834,1.9996161725745698
proposed_safe,8,56,1176.0177,1,1.4839156614681113,1.9997641316455292
proposed_safe,8,57,1109.7761,1,1.3183159936901974,1.9994335483417418
proposed_safe,8,58,1097.3658,1,1.5321640057815695,1.9993270342555778
proposed_safe,8,59,1103.4897,1,1.3251045957290501,1.999924447612816
proposed_safe,8,60,1105.4021,1,1.5862683436569551,1.9994640472094571
proposed_safe,8,61,1124.4343,1,1.2306863854543812,1.9996108170104605
proposed_safe,8,62,1194.304,1,1.433787994192157,1.9998236849352717
proposed_safe,8,63,1116.121,1,1.3791081477183738,1.999251000012146
proposed_safe,8,64,1113.1651,1,1.3965109600447212,1.9990308311737301
proposed_safe,8,65,1095.2202,1,1.337025591142719,1.9999705165913775
proposed_safe,8,66,1110.5932,1,1.7263699782803454,1.9991846366591326
proposed_safe,8,67,1167.4929,1,1.4996085177935972,1.9998196754735524
proposed_safe,8,68,1116.9816,1,1.5182707289356885,1.99928773199554
proposed_safe,8,69,1103.3989,1,1.446914746123884,1.9995611288969979
proposed_safe,8,70,1101.3759,1,1.6975799333899766,1.9997126797897178
proposed_safe,8,71,1128.2649,1,1.5988681231591986,1.999223608045562
proposed_safe,8,72,1123.6355,1,1.5493034153256924,1.9991948226771528
proposed_safe,8,73,1145.9108,1,1.2936507024841597,1.999008932976162
proposed_safe,8,74,1127.573,1,1.5242610122599616,1.9991262590112475
proposed_safe,8,75,1104.4024,1,1.3271222040897008,1.9992775945862407
proposed_safe,8,76,1104.4439,1,1.617279897572574,1.9993125383876407
proposed_safe,8,77,1096.8544,1,1.631222281012426,1.9997021671918773
proposed_safe,8,78,1139.5066,1,1.5397021383439164,1.9996833164515275
proposed_safe,8,79,1154.0177,1,1.4527835063481536,1.999319916885316
proposed_safe,8,80,1115.9728,1,1.5143438055124954,1.9998525646766085
proposed_safe,8,81,1102.7238,1,1.2985237295793717,1.9994740845148156
proposed_safe,8,82,1137.6274,1,1.765963991924118,1.9986835751096137
proposed_safe,8,83,1104.2901,1,1.492448016700503,1.9989640630498182
proposed_safe,8,84,1163.1947,1,1.7681755832114443,1.9994944964879577
proposed_safe,8,85,1119.1544,1,1.671829338016783,1.9995974287519085
proposed_safe,8,86,1100.1959,1,1.6541306828407278,1.999664581809957
proposed_safe,8,87,1100.8382,1,1.6956950142314036,1.9995001529014218
proposed_safe,8,88,1179.5805,1,1.6729807625691309,1.999327740247928
proposed_safe,8,89,1293.009,1,1.4310731695435002,1.9993440340477733
proposed_safe,8,90,1447.433,1,1.8339206394334724,1.9999696764839594
proposed_safe,8,91,1330.7745,1,1.7282155054280794,1.9999432540652764
proposed_safe,8,92,1351.9887,1,1.2237952106181798,1.9996504291113424
proposed_safe,8,93,1248.3615,1,1.619963002331079,1.9994817378412628
proposed_safe,8,94,1313.2604,1,1.90925751629588,1.999452634301101
proposed_safe,8,95,1494.8386,1,1.436969817776277,1.999505982777378
proposed_safe,8,96,1265.3155,1,1.9498636515338847,1.6945526430231395
proposed_safe,8,97,1216.3549,1,1.3063378855751808,1.9999780343699824
proposed_safe,8,98,1248.6816,1,1.6049777505833887,1.9999649795309817
proposed_safe,8,99,1399.3307,1,1.640869801561818,1.9986332045215904
proposed_safe,8,100,1408.3181,1,1.1940487193238771,1.999754370678243
proposed_safe,8,101,1244.5836,1,1.3268256956143096,1.9996316273117636
proposed_safe,8,102,1210.9879,1,1.5259970473161708,1.9999680572106204
proposed_safe,8,103,1309.0244,1,1.9398996171651308,1.9996339055713601
proposed_safe,8,104,1422.0251,1,1.220461473954048,1.9995178138980905
proposed_safe,8,105,1338.0918,1,1.4013787569719343,1.9991955510420187
proposed_safe,8,106,1213.3378,1,1.327098968315103,1.9990744733724375
proposed_safe,8,107,1158.5345,1,1.4033014605141398,1.9998728484316368
proposed_safe,8,108,1256.4548,1,1.5616158778249243,1.999552768089425
proposed_safe,8,109,1253.8867,1,1.5652927559235386,1.9972650940580867
proposed_safe,8,110,1312.3218,1,1.7966518409107985,1.9988214953901737
proposed_safe,8,111,1313.3941,1,1.7337818519102928,1.9996729047094703
proposed_safe,8,112,1167.9389,1,1.3848615520374334,1.9997252309527953
proposed_safe,8,113,1169.7808,1,1.55406883691847,1.9979253325300392
proposed_safe,8,114,1132.5914,1,1.6204928251931412,1.9995919077408997
proposed_safe,8,115,1273.7344,1,1.4445653424925686,1.9997633052785908
proposed_safe,8,116,1243.1804,1,1.5414092718777803,1.9995353448190285
proposed_safe,8,117,1273.807,1,1.594455804280109,1.99923498727546
proposed_safe,8,118,1254.9068,1,1.5260894649860968,1.9995931205668378
proposed_safe,8,119,1191.7145,1,1.3545993341875657,1.0453078183846074
proposed_safe,8,120,1191.276,1,1.4913256086798297,1.9996080516992538
proposed_safe,8,121,1156.2308,1,1.482804450678565,1.9995812527743662
proposed_safe,8,122,1185.7964,1,1.7519887947269785,1.9990620261323553
proposed_safe,8,123,1169.4943,1,1.5982346534775724,1.9997146335247393
proposed_safe,8,124,1120.436,1,1.181045785432178,1.999940468395985
proposed_safe,8,125,1199.7931,1,1.602383486667251,1.9998137048828963
proposed_safe,8,126,1260.8126,1,1.2543745747140993,1.9997497593913585
proposed_safe,8,127,1245.8611,1,1.294493665035786,1.999848934888519
proposed_safe,16,0,2597.7135,1,1.7507766048435274,1.999213764779831
proposed_safe,16,1,2609.4489,1,1.9499281790261893,1.5254228911843628
proposed_safe,16,2,2410.7387,1,1.245119074716041,1.999753995536479
proposed_safe,16,3,2526.0181,1,1.2728582509289958,1.9986983823526492
proposed_safe,16,4,2517.8007,1,1.421110044232699,1.9996334894572938
proposed_safe,16,5,2438.2691,1,1.378927478846331,1.9989315836269992
proposed_safe,16,6,2625.245,1,1.7269647695378456,1.9996151657994854
proposed_safe,16,7,2646.609,1,1.4639467255283978,1.9999533884240537
proposed_safe,16,8,2453.4745,1,1.2928031261683488,1.999597201621026
proposed_safe,16,9,2548.6816,1,1.8541082545109284,1.9995348029701157
proposed_safe,16,10,2665.561,1,1.1264012410032114,1.9997143233217853
proposed_safe,16,11,2434.4763,1,1.0611679531778997,1.9998793137536601
proposed_safe,16,12,2470.549,1,1.363412782283238,1.9990316949221842
proposed_safe,16,13,2559.1683,1,1.1989302910558866,1.999886365558092
proposed_safe,16,14,2668.5497,1,1.8920797600642127,1.9987512007055876
proposed_safe,16,15,2454.3142,1,1.6111939687765033,1.9997506620677397
proposed_safe,16,16,2434.916,1,1.7555826771916723,1.9990254255828197
proposed_safe,16,17,2550.9869,1,1.8187096949363617,1.9996694956633083
proposed_safe,16,18,2320.6837,1,1.2733386632099117,1.999642252985365
proposed_safe,16,19,2329.4402,1,1.37987817667503,1.9998076040388177
proposed_safe,16,20,2565.8645,1,1.2451423366107535,1.9996199443837093
proposed_safe,16,21,2390.7776,1,1.4044284289793811,1.9995556211267094
proposed_safe,16,22,2518.3344,1,1.237351922382617,1.9995298180233303
proposed_safe,16,23,2591.4589,1,1.4693757889467287,1.9995834464989322
proposed_safe,16,24,2604.8218,1,1.261007436372948,1.9998901530532016
proposed_safe,16,25,2685.1096,1,1.4000027814390117,1.9996820410718232
proposed_safe,16,26,2401.0083,1,1.5267284629084266,1.9985237583328226
proposed_safe,16,27,2306.4575,1,1.1904429898245439,1.9963011555559869
proposed_safe,16,28,2318.475,1,1.6340567195310873,1.9995634409837222
proposed_safe,16,29,2286.09,1,1.797680821168101,1.9999329496029064
proposed_safe,16,30,2404.8504,1,1.8231698997371306,1.998997328425479
proposed_safe,16,31,2256.343,1,1.3230367680545465,1.999853268462448
proposed_safe,16,32,2272.7438,1,1.811237174453314,1.9999108696702181
proposed_safe,16,33,2396.0697,1,1.454090593114519,1.999591106760402
proposed_safe,16,34,2175.0087,1,1.343148911683973,1.9994877524578147
proposed_safe,16,35,2146.2788,1,1.6626793864456575,1.9986287590812284
proposed_safe,16,36,2213.2727,1,1.6376145734157392,1.9992936152546306
proposed_safe,16,37,2172.0131,1,1.6006545086350945,1.9989325645851055
proposed_safe,16,38,2406.2988,1,1.3166700492984018,1.9988403927077292
proposed_safe,16,39,2500.007,1,1.8115054200439318,1.9997636224449347
proposed_safe,16,40,2405.234,1,1.449455997374851,1.9994244898992928
proposed_safe,16,41,2361.95,1,1.2053344062052866,1.9990183468444653
proposed_safe,16,42,2277.4135,1,1.350739315697355,1.999948450153769
proposed_safe,16,43,2263.1068,1,1.6129039055033072,1.99980915834198
proposed_safe,16,44,2326.8059,1,1.4510256823113736,1.9999774677705735
proposed_safe,16,45,2261.7389,1,1.6953112134904091,1.9990777103514548
proposed_safe,16,46,2597.855,1,1.487167819182877,1.9983644373008804
proposed_safe,16,47,2497.6085,1,1.6333431890317893,1.9980131828737613
proposed_safe,16,48,2448.5222,1,1.716721684893951,1.999880157805897
proposed_safe,16,49,2459.8305,1,1.6097636138779303,1.9999560234259328
proposed_safe,16,50,2409.5853,1,1.2161058655573327,1.999536263734153
proposed_safe,16,51,2240.489,1,1.5542999422352264,1.9998203501280294
proposed_safe,16,52,2450.4434,1,1.2062570040241263,1.999782091280682
proposed_safe,16,53,2369.8656,1,1.2008640752729354,1.9995578110107868
proposed_safe,16,54,2238.0951,1,1.27406272060304,1.999934038192855
proposed_safe,16,55,2359.3079,1,1.5444829818026147,1.9997453050240466
proposed_safe,16,56,2234.9186,1,1.4822479646457325,1.999348394897556
proposed_safe,16,57,2271.248,1,1.299258164352864,1.9994776305327593
proposed_safe,16,58,2251.4228,1,1.6536675796060432,1.999856868876415
proposed_safe,16,59,2231.9564,1,1.3183326913027666,1.9998123632569982
proposed_safe,16,60,2600.5399,1,1.5902633181227215,1.9995576544688067
proposed_safe,16,61,2653.2815,1,1.172663367544348,1.9999078779735973
proposed_safe,16,62,2492.3762,1,1.427464392645679,1.999825288748497
proposed_safe,16,63,2704.7889,1,1.4603368825204117,1.999758231416628
proposed_safe,16,64,2616.5701,1,1.3981156665275065,1.9987618038819515
proposed_safe,16,65,2577.8535,1,1.3365291592291342,1.9994274504705198
proposed_safe,16,66,2582.4938,1,1.7247103765715788,1.9994546194474034
proposed_safe,16,67,2468.8155,1,1.4946569699871721,1.999338244915419
proposed_safe,16,68,2612.4594,1,1.516161093460146,1.9988602524187877
proposed_safe,16,69,2423.6702,1,1.479243831217574,1.9998935086701184
proposed_safe,16,70,2387.5239,1,1.6896678861872059,1.999876375593723
proposed_safe,16,71,2518.6841,1,1.6282601715072296,1.9992663984773476
proposed_safe,16,72,2343.5448,1,1.5977517986513874,1.999964684056377
proposed_safe,16,73,2576.7322,1,1.2676089909280472,1.9994292108501308
proposed_safe,16,74,2402.27,1,1.5312078213942646,1.9993430659931668
proposed_safe,16,75,2417.2818,1,1.3298377147861697,1.9990556356827927
proposed_safe,16,76,2594.0377,1,1.6541621385969882,1.9998909603598143
proposed_safe,16,77,2301.868,1,1.625973050311169,1.9996655920332553
proposed_safe,16,78,2557.4227,1,1.5633978177649512,1.9999748586268828
proposed_safe,16,79,2402.8654,1,1.4355237771383398,1.9993373614209369
proposed_safe,16,80,2420.0997,1,1.5863226710256706,1.999534907342826
proposed_safe,16,81,2507.7347,1,1.3022789545913853,1.9998519888045447
proposed_safe,16,82,2268.7357,1,1.7660611087767841,1.9998898983233064
proposed_safe,16,83,2426.9571,1,1.4935949957535923,1.999057001628002
proposed_safe,16,84,2523.2162,1,1.7596519852016699,1.9997270280593795
proposed_safe,16,85,2330.6375,1,1.6625831698189315,1.9998325643593233
proposed_safe,16,86,2247.1078,1,1.6387028038950993,1.9996976447948553
proposed_safe,16,87,2448.22,1,1.7679202759906147,1.9997179957654139
proposed_safe,16,88,2385.5867,1,1.663264076895741,1.9998955127839293
proposed_safe,16,89,2335.6399,1,1.4299951116527985,1.9996462539004547
proposed_safe,16,90,2292.4608,1,1.8325046561238472,1.9995309455085823
proposed_safe,16,91,2303.4011,1,1.7313051273658442,1.9986851811968895
proposed_safe,16,92,2362.5854,1,1.2413429295459095,1.9995769697633499
proposed_safe,16,93,2304.1704,1,1.6143889484901428,1.9996600572620107
proposed_safe,16,94,2222.5412,1,1.9499640457762846,1.861571129903233
proposed_safe,16,95,2348.4269,1,1.4414211969903854,1.9991341018795337
proposed_safe,16,96,2366.3741,1,1.9498561571664863,1.7066536907663907
proposed_safe,16,97,2478.403,1,1.3187368935574681,1.9997233348936723
proposed_safe,16,98,2405.265,1,1.5749916536633204,1.99947674681692
proposed_safe,16,99,2316.8102,1,1.6217695773817769,1.9999157864049335
proposed_safe,16,100,2722.0081,1,1.172615473560712,1.999852778554561
proposed_safe,16,101,2370.5308,1,1.3086010458041077,1.9999987994659694
proposed_safe,16,102,2451.2952,1,1.5290520721580025,1.999691768800321
proposed_safe,16,103,2353.4777,1,1.9353211795553784,1.9994805450352466
proposed_safe,16,104,2266.7836,1,1.2180724984019087,1.9989859214074848
proposed_safe,16,105,2282.8678,1,1.405011746844005,1.999704252631643
proposed_safe,16,106,2378.4544,1,1.3246778872083247,1.9995363943884883
proposed_safe,16,107,2286.8787,1,1.4465737292885028,1.9998410406677969
proposed_safe,16,108,2361.066,1,1.5905929850879064,1.999851051366928
proposed_safe,16,109,2326.7779,1,1.5665160907668008,1.9998311257107086
proposed_safe,16,110,2290.6771,1,1.8003020405304657,1.9993559134851957
proposed_safe,16,111,2297.7072,1,1.7209287632542198,1.999443528249853
proposed_safe,16,112,2314.446,1,1.4096147112560118,1.9998540113544512
proposed_safe,16,113,2271.0845,1,1.5571445570769598,1.9991732606490444
proposed_safe,16,114,2416.65,1,1.6446991744559203,1.9999371529909526
proposed_safe,16,115,2256.0088,1,1.4586185593359826,1.999913268520758
proposed_safe,16,116,2285.2017,1,1.5525855315048718,1.999713505420395
proposed_safe,16,117,2320.8697,1,1.6038477794408497,1.9991673753800363
proposed_safe,16,118,2256.2233,1,1.5432895076935544,1.999767088017683
proposed_safe,16,119,2251.0777,1,1.354110800810529,1.043241778622643
proposed_safe,16,120,2365.6653,1,1.484225853869656,1.9990103623515194
proposed_safe,16,121,2258.1027,1,1.528303635300426,1.999700733164412
proposed_safe,16,122,2194.0811,1,1.7804112808476364,1.9995102844919048
proposed_safe,16,123,2225.0317,1,1.6019033978613895,1.9990139809890684
proposed_safe,16,124,2155.9069,1,1.1908277004561387,1.9998394467466225
proposed_safe,16,125,2247.7686,1,1.604851882359748,1.9988791828083072
proposed_safe,16,126,2176.1618,1,1.2754107845034588,1.999904173618837
proposed_safe,16,127,2174.5774,1,1.298426461554905,1.9990828279293078
