seed,scenario_index,method,nominal_crossing_0_s,nominal_crossing_1_s,nash_action_0,nash_action_1,nominal_priority_agent,delay_0_s,delay_1_s,both_passed,collision,deadlock,minimum_separation_m,crossing_time_0_s,crossing_time_1_s,crossing_gap_s,completion_time_s,payoff_0,payoff_1,social_payoff,hocbf_intervention_rate,mean_hocbf_correction,maximum_acceleration_mps2
1001,0,independent,2.4134609392191226,2.095830637761538,yield,go,1,0.0,0.0,1,1,0,0.13796665142893505,2.3429625416030686,2.108903824532205,0.23405871707086368,2.3429625416030686,-20.0,-20.0,-40.0,0.0,0.0,2.0681461220820347
1001,0,fixed_priority,2.4134609392191226,2.095830637761538,yield,go,1,0.0,0.8,1,0,0,0.3374394385250335,2.3429625416030686,2.90882912226603,0.5658665806629615,2.90882912226603,8.828518729198466,5.5455854388669845,14.37410416806545,0.0,0.0,2.0681269408024177
1001,0,hocbf_only,2.4134609392191226,2.095830637761538,yield,go,1,0.0,0.0,1,0,0,0.3551649510639315,2.477308566717567,1.99173035334793,0.4855782133696369,2.477308566717567,5.761345716641216,9.004134823326035,14.765480539967252,0.39748953974895396,0.716483463616072,1.9977241045930676
1001,0,nash_game,2.4134609392191226,2.095830637761538,yield,go,1,0.18236969854241547,0.0,1,0,0,0.25398007557071073,2.5254728221762988,2.108903824532205,0.41656899764409383,2.5254728221762988,5.73726358891185,8.945548087733897,14.682811676645748,0.0,0.0,2.0681461220820347
1001,0,nash_game_hocbf,2.4134609392191226,2.095830637761538,yield,go,1,0.18236969854241547,0.0,1,0,0,0.36734924631753085,2.6154241299291434,2.040586916468833,0.5748372134603104,2.6154241299291434,5.692287935035428,8.979706541765584,14.67199447680101,0.12903225806451613,0.6966736910018442,2.020954367460381
1001,1,independent,1.8962512023199398,1.824928725078746,yield,go,1,0.0,0.0,1,1,0,0.060692366076023664,1.8540171357006485,1.801155089924237,0.052862045776411515,1.8540171357006485,-20.0,-20.0,-40.0,0.0,0.0,2.4665056142204698
1001,1,fixed_priority,1.8962512023199398,1.824928725078746,yield,go,1,0.0,0.8,1,0,0,0.5180670396854349,1.8540171357006485,2.600826366233281,0.7468092305326326,2.600826366233281,9.072991432149676,5.699586816883359,14.772578249033035,0.0,0.0,2.4665056142204698
1001,1,hocbf_only,1.8962512023199398,1.824928725078746,yield,go,1,0.0,0.0,1,0,0,0.3678947897373282,1.914318761649235,1.7467141497552545,0.16760461189398046,1.914318761649235,6.042840619175383,9.126642925122372,15.169483544297755,0.43601895734597157,1.063167616370551,2.471801167543744
1001,1,nash_game,1.8962512023199398,1.824928725078746,yield,go,1,0.428677522758806,0.0,1,0,0,0.30609997407469763,2.282167012883086,1.801155089924237,0.481011922958849,2.282167012883086,5.858916493558457,9.099422455037882,14.958338948596339,0.0,0.0,2.466554813774485
1001,1,nash_game_hocbf,1.8962512023199398,1.824928725078746,yield,go,1,0.428677522758806,0.0,1,0,0,0.43868095692829945,2.3832552262565763,1.7387812642414235,0.6444739620151527,2.3832552262565763,5.808372386871712,9.130609367879288,14.938981754751,0.11827956989247312,0.9283834435163306,2.497685801897298
1001,2,independent,1.980922201497355,2.0674983090670116,go,yield,0,0.0,0.0,1,1,0,0.04206398594254541,1.9807538365205926,2.0426973690571715,0.061943532536578916,2.0426973690571715,-20.0,-20.0,-40.0,0.0,0.0,2.587235643115703
1001,2,fixed_priority,1.980922201497355,2.0674983090670116,go,yield,0,0.0,0.8,1,0,0,0.4595495258856483,1.9807538365205926,2.8428130845861928,0.8620592480656002,2.8428130845861928,9.009623081739704,5.578593457706903,14.588216539446607,0.0,0.0,2.587235643115703
1001,2,hocbf_only,1.980922201497355,2.0674983090670116,go,yield,0,0.0,0.0,1,0,0,0.3604985429794989,2.12556078011657,1.8857770781309793,0.23978370198559085,2.12556078011657,5.937219609941715,9.057111460934511,14.994331070876225,0.39462809917355374,1.2714876984091192,2.6207282438633177
1001,2,nash_game,1.980922201497355,2.0674983090670116,go,yield,0,0.0,0.4134238924303433,1,0,0,0.2892130100753493,1.9807538365205926,2.456082108282729,0.4753282717621363,2.456082108282729,9.009623081739704,5.771958945858636,14.78158202759834,0.0,0.0,2.587235643115703
1001,2,nash_game_hocbf,1.980922201497355,2.0674983090670116,go,yield,0,0.0,0.4134238924303433,1,0,0,0.3801071525756874,1.9321672311892237,2.5321285726874865,0.5999613414982627,2.5321285726874865,9.033916384405389,5.7339357136562565,14.767852098061645,0.22857142857142856,0.5281822606627217,2.5415660112405427
1001,3,independent,2.1370944952705315,1.9867917589292308,yield,go,1,0.0,0.0,1,1,0,0.09851563781551946,2.1548322522928594,1.9789190905704699,0.17591316172238947,2.1548322522928594,-20.0,-20.0,-40.0,0.0,0.0,2.3704710778716387
1001,3,fixed_priority,2.1370944952705315,1.9867917589292308,yield,go,1,0.0,0.8,1,0,0,0.4145888418478477,2.1548322522928594,2.7789319591452037,0.6240997068523444,2.7789319591452037,8.92258387385357,5.610534020427398,14.533117894280968,0.0,0.0,2.3705180238042525
1001,3,hocbf_only,2.1370944952705315,1.9867917589292308,yield,go,1,0.0,0.0,1,0,0,0.36360293311092395,2.289348300417604,1.854800567577422,0.4345477328401821,2.289348300417604,5.855325849791198,9.07259971621129,14.927925566002488,0.41294642857142855,0.92583687206251,2.2917413639085296
1001,3,nash_game,2.1370944952705315,1.9867917589292308,yield,go,1,0.34969726365869924,0.0,1,0,0,0.3216148553084776,2.5045095368474373,1.9789190905704699,0.5255904462769674,2.5045095368474373,5.747745231576282,9.010540454714764,14.758285686291046,0.0,0.0,2.3704710778716387
1001,3,nash_game_hocbf,2.1370944952705315,1.9867917589292308,yield,go,1,0.34969726365869924,0.0,1,0,0,0.42729553999905295,2.581604695770003,1.920646042645438,0.660958653124565,2.581604695770003,5.709197652114998,9.039676978677281,14.74887463079228,0.19254658385093168,0.6509987552636293,2.2281253491967714
1001,4,independent,1.9467054225291025,1.7440375321176333,yield,go,1,0.0,0.0,1,1,0,0.10078702736221058,1.9210886511441216,1.755833932932836,0.16525471821128557,1.9210886511441216,-20.0,-20.0,-40.0,0.0,0.0,2.1555805837831032
1001,4,fixed_priority,1.9467054225291025,1.7440375321176333,yield,go,1,0.0,0.8,1,0,0,0.3970201077041583,1.9210886511441216,2.556031083022616,0.6349424318784942,2.556031083022616,9.03945567442794,5.721984458488692,14.761440132916633,0.0,0.0,2.165474555148825
1001,4,hocbf_only,1.9467054225291025,1.7440375321176333,yield,go,1,0.0,0.0,1,0,0,0.36263795986343483,2.040681453787839,1.6545252834023592,0.3861561703854799,2.040681453787839,5.979659273106081,9.17273735829882,15.152396631404901,0.38495575221238937,0.9176857375229546,2.126271255999659
1001,4,nash_game,1.9467054225291025,1.7440375321176333,yield,go,1,0.2973321095885306,0.0,1,0,0,0.28341764095779326,2.2182166435483994,1.755833932932836,0.46238271061556335,2.2182166435483994,5.890891678225801,9.122083033533581,15.012974711759382,0.0,0.0,2.1555805837831032
1001,4,nash_game_hocbf,1.9467054225291025,1.7440375321176333,yield,go,1,0.2973321095885306,0.0,1,0,0,0.3948904270762638,2.3046848429114983,1.6954400575133635,0.6092447853981349,2.3046848429114983,5.847657578544251,9.152279971243319,14.99993754978757,0.11618257261410789,0.7721104331603639,2.1555805837831032
1001,5,independent,1.864147794322887,2.0830670851560544,go,yield,0,0.0,0.0,1,1,0,0.10173645397967263,1.9254681951881953,2.102903861167094,0.1774356659788987,2.102903861167094,-20.0,-20.0,-40.0,0.0,0.0,1.8760543926549291
1001,5,fixed_priority,1.864147794322887,2.0830670851560544,go,yield,0,0.0,0.8,1,0,0,0.5058441873938505,1.9254681951881953,2.902773683693206,0.9773054885050105,2.902773683693206,9.037265902405903,5.5486131581533975,14.5858790605593,0.0,0.0,1.8760543926549291
1001,5,hocbf_only,1.864147794322887,2.0830670851560544,go,yield,0,0.0,0.0,1,0,0,0.3505147794914817,1.7981345036513197,2.2357503942540147,0.437615890602695,2.2357503942540147,9.10093274817434,5.882124802872992,14.983057551047333,0.35477178423236516,0.9885745145006894,1.8419228373943213
1001,5,nash_game,1.864147794322887,2.0830670851560544,go,yield,0,0.0,0.2810807091668326,1,0,0,0.27217201294757826,1.9254681951881953,2.384000064376384,0.4585318691881888,2.384000064376384,9.037265902405903,5.807999967811808,14.84526587021771,0.0,0.0,1.8760543926549291
1001,5,nash_game_hocbf,1.864147794322887,2.0830670851560544,go,yield,0,0.0,0.2810807091668326,1,0,0,0.3700870343105374,1.859452796249176,2.458344034982619,0.5988912387334429,2.458344034982619,9.070273601875412,5.77082798250869,14.841101584384102,0.12156862745098039,0.6255843434089734,1.8760543926549291
1001,6,independent,1.9510738339061469,1.9822298116771613,go,yield,0,0.0,0.0,1,1,0,0.025412177312128206,1.9901160796055872,1.9385967558258492,0.051519323779738,1.9901160796055872,-20.0,-20.0,-40.0,0.0,0.0,2.3592311797224697
1001,6,fixed_priority,1.9510738339061469,1.9822298116771613,go,yield,0,0.0,0.8,1,0,0,0.40378657675342855,1.9901160796055872,2.7385399977035365,0.7484239180979493,2.7385399977035365,9.004941960197206,5.6307300011482315,14.635671961345437,0.0,0.0,2.3594797054222814
1001,6,hocbf_only,1.9510738339061469,1.9822298116771613,go,yield,0,0.0,0.0,1,0,0,0.36028827806717784,1.949510982588638,1.9783955399886564,0.028884557400018274,1.9783955399886564,9.025244508705681,6.010802230005671,15.036046738711352,0.49772727272727274,1.0528366424014077,2.3556417763098545
1001,6,nash_game,1.9510738339061469,1.9822298116771613,go,yield,0,0.0,0.4688440222289856,1,0,0,0.26653361938049824,1.9901160796055872,2.407164063464831,0.4170479838592438,2.407164063464831,9.004941960197206,5.796417968267584,14.801359928464791,0.0,0.0,2.3593537849949624
1001,6,nash_game_hocbf,1.9510738339061469,1.9822298116771613,go,yield,0,0.0,0.4688440222289856,1,0,0,0.41655413790388596,1.9003035539642916,2.520105381261059,0.6198018272967676,2.520105381261059,9.049848223017854,5.73994730936947,14.789795532387323,0.21149897330595482,0.871826748818673,2.2704239959314565
1001,7,independent,1.7969978702097003,1.8067355067277941,go,yield,0,0.0,0.0,1,1,0,0.03579305695559209,1.8044974198273143,1.8191104532022826,0.014613033374968332,1.8191104532022826,-20.0,-20.0,-40.0,0.0,0.0,2.0117507604833134
1001,7,fixed_priority,1.7969978702097003,1.8067355067277941,go,yield,0,0.0,0.8,1,0,0,0.5437045150201879,1.8044974198273143,2.619237650530971,0.8147402307036566,2.619237650530971,9.097751290086343,5.690381174734514,14.788132464820858,0.0,0.0,2.018639564288142
1001,7,hocbf_only,1.7969978702097003,1.8067355067277941,go,yield,0,0.0,0.0,1,0,0,0.3706484458483994,1.7705923359909224,1.8530516916718893,0.08245935568096696,1.8530516916718893,9.114703832004539,6.073474154164055,15.188177986168593,0.41125541125541126,1.0873648166745202,1.998181793784019
1001,7,nash_game,1.7969978702097003,1.8067355067277941,go,yield,0,0.0,0.4902623634819059,1,0,0,0.304276216991865,1.8044974198273143,2.3095408284926093,0.5050434086652951,2.3095408284926093,9.097751290086343,5.845229585753695,14.942980875840039,0.0,0.0,2.0193224022179543
1001,7,nash_game_hocbf,1.7969978702097003,1.8067355067277941,go,yield,0,0.0,0.4902623634819059,1,0,0,0.42428153816140657,1.7409054616007527,2.3956723726939613,0.6547669110932086,2.3956723726939613,9.129547269199623,5.802163813653019,14.931711082852642,0.11545988258317025,0.7873715214394877,2.0193224022179543
1001,8,independent,2.040779944696724,2.0746317208378304,go,yield,0,0.0,0.0,1,1,0,0.03283424395880588,2.0757015768907117,2.0896827062881216,0.01398112939740992,2.0896827062881216,-20.0,-20.0,-40.0,0.0,0.0,1.6065060101996462
1001,8,fixed_priority,2.040779944696724,2.0746317208378304,go,yield,0,0.0,0.8,1,0,0,0.5369845324545454,2.0757015768907117,2.8895952307720734,0.8138936538813617,2.8895952307720734,8.962149211554644,5.555202384613963,14.517351596168607,0.0,0.0,1.6065060101996462
1001,8,hocbf_only,2.040779944696724,2.0746317208378304,go,yield,0,0.0,0.0,1,0,0,0.3649038884584977,2.0118243541090637,2.153254679700722,0.14143032559165825,2.153254679700722,8.994087822945469,5.923372660149639,14.917460483095107,0.4067796610169492,1.1001117199821586,1.6065060101996462
1001,8,nash_game,2.040779944696724,2.0746317208378304,go,yield,0,0.0,0.46614822385889365,1,0,0,0.2871465216845051,2.0757015768907117,2.555815010069781,0.4801134331790693,2.555815010069781,8.962149211554644,5.72209249496511,14.684241706519753,0.0,0.0,1.6065060101996462
1001,8,nash_game_hocbf,2.040779944696724,2.0746317208378304,go,yield,0,0.0,0.46614822385889365,1,0,0,0.3942745541260353,2.007864215045861,2.6323914847040717,0.6245272696582105,2.6323914847040717,8.99606789247707,5.683804257647964,14.679872150125034,0.12716763005780346,0.6363474145929373,1.6065060101996462
1001,9,independent,1.9981653188158344,2.3161157353600057,go,yield,0,0.0,0.0,1,1,0,0.17461356687448423,1.983164109271966,2.277815408330457,0.29465129905849086,2.277815408330457,-20.0,-20.0,-40.0,0.0,0.0,1.9803121166237638
1001,9,fixed_priority,1.9981653188158344,2.3161157353600057,go,yield,0,0.0,0.8,1,0,0,0.5927225726877513,1.983164109271966,3.078249998608993,1.0950858893370268,3.078249998608993,9.008417945364016,5.460875000695504,14.46929294605952,0.0,0.0,1.9806016112630678
1001,9,hocbf_only,1.9981653188158344,2.3161157353600057,go,yield,0,0.0,0.0,1,0,0,0.36593451071614297,1.8687654098426136,2.408852061912605,0.5400866520699912,2.408852061912605,9.065617295078694,5.795573969043698,14.861191264122391,0.30603448275862066,0.639824548039774,2.0113706561759943
1001,9,nash_game,1.9981653188158344,2.3161157353600057,go,yield,0,0.0,0.18204958345582867,1,0,0,0.288792787334948,1.983164109271966,2.4599158749346546,0.4767517656626885,2.4599158749346546,9.008417945364016,5.7700420625326725,14.778460007896689,0.0,0.0,1.980407825027
1001,9,nash_game_hocbf,1.9981653188158344,2.3161157353600057,go,yield,0,0.0,0.18204958345582867,1,0,0,0.3916318294313281,1.9271446101151053,2.538228377782105,0.6110837676669996,2.538228377782105,9.036427694942446,5.730885811108948,14.767313506051394,0.13070539419087138,0.6360223865321843,1.9991098754041585
1001,10,independent,1.711571914369031,1.9275953441147062,go,yield,0,0.0,0.0,1,1,0,0.11786033328003005,1.7161295314270704,1.9275799814205412,0.21145044999347085,1.9275799814205412,-20.0,-20.0,-40.0,0.0,0.0,2.074125453595641
1001,10,fixed_priority,1.711571914369031,1.9275953441147062,go,yield,0,0.0,0.8,1,0,0,0.46097279230615246,1.7161295314270704,2.727576486827529,1.0114469554004586,2.727576486827529,9.141935234286464,5.636211756586236,14.778146990872699,0.0,0.0,2.074125453595641
1001,10,hocbf_only,1.711571914369031,1.9275953441147062,go,yield,0,0.0,0.0,1,0,0,0.3595552490939273,1.5582135200167375,2.093875806802234,0.5356622867854965,2.093875806802234,9.220893239991632,5.953062096598883,15.173955336590515,0.41019955654101997,0.6627005222178962,2.074125453595641
1001,10,nash_game,1.711571914369031,1.9275953441147062,go,yield,0,0.0,0.28397657025432466,1,0,0,0.2984769464946619,1.7161295314270704,2.211541102425596,0.4954115709985256,2.211541102425596,9.141935234286464,5.894229448787202,15.036164683073666,0.0,0.0,2.074125453595641
1001,10,nash_game_hocbf,1.711571914369031,1.9275953441147062,go,yield,0,0.0,0.28397657025432466,1,0,0,0.4203340308321404,1.6506305510848687,2.3021760466592665,0.6515454955743978,2.3021760466592665,9.174684724457565,5.848911976670367,15.023596701127932,0.12083333333333333,0.8085921617059959,2.074125453595641
1001,11,independent,1.9866670447997343,1.8268128785135265,yield,go,1,0.0,0.0,1,1,0,0.09251559786155099,1.957567863234214,1.7976895603969834,0.1598783028372306,1.957567863234214,-20.0,-20.0,-40.0,0.0,0.0,2.1031118339121506
1001,11,fixed_priority,1.9866670447997343,1.8268128785135265,yield,go,1,0.0,0.8,1,0,0,0.41470083156050375,1.957567863234214,2.5972884144087685,0.6397205511745545,2.5972884144087685,9.021216068382893,5.701355792795615,14.722571861178508,0.0,0.0,2.0970068339140138
1001,11,hocbf_only,1.9866670447997343,1.8268128785135265,yield,go,1,0.0,0.0,1,0,0,0.37037631454449715,2.0693557891308023,1.7048756043040223,0.36448018482678,2.0693557891308023,5.965322105434598,9.14756219784799,15.112884303282588,0.36179775280898874,1.0108472899230392,2.1031118339121506
1001,11,nash_game,1.9866670447997343,1.8268128785135265,yield,go,1,0.3401458337137919,0.0,1,0,0,0.3035432859286327,2.297534264073251,1.7976895603969834,0.49984470367626765,2.297534264073251,5.8512328679633745,9.101155219801509,14.952388087764884,0.0,0.0,2.1031118339121506
1001,11,nash_game_hocbf,1.9866670447997343,1.8268128785135265,yield,go,1,0.3401458337137919,0.0,1,0,0,0.4139212356594971,2.3817119274677165,1.745276399047778,0.6364355284199386,2.3817119274677165,5.809144036266142,9.12736180047611,14.936505836742253,0.12108559498956159,0.7386640383773317,2.1031118339121506
1001,12,independent,1.9527201147243662,1.9154274272453244,yield,go,1,0.0,0.0,1,1,0,0.05004077690048074,1.9856273226194199,1.9240840337180933,0.06154328890132654,1.9856273226194199,-20.0,-20.0,-40.0,0.0,0.0,2.144063191693228
1001,12,fixed_priority,1.9527201147243662,1.9154274272453244,yield,go,1,0.0,0.8,1,0,0,0.4345931103886386,1.9856273226194199,2.724101644533151,0.7384743219137311,2.724101644533151,9.00718633869029,5.637949177733424,14.645135516423714,0.0,0.0,2.144063191693228
1001,12,hocbf_only,1.9527201147243662,1.9154274272453244,yield,go,1,0.0,0.0,1,0,0,0.37057543983641045,2.141805704772487,1.7581133366056116,0.3836923681668756,2.141805704772487,5.929097147613756,9.120943331697195,15.050040479310951,0.4572072072072072,1.0278615740750567,2.1935371776465513
1001,12,nash_game,1.9527201147243662,1.9154274272453244,yield,go,1,0.462707312520958,0.0,1,0,0,0.3164308887333924,2.4484454060840872,1.9240840337180933,0.5243613723659939,2.4484454060840872,5.775777296957957,9.037957983140954,14.81373528009891,0.0,0.0,2.1440826477803125
1001,12,nash_game_hocbf,1.9527201147243662,1.9154274272453244,yield,go,1,0.462707312520958,0.0,1,0,0,0.43640043078806257,2.5295432332187033,1.8547346562812053,0.6748085769374981,2.5295432332187033,5.735228383390648,9.072632671859397,14.807861055250045,0.12653061224489795,0.7491429145181481,2.168517902695307
1001,13,independent,2.2064627413269546,2.2059683814854223,yield,go,1,0.0,0.0,1,1,0,0.037393206420822424,2.170140136477961,2.240050037949087,0.06990990147112619,2.240050037949087,-20.0,-20.0,-40.0,0.0,0.0,1.8558570938273748
1001,13,fixed_priority,2.2064627413269546,2.2059683814854223,yield,go,1,0.0,0.8,1,0,0,0.39231102797561423,2.170140136477961,3.03972749504772,0.8695873585697593,3.03972749504772,8.91492993176102,5.4801362524761394,14.395066184237159,0.0,0.0,1.8558570938273748
1001,13,hocbf_only,2.2064627413269546,2.2059683814854223,yield,go,1,0.0,0.0,1,0,0,0.36308699011385204,2.0364814630616492,2.3811505398347115,0.34466907677306224,2.3811505398347115,8.981759268469176,5.809424730082644,14.79118399855182,0.5284210526315789,1.0022778224391125,1.7868740227280975
1001,13,nash_game,2.2064627413269546,2.2059683814854223,yield,go,1,0.49950564015846766,0.0,1,0,0,0.26025494610041916,2.6697982366828112,2.240050037949087,0.42974819873372416,2.6697982366828112,5.665100881658594,8.879974981025457,14.545075862684051,0.0,0.0,1.856026718149748
1001,13,nash_game_hocbf,2.2064627413269546,2.2059683814854223,yield,go,1,0.49950564015846766,0.0,1,0,0,0.37859892294696984,2.76095193268235,2.1648795185773926,0.5960724141049574,2.76095193268235,5.619524033658825,8.917560240711303,14.537084274370129,0.16,0.5772750238485908,1.8786479980895836
1001,14,independent,1.9248774309411028,1.8612421192489663,yield,go,1,0.0,0.0,1,1,0,0.013088823842498466,1.9100167583293741,1.9069530010651818,0.0030637572641922795,1.9100167583293741,-20.0,-20.0,-40.0,0.0,0.0,2.301370994306613
1001,14,fixed_priority,1.9248774309411028,1.8612421192489663,yield,go,1,0.0,0.8,1,0,0,0.4410707029986658,1.9100167583293741,2.7071040657358276,0.7970873074064535,2.7071040657358276,9.044991620835313,5.646447967132087,14.6914395879674,0.0,0.0,2.329776137097872
1001,14,hocbf_only,1.9248774309411028,1.8612421192489663,yield,go,1,0.0,0.0,1,0,0,0.36451692055162904,1.8029014086121042,2.0072496462907297,0.20434823767862542,2.0072496462907297,9.098549295693948,5.996375176854635,15.094924472548584,0.4593967517401392,1.1606947383085273,2.1855157518731367
1001,14,nash_game,1.9248774309411028,1.8612421192489663,yield,go,1,0.43636468830786335,0.0,1,0,0,0.27085971226990263,2.346252960943914,1.9069530010651818,0.43929995987873216,2.346252960943914,5.826873519528043,9.046523499467408,14.873397018995451,0.0,0.0,2.301370994306613
1001,14,nash_game_hocbf,1.9248774309411028,1.8612421192489663,yield,go,1,0.43636468830786335,0.0,1,0,0,0.3877762566766528,2.4367369628135447,1.8365478298820166,0.6001891329315281,2.4367369628135447,5.781631518593228,9.081726085058992,14.86335760365222,0.16842105263157894,0.6406280761709986,2.273050122987498
1001,15,independent,1.7548662261903938,2.1812528474209754,go,yield,0,0.0,0.0,1,0,0,0.29582483533539256,1.7166243607358591,2.212327590635831,0.49570322989997195,2.212327590635831,9.14168781963207,5.893836204682085,15.035524024314155,0.0,0.0,2.0512397290138495
1001,15,fixed_priority,1.7548662261903938,2.1812528474209754,go,yield,0,0.0,0.8,1,0,0,0.602429359772825,1.7166243607358591,3.0120410912617985,1.2954167305259394,3.0120410912617985,9.14168781963207,5.493979454369101,14.635667274001172,0.0,0.0,2.0512397290138495
1001,15,hocbf_only,1.7548662261903938,2.1812528474209754,go,yield,0,0.0,0.0,1,0,0,0.40040329904738,1.664092203457825,2.2885554198655806,0.6244632164077557,2.2885554198655806,9.167953898271087,5.8557222900672095,15.023676188338296,0.1346153846153846,0.6540888948183992,2.0512397290138495
1001,15,nash_game,1.7548662261903938,2.1812528474209754,go,yield,0,0.0,0.07361337876941842,1,0,0,0.34440155572293507,1.7166243607358591,2.285942752194519,0.5693183914586599,2.285942752194519,9.14168781963207,5.857028623902741,14.99871644353481,0.0,0.0,2.0512397290138495
1001,15,nash_game_hocbf,1.7548662261903938,2.1812528474209754,go,yield,0,0.0,0.07361337876941842,1,0,0,0.42503085145732183,1.6793292952254015,2.3442559442420303,0.6649266490166288,2.3442559442420303,9.1603353523873,5.827872027878985,14.988207380266285,0.1092436974789916,0.5990676214648055,2.0512397290138495
1001,16,independent,2.125562196181033,2.2512191581230683,go,yield,0,0.0,0.0,1,1,0,0.07081409029361613,2.1124447175948955,2.221809551941593,0.1093648343466973,2.221809551941593,-20.0,-20.0,-40.0,0.0,0.0,1.8684269842936063
1001,16,fixed_priority,2.125562196181033,2.2512191581230683,go,yield,0,0.0,0.8,1,0,0,0.5884896085751671,2.1124447175948955,3.022122040869584,0.9096773232746886,3.022122040869584,8.943777641202551,5.488938979565208,14.43271662076776,0.0,0.0,1.8686022766793058
1001,16,hocbf_only,2.125562196181033,2.2512191581230683,go,yield,0,0.0,0.0,1,0,0,0.36741329777588294,1.992740327903009,2.3530466427473877,0.3603063148443788,2.3530466427473877,9.003629836048496,5.823476678626307,14.827106514674803,0.43103448275862066,0.9145104633055817,1.8997871215143796
1001,16,nash_game,2.125562196181033,2.2512191581230683,go,yield,0,0.0,0.37434303805796487,1,0,0,0.29059423280610264,2.1124447175948955,2.5962527409051224,0.4838080233102269,2.5962527409051224,8.943777641202551,5.701873629547439,14.64565127074999,0.0,0.0,1.8685196948885852
1001,16,nash_game_hocbf,2.125562196181033,2.2512191581230683,go,yield,0,0.0,0.37434303805796487,1,0,0,0.3949201700357427,2.0532088208135884,2.674918002052304,0.6217091812387157,2.674918002052304,8.973395589593206,5.6625409989738476,14.635936588567054,0.13147410358565736,0.6152919949858986,1.8879302376574894
1001,17,independent,2.1105211246563127,1.9706335903977192,yield,go,1,0.0,0.0,1,1,0,0.06938198702606077,2.0741392174401487,1.9595444339059036,0.11459478353424513,2.0741392174401487,-20.0,-20.0,-40.0,0.0,0.0,2.348205315433118
1001,17,fixed_priority,2.1105211246563127,1.9706335903977192,yield,go,1,0.0,0.8,1,0,0,0.4502729182150325,2.0741392174401487,2.759545777405168,0.6854065599650192,2.759545777405168,8.962930391279926,5.620227111297416,14.583157502577341,0.0,0.0,2.348341146638519
1001,17,hocbf_only,2.1105211246563127,1.9706335903977192,yield,go,1,0.0,0.0,1,0,0,0.36643688472097263,2.2082187790378995,1.8378267174036538,0.37039206163424576,2.2082187790378995,5.89589061048105,9.081086641298173,14.976977251779223,0.3616557734204793,0.9946927573185873,2.26356580894717
1001,17,nash_game,2.1105211246563127,1.9706335903977192,yield,go,1,0.3601124657414063,0.0,1,0,0,0.2962779261157621,2.4342147425288494,1.9595444339059036,0.4746703086229458,2.4342147425288494,5.782892628735575,9.020227783047048,14.803120411782622,0.0,0.0,2.348205315433118
1001,17,nash_game_hocbf,2.1105211246563127,1.9706335903977192,yield,go,1,0.3601124657414063,0.0,1,0,0,0.4209638200173208,2.528167341673371,1.893109564516862,0.6350577771565091,2.528167341673371,5.735916329163315,9.053445217741569,14.789361546904884,0.1191919191919192,0.8180450617809146,2.293693385728843
1001,18,independent,2.014984216568086,1.8399752056226675,yield,go,1,0.0,0.0,1,1,0,0.06493263552270347,2.0160349301440506,1.915942991763874,0.1000919383801766,2.0160349301440506,-20.0,-20.0,-40.0,0.0,0.0,2.026178872979395
1001,18,fixed_priority,2.014984216568086,1.8399752056226675,yield,go,1,0.0,0.8,1,0,0,0.4420649406388236,2.0160349301440506,2.716149955895757,0.7001150257517064,2.716149955895757,8.991982534927974,5.6419250220521215,14.633907556980095,0.0,0.0,2.026178872979395
1001,18,hocbf_only,2.014984216568086,1.8399752056226675,yield,go,1,0.0,0.0,1,0,0,0.3482234174053962,2.1925158599734353,1.7314720701533248,0.4610437898201105,2.1925158599734353,5.9037420700132826,9.134263964923338,15.038006034936622,0.49191685912240185,0.8232728712361741,2.0884189572166227
1001,18,nash_game,2.014984216568086,1.8399752056226675,yield,go,1,0.32499098905458146,0.0,1,0,0,0.26025617110751287,2.341022448916488,1.915942991763874,0.4250794571526142,2.341022448916488,5.829488775541756,9.042028504118063,14.87151727965982,0.0,0.0,2.0261057479226654
1001,18,nash_game_hocbf,2.014984216568086,1.8399752056226675,yield,go,1,0.32499098905458146,0.0,1,0,0,0.3871794327541277,2.434064328926306,1.8313391358852116,0.6027251930410944,2.434064328926306,5.782967835536847,9.084330432057394,14.86729826759424,0.13763440860215054,0.7726310535708556,2.055283613430624
1001,19,independent,1.9455277748999085,1.9503198758746665,go,yield,0,0.0,0.0,1,1,0,0.024089996740121775,2.0027914168717733,1.9730093724787274,0.02978204439304588,2.0027914168717733,-20.0,-20.0,-40.0,0.0,0.0,2.1413173676996093
1001,19,fixed_priority,1.9455277748999085,1.9503198758746665,go,yield,0,0.0,0.8,1,0,0,0.5374756013136458,2.0027914168717733,2.772990439273496,0.7701990224017226,2.772990439273496,8.998604291564114,5.613504780363252,14.612109071927366,0.0,0.0,2.1413173676996093
1001,19,hocbf_only,1.9455277748999085,1.9503198758746665,go,yield,0,0.0,0.0,1,0,0,0.3662645253327789,2.0166590979671057,1.9595868502201654,0.05707224774694031,2.0166590979671057,5.991670451016447,9.020206574889917,15.011877025906365,0.4314606741573034,1.0987559321783704,2.09093345848864
1001,19,nash_game,1.9455277748999085,1.9503198758746665,go,yield,0,0.0,0.495207899025242,1,0,0,0.2866620305644446,2.0027914168717733,2.468296191439112,0.46550477456733885,2.468296191439112,8.998604291564114,5.765851904280444,14.764456195844557,0.0,0.0,2.1413173676996093
1001,19,nash_game_hocbf,1.9455277748999085,1.9503198758746665,go,yield,0,0.0,0.495207899025242,1,0,0,0.4155536441927673,1.9213930051836725,2.5577547336239106,0.6363617284402381,2.5577547336239106,9.039303497408163,5.7211226331880445,14.760426130596208,0.12121212121212122,0.8296379335767875,2.1413173676996093
1001,20,independent,1.8233446337123502,1.8300754524484735,go,yield,0,0.0,0.0,1,1,0,0.03240137673022611,1.813577117246552,1.818196277938567,0.004619160692014956,1.818196277938567,-20.0,-20.0,-40.0,0.0,0.0,1.9177308121076624
1001,20,fixed_priority,1.8233446337123502,1.8300754524484735,go,yield,0,0.0,0.8,1,0,0,0.43785788409226334,1.813577117246552,2.618053439862207,0.8044763226156548,2.618053439862207,9.093211441376724,5.690973280068897,14.78418472144562,0.0,0.0,1.9177308121076624
1001,20,hocbf_only,1.8233446337123502,1.8300754524484735,go,yield,0,0.0,0.0,1,0,0,0.36737060491131746,1.803166134671022,1.8286743610295293,0.025508226358507358,1.8286743610295293,9.098416932664488,6.085662819485235,15.184079752149724,0.4895591647331787,1.0303193172727938,1.8512562325552517
1001,20,nash_game,1.8233446337123502,1.8300754524484735,go,yield,0,0.0,0.49326918126387675,1,0,0,0.303864523212861,1.813577117246552,2.311273143181648,0.49769602593509576,2.311273143181648,9.093211441376724,5.844363428409176,14.9375748697859,0.0,0.0,1.9177308121076624
1001,20,nash_game_hocbf,1.8233446337123502,1.8300754524484735,go,yield,0,0.0,0.49326918126387675,1,0,0,0.42011231038295427,1.7547890250205354,2.399178251701158,0.6443892266806228,2.399178251701158,9.122605487489732,5.800410874149421,14.923016361639153,0.11850311850311851,0.7832061313412544,1.9177308121076624
1001,21,independent,2.156538002962229,1.66211757806381,go,go,1,0.0,0.0,1,0,0,0.31282669462300305,2.164302122803649,1.6361080032323478,0.5281941195713014,2.164302122803649,5.917848938598175,9.181945998383826,15.099794936982,0.0,0.0,2.130162603005109
1001,21,fixed_priority,2.156538002962229,1.66211757806381,go,go,1,0.0,0.8,1,1,0,0.16024775707930813,2.164302122803649,2.435179622753526,0.27087749994987664,2.435179622753526,-20.0,-20.0,-40.0,0.0,0.0,2.106381142632928
1001,21,hocbf_only,2.156538002962229,1.66211757806381,go,go,1,0.0,0.0,1,0,0,0.4016141419609659,2.234130890650479,1.5925176823915919,0.6416132082588872,2.234130890650479,5.88293455467476,9.203741158804204,15.086675713478964,0.11353711790393013,0.6640639630804371,2.130162603005109
1001,21,nash_game,2.156538002962229,1.66211757806381,go,go,1,0.0,0.0,1,0,0,0.31282669462300305,2.164302122803649,1.6361080032323478,0.5281941195713014,2.164302122803649,5.917848938598175,9.181945998383826,15.099794936982,0.0,0.0,2.130162603005109
1001,21,nash_game_hocbf,2.156538002962229,1.66211757806381,go,go,1,0.0,0.0,1,0,0,0.4016141419609659,2.234130890650479,1.5925176823915919,0.6416132082588872,2.234130890650479,5.88293455467476,9.203741158804204,15.086675713478964,0.11353711790393013,0.6640639630804371,2.130162603005109
1001,22,independent,2.2640501772510104,2.0841276872168346,yield,go,1,0.0,0.0,1,1,0,0.10383898737168165,2.2388074699873863,2.0664024242550934,0.17240504573229298,2.2388074699873863,-20.0,-20.0,-40.0,0.0,0.0,2.3616468021826895
1001,22,fixed_priority,2.2640501772510104,2.0841276872168346,yield,go,1,0.0,0.8,1,0,0,0.3904558177241121,2.2388074699873863,2.8665136876474215,0.6277062176600352,2.8665136876474215,8.880596265006307,5.5667431561762895,14.447339421182598,0.0,0.0,2.3618038445978535
1001,22,hocbf_only,2.2640501772510104,2.0841276872168346,yield,go,1,0.0,0.0,1,0,0,0.371988569871201,2.2628825339975536,2.0612770998240264,0.20160543417352716,2.2628825339975536,5.868558733001223,8.969361450087987,14.83792018308921,0.3950617283950617,1.0190331334302694,2.3240313339024348
1001,22,nash_game,2.2640501772510104,2.0841276872168346,yield,go,1,0.3200775099658242,0.0,1,0,0,0.2984848295376472,2.5589554768129026,2.0664024242550934,0.49255305255780923,2.5589554768129026,5.7205222615935485,8.966798787872452,14.687321049466,0.0,0.0,2.3616468021826895
1001,22,nash_game_hocbf,2.2640501772510104,2.0841276872168346,yield,go,1,0.3200775099658242,0.0,1,0,0,0.38967309330038336,2.6302916707237376,2.01741471162223,0.6128769591015075,2.6302916707237376,5.684854164638131,8.991292644188885,14.676146808827017,0.21428571428571427,0.4254079798162216,2.319127034783649
1001,23,independent,2.153629387409069,2.3959901112745214,go,yield,0,0.0,0.0,1,1,0,0.12218520672639917,2.1537165671055614,2.3614912369629537,0.20777466985739235,2.3614912369629537,-20.0,-20.0,-40.0,0.0,0.0,1.8452128242625025
1001,23,fixed_priority,2.153629387409069,2.3959901112745214,go,yield,0,0.0,0.8,1,0,0,0.643896830483522,2.1537165671055614,3.1619136025647205,1.0081970354591592,3.1619136025647205,8.923141716447219,5.41904319871764,14.342184915164859,0.0,0.0,1.8453708314226467
1001,23,hocbf_only,2.153629387409069,2.3959901112745214,go,yield,0,0.0,0.0,1,0,0,0.36278797956264236,2.016496065480869,2.508034751855464,0.4915386863745952,2.508034751855464,8.991751967259566,5.745982624072268,14.737734591331833,0.3490759753593429,0.7934819859881809,1.8810930069595724
1001,23,nash_game,2.153629387409069,2.3959901112745214,go,yield,0,0.0,0.2576392761345474,1,0,0,0.2782946439270477,2.1537165671055614,2.6192487416028802,0.4655321744973189,2.6192487416028802,8.923141716447219,5.690375629198559,14.613517345645779,0.0,0.0,1.8452178539896065
1001,23,nash_game_hocbf,2.153629387409069,2.3959901112745214,go,yield,0,0.0,0.2576392761345474,1,0,0,0.3832888314735218,2.0916432462255337,2.698598394627533,0.6069551484019993,2.698598394627533,8.954178376887233,5.6507008026862335,14.604879179573466,0.1328125,0.6034115219346345,1.864215991720914
1001,24,independent,1.9555408277667345,1.814196785970454,yield,go,1,0.0,0.0,1,1,0,0.08879388064013993,1.9668093696276019,1.8146888765896294,0.15212049303797248,1.9668093696276019,-20.0,-20.0,-40.0,0.0,0.0,2.175194095444903
1001,24,fixed_priority,1.9555408277667345,1.814196785970454,yield,go,1,0.0,0.8,1,0,0,0.4062605581513457,1.9668093696276019,2.614679341697138,0.647869972069536,2.614679341697138,9.0165953151862,5.6926603291514315,14.709255644337631,0.0,0.0,2.1761030188353043
1001,24,hocbf_only,1.9555408277667345,1.814196785970454,yield,go,1,0.0,0.0,1,0,0,0.36086893276625154,2.0296494592651544,1.7706141550908985,0.2590353041742559,2.0296494592651544,5.985175270367423,9.114692922454552,15.099868192821974,0.35845213849287166,1.1031150644798162,2.0977560145932905
1001,24,nash_game,1.9555408277667345,1.814196785970454,yield,go,1,0.3586559582037194,0.0,1,0,0,0.30829488386537957,2.325519484324841,1.8146888765896294,0.5108306077352116,2.325519484324841,5.837240257837579,9.092655561705186,14.929895819542764,0.0,0.0,2.175194095444903
1001,24,nash_game_hocbf,1.9555408277667345,1.814196785970454,yield,go,1,0.3586559582037194,0.0,1,0,0,0.40463084527877446,2.3999140685793954,1.7631117878250244,0.636802280754371,2.3999140685793954,5.800042965710302,9.118444106087487,14.91848707179779,0.12333965844402277,0.5911266044421578,2.175194095444903
1001,25,independent,1.8635369269293536,1.9727207372303102,go,yield,0,0.0,0.0,1,1,0,0.02801649799159244,1.8812705656907813,1.9249010500236765,0.04363048433289518,1.9249010500236765,-20.0,-20.0,-40.0,0.0,0.0,2.4715154735715066
1001,25,fixed_priority,1.8635369269293536,1.9727207372303102,go,yield,0,0.0,0.8,1,0,0,0.5007113246514506,1.8812705656907813,2.7247933247733385,0.8435227590825571,2.7247933247733385,9.05936471715461,5.6376033376133305,14.69696805476794,0.0,0.0,2.471780907126241
1001,25,hocbf_only,1.8635369269293536,1.9727207372303102,go,yield,0,0.0,0.0,1,0,0,0.35285336182597715,1.7014983290136738,2.111595468653345,0.4100971396396711,2.111595468653345,9.149250835493163,5.9442022656733275,15.09345310116649,0.46064814814814814,0.9983594439131487,2.535342306311052
1001,25,nash_game,1.8635369269293536,1.9727207372303102,go,yield,0,0.0,0.3908161896990434,1,0,0,0.26706178786074813,1.8812705656907813,2.3153487087166544,0.4340781430258731,2.3153487087166544,9.05936471715461,5.842325645641672,14.901690362796282,0.0,0.0,2.471650237594299
1001,25,nash_game_hocbf,1.8635369269293536,1.9727207372303102,go,yield,0,0.0,0.3908161896990434,1,0,0,0.4067196216685344,1.8005541834953205,2.4214362070849846,0.6208820235896642,2.4214362070849846,9.099722908252339,5.789281896457508,14.889004804709847,0.13588110403397027,0.8531008611022233,2.503984834360936
1001,26,independent,1.8321376157098812,1.9572184551700504,go,yield,0,0.0,0.0,1,1,0,0.10777164825480776,1.796347060651831,1.9851805139750727,0.18883345332324164,1.9851805139750727,-20.0,-20.0,-40.0,0.0,0.0,2.313966388432473
1001,26,fixed_priority,1.8321376157098812,1.9572184551700504,go,yield,0,0.0,0.8,1,0,0,0.5481787231705658,1.796347060651831,2.7851391594380264,0.9887920987861953,2.7851391594380264,9.101826469674084,5.607430420280987,14.709256889955071,0.0,0.0,2.313966388432473
1001,26,hocbf_only,1.8321376157098812,1.9572184551700504,go,yield,0,0.0,0.0,1,0,0,0.36336999381022306,1.660425459938911,2.1367815259617826,0.4763560660228716,2.1367815259617826,9.169787270030545,5.931609237019108,15.101396507049653,0.36794582392776526,0.9950341019402849,2.2318716096313316
1001,26,nash_game,1.8321376157098812,1.9572184551700504,go,yield,0,0.0,0.37491916053983076,1,0,0,0.3453858000142973,1.796347060651831,2.3602160284190172,0.5638689677671862,2.3602160284190172,9.101826469674084,5.819891985790491,14.921718455464575,0.0,0.0,2.313966388432473
1001,26,nash_game_hocbf,1.8321376157098812,1.9572184551700504,go,yield,0,0.0,0.37491916053983076,1,0,0,0.4560626462657533,1.7435975691149481,2.439917218515705,0.6963196494007569,2.439917218515705,9.128201215442527,5.780041390742148,14.908242606184675,0.1375,0.6638906908051457,2.2570239634064158
1001,27,independent,1.9394368724435493,1.8903169823429844,yield,go,1,0.0,0.0,1,1,0,0.03443680460776173,1.94672793688826,1.9339575183523194,0.01277041853594052,1.94672793688826,-20.0,-20.0,-40.0,0.0,0.0,2.402214868222124
1001,27,fixed_priority,1.9394368724435493,1.8903169823429844,yield,go,1,0.0,0.8,1,0,0,0.4126709481899304,1.94672793688826,2.734021797681643,0.7872938607933833,2.734021797681643,9.02663603155587,5.632989101159178,14.65962513271505,0.0,0.0,2.402214868222124
1001,27,hocbf_only,1.9394368724435493,1.8903169823429844,yield,go,1,0.0,0.0,1,0,0,0.3527544053452862,2.0515236347727184,1.8282972896574445,0.22322634511527384,2.0515236347727184,5.974238182613641,9.085851355171277,15.060089537784918,0.5,1.0834611230105602,2.435681634124507
1001,27,nash_game,1.9394368724435493,1.8903169823429844,yield,go,1,0.45088010989943483,0.0,1,0,0,0.29197387939381864,2.397637240736878,1.9339575183523194,0.46367972238455857,2.397637240736878,5.801181379631561,9.03302124082384,14.834202620455402,0.0,0.0,2.4022306436051255
1001,27,nash_game_hocbf,1.9394368724435493,1.8903169823429844,yield,go,1,0.45088010989943483,0.0,1,0,0,0.4267601851031448,2.4942465540405974,1.851149133352286,0.6430974206883113,2.4942465540405974,5.7528767229797015,9.074425433323857,14.827302156303558,0.18259023354564755,0.6745642157383663,2.3993697361536293
1001,28,independent,1.9195707615913504,2.1937152231697787,go,yield,0,0.0,0.0,1,1,0,0.1233403245620372,1.957682196447392,2.1739089755025094,0.21622677905511734,2.1739089755025094,-20.0,-20.0,-40.0,0.0,0.0,2.0862075012793815
1001,28,fixed_priority,1.9195707615913504,2.1937152231697787,go,yield,0,0.0,0.8,1,0,0,0.5592737594110927,1.957682196447392,2.9740985163277505,1.0164163198803584,2.9740985163277505,9.021158901776303,5.512950741836125,14.534109643612428,0.0,0.0,2.0862075012793815
1001,28,hocbf_only,1.9195707615913504,2.1937152231697787,go,yield,0,0.0,0.0,1,0,0,0.35811387146851786,1.8463230699715216,2.2972785790932453,0.45095550912172366,2.2972785790932453,9.076838465014239,5.851360710453378,14.928199175467617,0.35394456289978676,0.8837598043905943,2.0787453806745972
1001,28,nash_game,1.9195707615913504,2.1937152231697787,go,yield,0,0.0,0.22585553842157147,1,0,0,0.2641796378875054,1.957682196447392,2.39976903105517,0.442086834607778,2.39976903105517,9.021158901776303,5.800115484472415,14.821274386248717,0.0,0.0,2.0862075012793815
1001,28,nash_game_hocbf,1.9195707615913504,2.1937152231697787,go,yield,0,0.0,0.22585553842157147,1,0,0,0.3713431280051912,1.8912746229337212,2.4824065732157785,0.5911319502820573,2.4824065732157785,9.05436268853314,5.758796713392111,14.813159401925251,0.12601626016260162,0.6769799525591121,2.0862075012793815
1001,29,independent,1.8940535239076148,1.9298707896919722,go,yield,0,0.0,0.0,1,1,0,0.008825763763821343,1.9087693084096495,1.8956012125508153,0.013168095858834272,1.9087693084096495,-20.0,-20.0,-40.0,0.0,0.0,2.167732035828112
1001,29,fixed_priority,1.8940535239076148,1.9298707896919722,go,yield,0,0.0,0.8,1,0,0,0.549259756177605,1.9087693084096495,2.6954447313996397,0.7866754229899902,2.6954447313996397,9.045615345795175,5.65227763430018,14.697892980095355,0.0,0.0,2.167943261671717
1001,29,hocbf_only,1.8940535239076148,1.9298707896919722,go,yield,0,0.0,0.0,1,0,0,0.3581268164268419,1.8148231079863433,1.988681182211872,0.17385807422552868,1.988681182211872,9.092588446006829,6.005659408894064,15.098247854900894,0.4043478260869565,1.1635595960783616,2.1758309664941033
1001,29,nash_game,1.8940535239076148,1.9298707896919722,go,yield,0,0.0,0.4641827342156424,1,0,0,0.27551131712885335,1.9087693084096495,2.3594563515094897,0.4506870430998402,2.3594563515094897,9.045615345795175,5.820271824245255,14.86588717004043,0.0,0.0,2.1678412571332517
1001,29,nash_game_hocbf,1.8940535239076148,1.9298707896919722,go,yield,0,0.0,0.4641827342156424,1,0,0,0.41587818752719186,1.8295785025422358,2.4647867417557263,0.6352082392134906,2.4647867417557263,9.085210748728882,5.767606629122136,14.852817377851018,0.126232741617357,0.8570182968681741,2.1898778978858306
1001,30,independent,2.028546790382303,1.885479664248912,yield,go,1,0.0,0.0,1,1,0,0.03471565065644573,2.0045558656054276,1.9488708045707128,0.05568506103471482,2.0045558656054276,-20.0,-20.0,-40.0,0.0,0.0,2.0082415564742373
1001,30,fixed_priority,2.028546790382303,1.885479664248912,yield,go,1,0.0,0.8,1,0,0,0.46324443250018754,2.0045558656054276,2.7489059430407394,0.7443500774353118,2.7489059430407394,8.997722067197286,5.62554702847963,14.623269095676916,0.0,0.0,2.041446342879571
1001,30,hocbf_only,2.028546790382303,1.885479664248912,yield,go,1,0.0,0.0,1,0,0,0.36046515154828423,2.0748625542928796,1.8842757835543744,0.19058677073850516,2.0748625542928796,5.96256872285356,9.057862108222812,15.020430831076371,0.41350210970464135,1.0372574970350918,1.9975247210495
1001,30,nash_game,2.028546790382303,1.885479664248912,yield,go,1,0.3569328738666089,0.0,1,1,0,0.24788986959591497,2.361394361298651,1.9488708045707128,0.4125235567279384,2.361394361298651,-20.0,-20.0,-40.0,0.0,0.0,2.0082415564742373
1001,30,nash_game_hocbf,2.028546790382303,1.885479664248912,yield,go,1,0.3569328738666089,0.0,1,0,0,0.37313099932453236,2.455226752021329,1.869573333726501,0.5856534182948279,2.455226752021329,5.772386623989336,9.06521333313675,14.837599957126086,0.13137254901960785,0.7333610122105725,2.0082415564742373
1001,31,independent,1.7345834281889791,2.0586890416139374,go,yield,0,0.0,0.0,1,1,0,0.19132898035292326,1.7575844338138766,2.0872477982690385,0.32966336445516187,2.0872477982690385,-20.0,-20.0,-40.0,0.0,0.0,2.378425899895252
1001,31,fixed_priority,1.7345834281889791,2.0586890416139374,go,yield,0,0.0,0.8,1,0,0,0.5089270841970117,1.7575844338138766,2.8870836683611496,1.129499234547273,2.8870836683611496,9.121207783093062,5.556458165819425,14.677665948912487,0.0,0.0,2.378425899895252
1001,31,hocbf_only,1.7345834281889791,2.0586890416139374,go,yield,0,0.0,0.0,1,0,0,0.37035620042675554,1.639450533050703,2.2166950268759744,0.5772444938252714,2.2166950268759744,9.180274733474649,5.891652486562013,15.071927220036661,0.2,0.8108140041026326,2.378425899895252
1001,31,nash_game,1.7345834281889791,2.0586890416139374,go,yield,0,0.0,0.17589438657504175,1,0,0,0.31058342473439227,1.7575844338138766,2.26318461894098,0.5056001851271035,2.26318461894098,9.121207783093062,5.86840769052951,14.989615473622573,0.0,0.0,2.378425899895252
1001,31,nash_game_hocbf,1.7345834281889791,2.0586890416139374,go,yield,0,0.0,0.17589438657504175,1,0,0,0.4279863188752126,1.6892533883028567,2.346768930094968,0.6575155417921115,2.346768930094968,9.155373305848572,5.826615534952516,14.981988840801089,0.15723270440251572,0.6516727938373679,2.378425899895252
1001,32,independent,1.8763797123962842,1.9379276409406259,go,yield,0,0.0,0.0,1,1,0,0.06538536269955889,1.8609662415512855,1.9358279396937494,0.0748616981424639,1.9358279396937494,-20.0,-20.0,-40.0,0.0,0.0,2.1855766504783976
1001,32,fixed_priority,1.8763797123962842,1.9379276409406259,go,yield,0,0.0,0.8,1,0,0,0.5408692752397688,1.8609662415512855,2.7358234093133604,0.8748571677620749,2.7358234093133604,9.069516879224357,5.63208829534332,14.701605174567678,0.0,0.0,2.1855766504783976
1001,32,hocbf_only,1.8763797123962842,1.9379276409406259,go,yield,0,0.0,0.0,1,0,0,0.3772475826029964,1.9062634737984907,1.889880791188007,0.016382682610483812,1.9062634737984907,6.046868263100754,9.055059604405997,15.101927867506753,0.39445628997867804,1.0772452601436682,2.1748797195869387
1001,32,nash_game,1.8763797123962842,1.9379276409406259,go,yield,0,0.0,0.43845207145565834,1,0,0,0.3163752611757649,1.8609662415512855,2.3742582182173906,0.513291976666105,2.3742582182173906,9.069516879224357,5.812870890891305,14.882387770115663,0.0,0.0,2.1855766504783976
1001,32,nash_game_hocbf,1.8763797123962842,1.9379276409406259,go,yield,0,0.0,0.43845207145565834,1,0,0,0.41981296476359103,1.809938825816801,2.4516610656623663,0.6417222398455653,2.4516610656623663,9.0950305870916,5.774169467168817,14.869200054260418,0.10331384015594541,0.7535687244916229,2.1855766504783976
1001,33,independent,1.9183761747411592,1.8974292584731527,yield,go,1,0.0,0.0,1,1,0,0.03539983672039965,1.9024319806428585,1.8456170807325525,0.05681489991030597,1.9024319806428585,-20.0,-20.0,-40.0,0.0,0.0,2.2055973239853066
1001,33,fixed_priority,1.9183761747411592,1.8974292584731527,yield,go,1,0.0,0.8,1,0,0,0.44913912026651487,1.9024319806428585,2.645168859370903,0.7427368787280444,2.645168859370903,9.04878400967857,5.677415570314548,14.726199579993118,0.0,0.0,2.2055973239853066
1001,33,hocbf_only,1.9183761747411592,1.8974292584731527,yield,go,1,0.0,0.0,1,0,0,0.36773216220380545,2.062552571064314,1.6982484454828466,0.36430412558146763,2.062552571064314,5.968723714467843,9.150875777258577,15.119599491726419,0.46405228758169936,1.0545049365463388,2.2650971355472347
1001,33,nash_game,1.9183761747411592,1.8974292584731527,yield,go,1,0.4790530837319933,0.0,1,0,0,0.3234920047406615,2.381333195525387,1.8456170807325525,0.5357161147928347,2.381333195525387,5.809333402237306,9.077191459633724,14.886524861871031,0.0,0.0,2.205706166590548
1001,33,nash_game_hocbf,1.9183761747411592,1.8974292584731527,yield,go,1,0.4790530837319933,0.0,1,0,0,0.4518469816477617,2.476209739657162,1.7871588743857956,0.6890508652713665,2.476209739657162,5.761895130171419,9.106420562807102,14.868315692978522,0.116600790513834,0.8386271005129929,2.227523464917556
1001,34,independent,2.0764534945545825,2.0261764446780957,yield,go,1,0.0,0.0,1,1,0,0.06423177976704862,2.1088061909235996,1.9951720373856399,0.11363415353795969,2.1088061909235996,-20.0,-20.0,-40.0,0.0,0.0,1.4090427362581888
1001,34,fixed_priority,2.0764534945545825,2.0261764446780957,yield,go,1,0.0,0.8,1,0,0,0.43026831371275776,2.1088061909235996,2.79524056249111,0.6864343715675103,2.79524056249111,8.945596904538201,5.602379718754445,14.547976623292646,0.0,0.0,1.4090427362581888
1001,34,hocbf_only,2.0764534945545825,2.0261764446780957,yield,go,1,0.0,0.0,1,0,0,0.36521727163096124,2.193026816618301,1.9249833624144375,0.26804345420386366,2.193026816618301,5.903486591690849,9.037508318792781,14.940994910483631,0.47708333333333336,0.9897199118016978,1.3576733580935854
1001,34,nash_game,2.0764534945545825,2.0261764446780957,yield,go,1,0.44972295012351315,0.0,1,0,0,0.3260391185351965,2.558484978656584,1.9951720373856399,0.5633129412709443,2.558484978656584,5.720757510671708,9.00241398130718,14.723171491978889,0.0,0.0,1.420581690924309
1001,34,nash_game_hocbf,2.0764534945545825,2.0261764446780957,yield,go,1,0.44972295012351315,0.0,1,0,0,0.40264688171099755,2.6149684347130098,1.9544843160680896,0.6604841186449202,2.6149684347130098,5.692515782643495,9.022757841965955,14.71527362460945,0.11450381679389313,0.49697362514084625,1.420581690924309
1001,35,independent,2.0081223246524558,1.9931463241443188,yield,go,1,0.0,0.0,1,1,0,0.07683172227079088,2.0695579346179676,1.932592250419504,0.13696568419846344,2.0695579346179676,-20.0,-20.0,-40.0,0.0,0.0,2.3052349158328087
1001,35,fixed_priority,2.0081223246524558,1.9931463241443188,yield,go,1,0.0,0.8,1,0,0,0.4804340252309021,2.0695579346179676,2.7324904966274093,0.6629325620094417,2.7324904966274093,8.965221032691016,5.633754751686295,14.598975784377311,0.0,0.0,2.305627185605669
1001,35,hocbf_only,2.0081223246524558,1.9931463241443188,yield,go,1,0.0,0.0,1,0,0,0.3721463086812438,2.1903440965937664,1.8229079887889679,0.3674361078047985,2.1903440965937664,5.904827951703117,9.088546005605515,14.993373957308632,0.4541284403669725,1.030213458826435,2.217686675029382
1001,35,nash_game,2.0081223246524558,1.9931463241443188,yield,go,1,0.48502399949186303,0.0,1,0,0,0.3761337784089964,2.554540476068983,1.932592250419504,0.621948225649479,2.554540476068983,5.722729761965509,9.033703874790248,14.756433636755757,0.0,0.0,2.3052349158328087
1001,35,nash_game_hocbf,2.0081223246524558,1.9931463241443188,yield,go,1,0.48502399949186303,0.0,1,0,0,0.4771984798585662,2.621366197613061,1.8865440088865528,0.7348221887265083,2.621366197613061,5.68931690119347,9.056727995556724,14.746044896750194,0.1402061855670103,0.5854379584003975,2.225848817724586
1001,36,independent,1.9803498107862394,2.120686128341635,go,yield,0,0.0,0.0,1,1,0,0.09692126277440548,1.9627333827725775,2.1388967620891157,0.17616337931653825,2.1388967620891157,-20.0,-20.0,-40.0,0.0,0.0,1.6804645463180659
1001,36,fixed_priority,1.9803498107862394,2.120686128341635,go,yield,0,0.0,0.8,1,0,0,0.4834981697131421,1.9627333827725775,2.938766811067594,0.9760334282950167,2.938766811067594,9.018633308613712,5.530616594466203,14.549249903079915,0.0,0.0,1.6866352158666138
1001,36,hocbf_only,1.9803498107862394,2.120686128341635,go,yield,0,0.0,0.0,1,0,0,0.36458130056420174,1.787231862175083,2.3241390981130463,0.5369072359379634,2.3241390981130463,9.106384068912458,5.837930450943476,14.944314519855935,0.5010482180293501,0.7880694204093878,1.6804645463180659
1001,36,nash_game,1.9803498107862394,2.120686128341635,go,yield,0,0.0,0.3596636824446042,1,0,0,0.31401671300671996,1.9627333827725775,2.4985435770268323,0.5358101942542548,2.4985435770268323,9.018633308613712,5.750728211486583,14.769361520100295,0.0,0.0,1.6878404270065703
1001,36,nash_game_hocbf,1.9803498107862394,2.120686128341635,go,yield,0,0.0,0.3596636824446042,1,0,0,0.4126876060947824,1.9078783797174643,2.5706224530976507,0.6627440733801864,2.5706224530976507,9.046060810141269,5.714688773451175,14.760749583592442,0.12280701754385964,0.6054922177067827,1.6878404270065703
1001,37,independent,2.256974235374255,2.3616540796148553,go,yield,0,0.0,0.0,1,1,0,0.10131576149732936,2.212035963202145,2.392130866815678,0.1800949036135333,2.392130866815678,-20.0,-20.0,-40.0,0.0,0.0,1.7344284737482976
1001,37,fixed_priority,2.256974235374255,2.3616540796148553,go,yield,0,0.0,0.8,1,0,0,0.46210284443019556,2.212035963202145,3.1918059216005252,0.9797699583983803,3.1918059216005252,8.893982018398928,5.404097039199737,14.298079057598665,0.0,0.0,1.7344284737482976
1001,37,hocbf_only,2.256974235374255,2.3616540796148553,go,yield,0,0.0,0.0,1,0,0,0.36504391109174644,2.0494073699072795,2.568780111199897,0.5193727412926177,2.568780111199897,8.97529631504636,5.715609944400051,14.690906259446411,0.5142857142857142,0.7968664396149728,1.6598770105321468
1001,37,nash_game,2.256974235374255,2.3616540796148553,go,yield,0,0.0,0.3953201557593995,1,0,0,0.3374596624386312,2.212035963202145,2.7872895938260767,0.5752536306239318,2.7872895938260767,8.893982018398928,5.606355203086961,14.50033722148589,0.0,0.0,1.7344284737482976
1001,37,nash_game_hocbf,2.256974235374255,2.3616540796148553,go,yield,0,0.0,0.3953201557593995,1,0,0,0.4180537706543441,2.1685427553440215,2.845578266595832,0.6770355112518103,2.845578266595832,8.91572862232799,5.577210866702084,14.492939489030075,0.11342155009451796,0.5183887304459375,1.705056474435
1001,38,independent,2.2908301165626606,1.825363133017395,go,go,1,0.0,0.0,1,0,0,0.2660268503043609,2.2906909492062346,1.8459169333802286,0.44477401582600606,2.2906909492062346,5.8546545253968825,9.077041533309886,14.93169605870677,0.0,0.0,2.2535421867582515
1001,38,fixed_priority,2.2908301165626606,1.825363133017395,go,go,1,0.0,0.8,1,1,0,0.20748929136630082,2.2906909492062346,2.6460787593961044,0.35538781018986976,2.6460787593961044,-20.0,-20.0,-40.0,0.0,0.0,2.2649973212835537
1001,38,hocbf_only,2.2908301165626606,1.825363133017395,go,go,1,0.0,0.0,1,0,0,0.376942319917112,2.3757084534294775,1.7790983142460557,0.5966101391834218,2.3757084534294775,5.812145773285261,9.110450842876972,14.922596616162233,0.1273100616016427,0.7073430224234899,2.2535421867582515
1001,38,nash_game,2.2908301165626606,1.825363133017395,go,go,1,0.0,0.0,1,0,0,0.2660268503043609,2.2906909492062346,1.8459169333802286,0.44477401582600606,2.2906909492062346,5.8546545253968825,9.077041533309886,14.93169605870677,0.0,0.0,2.2535421867582515
1001,38,nash_game_hocbf,2.2908301165626606,1.825363133017395,go,go,1,0.0,0.0,1,0,0,0.376942319917112,2.3757084534294775,1.7790983142460557,0.5966101391834218,2.3757084534294775,5.812145773285261,9.110450842876972,14.922596616162233,0.1273100616016427,0.7073430224234899,2.2535421867582515
1001,39,independent,2.244681496599366,1.6989671469130743,go,go,1,0.0,0.0,1,0,0,0.3491318891351241,2.2815426131355796,1.704499821003813,0.5770427921317667,2.2815426131355796,5.85922869343221,9.147750089498093,15.006978782930304,0.0,0.0,2.354199646873774
1001,39,fixed_priority,2.244681496599366,1.6989671469130743,go,go,1,0.0,0.8,1,1,0,0.13184865010566948,2.2815426131355796,2.5046148491429103,0.22307223600733073,2.5046148491429103,-20.0,-20.0,-40.0,0.0,0.0,2.3546325753241644
1001,39,hocbf_only,2.244681496599366,1.6989671469130743,go,go,1,0.0,0.0,1,0,0,0.4189220847402669,2.333667484453076,1.6666562885935916,0.6670111958594844,2.333667484453076,5.8331662577734615,9.166671855703203,14.999838113476665,0.1111111111111111,0.5126091002124454,2.354199646873774
1001,39,nash_game,2.244681496599366,1.6989671469130743,go,go,1,0.0,0.0,1,0,0,0.3491318891351241,2.2815426131355796,1.704499821003813,0.5770427921317667,2.2815426131355796,5.85922869343221,9.147750089498093,15.006978782930304,0.0,0.0,2.354199646873774
1001,39,nash_game_hocbf,2.244681496599366,1.6989671469130743,go,go,1,0.0,0.0,1,0,0,0.4189220847402669,2.333667484453076,1.6666562885935916,0.6670111958594844,2.333667484453076,5.8331662577734615,9.166671855703203,14.999838113476665,0.1111111111111111,0.5126091002124454,2.354199646873774
1001,40,independent,1.864031878467639,2.01542217340725,go,yield,0,0.0,0.0,1,1,0,0.08899580552468456,1.8845258912886549,2.0444271795686504,0.1599012882799955,2.0444271795686504,-20.0,-20.0,-40.0,0.0,0.0,2.4890486487747627
1001,40,fixed_priority,1.864031878467639,2.01542217340725,go,yield,0,0.0,0.8,1,0,0,0.6806066868645385,1.8845258912886549,2.844306990675558,0.9597810993869031,2.844306990675558,9.057737054355673,5.5778465046622205,14.635583559017894,0.0,0.0,2.488971734509156
1001,40,hocbf_only,1.864031878467639,2.01542217340725,go,yield,0,0.0,0.0,1,0,0,0.36275323399730713,1.7263491298907343,2.194392919159081,0.46804378926834667,2.194392919159081,9.136825435054632,5.902803540420459,15.039628975475091,0.4036697247706422,0.8681248731199727,2.5378733741952066
1001,40,nash_game,1.864031878467639,2.01542217340725,go,yield,0,0.0,0.3486097050603889,1,0,0,0.31224282469417824,1.8845258912886549,2.3930932200435615,0.5085673287549066,2.3930932200435615,9.057737054355673,5.80345338997822,14.861190444333893,0.0,0.0,2.4891040670726894
1001,40,nash_game_hocbf,1.864031878467639,2.01542217340725,go,yield,0,0.0,0.3486097050603889,1,0,0,0.4384849797211308,1.811115403267735,2.479352704027261,0.6682373007595259,2.479352704027261,9.094442298366133,5.76032364798637,14.854765946352503,0.12101910828025478,0.8541413793003493,2.519555927178575
1001,41,independent,1.8681004926182958,1.6801512797824292,yield,go,1,0.0,0.0,1,1,0,0.12233136352866249,1.862592915697334,1.6688147307638859,0.19377818493344812,1.862592915697334,-20.0,-20.0,-40.0,0.0,0.0,2.4719409599452393
1001,41,fixed_priority,1.8681004926182958,1.6801512797824292,yield,go,1,0.0,0.8,1,0,0,0.4098076537309004,1.862592915697334,2.468457653111837,0.605864737414503,2.468457653111837,9.068703542151333,5.765771173444081,14.834474715595414,0.0,0.0,2.4719409599452393
1001,41,hocbf_only,1.8681004926182958,1.6801512797824292,yield,go,1,0.0,0.0,1,0,0,0.36633766500729864,2.0341945466011224,1.5054343732111768,0.5287601733899456,2.0341945466011224,5.982902726699439,9.247282813394412,15.23018554009385,0.41134751773049644,0.7413118814805058,2.5312524978191933
1001,41,nash_game,1.8681004926182958,1.6801512797824292,yield,go,1,0.31205078716413337,0.0,1,0,0,0.3189472856608633,2.1745551514177506,1.6688147307638859,0.5057404206538647,2.1745551514177506,5.9127224242911245,9.165592634618058,15.078315058909183,0.0,0.0,2.4718245110827217
1001,41,nash_game_hocbf,1.8681004926182958,1.6801512797824292,yield,go,1,0.31205078716413337,0.0,1,0,0,0.4594779212383618,2.276899828625935,1.5983293177607203,0.6785705108652149,2.276899828625935,5.861550085687032,9.20083534111964,15.062385426806673,0.18061674008810572,0.7362795630957116,2.4807075344182414
1001,42,independent,2.1724153781578663,2.0469228562546276,yield,go,1,0.0,0.0,1,1,0,0.08740790642603001,2.198304841416102,2.043185035365819,0.15511980605028297,2.198304841416102,-20.0,-20.0,-40.0,0.0,0.0,2.124890607036518
1001,42,fixed_priority,2.1724153781578663,2.0469228562546276,yield,go,1,0.0,0.8,1,0,0,0.4145324766901595,2.198304841416102,2.843210436537999,0.6449055951218972,2.843210436537999,8.900847579291948,5.578394781731,14.479242361022948,0.0,0.0,2.1249266245144685
1001,42,hocbf_only,2.1724153781578663,2.0469228562546276,yield,go,1,0.0,0.0,1,0,0,0.36918875097718795,2.3381660521173258,1.9059420672438783,0.4322239848734475,2.3381660521173258,5.830916973941337,9.047028966378061,14.877945940319398,0.351129363449692,0.962311572502397,2.031539781311145
1001,42,nash_game,2.1724153781578663,2.0469228562546276,yield,go,1,0.3745074780967612,0.0,1,0,0,0.32072452996617334,2.572748062638876,2.043185035365819,0.5295630272730572,2.572748062638876,5.713625968680562,8.97840748231709,14.692033450997652,0.0,0.0,2.124890607036518
1001,42,nash_game_hocbf,2.1724153781578663,2.0469228562546276,yield,go,1,0.3745074780967612,0.0,1,0,0,0.4230449477940573,2.645639642077027,1.9841820097736318,0.6614576323033954,2.645639642077027,5.677180178961486,9.007908995113183,14.685089174074669,0.11238095238095239,0.670384148601072,2.079718896689511
1001,43,independent,1.7914140270595933,1.8763760161419623,go,yield,0,0.0,0.0,1,1,0,0.05490793476162971,1.7540962463455396,1.836878474438798,0.08278222809325841,1.836878474438798,-20.0,-20.0,-40.0,0.0,0.0,2.239989667412453
1001,43,fixed_priority,1.7914140270595933,1.8763760161419623,go,yield,0,0.0,0.8,1,0,0,0.4538804459231585,1.7540962463455396,2.6365021598923195,0.8824059135467799,2.6365021598923195,9.12295187682723,5.68174892005384,14.80470079688107,0.0,0.0,2.239989667412453
1001,43,hocbf_only,1.7914140270595933,1.8763760161419623,go,yield,0,0.0,0.0,1,0,0,0.35941008826460014,1.7876471323445255,1.8047983514801953,0.01715121913566975,1.8047983514801953,9.106176433827738,6.097600824259902,15.20377725808764,0.4090909090909091,1.1694446459057457,2.2221926671467345
1001,43,nash_game,1.7914140270595933,1.8763760161419623,go,yield,0,0.0,0.41503801091763104,1,0,0,0.3057008163587296,1.7540962463455396,2.25137611989841,0.4972798735528703,2.25137611989841,9.12295187682723,5.874311940050795,14.997263816878025,0.0,0.0,2.239989667412453
1001,43,nash_game_hocbf,1.7914140270595933,1.8763760161419623,go,yield,0,0.0,0.41503801091763104,1,0,0,0.4139801207962249,1.7063532144333722,2.3390245200911766,0.6326713056578044,2.3390245200911766,9.146823392783315,5.830487739954412,14.977311132737727,0.17892644135188868,0.5467954562370134,2.241906212269679
1001,44,independent,1.829925077611714,1.9508968563894438,go,yield,0,0.0,0.0,1,1,0,0.05968199970673545,1.8603385693975978,1.9345405018546256,0.07420193245702777,1.9345405018546256,-20.0,-20.0,-40.0,0.0,0.0,2.1986576126564152
1001,44,fixed_priority,1.829925077611714,1.9508968563894438,go,yield,0,0.0,0.8,1,0,0,0.5496292868417446,1.8603385693975978,2.734514556883361,0.8741759874857633,2.734514556883361,9.069830715301201,5.632742721558319,14.70257343685952,0.0,0.0,2.1986576126564152
1001,44,hocbf_only,1.829925077611714,1.9508968563894438,go,yield,0,0.0,0.0,1,0,0,0.3730984111294466,1.8693555532431942,1.928279993014609,0.058924439771414816,1.928279993014609,9.065322223378402,6.0358600034926955,15.101182226871098,0.3986784140969163,1.0893130873524348,2.1759919179307525
1001,44,nash_game,1.829925077611714,1.9508968563894438,go,yield,0,0.0,0.37902822122227,1,0,0,0.2773995225922836,1.8603385693975978,2.3134490152371376,0.45311044583953985,2.3134490152371376,9.069830715301201,5.843275492381431,14.913106207682631,0.0,0.0,2.1986576126564152
1001,44,nash_game_hocbf,1.829925077611714,1.9508968563894438,go,yield,0,0.0,0.37902822122227,1,0,0,0.38744484131293044,1.7974215418338242,2.396702296237338,0.5992807544035139,2.396702296237338,9.101289229083088,5.801648851881331,14.902938080964418,0.11788617886178862,0.737775529155544,2.1986576126564152
1001,45,independent,1.8582777594180357,2.259989656053468,go,yield,0,0.0,0.0,1,0,0,0.2637702865639071,1.8211486239205155,2.2709930931718185,0.44984446925130306,2.2709930931718185,9.089425688039743,5.864503453414091,14.953929141453834,0.0,0.0,2.4552609758612207
1001,45,fixed_priority,1.8582777594180357,2.259989656053468,go,yield,0,0.0,0.8,1,0,0,0.5263587889432737,1.8211486239205155,3.0709010126341614,1.249752388713646,3.0709010126341614,9.089425688039743,5.464549493682919,14.553975181722663,0.0,0.0,2.4552609758612207
1001,45,hocbf_only,1.8582777594180357,2.259989656053468,go,yield,0,0.0,0.0,1,0,0,0.38397245215915493,1.7574578574717339,2.36575270567854,0.6082948482068062,2.36575270567854,9.121271071264133,5.81712364716073,14.938394718424863,0.13577586206896552,0.7619512810925005,2.403207405585466
1001,45,nash_game,1.8582777594180357,2.259989656053468,go,yield,0,0.0,0.09828810336456772,1,0,0,0.3312017535283504,1.8211486239205155,2.3692776431396236,0.5481290192191082,2.3692776431396236,9.089425688039743,5.815361178430188,14.90478686646993,0.0,0.0,2.4552609758612207
1001,45,nash_game_hocbf,1.8582777594180357,2.259989656053468,go,yield,0,0.0,0.09828810336456772,1,0,0,0.42061987989975275,1.7783264793778393,2.437811987477733,0.6594855080998936,2.437811987477733,9.11083676031108,5.781094006261133,14.891930766572214,0.10759493670886076,0.6813314348908807,2.4157749279071408
1001,46,independent,2.1220488799259405,2.0657626333237085,yield,go,1,0.0,0.0,1,1,0,0.026661904727734467,2.118837385979608,2.132066274929317,0.013228888949709194,2.132066274929317,-20.0,-20.0,-40.0,0.0,0.0,2.1049384895344225
1001,46,fixed_priority,2.1220488799259405,2.0657626333237085,yield,go,1,0.0,0.8,1,0,0,0.519173218090659,2.118837385979608,2.9315805150116026,0.8127431290319946,2.9315805150116026,8.940581307010197,5.534209742494198,14.474791049504395,0.0,0.0,2.1301970124530305
1001,46,hocbf_only,2.1220488799259405,2.0657626333237085,yield,go,1,0.0,0.0,1,0,0,0.36415155655826964,2.012769557761488,2.229327497173692,0.21655793941220391,2.229327497173692,8.993615221119256,5.885336251413154,14.87895147253241,0.40165631469979296,1.182129433066983,2.1049384895344225
1001,46,nash_game,2.1220488799259405,2.0657626333237085,yield,go,1,0.443713753397768,0.0,1,0,0,0.2635517106152426,2.562558011827951,2.132066274929317,0.43049173689863407,2.562558011827951,5.718720994086024,8.93396686253534,14.652687856621366,0.0,0.0,2.1049384895344225
1001,46,nash_game_hocbf,2.1220488799259405,2.0657626333237085,yield,go,1,0.443713753397768,0.0,1,0,0,0.3765165206179587,2.647791975945071,2.0563126784934505,0.5914792974516208,2.647791975945071,5.676104012027464,8.971843660753274,14.647947672780738,0.1157495256166983,0.7354048491265798,2.1049384895344225
1001,47,independent,1.9737980642358621,1.7877977446082611,yield,go,1,0.0,0.0,1,1,0,0.11231268637844254,1.9894844559853004,1.7883755625868578,0.20110889339844262,1.9894844559853004,-20.0,-20.0,-40.0,0.0,0.0,2.2715530669625865
1001,47,fixed_priority,1.9737980642358621,1.7877977446082611,yield,go,1,0.0,0.8,1,0,0,0.391660322698305,1.9894844559853004,2.5883747699715194,0.598890313986219,2.5883747699715194,9.005257772007349,5.70581261501424,14.71107038702159,0.0,0.0,2.2715530669625865
1001,47,hocbf_only,1.9737980642358621,1.7877977446082611,yield,go,1,0.0,0.0,1,0,0,0.36214009102361955,2.153488163718303,1.6224794141678802,0.531008749550423,2.153488163718303,5.923255918140848,9.18876029291606,15.112016211056908,0.4617169373549884,0.7196094465379297,2.3419564387994347
1001,47,nash_game,1.9737980642358621,1.7877977446082611,yield,go,1,0.313999680372399,0.0,1,0,0,0.3098795968190364,2.303541628950695,1.7883755625868578,0.5151660663638373,2.303541628950695,5.848229185524652,9.105812218706571,14.954041404231223,0.0,0.0,2.271305363650446
1001,47,nash_game_hocbf,1.9737980642358621,1.7877977446082611,yield,go,1,0.313999680372399,0.0,1,0,0,0.42344108204100245,2.385479240268229,1.7258287566307944,0.6596504836374346,2.385479240268229,5.807260379865886,9.137085621684603,14.944346001550489,0.12742980561555076,0.7412857994319508,2.3027147897613425
1001,48,independent,1.924822668694331,2.251564483563362,go,yield,0,0.0,0.0,1,1,0,0.16434287391546104,1.971857890897779,2.25557114575097,0.2837132548531911,2.25557114575097,-20.0,-20.0,-40.0,0.0,0.0,2.0070329153448245
1001,48,fixed_priority,1.924822668694331,2.251564483563362,go,yield,0,0.0,0.8,1,0,0,0.5285591598859181,1.971857890897779,3.0555544026791037,1.0836965117813246,3.0555544026791037,9.01407105455111,5.472222798660448,14.486293853211558,0.0,0.0,2.0070329153448245
1001,48,hocbf_only,1.924822668694331,2.251564483563362,go,yield,0,0.0,0.0,1,0,0,0.35868230770970966,1.836320810272002,2.3909373356823442,0.5546165254103423,2.3909373356823442,9.081839594863998,5.804531332158827,14.886370927022826,0.2633832976445396,0.685938633970371,2.0070329153448245
1001,48,nash_game,1.924822668694331,2.251564483563362,go,yield,0,0.0,0.1732581851309689,1,0,0,0.27653126540118605,1.971857890897779,2.428828342008277,0.45697045111049794,2.428828342008277,9.01407105455111,5.7855858289958615,14.799656883546971,0.0,0.0,2.0070329153448245
1001,48,nash_game_hocbf,1.924822668694331,2.251564483563362,go,yield,0,0.0,0.1732581851309689,1,0,0,0.39116924620043947,1.8981814133910986,2.512230506169669,0.6140490927785704,2.512230506169669,9.05090929330445,5.743884746915166,14.794794040219616,0.13016528925619836,0.7045637496620968,2.0070329153448245
1001,49,independent,2.2546421852001735,1.8349117858208719,yield,go,1,0.0,0.0,1,0,0,0.2813113545833927,2.314274104253505,1.8362021079869952,0.47807199626650987,2.314274104253505,5.842862947873248,9.081898946006502,14.92476189387975,0.0,0.0,2.0823071567992852
1001,49,fixed_priority,2.2546421852001735,1.8349117858208719,yield,go,1,0.0,0.8,1,1,0,0.19387352750852746,2.314274104253505,2.6362013195365743,0.3219272152830692,2.6362013195365743,-20.0,-20.0,-40.0,0.0,0.0,2.081286005694099
1001,49,hocbf_only,2.2546421852001735,1.8349117858208719,yield,go,1,0.0,0.0,1,0,0,0.3902798000915855,2.394602996680636,1.7690091416872453,0.6255938549933908,2.394602996680636,5.802698501659682,9.115495429156377,14.91819393081606,0.1290983606557377,0.6920117875758766,2.0823071567992852
1001,49,nash_game,2.2546421852001735,1.8349117858208719,yield,go,1,0.08026960062069843,0.0,1,0,0,0.33540481725582827,2.39451339244372,1.8362021079869952,0.5583112844567248,2.39451339244372,5.80274330377814,9.081898946006502,14.884642249784642,0.0,0.0,2.0823071567992852
1001,49,nash_game_hocbf,2.2546421852001735,1.8349117858208719,yield,go,1,0.08026960062069843,0.0,1,0,0,0.4189934586636374,2.45439943260653,1.787887226730268,0.6665122058762623,2.45439943260653,5.772800283696735,9.106056386634865,14.8788566703316,0.14516129032258066,0.4973264600828984,2.0823071567992852
1001,50,independent,2.091347432413407,1.8335351725123898,yield,go,1,0.0,0.0,1,1,0,0.1546692595748917,2.0654088217435396,1.7911124602114425,0.274296361532097,2.0654088217435396,-20.0,-20.0,-40.0,0.0,0.0,2.120374048838893
1001,50,fixed_priority,2.091347432413407,1.8335351725123898,yield,go,1,0.0,0.8,1,0,0,0.3270906734564692,2.0654088217435396,2.5905023608526654,0.5250935391091258,2.5905023608526654,8.96729558912823,5.704748819573667,14.672044408701897,0.0,0.0,2.1206352085517484
1001,50,hocbf_only,2.091347432413407,1.8335351725123898,yield,go,1,0.0,0.0,1,0,0,0.3625326085228126,2.215981677147025,1.6718754794400434,0.5441061977069814,2.215981677147025,5.892009161426488,9.164062260279978,15.056071421706466,0.31896551724137934,0.7444186420485697,2.0527262089066505
1001,50,nash_game,2.091347432413407,1.8335351725123898,yield,go,1,0.24218774009898247,0.0,1,0,0,0.3119713442481294,2.3075361997064707,1.7911124602114425,0.5164237394950282,2.3075361997064707,5.846231900146765,9.104443769894278,14.950675670041043,0.0,0.0,2.120374048838893
1001,50,nash_game_hocbf,2.091347432413407,1.8335351725123898,yield,go,1,0.24218774009898247,0.0,1,0,0,0.41589626937568136,2.389176532732161,1.7430551875949925,0.6461213451371686,2.389176532732161,5.805411733633919,9.128472406202503,14.933884139836422,0.11247443762781185,0.7329284000773347,2.078922033452999
1001,51,independent,2.004862249920224,2.1257364663371274,go,yield,0,0.0,0.0,1,1,0,0.07136378766035024,1.9635955787737676,2.088294891794873,0.12469931302110537,2.088294891794873,-20.0,-20.0,-40.0,0.0,0.0,2.2627039219871774
1001,51,fixed_priority,2.004862249920224,2.1257364663371274,go,yield,0,0.0,0.8,1,0,0,0.6603443731257459,1.9635955787737676,2.8885451775736493,0.9249495987998817,2.8885451775736493,9.018202210613117,5.555727411213176,14.573929621826291,0.0,0.0,2.262889955428841
1001,51,hocbf_only,2.004862249920224,2.1257364663371274,go,yield,0,0.0,0.0,1,0,0,0.3634488101987334,1.8656570460326243,2.206613768992174,0.3409567229595496,2.206613768992174,9.067171476983688,5.896693115503913,14.963864592487601,0.39775280898876403,1.0343749746357933,2.2893502449491727
1001,51,nash_game,2.004862249920224,2.1257364663371274,go,yield,0,0.0,0.3791257835830968,1,0,0,0.3057041521421135,1.9635955787737676,2.467411393697237,0.5038158149234693,2.467411393697237,9.018202210613117,5.766294303151382,14.784496513764498,0.0,0.0,2.2628620095972187
1001,51,nash_game_hocbf,2.004862249920224,2.1257364663371274,go,yield,0,0.0,0.3791257835830968,1,0,0,0.414322949947132,1.9106762844905016,2.551472699295768,0.6407964148052663,2.551472699295768,9.044661857754749,5.724263650352116,14.768925508106864,0.12215320910973085,0.7149205377584834,2.289137997090044
1001,52,independent,2.0941556256665628,1.7965841563369358,yield,go,1,0.0,0.0,1,1,0,0.21954827373179572,2.107676902191141,1.722956643827571,0.38472025836357004,2.107676902191141,-20.0,-20.0,-40.0,0.0,0.0,2.072189819925995
1001,52,fixed_priority,2.0941556256665628,1.7965841563369358,yield,go,1,0.0,0.8,1,0,0,0.26347735347183415,2.107676902191141,2.521336836743727,0.413659934552586,2.521336836743727,8.94616154890443,5.739331581628137,14.685493130532567,0.0,0.0,2.072598533800815
1001,52,hocbf_only,2.0941556256665628,1.7965841563369358,yield,go,1,0.0,0.0,1,0,0,0.38785774966975106,2.2291941746134385,1.6319727551155063,0.5972214194979322,2.2291941746134385,5.885402912693281,9.184013622442247,15.069416535135527,0.2311111111111111,0.685205378016695,2.0949542277682323
1001,52,nash_game,2.0941556256665628,1.7965841563369358,yield,go,1,0.2024285306703728,0.0,1,0,0,0.35304772551370267,2.3101201116667465,1.722956643827571,0.5871634678391755,2.3101201116667465,5.844939944166627,9.138521678086214,14.98346162225284,0.0,0.0,2.072189819925995
1001,52,nash_game_hocbf,2.0941556256665628,1.7965841563369358,yield,go,1,0.2024285306703728,0.0,1,0,0,0.44939240109542616,2.3808764073133037,1.6839557430522551,0.6969206642610486,2.3808764073133037,5.809561796343348,9.158022128473872,14.96758392481722,0.1148936170212766,0.6830853763512019,2.0793150080256146
1001,53,independent,1.7787657220322235,1.8468438718518054,go,yield,0,0.0,0.0,1,1,0,0.05016199923067064,1.7529476568349067,1.813508729241114,0.06056107240620734,1.813508729241114,-20.0,-20.0,-40.0,0.0,0.0,2.095157368543554
1001,53,fixed_priority,1.7787657220322235,1.8468438718518054,go,yield,0,0.0,0.8,1,0,0,0.6109507018369027,1.7529476568349067,2.6131104928454,0.8601628360104931,2.6131104928454,9.123526171582547,5.6934447535773,14.816970925159847,0.0,0.0,2.095157368543554
1001,53,hocbf_only,1.7787657220322235,1.8468438718518054,go,yield,0,0.0,0.0,1,0,0,0.3506556267138044,1.714950821450831,1.8579218117906084,0.14297099033977734,1.8579218117906084,9.142524589274585,6.071039094104695,15.213563683379281,0.4107981220657277,1.232162835303093,2.0703477765696423
1001,53,nash_game,1.7787657220322235,1.8468438718518054,go,yield,0,0.0,0.43192185018041784,1,0,0,0.30307205684375926,1.7529476568349067,2.244909636106825,0.4919619792719181,2.244909636106825,9.123526171582547,5.877545181946587,15.001071353529134,0.0,0.0,2.095157368543554
1001,53,nash_game_hocbf,1.7787657220322235,1.8468438718518054,go,yield,0,0.0,0.43192185018041784,1,0,0,0.4158605226861648,1.6989340039816099,2.335056113903104,0.6361221099214942,2.335056113903104,9.150532998009195,5.832471943048448,14.983004941057644,0.11513859275053305,0.8192930519632254,2.0919360886376364
1001,54,independent,2.198169471230315,1.9901495347186904,yield,go,1,0.0,0.0,1,1,0,0.11229979229827292,2.2090698337279755,2.013408509098428,0.19566132462954755,2.2090698337279755,-20.0,-20.0,-40.0,0.0,0.0,1.6870064863854408
1001,54,fixed_priority,2.198169471230315,1.9901495347186904,yield,go,1,0.0,0.8,1,0,0,0.37246832744238767,2.2090698337279755,2.8133397577864185,0.604269924058443,2.8133397577864185,8.895465083136012,5.59333012110679,14.488795204242802,0.0,0.0,1.7009204764902566
1001,54,hocbf_only,2.198169471230315,1.9901495347186904,yield,go,1,0.0,0.0,1,0,0,0.3599810426963746,2.3655700564553284,1.8519342492407798,0.5136358072145486,2.3655700564553284,5.817214971772335,9.07403287537961,14.891247847151945,0.375,0.8299596960606433,1.7351729662143267
1001,54,nash_game,2.198169471230315,1.9901495347186904,yield,go,1,0.2919800634883756,0.0,1,0,0,0.29037544932986326,2.5010341466141135,2.013408509098428,0.48762563751568555,2.5010341466141135,5.749482926692943,8.993295745450785,14.742778672143729,0.0,0.0,1.6870064863854408
1001,54,nash_game_hocbf,2.198169471230315,1.9901495347186904,yield,go,1,0.2919800634883756,0.0,1,0,0,0.39054649008389175,2.574772571007476,1.9509515763896241,0.6238209946178517,2.574772571007476,5.712613714496262,9.024524211805188,14.73713792630145,0.13195876288659794,0.6079220836173004,1.703937695436768
1001,55,independent,1.700276451991402,2.2646881789293483,go,go,0,0.0,0.0,1,0,0,0.3403331243081162,1.7198944085189458,2.2743753113004255,0.5544809027814797,2.2743753113004255,9.140052795740527,5.862812344349788,15.002865140090314,0.0,0.0,2.2567624522650496
1001,55,fixed_priority,1.700276451991402,2.2646881789293483,go,go,0,0.0,0.8,1,0,0,0.61822950543129,1.7198944085189458,3.0742898873787863,1.3543954788598405,3.0742898873787863,9.140052795740527,5.462855056310607,14.602907852051134,0.0,0.0,2.2567624522650496
1001,55,hocbf_only,1.700276451991402,2.2646881789293483,go,go,0,0.0,0.0,1,0,0,0.4081804965123977,1.681576766637297,2.3256808077494755,0.6441040411121786,2.3256808077494755,9.159211616681352,5.837159596125263,14.996371212806615,0.09850107066381156,0.5707965373272675,2.2567624522650496
1001,55,nash_game,1.700276451991402,2.2646881789293483,go,go,0,0.0,0.0,1,0,0,0.3403331243081162,1.7198944085189458,2.2743753113004255,0.5544809027814797,2.2743753113004255,9.140052795740527,5.862812344349788,15.002865140090314,0.0,0.0,2.2567624522650496
1001,55,nash_game_hocbf,1.700276451991402,2.2646881789293483,go,go,0,0.0,0.0,1,0,0,0.4081804965123977,1.681576766637297,2.3256808077494755,0.6441040411121786,2.3256808077494755,9.159211616681352,5.837159596125263,14.996371212806615,0.09850107066381156,0.5707965373272675,2.2567624522650496
1001,56,independent,1.9934479910493175,1.9824458245706904,yield,go,1,0.0,0.0,1,1,0,0.050505876761837376,2.033989069934201,1.9597458631873235,0.07424320674687768,2.033989069934201,-20.0,-20.0,-40.0,0.0,0.0,1.885111357284682
1001,56,fixed_priority,1.9934479910493175,1.9824458245706904,yield,go,1,0.0,0.8,1,0,0,0.3572647929885929,2.033989069934201,2.759748551297883,0.7257594813636818,2.759748551297883,8.9830054650329,5.620125724351059,14.603131189383959,0.0,0.0,1.885111357284682
1001,56,hocbf_only,1.9934479910493175,1.9824458245706904,yield,go,1,0.0,0.0,1,0,0,0.37124950606023976,2.1872703188019624,1.8100309526573768,0.37723936614458564,2.1872703188019624,5.906364840599019,9.094984523671311,15.001349364270329,0.5553235908141962,0.9291229190551826,1.703107357612291
1001,56,nash_game,1.9934479910493175,1.9824458245706904,yield,go,1,0.4889978335213727,0.0,1,0,0,0.3332475597672632,2.5230215264269997,1.9597458631873235,0.5632756632396763,2.5230215264269997,5.7384892367865,9.020127068406339,14.758616305192838,0.0,0.0,1.9106635571804655
1001,56,nash_game_hocbf,1.9934479910493175,1.9824458245706904,yield,go,1,0.4889978335213727,0.0,1,0,0,0.41983056547825015,2.5925401386040496,1.9068291469663032,0.6857109916377464,2.5925401386040496,5.703729930697975,9.046585426516849,14.750315357214824,0.2178030303030303,0.6148808628832072,1.9106635571804655
1001,57,independent,2.0886235829651216,1.8176810410914968,yield,go,1,0.0,0.0,1,1,0,0.16623082527887145,2.091422931787161,1.801028451959322,0.29039447982783884,2.091422931787161,-20.0,-20.0,-40.0,0.0,0.0,1.8711781413729662
1001,57,fixed_priority,2.0886235829651216,1.8176810410914968,yield,go,1,0.0,0.8,1,0,0,0.3125545857779135,2.091422931787161,2.6008023484600344,0.5093794166728736,2.6008023484600344,8.95428853410642,5.699598825769983,14.653887359876403,0.0,0.0,1.8641998437041027
1001,57,hocbf_only,2.0886235829651216,1.8176810410914968,yield,go,1,0.0,0.0,1,0,0,0.364699758411623,2.2248616963615073,1.682699123431246,0.5421625729302613,2.2248616963615073,5.887569151819246,9.158650438284377,15.046219590103624,0.3370288248337029,0.7379230748658776,1.8674131526182822
1001,57,nash_game,2.0886235829651216,1.8176810410914968,yield,go,1,0.22905745812637512,0.0,1,0,0,0.30933991362070395,2.3204827491195426,1.801028451959322,0.5194542971602205,2.3204827491195426,5.839758625440229,9.099485774020339,14.939244399460568,0.0,0.0,1.8711781413729662
1001,57,nash_game_hocbf,2.0886235829651216,1.8176810410914968,yield,go,1,0.22905745812637512,0.0,1,0,0,0.3994644331850549,2.3897894216488322,1.7539825684097345,0.6358068532390977,2.3897894216488322,5.805105289175584,9.123008715795132,14.928114004970716,0.1160337552742616,0.6377047146306488,1.8711781413729662
1001,58,independent,2.1912122624172943,1.9573013753590793,yield,go,1,0.0,0.0,1,1,0,0.149769566769375,2.208220283700454,1.947686057699478,0.2605342260009762,2.208220283700454,-20.0,-20.0,-40.0,0.0,0.0,1.854702531235282
1001,58,fixed_priority,2.1912122624172943,1.9573013753590793,yield,go,1,0.0,0.8,1,0,0,0.33916705386915513,2.208220283700454,2.7476788906738343,0.5394586069733802,2.7476788906738343,8.895889858149772,5.626160554663083,14.522050412812856,0.0,0.0,1.854702531235282
1001,58,hocbf_only,2.1912122624172943,1.9573013753590793,yield,go,1,0.0,0.0,1,0,0,0.37118340697913094,2.3543962908067497,1.8039456565532088,0.5504506342535409,2.3543962908067497,5.822801854596625,9.098027171723395,14.92082902632002,0.34309623430962344,0.640406772810183,1.8876639265702666
1001,58,nash_game,2.1912122624172943,1.9573013753590793,yield,go,1,0.26608911294178483,0.0,1,0,0,0.3141895092663618,2.474287872571718,1.947686057699478,0.52660181487224,2.474287872571718,5.762856063714141,9.026156971150261,14.789013034864402,0.0,0.0,1.8546672518509044
1001,58,nash_game_hocbf,2.1912122624172943,1.9573013753590793,yield,go,1,0.26608911294178483,0.0,1,0,0,0.4199356453529189,2.5495753840621767,1.8887800957367018,0.6607952883254748,2.5495753840621767,5.725212307968912,9.055609952131649,14.78082226010056,0.12277227722772277,0.6568660506021589,1.8692776796157382
1001,59,independent,1.9009901829556841,2.1234731841164054,go,yield,0,0.0,0.0,1,1,0,0.11661969751199072,1.887668862193752,2.0796330295990315,0.19196416740527944,2.0796330295990315,-20.0,-20.0,-40.0,0.0,0.0,1.9614167794335968
1001,59,fixed_priority,1.9009901829556841,2.1234731841164054,go,yield,0,0.0,0.8,1,0,0,0.6267830758191784,1.887668862193752,2.8799085170404064,0.9922396548466543,2.8799085170404064,9.056165568903124,5.560045741479797,14.616211310382921,0.0,0.0,1.9616668573273746
1001,59,hocbf_only,1.9009901829556841,2.1234731841164054,go,yield,0,0.0,0.0,1,0,0,0.363039248712923,1.7404498120973113,2.2423577648343,0.5019079527369887,2.2423577648343,9.129775093951345,5.87882111758285,15.008596211534195,0.3821656050955414,0.7014169153407929,1.9991774447559336
1001,59,nash_game,1.9009901829556841,2.1234731841164054,go,yield,0,0.0,0.2775169988392787,1,0,0,0.2848162739702644,1.887668862193752,2.357083553402957,0.469414691209205,2.357083553402957,9.056165568903124,5.821458223298522,14.877623792201646,0.0,0.0,1.9616024226128352
1001,59,nash_game_hocbf,1.9009901829556841,2.1234731841164054,go,yield,0,0.0,0.2775169988392787,1,0,0,0.4030644784902599,1.8247190646317248,2.447196968797569,0.6224779041658444,2.447196968797569,9.087640467684137,5.776401515601215,14.864041983285352,0.12625250501002003,0.7264047684218211,1.9796210570417043
1001,60,independent,1.8858425731284612,2.2893403571084554,go,yield,0,0.0,0.0,1,1,0,0.2362654682105209,1.8728569814461262,2.283036526296273,0.4101795448501466,2.283036526296273,-20.0,-20.0,-40.0,0.0,0.0,2.1011549242422314
1001,60,fixed_priority,1.8858425731284612,2.2893403571084554,go,yield,0,0.0,0.8,1,0,0,0.6553217804307327,1.8728569814461262,3.0831189664134366,1.2102619849673104,3.0831189664134366,9.063571509276937,5.4584405167932815,14.522012026070218,0.0,0.0,2.1011549242422314
1001,60,hocbf_only,1.8858425731284612,2.2893403571084554,go,yield,0,0.0,0.0,1,0,0,0.3634073607793105,1.795677868061775,2.3795170537423083,0.5838391856805332,2.3795170537423083,9.102161065969112,5.810241473128846,14.912402539097958,0.2936344969199179,0.4985623174211523,2.0469164570896297
1001,60,nash_game,1.8858425731284612,2.2893403571084554,go,yield,0,0.0,0.09650221602000553,1,0,0,0.29878390193300436,1.8728569814461262,2.379542474940065,0.5066854934939387,2.379542474940065,9.063571509276937,5.810228762529968,14.873800271806903,0.0,0.0,2.1011549242422314
1001,60,nash_game_hocbf,1.8858425731284612,2.2893403571084554,go,yield,0,0.0,0.09650221602000553,1,0,0,0.37924816892418073,1.828862460364234,2.4447041394871096,0.6158416791228756,2.4447041394871096,9.085568769817883,5.777647930256445,14.863216700074329,0.11066398390342053,0.5850777256781224,2.0658041319074156
1001,61,independent,2.095075315801647,1.6858279005260914,yield,go,1,0.0,0.0,1,1,0,0.21448848453320546,2.0624172006990933,1.6993518860553558,0.3630653146437375,2.0624172006990933,-20.0,-20.0,-40.0,0.0,0.0,2.1702144228121756
1001,61,fixed_priority,2.095075315801647,1.6858279005260914,yield,go,1,0.0,0.8,1,0,0,0.25880760599234004,2.0624172006990933,2.4996844005362644,0.4372671998371711,2.4996844005362644,8.968791399650453,5.750157799731868,14.71894919938232,0.0,0.0,2.1702144228121756
1001,61,hocbf_only,2.095075315801647,1.6858279005260914,yield,go,1,0.0,0.0,1,0,0,0.3683269925219768,2.1849717024844044,1.6061284864175487,0.5788432160668557,2.1849717024844044,5.907514148757798,9.196935756791225,15.104449905549023,0.16590909090909092,0.836588643290224,2.210300339654437
1001,61,nash_game,2.095075315801647,1.6858279005260914,yield,go,1,0.09075258472444414,0.0,1,0,0,0.2747731037097703,2.1531126510244736,1.6993518860553558,0.45376076496911777,2.1531126510244736,5.923443674487763,9.150324056972321,15.073767731460084,0.0,0.0,2.170296046480079
1001,61,nash_game_hocbf,2.095075315801647,1.6858279005260914,yield,go,1,0.09075258472444414,0.0,1,0,0,0.3949461460207391,2.247178512219675,1.6318647998438711,0.6153137123758039,2.247178512219675,5.876410743890163,9.184067600078064,15.060478343968228,0.13140311804008908,0.7865467621151291,2.1988115084888205
1001,62,independent,1.854291825619153,1.8799241766515256,go,yield,0,0.0,0.0,1,1,0,0.044557678873575375,1.8272053491487523,1.890489382760524,0.0632840336117717,1.890489382760524,-20.0,-20.0,-40.0,0.0,0.0,2.292642167465709
1001,62,fixed_priority,1.854291825619153,1.8799241766515256,go,yield,0,0.0,0.8,1,0,0,0.5944530548829742,1.8272053491487523,2.6905357919676742,0.8633304428189219,2.6905357919676742,9.086397325425624,5.654732104016163,14.741129429441788,0.0,0.0,2.292642167465709
1001,62,hocbf_only,1.854291825619153,1.8799241766515256,go,yield,0,0.0,0.0,1,0,0,0.36538075605616394,1.9324468587814116,1.7790471753316428,0.15339968344976884,1.9324468587814116,6.0337765706092945,9.11047641233418,15.144252982943474,0.3898678414096916,1.2137279413908542,2.302131796240025
1001,62,nash_game,1.854291825619153,1.8799241766515256,go,yield,0,0.0,0.4743676489676274,1,0,0,0.32657376236009605,1.8272053491487523,2.3649435485737644,0.5377381994250121,2.3649435485737644,9.086397325425624,5.817528225713118,14.903925551138741,0.0,0.0,2.292642167465709
1001,62,nash_game_hocbf,1.854291825619153,1.8799241766515256,go,yield,0,0.0,0.4743676489676274,1,0,0,0.42203248077738925,1.7828285394139478,2.437756193206377,0.6549276537924291,2.437756193206377,9.108585730293026,5.781121903396811,14.889707633689838,0.10159362549800798,0.732616215995829,2.2903868635751454
1001,63,independent,1.9585016574080678,2.438424980320878,go,go,0,0.0,0.0,1,0,0,0.2891388658574464,1.9525555675243038,2.44543361567451,0.4928780481502062,2.44543361567451,9.023722216237848,5.777283192162745,14.801005408400593,0.0,0.0,1.8655055603338773
1001,63,fixed_priority,1.9585016574080678,2.438424980320878,go,go,0,0.0,0.8,1,0,0,0.5280309223109738,1.9525555675243038,3.2453774484296187,1.292821880905315,3.2453774484296187,9.023722216237848,5.377311275785191,14.40103349202304,0.0,0.0,1.8655055603338773
1001,63,hocbf_only,1.9585016574080678,2.438424980320878,go,go,0,0.0,0.0,1,0,0,0.3841842674052467,1.8972725095536833,2.5176708021021543,0.620398292548471,2.5176708021021543,9.051363745223158,5.741164598948923,14.79252834417208,0.1297071129707113,0.5974772842671138,1.8655055603338773
1001,63,nash_game,1.9585016574080678,2.438424980320878,go,go,0,0.0,0.0,1,0,0,0.2891388658574464,1.9525555675243038,2.44543361567451,0.4928780481502062,2.44543361567451,9.023722216237848,5.777283192162745,14.801005408400593,0.0,0.0,1.8655055603338773
1001,63,nash_game_hocbf,1.9585016574080678,2.438424980320878,go,go,0,0.0,0.0,1,0,0,0.3841842674052467,1.8972725095536833,2.5176708021021543,0.620398292548471,2.5176708021021543,9.051363745223158,5.741164598948923,14.79252834417208,0.1297071129707113,0.5974772842671138,1.8655055603338773
1001,64,independent,2.001303635806227,2.0728353833657027,go,yield,0,0.0,0.0,1,1,0,0.02091949690249705,2.029233733333991,2.030251518197583,0.0010177848635919418,2.030251518197583,-20.0,-20.0,-40.0,0.0,0.0,2.071679821898713
1001,64,fixed_priority,2.001303635806227,2.0728353833657027,go,yield,0,0.0,0.8,1,0,0,0.481871919937957,2.029233733333991,2.8304238290350523,0.8011900957010614,2.8304238290350523,8.985383133333004,5.584788085482474,14.570171218815478,0.0,0.0,2.071679821898713
1001,64,hocbf_only,2.001303635806227,2.0728353833657027,go,yield,0,0.0,0.0,1,0,0,0.3563251500930532,2.134646056263051,1.9235382384436182,0.211107817819433,2.134646056263051,5.932676971868474,9.03823088077819,14.970907852646665,0.43004115226337447,1.2120279395668054,2.0490780455535735
1001,64,nash_game,2.001303635806227,2.0728353833657027,go,yield,0,0.0,0.4284682524405241,1,0,0,0.2632716834892073,2.029233733333991,2.458640031295285,0.42940629796129404,2.458640031295285,8.985383133333004,5.770679984352357,14.756063117685361,0.0,0.0,2.071679821898713
1001,64,nash_game_hocbf,2.001303635806227,2.0728353833657027,go,yield,0,0.0,0.4284682524405241,1,0,0,0.37646755232009593,1.9607640951448737,2.5494411777972488,0.5886770826523751,2.5494411777972488,9.019617952427563,5.725279411101376,14.744897363528938,0.13610586011342155,0.6265321632949514,2.056519899650331
1001,65,independent,2.039590506285997,1.913721629526966,yield,go,1,0.0,0.0,1,1,0,0.12465072517499408,2.045488407028966,1.8634755715959828,0.18201283543298308,2.045488407028966,-20.0,-20.0,-40.0,0.0,0.0,2.4217251161625444
1001,65,fixed_priority,2.039590506285997,1.913721629526966,yield,go,1,0.0,0.8,1,0,0,0.40741335770978865,2.045488407028966,2.6631167233511555,0.6176283163221896,2.6631167233511555,8.977255796485517,5.668441638324422,14.64569743480994,0.0,0.0,2.422153736202936
1001,65,hocbf_only,2.039590506285997,1.913721629526966,yield,go,1,0.0,0.0,1,0,0,0.3854394867660183,2.087760688475454,1.8389564948819581,0.2488041935934957,2.087760688475454,5.956119655762273,9.08052175255902,15.036641408321294,0.35881104033970274,0.9940366292532693,2.3674428549152133
1001,65,nash_game,2.039590506285997,1.913721629526966,yield,go,1,0.37413112324096875,0.0,1,0,0,0.3427954315643561,2.419628169323485,1.8634755715959828,0.5561525977275021,2.419628169323485,5.790185915338258,9.068262214202008,14.858448129540266,0.0,0.0,2.4217251161625444
1001,65,nash_game_hocbf,2.039590506285997,1.913721629526966,yield,go,1,0.37413112324096875,0.0,1,0,0,0.4259743278268723,2.4830739758900267,1.8265934687598318,0.6564805071301949,2.4830739758900267,5.758463012054987,9.086703265620084,14.845166277675071,0.10019646365422397,0.6331933053231247,2.384930977540924
1001,66,independent,1.711256253769885,1.8432606796047883,go,yield,0,0.0,0.0,1,1,0,0.12964169922327495,1.6450486254899324,1.8749517960078725,0.22990317051794018,1.8749517960078725,-20.0,-20.0,-40.0,0.0,0.0,2.5213343801110035
1001,66,fixed_priority,1.711256253769885,1.8432606796047883,go,yield,0,0.0,0.8,1,0,0,0.6773808615920189,1.6450486254899324,2.675133625558692,1.0300850000687598,2.675133625558692,9.177475687255034,5.662433187220654,14.83990887447569,0.0,0.0,2.5213343801110035
1001,66,hocbf_only,1.711256253769885,1.8432606796047883,go,yield,0,0.0,0.0,1,0,0,0.3801921247836728,1.586939843334145,1.9573722214845155,0.37043237815037044,1.9573722214845155,9.206530078332927,6.021313889257742,15.227843967590669,0.3586698337292161,1.050814414043829,2.485853099845614
1001,66,nash_game,1.711256253769885,1.8432606796047883,go,yield,0,0.0,0.36799557416509643,1,0,0,0.36575918740333707,1.6450486254899324,2.2432656687926755,0.5982170433027432,2.2432656687926755,9.177475687255034,5.878367165603662,15.055842852858696,0.0,0.0,2.5213343801110035
1001,66,nash_game_hocbf,1.711256253769885,1.8432606796047883,go,yield,0,0.0,0.36799557416509643,1,0,0,0.4644455334683169,1.6092640513469554,2.315133454514194,0.7058694031672388,2.315133454514194,9.195367974326523,5.842433272742903,15.037801247069424,0.10284463894967177,0.8096172181336422,2.485853099845614
1001,67,independent,1.9858334392805743,1.821986116262592,yield,go,1,0.0,0.0,1,1,0,0.1050407295317454,1.98431666326314,1.8174592608738458,0.16685740238929414,1.98431666326314,-20.0,-20.0,-40.0,0.0,0.0,2.635621087381112
1001,67,fixed_priority,1.9858334392805743,1.821986116262592,yield,go,1,0.0,0.8,1,0,0,0.419263300666508,1.98431666326314,2.617383937225176,0.633067273962036,2.617383937225176,9.00784166836843,5.691308031387412,14.699149699755843,0.0,0.0,2.635694457043707
1001,67,hocbf_only,1.9858334392805743,1.821986116262592,yield,go,1,0.0,0.0,1,0,0,0.3696066740983587,2.0160927097847376,1.8028046756178704,0.21328803416686726,2.0160927097847376,5.991953645107631,9.098597662191064,15.090551307298696,0.36818181818181817,1.130283324765067,2.590260816930326
1001,67,nash_game,1.9858334392805743,1.821986116262592,yield,go,1,0.33615267698201756,0.0,1,0,0,0.31395046083805306,2.320454453308108,1.8174592608738458,0.5029951924342624,2.320454453308108,5.8397727733459455,9.091270369563077,14.931043142909022,0.0,0.0,2.635621087381112
1001,67,nash_game_hocbf,1.9858334392805743,1.821986116262592,yield,go,1,0.33615267698201756,0.0,1,0,0,0.41696247503351663,2.399853084602065,1.7642965925450953,0.6355564920569698,2.399853084602065,5.800073457698968,9.117851703727453,14.917925161426421,0.10570824524312897,0.8099653689226333,2.5884082390361924
1001,68,independent,1.772850165231001,1.6698285905331776,yield,go,1,0.0,0.0,1,1,0,0.0558180787057531,1.7482156447886432,1.6591324041525974,0.08908324063604578,1.7482156447886432,-20.0,-20.0,-40.0,0.0,0.0,2.2923227193878177
1001,68,fixed_priority,1.772850165231001,1.6698285905331776,yield,go,1,0.0,0.8,1,0,0,0.4791438741178227,1.7482156447886432,2.4587801233585203,0.710564478569877,2.4587801233585203,9.125892177605678,5.77060993832074,14.896502115926417,0.0,0.0,2.289406061418533
1001,68,hocbf_only,1.772850165231001,1.6698285905331776,yield,go,1,0.0,0.0,1,0,0,0.36878900275551935,1.8474044010627049,1.5696895940871687,0.2777148069755362,1.8474044010627049,6.076297799468648,9.215155202956415,15.291453002425063,0.3953488372093023,1.0580927020049709,2.284890055784112
1001,68,nash_game,1.772850165231001,1.6698285905331776,yield,go,1,0.3969784253021764,0.0,1,0,0,0.29939650522346245,2.1446612310207946,1.6591324041525974,0.4855288268681972,2.1446612310207946,5.927669384489603,9.170433797923701,15.098103182413304,0.0,0.0,2.2923227193878177
1001,68,nash_game_hocbf,1.772850165231001,1.6698285905331776,yield,go,1,0.3969784253021764,0.0,1,0,0,0.43028050865330697,2.243046075812685,1.5974832949537736,0.6455627808589115,2.243046075812685,5.878476962093657,9.201258352523114,15.079735314616771,0.11914893617021277,0.900371384309513,2.2923227193878177
1001,69,independent,1.9541605011866796,2.065784784659373,go,yield,0,0.0,0.0,1,1,0,0.06798080372808901,1.9503504042461197,2.067195738960031,0.11684533471391112,2.067195738960031,-20.0,-20.0,-40.0,0.0,0.0,2.0131771851825704
1001,69,fixed_priority,1.9541605011866796,2.065784784659373,go,yield,0,0.0,0.8,1,0,0,0.5680151438121052,1.9503504042461197,2.8672014941259545,0.9168510898798348,2.8672014941259545,9.02482479787694,5.566399252937023,14.591224050813963,0.0,0.0,2.013181937182605
1001,69,hocbf_only,1.9541605011866796,2.065784784659373,go,yield,0,0.0,0.0,1,0,0,0.3570319005739177,1.756606954545004,2.2703986795383386,0.5137917249933346,2.2703986795383386,9.121696522727499,5.864800660230831,14.98649718295833,0.45643153526970953,0.9903115802984722,2.101693148421712
1001,69,nash_game,1.9541605011866796,2.065784784659373,go,yield,0,0.0,0.38837571652730674,1,0,0,0.2994928448738668,1.9503504042461197,2.4555697192006822,0.5052193149545625,2.4555697192006822,9.02482479787694,5.772215140399659,14.7970399382766,0.0,0.0,2.0131641246144287
1001,69,nash_game_hocbf,1.9541605011866796,2.065784784659373,go,yield,0,0.0,0.38837571652730674,1,0,0,0.41798495065729624,1.8815781812396024,2.5424198601544674,0.660841678914865,2.5424198601544674,9.059210909380198,5.728790069922766,14.788000979302964,0.12667946257197696,0.7065271091760663,2.0317240825834952
1001,70,independent,2.011265851181231,1.7056813436712739,yield,go,1,0.0,0.0,1,1,0,0.22006963641288918,2.0409195780264406,1.670217498140453,0.3707020798859877,2.0409195780264406,-20.0,-20.0,-40.0,0.0,0.0,2.3210450208445463
1001,70,fixed_priority,2.011265851181231,1.7056813436712739,yield,go,1,0.0,0.8,1,0,0,0.2830297093943389,2.0409195780264406,2.469143675708277,0.42822409768183656,2.469143675708277,8.97954021098678,5.765428162145861,14.744968373132641,0.0,0.0,2.2982981977522345
1001,70,hocbf_only,2.011265851181231,1.7056813436712739,yield,go,1,0.0,0.0,1,0,0,0.3796682967282709,2.154437291237597,1.5807307410671865,0.5737065501704104,2.154437291237597,5.922781354381201,9.209634629466407,15.132415983847608,0.2964705882352941,0.538711624408028,2.3210450208445463
1001,70,nash_game,2.011265851181231,1.7056813436712739,yield,go,1,0.19441549249004275,0.0,1,0,0,0.34641789298339504,2.235406729279958,1.670217498140453,0.565189231139505,2.235406729279958,5.882296635360021,9.164891250929774,15.047187886289795,0.0,0.0,2.3210450208445463
1001,70,nash_game_hocbf,2.011265851181231,1.7056813436712739,yield,go,1,0.19441549249004275,0.0,1,0,0,0.44198190689744077,2.3046586354777037,1.6269417093982546,0.6777169260794491,2.3046586354777037,5.847670682261148,9.186529145300872,15.03419982756202,0.1101123595505618,0.7459529887662845,2.3210450208445463
1001,71,independent,1.7773329258173522,1.6649814138579617,yield,go,1,0.0,0.0,1,1,0,0.01595240662577383,1.7158029859504138,1.6970306277462968,0.018772358204117046,1.7158029859504138,-20.0,-20.0,-40.0,0.0,0.0,2.468778446514698
1001,71,fixed_priority,1.7773329258173522,1.6649814138579617,yield,go,1,0.0,0.8,1,0,0,0.5231369531282473,1.7158029859504138,2.497836828985003,0.782033843034589,2.497836828985003,9.142098507024793,5.751081585507499,14.89318009253229,0.0,0.0,2.487701349720073
1001,71,hocbf_only,1.7773329258173522,1.6649814138579617,yield,go,1,0.0,0.0,1,0,0,0.35581925996121316,1.8454707158921948,1.5702886014715218,0.275182114420673,1.8454707158921948,6.077264642053903,9.21485569926424,15.292120341318142,0.39485981308411217,1.1218776605820553,2.4685122293799893
1001,71,nash_game,1.7773329258173522,1.6649814138579617,yield,go,1,0.3876484880406095,0.0,1,0,0,0.25692470990071203,2.101974458199337,1.6970306277462968,0.40494383045304017,2.101974458199337,5.949012770900332,9.151484686126851,15.100497457027183,0.0,0.0,2.468778446514698
1001,71,nash_game_hocbf,1.7773329258173522,1.6649814138579617,yield,go,1,0.3876484880406095,0.0,1,0,0,0.41788225916051563,2.2252377754079466,1.610079748351602,0.6151580270563446,2.2252377754079466,5.887381112296026,9.194960125824199,15.082341238120225,0.12660944206008584,1.0583337640782227,2.468778446514698
1001,72,independent,1.8547516532632684,1.859783830425815,go,yield,0,0.0,0.0,1,1,0,0.03477797375852595,1.8621435455642068,1.8473325452586573,0.014811000305549493,1.8621435455642068,-20.0,-20.0,-40.0,0.0,0.0,1.9875203591395774
1001,72,fixed_priority,1.8547516532632684,1.859783830425815,go,yield,0,0.0,0.8,1,0,0,0.36878154938700763,1.8621435455642068,2.6472218640775,0.785078318513293,2.6472218640775,9.068928227217896,5.67638906796125,14.745317295179145,0.0,0.0,1.9875203591395774
1001,72,hocbf_only,1.8547516532632684,1.859783830425815,go,yield,0,0.0,0.0,1,0,0,0.35861166501205655,1.9801886524113934,1.7312969967720733,0.24889165563932014,1.9801886524113934,6.009905673794304,9.134351501613963,15.144257175408267,0.502127659574468,1.0925625496375648,1.880295211824015
1001,72,nash_game,1.8547516532632684,1.859783830425815,go,yield,0,0.0,0.4949678228374532,1,0,0,0.29334233588278397,1.8621435455642068,2.3421351486517197,0.4799916030875129,2.3421351486517197,9.068928227217896,5.82893242567414,14.897860652892035,0.0,0.0,1.9875203591395774
1001,72,nash_game_hocbf,1.8547516532632684,1.859783830425815,go,yield,0,0.0,0.4949678228374532,1,0,0,0.39972466112641597,1.8033238810571317,2.4270147728985654,0.6236908918414337,2.4270147728985654,9.098338059471434,5.786492613550717,14.884830673022151,0.25576923076923075,0.6390249711418515,2.0225311109460264
1001,73,independent,1.9019063130357887,2.012918296676883,go,yield,0,0.0,0.0,1,1,0,0.0746470649617225,1.8998195907197908,2.0337591296657553,0.13393953894596455,2.0337591296657553,-20.0,-20.0,-40.0,0.0,0.0,2.154385063058471
1001,73,fixed_priority,1.9019063130357887,2.012918296676883,go,yield,0,0.0,0.8,1,0,0,0.6431738693953404,1.8998195907197908,2.833683663313249,0.9338640725934582,2.833683663313249,9.050090204640105,5.583158168343376,14.63324837298348,0.0,0.0,2.154385063058471
1001,73,hocbf_only,1.9019063130357887,2.012918296676883,go,yield,0,0.0,0.0,1,0,0,0.36584775336518005,1.7749150515014236,2.1666581421809843,0.3917430906795607,2.1666581421809843,9.112542474249288,5.916670928909507,15.029213403158796,0.407158836689038,0.9706768680761364,2.154385063058471
1001,73,nash_game,1.9019063130357887,2.012918296676883,go,yield,0,0.0,0.3889880163589057,1,0,0,0.3188569393531839,1.8998195907197908,2.4227869911034885,0.5229674003836977,2.4227869911034885,9.050090204640105,5.788606504448255,14.83869670908836,0.0,0.0,2.154385063058471
1001,73,nash_game_hocbf,1.9019063130357887,2.012918296676883,go,yield,0,0.0,0.3889880163589057,1,0,0,0.43852614529751394,1.834950632341391,2.5072446983057435,0.6722940659643524,2.5072446983057435,9.082524683829304,5.746377650847128,14.828902334676432,0.11728395061728394,0.8077636056178662,2.154385063058471
1001,74,independent,1.9247396015438474,1.9974423099662817,go,yield,0,0.0,0.0,1,1,0,0.02237234394138882,1.9530241330094067,1.9890007446486442,0.03597661163923749,1.9890007446486442,-20.0,-20.0,-40.0,0.0,0.0,1.9871626461431569
1001,74,fixed_priority,1.9247396015438474,1.9974423099662817,go,yield,0,0.0,0.8,1,0,0,0.576604767263651,1.9530241330094067,2.789018013640138,0.8359938806307312,2.789018013640138,9.023487933495296,5.605490993179931,14.628978926675227,0.0,0.0,1.9871626461431569
1001,74,hocbf_only,1.9247396015438474,1.9974423099662817,go,yield,0,0.0,0.0,1,0,0,0.3631485285125206,1.9747497978489834,1.966917377874231,0.00783241997475237,1.9747497978489834,6.012625101075509,9.016541311062884,15.029166412138393,0.40898876404494383,1.167437094266181,1.9867182737098474
1001,74,nash_game,1.9247396015438474,1.9974423099662817,go,yield,0,0.0,0.4272972915775657,1,0,0,0.27995495774122453,1.9530241330094067,2.4162617853410238,0.46323765233161707,2.4162617853410238,9.023487933495296,5.791869107329488,14.815357040824784,0.0,0.0,1.9871626461431569
1001,74,nash_game_hocbf,1.9247396015438474,1.9974423099662817,go,yield,0,0.0,0.4272972915775657,1,0,0,0.3881566640161368,1.8884953450999826,2.4984992780414106,0.610003932941428,2.4984992780414106,9.055752327450008,5.7507503609792945,14.806502688429303,0.12295081967213115,0.7070374050484937,1.9871626461431569
1001,75,independent,2.0745835328341133,2.2107574178076588,go,yield,0,0.0,0.0,1,1,0,0.10341075435746235,2.071151752178242,2.24685544465996,0.17570369248171813,2.24685544465996,-20.0,-20.0,-40.0,0.0,0.0,1.4796851832010431
1001,75,fixed_priority,2.0745835328341133,2.2107574178076588,go,yield,0,0.0,0.8,1,0,0,0.5300090533984104,2.071151752178242,3.046498398046708,0.9753466458684663,3.046498398046708,8.964424123910879,5.476750800976646,14.441174924887525,0.0,0.0,1.4916478151387464
1001,75,hocbf_only,2.0745835328341133,2.2107574178076588,go,yield,0,0.0,0.0,1,0,0,0.36862796744785614,1.9114611816870548,2.412086126502064,0.5006249448150091,2.412086126502064,9.044269409156472,5.793956936748968,14.83822634590544,0.4713114754098361,0.7927750742642827,1.4794161396121903
1001,75,nash_game,2.0745835328341133,2.2107574178076588,go,yield,0,0.0,0.36382611502645457,1,0,0,0.31498078350651026,2.071151752178242,2.6105648859984703,0.5394131338202284,2.6105648859984703,8.964424123910879,5.694717557000764,14.659141680911643,0.0,0.0,1.4956206374039567
1001,75,nash_game_hocbf,2.0745835328341133,2.2107574178076588,go,yield,0,0.0,0.36382611502645457,1,0,0,0.4005325252966168,2.01992490430606,2.6715742726489773,0.6516493683429174,2.6715742726489773,8.99003754784697,5.664212863675512,14.654250411522483,0.12595419847328243,0.5044830557643117,1.4956206374039567
1001,76,independent,1.8028577927813323,2.0436686917254616,go,yield,0,0.0,0.0,1,1,0,0.12645005330595332,1.8229543555262813,2.043400736353663,0.22044638082738177,2.043400736353663,-20.0,-20.0,-40.0,0.0,0.0,2.234638664221863
1001,76,fixed_priority,1.8028577927813323,2.0436686917254616,go,yield,0,0.0,0.8,1,0,0,0.6121688699014493,1.8229543555262813,2.8434109775604424,1.020456622034161,2.8434109775604424,9.08852282223686,5.578294511219779,14.666817333456638,0.0,0.0,2.234731472241903
1001,76,hocbf_only,1.8028577927813323,2.0436686917254616,go,yield,0,0.0,0.0,1,0,0,0.3612113792228111,1.6704265953914543,2.1969377936978787,0.5265111983064243,2.1969377936978787,9.164786702304273,5.90153110315106,15.066317805455334,0.31359649122807015,0.8307100654215742,2.2903691978126273
1001,76,nash_game,1.8028577927813323,2.0436686917254616,go,yield,0,0.0,0.25918910105587045,1,0,0,0.2895670839964454,1.8229543555262813,2.302583363904163,0.4796290083778818,2.302583363904163,9.08852282223686,5.848708318047919,14.937231140284778,0.0,0.0,2.2347279301737655
1001,76,nash_game_hocbf,1.8028577927813323,2.0436686917254616,go,yield,0,0.0,0.25918910105587045,1,0,0,0.40621407243873137,1.7557264001442985,2.388907578085512,0.6331811779412135,2.388907578085512,9.122136799927851,5.805546210957244,14.927683010885096,0.12240663900414937,0.7607538944661211,2.264808110889318
1001,77,independent,1.6349309557857385,2.006074307660113,go,yield,0,0.0,0.0,1,1,0,0.2046409192285766,1.6109893976339191,1.957638073449347,0.3466486758154279,1.957638073449347,-20.0,-20.0,-40.0,0.0,0.0,2.280936179528273
1001,77,fixed_priority,1.6349309557857385,2.006074307660113,go,yield,0,0.0,0.8,1,0,0,0.5871951115562959,1.6109893976339191,2.7576371724742192,1.1466477748403001,2.7576371724742192,9.19450530118304,5.621181413762891,14.815686714945931,0.0,0.0,2.280936179528273
1001,77,hocbf_only,1.6349309557857385,2.006074307660113,go,yield,0,0.0,0.0,1,0,0,0.3613377915341548,1.5242339470048445,2.0863759056600975,0.562141958655253,2.0863759056600975,9.237883026497578,5.956812047169951,15.194695073667528,0.22869955156950672,0.6496641302947921,2.280936179528273
1001,77,nash_game,1.6349309557857385,2.006074307660113,go,yield,0,0.0,0.12885664812562547,1,0,0,0.29013129325942955,1.6109893976339191,2.0862870171890595,0.4752976195551404,2.0862870171890595,9.19450530118304,5.95685649140547,15.15136179258851,0.0,0.0,2.280936179528273
1001,77,nash_game_hocbf,1.6349309557857385,2.006074307660113,go,yield,0,0.0,0.12885664812562547,1,0,0,0.3981255749390569,1.5597442801327552,2.17399567167198,0.6142513915392247,2.17399567167198,9.220127859933623,5.91300216416401,15.133130024097632,0.11764705882352941,0.7836595313975856,2.280936179528273
1001,78,independent,2.2335759737072887,1.7241978919490828,go,go,1,0.0,0.0,1,0,0,0.2767092896183915,2.185047278936874,1.7287709655562655,0.4562763133806085,2.185047278936874,5.907476360531563,9.135614517221867,15.04309087775343,0.0,0.0,2.273739625048474
1001,78,fixed_priority,2.2335759737072887,1.7241978919490828,go,go,1,0.0,0.8,1,1,0,0.1970381508378599,2.185047278936874,2.528848558094145,0.3438012791572711,2.528848558094145,-20.0,-20.0,-40.0,0.0,0.0,2.278415520431734
1001,78,hocbf_only,2.2335759737072887,1.7241978919490828,go,go,1,0.0,0.0,1,0,0,0.3784150875374666,2.2681167107148634,1.6731912667209274,0.594925443993936,2.2681167107148634,5.865941644642568,9.163404366639536,15.029346011282104,0.12133891213389121,0.6848085272495331,2.273739625048474
1001,78,nash_game,2.2335759737072887,1.7241978919490828,go,go,1,0.0,0.0,1,0,0,0.2767092896183915,2.185047278936874,1.7287709655562655,0.4562763133806085,2.185047278936874,5.907476360531563,9.135614517221867,15.04309087775343,0.0,0.0,2.273739625048474
1001,78,nash_game_hocbf,2.2335759737072887,1.7241978919490828,go,go,1,0.0,0.0,1,0,0,0.3784150875374666,2.2681167107148634,1.6731912667209274,0.594925443993936,2.2681167107148634,5.865941644642568,9.163404366639536,15.029346011282104,0.12133891213389121,0.6848085272495331,2.273739625048474
1001,79,independent,2.2523071611601173,2.2658783260923974,go,yield,0,0.0,0.0,1,1,0,0.0416034840152322,2.249695804324951,2.262138863465264,0.012443059140312851,2.262138863465264,-20.0,-20.0,-40.0,0.0,0.0,1.7518638683861398
1001,79,fixed_priority,2.2523071611601173,2.2658783260923974,go,yield,0,0.0,0.8,1,0,0,0.43175689351396845,2.249695804324951,3.062192198414633,0.8124963940896821,3.062192198414633,8.875152097837525,5.468903900792683,14.344055998630207,0.0,0.0,1.7518638683861398
1001,79,hocbf_only,2.2523071611601173,2.2658783260923974,go,yield,0,0.0,0.0,1,0,0,0.3710524806449581,2.3848714544498737,2.119584191956117,0.2652872624937568,2.3848714544498737,5.807564272775063,8.94020790402194,14.747772176797003,0.47540983606557374,1.024991007261411,1.7789120237589304
1001,79,nash_game,2.2523071611601173,2.2658783260923974,go,yield,0,0.0,0.48642883506771994,1,0,0,0.29671297011231834,2.249695804324951,2.7485967143150116,0.49890090999006054,2.7485967143150116,8.875152097837525,5.625701642842494,14.500853740680018,0.0,0.0,1.7518638683861398
1001,79,nash_game_hocbf,2.2523071611601173,2.2658783260923974,go,yield,0,0.0,0.48642883506771994,1,0,0,0.38535154062712745,2.1988507431874402,2.815446107513502,0.616595364326062,2.815446107513502,8.90057462840628,5.592276946243249,14.49285157464953,0.18470149253731344,0.44696758565211603,1.720600932160886
1001,80,independent,1.8053402670247773,2.016813578822572,go,yield,0,0.0,0.0,1,1,0,0.11717661642743062,1.8032947533772792,2.010497068578602,0.2072023152013227,2.010497068578602,-20.0,-20.0,-40.0,0.0,0.0,1.8706820065817058
1001,80,fixed_priority,1.8053402670247773,2.016813578822572,go,yield,0,0.0,0.8,1,0,0,0.6057057553988089,1.8032947533772792,2.8105197558724533,1.007225002495174,2.8105197558724533,9.09835262331136,5.594740122063773,14.693092745375132,0.0,0.0,1.8706820065817058
1001,80,hocbf_only,1.8053402670247773,2.016813578822572,go,yield,0,0.0,0.0,1,0,0,0.36053017796253894,1.6614503803817742,2.1660986972253236,0.5046483168435494,2.1660986972253236,9.169274809809114,5.916950651387339,15.086225461196452,0.42094017094017094,0.7319392069177628,1.8706820065817058
1001,80,nash_game,1.8053402670247773,2.016813578822572,go,yield,0,0.0,0.28852668820220506,1,0,0,0.2934384766255027,1.8032947533772792,2.298994598036647,0.49569984465936767,2.298994598036647,9.09835262331136,5.850502700981677,14.948855324293037,0.0,0.0,1.8706820065817058
1001,80,nash_game_hocbf,1.8053402670247773,2.016813578822572,go,yield,0,0.0,0.28852668820220506,1,0,0,0.39736478902276245,1.7470494971119463,2.3782709366661536,0.6312214395542073,2.3782709366661536,9.126475251444027,5.810864531666923,14.93733978311095,0.12072434607645875,0.6698387599995159,1.8706820065817058
1001,81,independent,1.8710134283042306,1.9645844657430982,go,yield,0,0.0,0.0,1,1,0,0.04616831751881135,1.8828134360841995,1.9327255092163078,0.049912073132108326,1.9327255092163078,-20.0,-20.0,-40.0,0.0,0.0,2.5311901182691092
1001,81,fixed_priority,1.8710134283042306,1.9645844657430982,go,yield,0,0.0,0.8,1,0,0,0.6547360797077519,1.8828134360841995,2.73266981215936,0.8498563760751603,2.73266981215936,9.0585932819579,5.63366509392032,14.692258375878222,0.0,0.0,2.531286838427048
1001,81,hocbf_only,1.8710134283042306,1.9645844657430982,go,yield,0,0.0,0.0,1,0,0,0.35891703679503084,1.8389213802847184,1.9814027229461413,0.14248134266142287,1.9814027229461413,9.080539309857642,6.009298638526929,15.08983794838457,0.40189125295508277,1.1867337239202922,2.530375451073441
1001,81,nash_game,1.8710134283042306,1.9645844657430982,go,yield,0,0.0,0.40642896256113215,1,0,0,0.2905447844333997,1.8828134360841995,2.3389156165589853,0.4561021804747858,2.3389156165589853,9.0585932819579,5.830542191720507,14.889135473678408,0.0,0.0,2.531247051892794
1001,81,nash_game_hocbf,1.8710134283042306,1.9645844657430982,go,yield,0,0.0,0.40642896256113215,1,0,0,0.42550929232414575,1.8089170258294596,2.441563243221096,0.6326462173916365,2.441563243221096,9.09554148708527,5.7792183783894515,14.874759865474722,0.1206896551724138,0.9385909454238128,2.565562146154572
1001,82,independent,1.8377917305613263,2.2867017392922713,go,yield,0,0.0,0.0,1,0,0,0.2625415042469273,1.810077680993174,2.252808927800818,0.44273124680764386,2.252808927800818,9.094961159503413,5.873595536099591,14.968556695603004,0.0,0.0,2.1233301314718087
1001,82,fixed_priority,1.8377917305613263,2.2867017392922713,go,yield,0,0.0,0.8,1,0,0,0.6585878062822387,1.810077680993174,3.0531871352169015,1.2431094542237275,3.0531871352169015,9.094961159503413,5.473406432391549,14.568367591894962,0.0,0.0,2.123494176538781
1001,82,hocbf_only,1.8377917305613263,2.2867017392922713,go,yield,0,0.0,0.0,1,0,0,0.38200151757706613,1.743234229421404,2.346984733136261,0.603750503714857,2.346984733136261,9.128382885289298,5.82650763343187,14.954890518721168,0.16114790286975716,0.6558030108366949,2.151709276061027
1001,82,nash_game,1.8377917305613263,2.2867017392922713,go,yield,0,0.0,0.051089991269055,1,0,0,0.29688199310042385,1.810077680993174,2.3039015924012527,0.4938239114080787,2.3039015924012527,9.094961159503413,5.848049203799373,14.943010363302786,0.0,0.0,2.123281567127439
1001,82,nash_game_hocbf,1.8377917305613263,2.2867017392922713,go,yield,0,0.0,0.051089991269055,1,0,0,0.39634394406952667,1.757642929929297,2.3818497440931554,0.6242068141638584,2.3818497440931554,9.121178535035352,5.809075127953422,14.930253662988774,0.13537117903930132,0.6293108173977189,2.1461033101177236
1001,83,independent,2.1653359940742094,2.0935879085921374,yield,go,1,0.0,0.0,1,1,0,0.03310258378787431,2.1508717708414475,2.1168100366394142,0.03406173420203329,2.1508717708414475,-20.0,-20.0,-40.0,0.0,0.0,1.8146565897045608
1001,83,fixed_priority,2.1653359940742094,2.0935879085921374,yield,go,1,0.0,0.8,1,0,0,0.48435957221169085,2.1508717708414475,2.916651600126453,0.7657798292850053,2.916651600126453,8.924564114579276,5.541674199936773,14.46623831451605,0.0,0.0,1.8145879712024435
1001,83,hocbf_only,2.1653359940742094,2.0935879085921374,yield,go,1,0.0,0.0,1,0,0,0.3653422579248848,2.1841869534136444,2.0855566440164246,0.09863030939721984,2.1841869534136444,5.907906523293178,8.957221677991788,14.865128201284966,0.42250530785562634,1.0655943370303467,1.7523047253348711
1001,83,nash_game,2.1653359940742094,2.0935879085921374,yield,go,1,0.428251914517928,0.0,1,0,0,0.2787264194915899,2.5791608938983126,2.1168100366394142,0.46235085725889835,2.5791608938983126,5.710419553050844,8.941594981680293,14.652014534731137,0.0,0.0,1.8146565897045608
1001,83,nash_game_hocbf,2.1653359940742094,2.0935879085921374,yield,go,1,0.428251914517928,0.0,1,0,0,0.38373884816946563,2.6584899291258166,2.051419352092093,0.6070705770337237,2.6584899291258166,5.670755035437091,8.974290323953953,14.645045359391045,0.1245136186770428,0.6413835363742088,1.7697828305937389
1001,84,independent,1.974838527632871,1.8636608528307155,yield,go,1,0.0,0.0,1,1,0,0.058849455878707255,1.9771373531128384,1.8941006777039338,0.08303667540890469,1.9771373531128384,-20.0,-20.0,-40.0,0.0,0.0,2.0260472201682234
1001,84,fixed_priority,1.974838527632871,1.8636608528307155,yield,go,1,0.0,0.8,1,0,0,0.46477908152922504,1.9771373531128384,2.694230318803407,0.7170929656905685,2.694230318803407,9.011431323443581,5.652884840598297,14.664316164041878,0.0,0.0,2.0488234768791185
1001,84,hocbf_only,1.974838527632871,1.8636608528307155,yield,go,1,0.0,0.0,1,0,0,0.3626537340631971,2.090318406151797,1.7873598514844764,0.3029585546673206,2.090318406151797,5.954840796924102,9.106320074257761,15.061160871181862,0.44320712694877507,0.9779958070220182,2.005339398182778
1001,84,nash_game,1.974838527632871,1.8636608528307155,yield,go,1,0.3888223251978442,0.0,1,0,0,0.28758307154443824,2.3659625231316594,1.8941006777039338,0.4718618454277257,2.3659625231316594,5.81701873843417,9.052949661148034,14.869968399582204,0.0,0.0,2.0260472201682234
1001,84,nash_game_hocbf,1.974838527632871,1.8636608528307155,yield,go,1,0.3888223251978442,0.0,1,0,0,0.40418984427331367,2.451948669496488,1.8249033926546852,0.6270452768418027,2.451948669496488,5.774025665251756,9.087548303672657,14.861573968924413,0.12295081967213115,0.7513305866638509,2.0260472201682234
1001,85,independent,2.193396953964917,1.9981484969735674,yield,go,1,0.0,0.0,1,1,0,0.10436736151037618,2.1282236238630197,1.9671418750011151,0.16108174886190452,2.1282236238630197,-20.0,-20.0,-40.0,0.0,0.0,2.2142949394380476
1001,85,fixed_priority,2.193396953964917,1.9981484969735674,yield,go,1,0.0,0.8,1,0,0,0.4007802695683518,2.1282236238630197,2.767160158259505,0.6389365343964855,2.767160158259505,8.93588818806849,5.616419920870247,14.552308108938739,0.0,0.0,2.214476201674415
1001,85,hocbf_only,2.193396953964917,1.9981484969735674,yield,go,1,0.0,0.0,1,0,0,0.37031333303753916,2.259856366326208,1.8525497556534334,0.40730661067277474,2.259856366326208,5.870071816836896,9.073725122173283,14.943796939010179,0.3411513859275053,0.9096926476541686,2.130635197061629
1001,85,nash_game,2.193396953964917,1.9981484969735674,yield,go,1,0.30475154300865004,0.0,1,0,0,0.2892224178120054,2.4329805620808136,1.9671418750011151,0.46583868707969844,2.4329805620808136,5.783509718959593,9.016429062499443,14.799938781459035,0.0,0.0,2.2142949394380476
1001,85,nash_game_hocbf,2.193396953964917,1.9981484969735674,yield,go,1,0.30475154300865004,0.0,1,0,0,0.3989817971445147,2.517634040819963,1.9109307905291428,0.6067032502908203,2.517634040819963,5.741182979590018,9.044534604735428,14.785717584325447,0.126,0.6811834504355891,2.1637340223824237
1001,86,independent,2.075210518123947,2.0272274810555495,yield,go,1,0.0,0.0,1,1,0,0.023713580891922607,2.0740048134096374,2.0367028709066797,0.03730194250295771,2.0740048134096374,-20.0,-20.0,-40.0,0.0,0.0,1.8819818699313127
1001,86,fixed_priority,2.075210518123947,2.0272274810555495,yield,go,1,0.0,0.8,1,0,0,0.5052740354694689,2.0740048134096374,2.8366703142892993,0.7626655008796619,2.8366703142892993,8.962997593295182,5.58166484285535,14.544662436150531,0.0,0.0,1.8819818699313127
1001,86,hocbf_only,2.075210518123947,2.0272274810555495,yield,go,1,0.0,0.0,1,0,0,0.3562290759638701,2.1312930636885206,1.982814652230725,0.1484784114577955,2.1312930636885206,5.93435346815574,9.008592673884637,14.942946142040377,0.4391304347826087,1.118411200941535,1.8815254153870997
1001,86,nash_game,2.075210518123947,2.0272274810555495,yield,go,1,0.45201696293160243,0.0,1,0,0,0.2938841416113463,2.5260220367316677,2.0367028709066797,0.489319165824988,2.5260220367316677,5.736988981634166,8.98164856454666,14.718637546180826,0.0,0.0,1.8819451764398722
1001,86,nash_game_hocbf,2.075210518123947,2.0272274810555495,yield,go,1,0.45201696293160243,0.0,1,0,0,0.40405987781584685,2.6082176884655115,1.972191022027896,0.6360266664376155,2.6082176884655115,5.695891155767244,9.013904488986052,14.709795644753296,0.12079207920792079,0.7009119417407565,1.9031487339922986
1001,87,independent,1.9362930597005028,1.8672467643842863,yield,go,1,0.0,0.0,1,1,0,0.035819210613700095,1.9291360056873943,1.8826644983126868,0.04647150737470751,1.9291360056873943,-20.0,-20.0,-40.0,0.0,0.0,2.0524756016766537
1001,87,fixed_priority,1.9362930597005028,1.8672467643842863,yield,go,1,0.0,0.8,1,0,0,0.4595512557348732,1.9291360056873943,2.6827412421804104,0.7536052364930161,2.6827412421804104,9.035431997156303,5.658629378909795,14.694061376066099,0.0,0.0,2.0524756016766537
1001,87,hocbf_only,1.9362930597005028,1.8672467643842863,yield,go,1,0.0,0.0,1,0,0,0.3533289344047931,2.025783399942926,1.7923281795659507,0.2334552203769753,2.025783399942926,5.987108300028537,9.103835910217025,15.090944210245564,0.445916114790287,1.1037024753717368,2.063062946258381
1001,87,nash_game,1.9362930597005028,1.8672467643842863,yield,go,1,0.43095370468378347,0.0,1,0,0,0.28761502574408304,2.3600293723648593,1.8826644983126868,0.47736487405217254,2.3600293723648593,5.81998531381757,9.058667750843657,14.878653064661227,0.0,0.0,2.0525159786893203
1001,87,nash_game_hocbf,1.9362930597005028,1.8672467643842863,yield,go,1,0.43095370468378347,0.0,1,0,0,0.4037020535385507,2.4476456601098944,1.8158357954283773,0.6318098646815171,2.4476456601098944,5.776177169945052,9.092082102285811,14.868259272230864,0.12096774193548387,0.75588739316849,2.0792986504608697
1001,88,independent,1.7963233733492059,1.9728888745246758,go,yield,0,0.0,0.0,1,1,0,0.13010562876584586,1.7511225166213926,1.9831450797736663,0.23202256315227365,1.9831450797736663,-20.0,-20.0,-40.0,0.0,0.0,2.212018172620626
1001,88,fixed_priority,1.7963233733492059,1.9728888745246758,go,yield,0,0.0,0.8,1,0,0,0.69271778497358,1.7511225166213926,2.7831326953053916,1.032010178683999,2.7831326953053916,9.124438741689303,5.608433652347304,14.732872394036608,0.0,0.0,2.2119699838300866
1001,88,hocbf_only,1.7963233733492059,1.9728888745246758,go,yield,0,0.0,0.0,1,0,0,0.36706701890025123,1.5992310279579265,2.147593923394208,0.5483628954362814,2.147593923394208,9.200384486021036,5.926203038302896,15.126587524323932,0.4305239179954442,0.7516662299805832,2.272010946886144
1001,88,nash_game,1.7963233733492059,1.9728888745246758,go,yield,0,0.0,0.3234344988245301,1,0,0,0.33165332287830257,1.7511225166213926,2.306617673450584,0.5554951568291913,2.306617673450584,9.124438741689303,5.846691163274708,14.971129904964013,0.0,0.0,2.212056680331798
1001,88,nash_game_hocbf,1.7963233733492059,1.9728888745246758,go,yield,0,0.0,0.3234344988245301,1,0,0,0.4382258556138134,1.7006830081466418,2.38507329346424,0.684390285317598,2.38507329346424,9.14965849592668,5.80746335326788,14.95712184919456,0.12314225053078556,0.7128940056982354,2.2362054586328974
1001,89,independent,2.0864774454133848,2.287565215007425,go,yield,0,0.0,0.0,1,1,0,0.14822755868498363,2.0386620431620526,2.2800631186424662,0.24140107548041367,2.2800631186424662,-20.0,-20.0,-40.0,0.0,0.0,2.2804425822050485
1001,89,fixed_priority,2.0864774454133848,2.287565215007425,go,yield,0,0.0,0.8,1,0,0,0.5763159948460119,2.0386620431620526,3.080163822243126,1.0415017790810732,3.080163822243126,8.980668978418974,5.459918088878437,14.440587067297411,0.0,0.0,2.2804425822050485
1001,89,hocbf_only,2.0864774454133848,2.287565215007425,go,yield,0,0.0,0.0,1,0,0,0.379369350237485,1.9393135057953812,2.3955713180082174,0.45625781221283623,2.3955713180082174,9.030343247102309,5.802214340995891,14.8325575880982,0.35578947368421054,0.8234326144462019,2.2024205685777116
1001,89,nash_game,2.0864774454133848,2.287565215007425,go,yield,0,0.0,0.2989122304059597,1,0,0,0.3280206449690945,2.0386620431620526,2.579003173965898,0.5403411308038453,2.579003173965898,8.980668978418974,5.710498413017051,14.691167391436025,0.0,0.0,2.2804425822050485
1001,89,nash_game_hocbf,2.0864774454133848,2.287565215007425,go,yield,0,0.0,0.2989122304059597,1,0,0,0.4096159476857472,1.9980781478638687,2.64130338237455,0.6432252345106813,2.64130338237455,9.000960926068066,5.679348308812725,14.680309234880792,0.11287128712871287,0.5578379752519902,2.2434444382032166
1001,90,independent,1.9335960867931437,2.294201702943589,go,yield,0,0.0,0.0,1,1,0,0.20268559359251703,1.9484011123643947,2.2988334987605734,0.3504323863961787,2.2988334987605734,-20.0,-20.0,-40.0,0.0,0.0,1.819974861056865
1001,90,fixed_priority,1.9335960867931437,2.294201702943589,go,yield,0,0.0,0.8,1,0,0,0.5838917262320605,1.9484011123643947,3.0988017255747327,1.150400613210338,3.0988017255747327,9.025799443817803,5.450599137212634,14.476398581030438,0.0,0.0,1.819974861056865
1001,90,hocbf_only,1.9335960867931437,2.294201702943589,go,yield,0,0.0,0.0,1,0,0,0.36283455826382066,1.8407939694479276,2.4137021877640628,0.5729082183161351,2.4137021877640628,9.079603015276037,5.793148906117969,14.872751921394006,0.2916666666666667,0.5265887692479233,1.819974861056865
1001,90,nash_game,1.9335960867931437,2.294201702943589,go,yield,0,0.0,0.1393943838495546,1,0,0,0.2911536438442975,1.9484011123643947,2.4382248274077254,0.48982371504333067,2.4382248274077254,9.025799443817803,5.780887586296137,14.80668703011394,0.0,0.0,1.819974861056865
1001,90,nash_game_hocbf,1.9335960867931437,2.294201702943589,go,yield,0,0.0,0.1393943838495546,1,0,0,0.38499090073882375,1.891759577159781,2.508946005744,0.6171864285842188,2.508946005744,9.05412021142011,5.745526997128,14.799647208548109,0.12373225152129817,0.5987634590818816,1.819974861056865
1001,91,independent,2.021362508210644,1.8859074030656622,yield,go,1,0.0,0.0,1,1,0,0.07952902436277594,2.0163486083154996,1.8980478028485586,0.118300805466941,2.0163486083154996,-20.0,-20.0,-40.0,0.0,0.0,1.8741187218291147
1001,91,fixed_priority,2.021362508210644,1.8859074030656622,yield,go,1,0.0,0.8,1,0,0,0.4366931989622474,2.0163486083154996,2.698093728798268,0.6817451204827685,2.698093728798268,8.99182569584225,5.650953135600866,14.642778831443117,0.0,0.0,1.8741187218291147
1001,91,hocbf_only,2.021362508210644,1.8859074030656622,yield,go,1,0.0,0.0,1,0,0,0.3620837701003819,2.1836947046549855,1.739841338979146,0.44385336567583944,2.1836947046549855,5.908152647672507,9.130079330510426,15.038231978182933,0.4528301886792453,0.8677415878620893,1.8741187218291147
1001,91,nash_game,2.021362508210644,1.8859074030656622,yield,go,1,0.36454489485501806,0.0,1,0,0,0.2912940089329751,2.380869994045078,1.8980478028485586,0.48282219119651937,2.380869994045078,5.809565002977461,9.05097609857572,14.860541101553181,0.0,0.0,1.8721713939204494
1001,91,nash_game_hocbf,2.021362508210644,1.8859074030656622,yield,go,1,0.36454489485501806,0.0,1,0,0,0.41145202990238683,2.46908469788291,1.8287498131132085,0.6403348847697017,2.46908469788291,5.765457651058545,9.085625093443396,14.85108274450194,0.122568093385214,0.7451063298061674,1.8721713939204494
1001,92,independent,2.2316183852262435,1.969964294989242,yield,go,1,0.0,0.0,1,1,0,0.14764527598897775,2.21029589435143,1.948722210680646,0.26157368367078404,2.21029589435143,-20.0,-20.0,-40.0,0.0,0.0,2.0109362745884116
1001,92,fixed_priority,2.2316183852262435,1.969964294989242,yield,go,1,0.0,0.8,1,0,0,0.33129729696425797,2.21029589435143,2.748708860629818,0.5384129662783876,2.748708860629818,8.894852052824286,5.625645569685091,14.520497622509376,0.0,0.0,2.0110656357436545
1001,92,hocbf_only,2.2316183852262435,1.969964294989242,yield,go,1,0.0,0.0,1,0,0,0.3595347469885149,2.3559544708625473,1.8213765735057523,0.534577897356795,2.3559544708625473,5.822022764568726,9.089311713247124,14.91133447781585,0.3384279475982533,0.7918177582352397,1.9386235039960678
1001,92,nash_game,2.2316183852262435,1.969964294989242,yield,go,1,0.23834590976299852,0.0,1,0,0,0.2991367624838963,2.4486672549105157,1.948722210680646,0.49994504422986963,2.4486672549105157,5.775666372544742,9.025638894659677,14.80130526720442,0.0,0.0,2.0109362745884116
1001,92,nash_game_hocbf,2.2316183852262435,1.969964294989242,yield,go,1,0.23834590976299852,0.0,1,0,0,0.39634684079491933,2.5247836180834513,1.8967441996775034,0.6280394184059479,2.5247836180834513,5.737608190958275,9.051627900161249,14.789236091119523,0.12033195020746888,0.6559255892803615,1.9710224623592085
1001,93,independent,2.055576517209058,2.2606203770575446,go,yield,0,0.0,0.0,1,1,0,0.09763063734522451,2.0301083922867558,2.2038801171286977,0.17377172484194192,2.2038801171286977,-20.0,-20.0,-40.0,0.0,0.0,1.990894967104925
1001,93,fixed_priority,2.055576517209058,2.2606203770575446,go,yield,0,0.0,0.8,1,0,0,0.5619671943824347,2.0301083922867558,3.004442839044337,0.9743344467575814,3.004442839044337,8.984945803856622,5.497778580477831,14.482724384334453,0.0,0.0,1.9911729026698224
1001,93,hocbf_only,2.055576517209058,2.2606203770575446,go,yield,0,0.0,0.0,1,0,0,0.3567039055895718,1.8780421826426847,2.375193292230966,0.49715110958828124,2.375193292230966,9.060978908678658,5.812403353884517,14.873382262563176,0.3525641025641026,0.8829604243196674,2.0339875478047342
1001,93,nash_game,2.055576517209058,2.2606203770575446,go,yield,0,0.0,0.2949561401515135,1,0,0,0.28172687438170807,2.0301083922867558,2.498929627176388,0.46882123488963234,2.498929627176388,8.984945803856622,5.750535186411806,14.735480990268428,0.0,0.0,1.9910772415165914
1001,93,nash_game_hocbf,2.055576517209058,2.2606203770575446,go,yield,0,0.0,0.2949561401515135,1,0,0,0.3918018396047579,1.9704900585404674,2.5851386546740382,0.6146485961335708,2.5851386546740382,9.014754970729767,5.707430672662981,14.722185643392748,0.1285140562248996,0.6725383213738763,2.0106951748813913
1001,94,independent,2.053468890804548,1.8076924719433107,yield,go,1,0.0,0.0,1,1,0,0.16568984135660378,2.1296103103322164,1.8336777897471257,0.2959325205850907,2.1296103103322164,-20.0,-20.0,-40.0,0.0,0.0,2.330257510301622
1001,94,fixed_priority,2.053468890804548,1.8076924719433107,yield,go,1,0.0,0.8,1,0,0,0.3126235992705378,2.1296103103322164,2.633912453543895,0.5043021432116785,2.633912453543895,8.935194844833891,5.683043773228053,14.618238618061945,0.0,0.0,2.3444285682282024
1001,94,hocbf_only,2.053468890804548,1.8076924719433107,yield,go,1,0.0,0.0,1,0,0,0.36751055631860663,2.2520857230313918,1.708095885547399,0.5439898374839927,2.2520857230313918,5.873957138484304,9.1459520572263,15.019909195710603,0.2979591836734694,0.8130980865794365,2.3296197265964276
1001,94,nash_game,2.053468890804548,1.8076924719433107,yield,go,1,0.25422358113876253,0.0,1,0,0,0.33065398166397103,2.3838551501479532,1.8336777897471257,0.5501773604008275,2.3838551501479532,5.808072424926023,9.083161105126438,14.89123353005246,0.0,0.0,2.330257510301622
1001,94,nash_game_hocbf,2.053468890804548,1.8076924719433107,yield,go,1,0.25422358113876253,0.0,1,0,0,0.42461213815377474,2.448943792256522,1.7773622046048054,0.6715815876517166,2.448943792256522,5.775528103871739,9.111318897697597,14.886847001569336,0.12596899224806202,0.5749965912247248,2.330257510301622
1001,95,independent,1.69700485964902,2.0845849086627815,go,yield,0,0.0,0.0,1,0,0,0.2706697795773097,1.6877388154069586,2.147048650299831,0.4593098348928726,2.147048650299831,9.15613059229652,5.926475674850084,15.082606267146605,0.0,0.0,2.4371702081414477
1001,95,fixed_priority,1.69700485964902,2.0845849086627815,go,yield,0,0.0,0.8,1,0,0,0.49596982516707583,1.6877388154069586,2.946553563108596,1.2588147477016374,2.946553563108596,9.15613059229652,5.526723218445702,14.682853810742223,0.0,0.0,2.4371702081414477
1001,95,hocbf_only,1.69700485964902,2.0845849086627815,go,yield,0,0.0,0.0,1,0,0,0.37855284253110016,1.6238547666454317,2.2331551942008363,0.6093004275554046,2.2331551942008363,9.188072616677283,5.883422402899582,15.071495019576865,0.1875,0.5571231174052772,2.4389138151506455
1001,95,nash_game,1.69700485964902,2.0845849086627815,go,yield,0,0.0,0.11241995098623825,1,0,0,0.3452676250573164,1.6877388154069586,2.259514866564404,0.5717760511574455,2.259514866564404,9.15613059229652,5.870242566717798,15.02637315901432,0.0,0.0,2.4371702081414477
1001,95,nash_game_hocbf,1.69700485964902,2.0845849086627815,go,yield,0,0.0,0.11241995098623825,1,0,0,0.42318244429284174,1.6468824209824018,2.317708523926488,0.6708261029440863,2.317708523926488,9.1765587895088,5.841145738036756,15.017704527545556,0.11368421052631579,0.5706510531674749,2.4371702081414477
1001,96,independent,2.160997389480182,1.8987779430147724,yield,go,1,0.0,0.0,1,1,0,0.12265419809524357,2.148752765861879,1.936995070355389,0.2117576955064897,2.148752765861879,-20.0,-20.0,-40.0,0.0,0.0,2.067492440458325
1001,96,fixed_priority,2.160997389480182,1.8987779430147724,yield,go,1,0.0,0.8,1,0,0,0.35555535349572764,2.148752765861879,2.737044281221939,0.5882915153600603,2.737044281221939,8.92562361706906,5.6314778593890304,14.55710147645809,0.0,0.0,2.087496776536277
1001,96,hocbf_only,2.160997389480182,1.8987779430147724,yield,go,1,0.0,0.0,1,0,0,0.35938913143318846,2.262042299560107,1.839152430564961,0.42288986899514613,2.262042299560107,5.868978850219946,9.080423784717519,14.949402634937465,0.3634408602150538,0.9085998762630786,2.0503583051383587
1001,96,nash_game,2.160997389480182,1.8987779430147724,yield,go,1,0.2377805535345905,0.0,1,0,0,0.26929646274121444,2.3865320774163035,1.936995070355389,0.4495370070609144,2.3865320774163035,5.806733961291848,9.031502464822305,14.838236426114154,0.0,0.0,2.067492440458325
1001,96,nash_game_hocbf,2.160997389480182,1.8987779430147724,yield,go,1,0.2377805535345905,0.0,1,0,0,0.37414944399813016,2.466749711113035,1.8721619197275015,0.5945877913855337,2.466749711113035,5.766625144443482,9.063919040136248,14.83054418457973,0.12474437627811862,0.6774143356956519,2.067492440458325
1001,97,independent,2.046125294843757,2.0255491752303127,yield,go,1,0.0,0.0,1,1,0,0.05020190926537761,2.0603484390406175,2.012717622070407,0.04763081697021043,2.0603484390406175,-20.0,-20.0,-40.0,0.0,0.0,1.9987117044491676
1001,97,fixed_priority,2.046125294843757,2.0255491752303127,yield,go,1,0.0,0.8,1,0,0,0.5092581479793911,2.0603484390406175,2.812763752145052,0.7524153131044344,2.812763752145052,8.969825780479692,5.593618123927474,14.563443904407166,0.0,0.0,1.9987953401031107
1001,97,hocbf_only,2.046125294843757,2.0255491752303127,yield,go,1,0.0,0.0,1,0,0,0.37331242093069067,2.031867653222951,2.0409289536873336,0.009061300464382693,2.0409289536873336,8.984066173388525,5.979535523156333,14.963601696544858,0.4313304721030043,1.0387296895783191,1.9853020020867975
1001,97,nash_game,2.046125294843757,2.0255491752303127,yield,go,1,0.4794238803865558,0.0,1,0,0,0.3210835712157136,2.539771393154637,2.012717622070407,0.5270537710842298,2.539771393154637,5.730114303422681,8.993641188964796,14.723755492387477,0.0,0.0,1.9987117044491676
1001,97,nash_game_hocbf,2.046125294843757,2.0255491752303127,yield,go,1,0.4794238803865558,0.0,1,0,0,0.424756811171306,2.614692021522148,1.957521304064347,0.6571707174578008,2.614692021522148,5.692653989238926,9.021239347967827,14.713893337206752,0.11089494163424124,0.7010600145661738,1.9583101018140665
1001,98,independent,2.1107488257482823,2.184016784790324,go,yield,0,0.0,0.0,1,1,0,0.05499760038068494,2.1168722585902424,2.213459019530906,0.09658676094066365,2.213459019530906,-20.0,-20.0,-40.0,0.0,0.0,1.7715765826043532
1001,98,fixed_priority,2.1107488257482823,2.184016784790324,go,yield,0,0.0,0.8,1,0,0,0.5986235167579539,2.1168722585902424,3.0131883927930416,0.8963161342027992,3.0131883927930416,8.94156387070488,5.493405803603479,14.434969674308359,0.0,0.0,1.7715765826043532
1001,98,hocbf_only,2.1107488257482823,2.184016784790324,go,yield,0,0.0,0.0,1,0,0,0.3656543261353939,2.0288256770761173,2.308625631573466,0.27979995449734885,2.308625631573466,8.985587161461941,5.845687184213267,14.831274345675208,0.4155844155844156,1.044696546433837,1.691149451287893
1001,98,nash_game,2.1107488257482823,2.184016784790324,go,yield,0,0.0,0.42673204095795825,1,0,0,0.3106727703713392,2.1168722585902424,2.640089759637065,0.5232175010468225,2.640089759637065,8.94156387070488,5.679955120181468,14.621518990886347,0.0,0.0,1.7715765826043532
1001,98,nash_game_hocbf,2.1107488257482823,2.184016784790324,go,yield,0,0.0,0.42673204095795825,1,0,0,0.4034785207336247,2.060743915050485,2.706479725718225,0.6457358106677398,2.706479725718225,8.969628042474758,5.6467601371408875,14.616388179615646,0.12301587301587301,0.5821322212945172,1.7332144123429212
1001,99,independent,1.8811197367833965,1.9186754002200557,go,yield,0,0.0,0.0,1,1,0,0.014042378940593719,1.892980224585044,1.8544745620831629,0.038505662501881144,1.892980224585044,-20.0,-20.0,-40.0,0.0,0.0,1.863801577213401
1001,99,fixed_priority,1.8811197367833965,1.9186754002200557,go,yield,0,0.0,0.8,1,0,0,0.4805503670205195,1.892980224585044,2.6539750251776533,0.7609948005926093,2.6539750251776533,9.053509887707477,5.673012487411174,14.726522375118652,0.0,0.0,1.863801577213401
1001,99,hocbf_only,1.8811197367833965,1.9186754002200557,go,yield,0,0.0,0.0,1,0,0,0.3582257229736284,1.877633559795299,1.8695955495076366,0.008038010287662267,1.877633559795299,6.06118322010235,9.065202225246182,15.126385445348532,0.4407894736842105,1.1218989472192102,1.8249861114173567
1001,99,nash_game,1.8811197367833965,1.9186754002200557,go,yield,0,0.0,0.46244433656334083,1,0,0,0.259775704177921,1.892980224585044,2.31615310791918,0.42317288333413616,2.31615310791918,9.053509887707477,5.8419234460404095,14.895433333747887,0.0,0.0,1.863801577213401
1001,99,nash_game_hocbf,1.8811197367833965,1.9186754002200557,go,yield,0,0.0,0.46244433656334083,1,0,0,0.3878507314443129,1.8217723842051805,2.4180161059983276,0.5962437217931471,2.4180161059983276,9.08911380789741,5.790991947000836,14.880105754898246,0.13346613545816732,0.7426568427680802,1.863801577213401
1001,100,independent,1.9099483775372914,1.8453009679323948,yield,go,1,0.0,0.0,1,1,0,0.0591383854821523,1.9041156332133384,1.8158818825393304,0.08823375067400807,1.9041156332133384,-20.0,-20.0,-40.0,0.0,0.0,2.458303394061266
1001,100,fixed_priority,1.9099483775372914,1.8453009679323948,yield,go,1,0.0,0.8,1,0,0,0.49707628708665097,1.9041156332133384,2.615536897567379,0.7114212643540407,2.615536897567379,9.047942183393332,5.69223155121631,14.740173734609641,0.0,0.0,2.458303394061266
1001,100,hocbf_only,1.9099483775372914,1.8453009679323948,yield,go,1,0.0,0.0,1,0,0,0.37338658133693,2.0542944992273573,1.6704446268229474,0.38384987240440993,2.0542944992273573,5.972852750386322,9.164777686588526,15.137630436974847,0.39232409381663114,1.0437023115019077,2.4980129471619215
1001,100,nash_game,1.9099483775372914,1.8453009679323948,yield,go,1,0.4353525903951032,0.0,1,0,0,0.31736508428877924,2.3393958426873738,1.8158818825393304,0.5235139601480434,2.3393958426873738,5.830302078656313,9.092059058730335,14.922361137386648,0.0,0.0,2.4580812045403406
1001,100,nash_game_hocbf,1.9099483775372914,1.8453009679323948,yield,go,1,0.4353525903951032,0.0,1,0,0,0.4545380690301006,2.4365725468045807,1.7486006017565412,0.6879719450480395,2.4365725468045807,5.78171372659771,9.125699699121729,14.907413425719438,0.12109375,0.8596293064821832,2.4834864001920565
1001,101,independent,2.2486312570466844,2.0124917441355414,yield,go,1,0.0,0.0,1,1,0,0.14677529913300202,2.2372797617894316,1.9908328107891784,0.24644695100025316,2.2372797617894316,-20.0,-20.0,-40.0,0.0,0.0,1.8325701012650415
1001,101,fixed_priority,2.2486312570466844,2.0124917441355414,yield,go,1,0.0,0.8,1,0,0,0.3435630502018627,2.2372797617894316,2.7908783023833794,0.5535985405939479,2.7908783023833794,8.881360119105285,5.60456084880831,14.485920967913595,0.0,0.0,1.8242740300744216
1001,101,hocbf_only,2.2486312570466844,2.0124917441355414,yield,go,1,0.0,0.0,1,0,0,0.3678659241588493,2.3729818812331915,1.8713389391855069,0.5016429420476847,2.3729818812331915,5.813509059383405,9.064330530407247,14.877839589790652,0.3374233128834356,0.7853005092652146,1.8325701012650415
1001,101,nash_game,2.2486312570466844,2.0124917441355414,yield,go,1,0.263860487088857,0.0,1,0,0,0.30721570377702573,2.5011639289742615,1.9908328107891784,0.5103311181850831,2.5011639289742615,5.7494180355128695,9.00458359460541,14.75400163011828,0.0,0.0,1.8325701012650415
1001,101,nash_game_hocbf,2.2486312570466844,2.0124917441355414,yield,go,1,0.263860487088857,0.0,1,0,0,0.4025678508850608,2.573506930258017,1.9401867781642028,0.6333201520938141,2.573506930258017,5.713246534870992,9.029906610917898,14.74315314578889,0.11434108527131782,0.627789627308526,1.8325701012650415
1001,102,independent,1.8896360068937144,1.867309641211207,yield,go,1,0.0,0.0,1,1,0,0.05017572083132929,1.9406702322618496,1.8690138649003274,0.07165636736152226,1.9406702322618496,-20.0,-20.0,-40.0,0.0,0.0,2.2340159254869194
1001,102,fixed_priority,1.8896360068937144,1.867309641211207,yield,go,1,0.0,0.8,1,0,0,0.5197268849960874,1.9406702322618496,2.669015409452194,0.7283451771903442,2.669015409452194,9.029664883869074,5.6654922952739035,14.695157179142978,0.0,0.0,2.2340159254869194
1001,102,hocbf_only,1.8896360068937144,1.867309641211207,yield,go,1,0.0,0.0,1,0,0,0.3728914049476752,2.0056218277939704,1.805567992289924,0.20005383550404643,2.0056218277939704,5.997189086103015,9.097216003855038,15.094405089958054,0.4200913242009132,1.0695100200998582,2.208457791065716
1001,102,nash_game,1.8896360068937144,1.867309641211207,yield,go,1,0.47767363431749255,0.0,1,0,0,0.3356184358136104,2.418625200922718,1.8690138649003274,0.5496113360223907,2.418625200922718,5.7906873995386405,9.065493067549836,14.856180467088477,0.0,0.0,2.2650427121259913
1001,102,nash_game_hocbf,1.8896360068937144,1.867309641211207,yield,go,1,0.47767363431749255,0.0,1,0,0,0.4547056266125742,2.4970554745984748,1.8049447427626766,0.6921107318357982,2.4970554745984748,5.751472262700762,9.097527628618662,14.848999891319425,0.11316872427983539,0.8326115155305384,2.2650427121259913
1001,103,independent,2.0703324130751524,2.1864496087622,go,yield,0,0.0,0.0,1,1,0,0.08563672912945637,2.0675494639941476,2.2189666673102795,0.15141720331613184,2.2189666673102795,-20.0,-20.0,-40.0,0.0,0.0,1.8278719508052674
1001,103,fixed_priority,2.0703324130751524,2.1864496087622,go,yield,0,0.0,0.8,1,0,0,0.5372814793111585,2.0675494639941476,3.0186677866848997,0.951118322690752,3.0186677866848997,8.966225268002926,5.49066610665755,14.456891374660476,0.0,0.0,1.8277091221930437
1001,103,hocbf_only,2.0703324130751524,2.1864496087622,go,yield,0,0.0,0.0,1,0,0,0.36773510886297567,1.8841315045132623,2.39949356922391,0.5153620647106476,2.39949356922391,9.057934247743368,5.800253215388045,14.858187463131413,0.4612159329140461,0.8854612132608128,1.9033442448140423
1001,103,nash_game,2.0703324130751524,2.1864496087622,go,yield,0,0.0,0.3838828043129525,1,0,0,0.31383040958776043,2.0675494639941476,2.6027497136701725,0.5352002496760249,2.6027497136701725,8.966225268002926,5.6986251431649135,14.66485041116784,0.0,0.0,1.8278302693625863
1001,103,nash_game_hocbf,2.0703324130751524,2.1864496087622,go,yield,0,0.0,0.3838828043129525,1,0,0,0.4136485565509411,2.0070730210395364,2.6720418476377366,0.6649688265982001,2.6720418476377366,8.996463489480231,5.663979076181132,14.660442565661363,0.13009708737864079,0.5826765257158074,1.84627041091842
1001,104,independent,1.8890073220206574,1.8084434373057103,yield,go,1,0.0,0.0,1,1,0,0.045653120203522815,1.8893097487311667,1.8304339476221854,0.058875801108981385,1.8893097487311667,-20.0,-20.0,-40.0,0.0,0.0,2.0187353159834416
1001,104,fixed_priority,1.8890073220206574,1.8084434373057103,yield,go,1,0.0,0.8,1,0,0,0.4953829683897264,1.8893097487311667,2.630643720441113,0.7413339717099463,2.630643720441113,9.055345125634418,5.684678139779443,14.74002326541386,0.0,0.0,2.038156690534671
1001,104,hocbf_only,1.8890073220206574,1.8084434373057103,yield,go,1,0.0,0.0,1,0,0,0.36863734864433906,1.9902326851014973,1.7314408296067456,0.2587918554947517,1.9902326851014973,6.004883657449251,9.134279585196627,15.139163242645878,0.4044943820224719,1.054125333244045,2.0187353159834416
1001,104,nash_game,1.8890073220206574,1.8084434373057103,yield,go,1,0.419436115285053,0.0,1,0,0,0.2919882214960287,2.308734921219692,1.8304339476221854,0.47830097359750656,2.308734921219692,5.845632539390154,9.084783026188907,14.930415565579061,0.0,0.0,2.0187353159834416
1001,104,nash_game_hocbf,1.8890073220206574,1.8084434373057103,yield,go,1,0.419436115285053,0.0,1,0,0,0.41892811553476433,2.3996966997221656,1.7590520669273568,0.6406446327948088,2.3996966997221656,5.800151650138917,9.120473966536322,14.920625616675238,0.12525667351129363,0.8063302875484865,2.0187353159834416
1001,105,independent,1.9608752124694497,1.9044863002239107,yield,go,1,0.0,0.0,1,1,0,0.029067645291545433,1.951259291806151,1.9159234128102027,0.03533587899594837,1.951259291806151,-20.0,-20.0,-40.0,0.0,0.0,2.4473971330929376
1001,105,fixed_priority,1.9608752124694497,1.9044863002239107,yield,go,1,0.0,0.8,1,0,0,0.48730814650323984,1.951259291806151,2.71595047522141,0.764691183415259,2.71595047522141,9.024370354096924,5.642024762389295,14.666395116486218,0.0,0.0,2.4473971330929376
1001,105,hocbf_only,1.9608752124694497,1.9044863002239107,yield,go,1,0.0,0.0,1,0,0,0.35657529518889636,2.0964462157182377,1.7734887477264456,0.32295746799179215,2.0964462157182377,5.951776892140881,9.113255626136777,15.065032518277658,0.4731934731934732,1.0522103651644008,2.5027649948952786
1001,105,nash_game,1.9608752124694497,1.9044863002239107,yield,go,1,0.4436110877544608,0.0,1,0,0,0.29930873128391594,2.3948013251857785,1.9159234128102027,0.47887791237557575,2.3948013251857785,5.802599337407111,9.0420382935949,14.84463763100201,0.0,0.0,2.4475746721374403
1001,105,nash_game_hocbf,1.9608752124694497,1.9044863002239107,yield,go,1,0.4436110877544608,0.0,1,0,0,0.43752080639921875,2.4955968641503024,1.8380712725521482,0.6575255915981542,2.4955968641503024,5.752201567924849,9.080964363723925,14.833165931648775,0.14978902953586498,0.7610092494707313,2.47517817339208
1001,106,independent,2.0137454972941264,2.1969035665472907,go,yield,0,0.0,0.0,1,1,0,0.11875604140470113,2.0152420169074703,2.2203286907575075,0.2050866738500372,2.2203286907575075,-20.0,-20.0,-40.0,0.0,0.0,1.8142422900816972
1001,106,fixed_priority,2.0137454972941264,2.1969035665472907,go,yield,0,0.0,0.8,1,0,0,0.5502048630422065,2.0152420169074703,3.020118696879751,1.0048766799722806,3.020118696879751,8.992378991546264,5.489940651560125,14.48231964310639,0.0,0.0,1.8142422900816972
1001,106,hocbf_only,2.0137454972941264,2.1969035665472907,go,yield,0,0.0,0.0,1,0,0,0.36293356125241866,1.85687965316487,2.3766638422786546,0.5197841891137847,2.3766638422786546,9.071560173417565,5.811668078860673,14.883228252278236,0.3626609442060086,0.8596847733937122,1.758621106932725
1001,106,nash_game,2.0137454972941264,2.1969035665472907,go,yield,0,0.0,0.31684193074683575,1,0,0,0.3126822435295896,2.0152420169074703,2.537119968285035,0.5218779513775647,2.537119968285035,8.992378991546264,5.7314400158574825,14.723819007403748,0.0,0.0,1.8142422900816972
1001,106,nash_game_hocbf,2.0137454972941264,2.1969035665472907,go,yield,0,0.0,0.31684193074683575,1,0,0,0.40953950225044483,1.958304656349326,2.6075925666797137,0.6492879103303877,2.6075925666797137,9.020847671825337,5.696203716660143,14.71705138848548,0.11847389558232932,0.6351262170121749,1.7765278396043345
1001,107,independent,1.8477538279317616,2.0546836711239367,go,yield,0,0.0,0.0,1,1,0,0.13201907632344959,1.8565636486390862,2.09146686973518,0.23490322109609374,2.09146686973518,-20.0,-20.0,-40.0,0.0,0.0,1.9680203005702976
1001,107,fixed_priority,1.8477538279317616,2.0546836711239367,go,yield,0,0.0,0.8,1,0,0,0.5786432873722128,1.8565636486390862,2.891244705439192,1.0346810568001057,2.891244705439192,9.071718175680457,5.554377647280404,14.626095822960862,0.0,0.0,1.9678093626888817
1001,107,hocbf_only,1.8477538279317616,2.0546836711239367,go,yield,0,0.0,0.0,1,0,0,0.36738780585131336,1.697027891750037,2.2410463076105205,0.5440184158604835,2.2410463076105205,9.151486054124982,5.8794768461947395,15.030962900319722,0.4444444444444444,0.6291080364639561,2.0261042679523107
1001,107,nash_game,1.8477538279317616,2.0546836711239367,go,yield,0,0.0,0.29307015680782467,1,0,0,0.3149292672020527,1.8565636486390862,2.3845696569163963,0.5280060082773101,2.3845696569163963,9.071718175680457,5.807715171541802,14.87943334722226,0.0,0.0,1.968071283967642
1001,107,nash_game_hocbf,1.8477538279317616,2.0546836711239367,go,yield,0,0.0,0.29307015680782467,1,0,0,0.42350500813556524,1.793703302095404,2.4595685988818703,0.6658652967864662,2.4595685988818703,9.103148348952297,5.770215700559065,14.873364049511363,0.125,0.6961288834701648,1.9913325174876404
1001,108,independent,2.3061260768125624,2.0684728403306405,yield,go,1,0.0,0.0,1,1,0,0.16059182467006605,2.341697101905739,2.0589226779247642,0.28277442398097463,2.341697101905739,-20.0,-20.0,-40.0,0.0,0.0,1.927313228428061
1001,108,fixed_priority,2.3061260768125624,2.0684728403306405,yield,go,1,0.0,0.8,1,0,0,0.32435517663114677,2.341697101905739,2.858982776335029,0.51728567442929,2.858982776335029,8.829151449047131,5.570508611832485,14.399660060879617,0.0,0.0,1.9273962716075974
1001,108,hocbf_only,2.3061260768125624,2.0684728403306405,yield,go,1,0.0,0.0,1,0,0,0.3704262754511136,2.4717413272839868,1.9287436463737544,0.5429976809102324,2.4717413272839868,5.764129336358007,9.035628176813123,14.79975751317113,0.41594827586206895,0.6448953638044468,1.859822476442953
1001,108,nash_game,2.3061260768125624,2.0684728403306405,yield,go,1,0.26234676351807806,0.0,1,0,0,0.3245778778606557,2.6039386517895378,2.0589226779247642,0.5450159738647735,2.6039386517895378,5.698030674105231,8.970538661037619,14.66856933514285,0.0,0.0,1.927313228428061
1001,108,nash_game_hocbf,2.3061260768125624,2.0684728403306405,yield,go,1,0.26234676351807806,0.0,1,0,0,0.4017225770804079,2.665600308061807,2.0097203660584846,0.6558799420033226,2.665600308061807,5.667199845969097,8.995139816970758,14.662339662939853,0.13877551020408163,0.49267393354878275,1.891793210939354
1001,109,independent,1.8999743520485146,1.8999668698831549,yield,go,1,0.0,0.0,1,1,0,0.015140258314161374,1.9038379476975393,1.892667401076655,0.011170546620884236,1.9038379476975393,-20.0,-20.0,-40.0,0.0,0.0,2.0085809385019977
1001,109,fixed_priority,1.8999743520485146,1.8999668698831549,yield,go,1,0.0,0.8,1,0,0,0.5209954721836526,1.9038379476975393,2.6926265230780806,0.7887885753805413,2.6926265230780806,9.04808102615123,5.6536867384609595,14.701767764612189,0.0,0.0,2.004799542534447
1001,109,hocbf_only,1.8999743520485146,1.8999668698831549,yield,go,1,0.0,0.0,1,0,0,0.35631286594065675,1.7963168116195538,1.9989854668065103,0.20266865518695654,1.9989854668065103,9.101841594190223,6.0005072665967445,15.102348860786968,0.429769392033543,1.1608599817171399,1.9806654019989043
1001,109,nash_game,1.8999743520485146,1.8999668698831549,yield,go,1,0.49999251783464027,0.0,1,0,0,0.3083294027733309,2.403853802622784,1.892667401076655,0.5111864015461289,2.403853802622784,5.798073098688608,9.053666299461673,14.851739398150281,0.0,0.0,2.0085809385019977
1001,109,nash_game_hocbf,1.8999743520485146,1.8999668698831549,yield,go,1,0.49999251783464027,0.0,1,0,0,0.41155865859878527,2.4828466172008676,1.8382979793322658,0.6445486378686018,2.4828466172008676,5.758576691399567,9.080851010333866,14.839427701733433,0.10246679316888045,0.74558603876107,2.0085809385019977
1001,110,independent,1.7030371623219787,2.0146532998114637,go,yield,0,0.0,0.0,1,1,0,0.1729675957994857,1.7324643396041433,2.0294132936954874,0.29694895409134414,2.0294132936954874,-20.0,-20.0,-40.0,0.0,0.0,2.372925218219484
1001,110,fixed_priority,1.7030371623219787,2.0146532998114637,go,yield,0,0.0,0.8,1,0,0,0.5246270154470383,1.7324643396041433,2.829361836643446,1.0968974970393028,2.829361836643446,9.133767830197929,5.585319081678277,14.719086911876206,0.0,0.0,2.372925218219484
1001,110,hocbf_only,1.7030371623219787,2.0146532998114637,go,yield,0,0.0,0.0,1,0,0,0.35960209531901616,1.6109560343964386,2.1630182135918,0.5520621791953613,2.1630182135918,9.194521982801781,5.9184908932041,15.113012876005882,0.29637526652452023,0.6659217922200165,2.3762525386310425
1001,110,nash_game,1.7030371623219787,2.0146532998114637,go,yield,0,0.0,0.18838386251051498,1,0,0,0.2947385902272897,1.7324643396041433,2.2178364847819565,0.48537214517781324,2.2178364847819565,9.133767830197929,5.8910817576090215,15.024849587806951,0.0,0.0,2.372925218219484
1001,110,nash_game_hocbf,1.7030371623219787,2.0146532998114637,go,yield,0,0.0,0.18838386251051498,1,0,0,0.40281907891182045,1.6695685072934061,2.29884899443775,0.6292804871443438,2.29884899443775,9.165215746353297,5.850575502781125,15.015791249134423,0.11065573770491803,0.77778148843163,2.372925218219484
1001,111,independent,1.7796692329605754,1.9391676029192022,go,yield,0,0.0,0.0,1,1,0,0.12704129235439063,1.7483769257653825,1.9745329074251543,0.2261559816597718,1.9745329074251543,-20.0,-20.0,-40.0,0.0,0.0,2.248796032150482
1001,111,fixed_priority,1.7796692329605754,1.9391676029192022,go,yield,0,0.0,0.8,1,0,0,0.5909647386678816,1.7483769257653825,2.774499276468243,1.0261223507028605,2.774499276468243,9.12581153711731,5.612750361765879,14.738561898883187,0.0,0.0,2.248796032150482
1001,111,hocbf_only,1.7796692329605754,1.9391676029192022,go,yield,0,0.0,0.0,1,0,0,0.36677682733890227,1.6454749902296055,2.0959727228261817,0.4504977325965762,2.0959727228261817,9.177262504885197,5.952013638586909,15.129276143472106,0.372960372960373,0.9833869371897709,2.235397090994103
1001,111,nash_game,1.7796692329605754,1.9391676029192022,go,yield,0,0.0,0.34050163004137324,1,0,0,0.3420497189689072,1.7483769257653825,2.31520572926807,0.5668288035026876,2.31520572926807,9.12581153711731,5.842397135365965,14.968208672483275,0.0,0.0,2.248796032150482
1001,111,nash_game_hocbf,1.7796692329605754,1.9391676029192022,go,yield,0,0.0,0.34050163004137324,1,0,0,0.4390294080768015,1.702974217060405,2.385915655414492,0.6829414383540868,2.385915655414492,9.148512891469798,5.807042172292754,14.955555063762553,0.1079913606911447,0.74969612744657,2.248796032150482
1001,112,independent,1.8691134242858958,2.380579867668614,go,go,0,0.0,0.0,1,0,0,0.31754746894061187,1.8727970949294213,2.4034013903431566,0.5306042954137353,2.4034013903431566,9.06360145253529,5.798299304828422,14.861900757363712,0.0,0.0,2.0581034165265955
1001,112,fixed_priority,1.8691134242858958,2.380579867668614,go,go,0,0.0,0.8,1,0,0,0.6362423514441552,1.8727970949294213,3.2031630028510816,1.3303659079216603,3.2031630028510816,9.06360145253529,5.398418498574459,14.462019951109749,0.0,0.0,2.0581034165265955
1001,112,hocbf_only,1.8691134242858958,2.380579867668614,go,go,0,0.0,0.0,1,0,0,0.4038772810845612,1.8224948432563055,2.4664989418313805,0.644004098575075,2.4664989418313805,9.088752578371848,5.76675052908431,14.855503107456158,0.11608961303462322,0.589415663158744,2.020536116561948
1001,112,nash_game,1.8691134242858958,2.380579867668614,go,go,0,0.0,0.0,1,0,0,0.31754746894061187,1.8727970949294213,2.4034013903431566,0.5306042954137353,2.4034013903431566,9.06360145253529,5.798299304828422,14.861900757363712,0.0,0.0,2.0581034165265955
1001,112,nash_game_hocbf,1.8691134242858958,2.380579867668614,go,go,0,0.0,0.0,1,0,0,0.4038772810845612,1.8224948432563055,2.4664989418313805,0.644004098575075,2.4664989418313805,9.088752578371848,5.76675052908431,14.855503107456158,0.11608961303462322,0.589415663158744,2.020536116561948
1001,113,independent,1.8222143952229555,1.978316462108156,go,yield,0,0.0,0.0,1,1,0,0.12419997232382511,1.822842268514909,2.009812227577745,0.18696995906283576,2.009812227577745,-20.0,-20.0,-40.0,0.0,0.0,2.285801036410232
1001,113,fixed_priority,1.8222143952229555,1.978316462108156,go,yield,0,0.0,0.8,1,0,0,0.5489008616140658,1.822842268514909,2.809726957663,0.9868846891480909,2.809726957663,9.088578865742546,5.5951365211685005,14.683715386911047,0.0,0.0,2.2856606274266698
1001,113,hocbf_only,1.8222143952229555,1.978316462108156,go,yield,0,0.0,0.0,1,0,0,0.37235856038746246,1.6477208813143602,2.1816005304554356,0.5338796491410753,2.1816005304554356,9.17613955934282,5.909199734772282,15.085339294115101,0.4652631578947368,0.8394274129733479,2.3556477518831267
1001,113,nash_game,1.8222143952229555,1.978316462108156,go,yield,0,0.0,0.34389793311479955,1,0,0,0.3224623016074863,1.822842268514909,2.353803774772717,0.5309615062578081,2.353803774772717,9.088578865742546,5.823098112613641,14.911676978356187,0.0,0.0,2.2860335223676995
1001,113,nash_game_hocbf,1.8222143952229555,1.978316462108156,go,yield,0,0.0,0.34389793311479955,1,0,0,0.43903655129293717,1.7575013421789099,2.4340727031252785,0.6765713609463686,2.4340727031252785,9.121249328910546,5.782963648437361,14.904212977347907,0.11764705882352941,0.7515568005586996,2.3139267834881356
1001,114,independent,1.9681663792312754,2.1872694755609485,go,yield,0,0.0,0.0,1,1,0,0.13621005789390858,1.9214929729098624,2.1581884192982894,0.236695446388427,2.1581884192982894,-20.0,-20.0,-40.0,0.0,0.0,1.969570305884211
1001,114,fixed_priority,1.9681663792312754,2.1872694755609485,go,yield,0,0.0,0.8,1,0,0,0.45694292870236847,1.9214929729098624,2.958449796205413,1.0369568232955506,2.958449796205413,9.039253513545068,5.520775101897294,14.560028615442363,0.0,0.0,1.969570305884211
1001,114,hocbf_only,1.9681663792312754,2.1872694755609485,go,yield,0,0.0,0.0,1,0,0,0.3646473645500486,1.8031156203649643,2.3014075250971433,0.498291904732179,2.3014075250971433,9.098442189817519,5.849296237451428,14.947738427268947,0.3877995642701525,0.8021897227078271,1.8995502280250611
1001,114,nash_game,1.9681663792312754,2.1872694755609485,go,yield,0,0.0,0.2808969036703268,1,0,0,0.3096092336718621,1.9214929729098624,2.4391006429427455,0.5176076700328831,2.4391006429427455,9.039253513545068,5.780449678528627,14.819703192073696,0.0,0.0,1.969570305884211
1001,114,nash_game_hocbf,1.9681663792312754,2.1872694755609485,go,yield,0,0.0,0.2808969036703268,1,0,0,0.40003499370418866,1.877738556385464,2.5104454431939103,0.6327068868084462,2.5104454431939103,9.061130721807269,5.744777278403045,14.805908000210312,0.11909650924024641,0.6067950925212908,1.9312544764611421
1001,115,independent,2.0091814996080353,2.1598041566375543,go,yield,0,0.0,0.0,1,1,0,0.06193134565373286,2.0489882668394928,2.142770102869529,0.0937818360300362,2.142770102869529,-20.0,-20.0,-40.0,0.0,0.0,2.006460308040952
1001,115,fixed_priority,2.0091814996080353,2.1598041566375543,go,yield,0,0.0,0.8,1,0,0,0.46700512788915316,2.0489882668394928,2.942921094313728,0.8939328274742353,2.942921094313728,8.975505866580253,5.528539452843136,14.504045319423389,0.0,0.0,2.006460308040952
1001,115,hocbf_only,2.0091814996080353,2.1598041566375543,go,yield,0,0.0,0.0,1,0,0,0.35336716732057016,2.0160725786326648,2.1868442124626934,0.1707716338300287,2.1868442124626934,8.991963710683667,5.906577893768653,14.89854160445232,0.43524416135881105,1.1002285567685177,1.9155156310214974
1001,115,nash_game,2.0091814996080353,2.1598041566375543,go,yield,0,0.0,0.34937734297048095,1,0,0,0.26727681831016825,2.0489882668394928,2.4921654929872843,0.44317722614779154,2.4921654929872843,8.975505866580253,5.753917253506358,14.729423120086611,0.0,0.0,2.006460308040952
1001,115,nash_game_hocbf,2.0091814996080353,2.1598041566375543,go,yield,0,0.0,0.34937734297048095,1,0,0,0.375550268992915,1.98043582675925,2.5763463083427425,0.5959104815834926,2.5763463083427425,9.009782086620374,5.711826845828629,14.721608932449003,0.12055335968379446,0.6941775456878685,2.006460308040952
1001,116,independent,1.81272378074515,2.011136065103615,go,yield,0,0.0,0.0,1,1,0,0.11989559081439201,1.8221471745362068,2.02653715377455,0.204389979238343,2.02653715377455,-20.0,-20.0,-40.0,0.0,0.0,2.0780750653483633
1001,116,fixed_priority,1.81272378074515,2.011136065103615,go,yield,0,0.0,0.8,1,0,0,0.5163719138917046,1.8221471745362068,2.8264856113370485,1.0043384368008417,2.8264856113370485,9.088926412731897,5.586757194331476,14.675683607063373,0.0,0.0,2.0780750653483633
1001,116,hocbf_only,1.81272378074515,2.011136065103615,go,yield,0,0.0,0.0,1,0,0,0.36631816990483734,1.685799526954612,2.16634585343227,0.48054632647765794,2.16634585343227,9.157100236522695,5.916827073283865,15.07392730980656,0.35135135135135137,0.8757673992475651,2.0869818738546075
1001,116,nash_game,1.81272378074515,2.011136065103615,go,yield,0,0.0,0.30158771564153497,1,0,0,0.3098394158530205,1.8221471745362068,2.328167960044174,0.5060207855079673,2.328167960044174,9.088926412731897,5.835916019977913,14.92484243270981,0.0,0.0,2.0780750653483633
1001,116,nash_game_hocbf,1.81272378074515,2.011136065103615,go,yield,0,0.0,0.30158771564153497,1,0,0,0.4169111777778016,1.7620050276202646,2.4067168250193207,0.6447117973990562,2.4067168250193207,9.118997486189867,5.79664158749034,14.915639073680207,0.1160337552742616,0.7526913775924751,2.0780750653483633
1001,117,independent,1.973428491682619,1.9888599318123221,go,yield,0,0.0,0.0,1,1,0,0.013227912655614807,1.9804545257564556,1.9921005626621455,0.011646036905689883,1.9921005626621455,-20.0,-20.0,-40.0,0.0,0.0,2.2401086185941614
1001,117,fixed_priority,1.973428491682619,1.9888599318123221,go,yield,0,0.0,0.8,1,0,0,0.5715068350383896,1.9804545257564556,2.792098615202921,0.8116440894464652,2.792098615202921,9.009772737121772,5.60395069239854,14.613723429520311,0.0,0.0,2.240105847838551
1001,117,hocbf_only,1.973428491682619,1.9888599318123221,go,yield,0,0.0,0.0,1,0,0,0.35557986694772586,1.9132902976919632,2.05983756226942,0.1465472645774566,2.05983756226942,9.04335485115402,5.97008121886529,15.01343607001931,0.4315068493150685,1.173588315539208,2.245665307627923
1001,117,nash_game,1.973428491682619,1.9888599318123221,go,yield,0,0.0,0.4845685598702967,1,0,0,0.3051562175288809,1.9804545257564556,2.4766704862333655,0.49621596047690986,2.4766704862333655,9.009772737121772,5.7616647568833175,14.771437494005088,0.0,0.0,2.240323155101382
1001,117,nash_game_hocbf,1.973428491682619,1.9888599318123221,go,yield,0,0.0,0.4845685598702967,1,0,0,0.429825017919823,1.9095192082144472,2.567210644537301,0.6576914363228539,2.567210644537301,9.045240395892776,5.7163946777313495,14.761635073624126,0.12139917695473251,0.8168572472667469,2.2672568831979008
1001,118,independent,1.794294063551877,2.0447723893020577,go,yield,0,0.0,0.0,1,1,0,0.13477297190026194,1.7808742070460488,2.0090540625608067,0.22817985551475783,2.0090540625608067,-20.0,-20.0,-40.0,0.0,0.0,1.9926220977815947
1001,118,fixed_priority,1.794294063551877,2.0447723893020577,go,yield,0,0.0,0.8,1,0,0,0.5587970703910339,1.7808742070460488,2.80916002482965,1.0282858177836014,2.80916002482965,9.109562896476975,5.595419987585175,14.70498288406215,0.0,0.0,1.9926220977815947
1001,118,hocbf_only,1.794294063551877,2.0447723893020577,go,yield,0,0.0,0.0,1,0,0,0.3673344065189511,1.6704483834493027,2.1371258683309486,0.46667748488164595,2.1371258683309486,9.16477580827535,5.931437065834526,15.096212874109876,0.3275488069414317,0.8646533651920704,1.957375474236308
1001,118,nash_game,1.794294063551877,2.0447723893020577,go,yield,0,0.0,0.2495216742498192,1,0,0,0.2909346088412259,1.7808742070460488,2.258434359518667,0.4775601524726183,2.258434359518667,9.109562896476975,5.870782820240667,14.980345716717641,0.0,0.0,1.9926220977815947
1001,118,nash_game_hocbf,1.794294063551877,2.0447723893020577,go,yield,0,0.0,0.2495216742498192,1,0,0,0.39163665729639857,1.7289448775306528,2.337731323082176,0.6087864455515231,2.337731323082176,9.135527561234674,5.831134338458912,14.966661899693587,0.11728395061728394,0.6886982455592666,1.96217262261783
1001,119,independent,1.7317064001015796,2.1382757881433676,go,yield,0,0.0,0.0,1,0,0,0.2748474277008491,1.6692425333350969,2.1444305531245202,0.4751880197894234,2.1444305531245202,9.165378733332451,5.92778472343774,15.093163456770192,0.0,0.0,2.171526911322571
1001,119,fixed_priority,1.7317064001015796,2.1382757881433676,go,yield,0,0.0,0.8,1,0,0,0.6222907856564327,1.6692425333350969,2.944391728594241,1.275149195259144,2.944391728594241,9.165378733332451,5.52780413570288,14.693182869035331,0.0,0.0,2.171526911322571
1001,119,hocbf_only,1.7317064001015796,2.1382757881433676,go,yield,0,0.0,0.0,1,0,0,0.37825680050480787,1.6213360986682575,2.2311728784517966,0.6098367797835391,2.2311728784517966,9.18933195066587,5.884413560774101,15.073745511439972,0.1831578947368421,0.511552970429202,2.171526911322571
1001,119,nash_game,1.7317064001015796,2.1382757881433676,go,yield,0,0.0,0.09343061195821178,1,0,0,0.3368972348261656,1.6692425333350969,2.2378646370123696,0.5686221036772727,2.2378646370123696,9.165378733332451,5.881067681493815,15.046446414826267,0.0,0.0,2.171526911322571
1001,119,nash_game_hocbf,1.7317064001015796,2.1382757881433676,go,yield,0,0.0,0.09343061195821178,1,0,0,0.41149945610651184,1.6397246327768522,2.2982856711087796,0.6585610383319274,2.2982856711087796,9.180137683611575,5.85085716444561,15.030994848057185,0.09690721649484536,0.6217476226293254,2.171526911322571
1001,120,independent,2.129873243412671,2.0687710525311536,yield,go,1,0.0,0.0,1,1,0,0.053292219297822865,2.0937998443356656,2.1445246287046604,0.05072478436899486,2.1445246287046604,-20.0,-20.0,-40.0,0.0,0.0,1.80207494795775
1001,120,fixed_priority,2.129873243412671,2.0687710525311536,yield,go,1,0.0,0.8,1,0,0,0.5383302496021712,2.0937998443356656,2.943930082517294,0.8501302381816283,2.943930082517294,8.953100077832167,5.528034958741353,14.48113503657352,0.0,0.0,1.80207494795775
1001,120,hocbf_only,2.129873243412671,2.0687710525311536,yield,go,1,0.0,0.0,1,0,0,0.36920021346279963,2.140309907855533,2.0975406609449005,0.04276924691063266,2.140309907855533,5.929845046072233,8.95122966952755,14.881074715599784,0.4118895966029724,1.0645249789923867,1.783262374659604
1001,120,nash_game,2.129873243412671,2.0687710525311536,yield,go,1,0.43889780911848275,0.0,1,1,0,0.2423896238259441,2.5327244093546097,2.1445246287046604,0.3881997806499493,2.5327244093546097,-20.0,-20.0,-40.0,0.0,0.0,1.8022383170157514
1001,120,nash_game_hocbf,2.129873243412671,2.0687710525311536,yield,go,1,0.43889780911848275,0.0,1,0,0,0.3778167556524551,2.630975568181788,2.0543122511133074,0.5766633170684807,2.630975568181788,5.6845122159091055,8.972843874443345,14.657356090352451,0.13980582524271845,0.7444135492130692,1.8186830991544276
1001,121,independent,1.9463686274869276,1.8692278234350028,yield,go,1,0.0,0.0,1,1,0,0.04850102281681927,1.9561157342215079,1.878538037154489,0.07757769706701878,1.9561157342215079,-20.0,-20.0,-40.0,0.0,0.0,1.814129758836729
1001,121,fixed_priority,1.9463686274869276,1.8692278234350028,yield,go,1,0.0,0.8,1,0,0,0.38848193731663705,1.9561157342215079,2.678586412031683,0.7224706778101753,2.678586412031683,9.021942132889246,5.660706793984159,14.682648926873405,0.0,0.0,1.814129758836729
1001,121,hocbf_only,1.9463686274869276,1.8692278234350028,yield,go,1,0.0,0.0,1,0,0,0.36073871811291547,2.112528115877284,1.7294673030865133,0.38306081279077064,2.112528115877284,5.943735942061358,9.135266348456744,15.079002290518101,0.5148305084745762,0.9617859283466771,1.832718077650029
1001,121,nash_game,1.9463686274869276,1.8692278234350028,yield,go,1,0.4228591959480752,0.0,1,0,0,0.29738198075806593,2.379020187161,1.878538037154489,0.5004821500065111,2.379020187161,5.8104899064195,9.060730981422756,14.871220887842256,0.0,0.0,1.8178654489383579
1001,121,nash_game_hocbf,1.9463686274869276,1.8692278234350028,yield,go,1,0.4228591959480752,0.0,1,0,0,0.41001962098897915,2.461945879632898,1.8148959647240879,0.6470499149088103,2.461945879632898,5.769027060183551,9.092552017637956,14.861579077821506,0.11844660194174757,0.7115864990702719,1.8178654489383579
1001,122,independent,2.2190597680272526,2.159325369827668,yield,go,1,0.0,0.0,1,1,0,0.0259541905993033,2.1797447743298792,2.1666131991532236,0.013131575176655641,2.1797447743298792,-20.0,-20.0,-40.0,0.0,0.0,2.318916455454165
1001,122,fixed_priority,2.2190597680272526,2.159325369827668,yield,go,1,0.0,0.8,1,0,0,0.5239866528085801,2.1797447743298792,2.9665703406637136,0.7868255663338344,2.9665703406637136,8.91012761283506,5.516714829668143,14.426842442503204,0.0,0.0,2.318916455454165
1001,122,hocbf_only,2.2190597680272526,2.159325369827668,yield,go,1,0.0,0.0,1,0,0,0.36288303779428055,2.2272156600411943,2.1202548484076593,0.10696081163353499,2.2272156600411943,5.886392169979403,8.939872575796171,14.826264745775575,0.41286307053941906,1.0874558519638478,2.300041553769723
1001,122,nash_game,2.2190597680272526,2.159325369827668,yield,go,1,0.4402656018004154,0.0,1,0,0,0.27500336106230966,2.6201463277373307,2.1666131991532236,0.4535331285841071,2.6201463277373307,5.689926836131335,8.916693400423387,14.606620236554722,0.0,0.0,2.3190964593892613
1001,122,nash_game_hocbf,2.2190597680272526,2.159325369827668,yield,go,1,0.4402656018004154,0.0,1,0,0,0.395363439805133,2.7110920058939345,2.0955086062718844,0.6155833996220501,2.7110920058939345,5.6444539970530325,8.952245696864058,14.59669969391709,0.12357414448669202,0.723632675566958,2.34583804841756
1001,123,independent,1.7842406356828666,1.7655941392870302,yield,go,1,0.0,0.0,1,1,0,0.06758504697325785,1.8431856191398728,1.725056243302305,0.11812937583756788,1.8431856191398728,-20.0,-20.0,-40.0,0.0,0.0,2.3906081051845725
1001,123,fixed_priority,1.7842406356828666,1.7655941392870302,yield,go,1,0.0,0.8,1,0,0,0.48814992458852313,1.8431856191398728,2.5241474435872595,0.6809618244473867,2.5241474435872595,9.078407190430063,5.73792627820637,14.816333468636433,0.0,0.0,2.390874450093302
1001,123,hocbf_only,1.7842406356828666,1.7655941392870302,yield,go,1,0.0,0.0,1,0,0,0.37264798448715764,1.8741836762783715,1.7019095165070903,0.17227415977128113,1.8741836762783715,6.062908161860815,9.149045241746455,15.21195340360727,0.3775280898876405,1.1460420094033754,2.3406350221372487
1001,123,nash_game,1.7842406356828666,1.7655941392870302,yield,go,1,0.4813535036041634,0.0,1,0,0,0.36797542968179087,2.3252571756225393,1.725056243302305,0.6002009323202344,2.3252571756225393,5.83737141218873,9.137471878348848,14.974843290537578,0.0,0.0,2.3906081051845725
1001,123,nash_game_hocbf,1.7842406356828666,1.7655941392870302,yield,go,1,0.4813535036041634,0.0,1,0,0,0.4777375740529929,2.4001287285211834,1.6778099365387986,0.7223187919823848,2.4001287285211834,5.799935635739408,9.1610950317306,14.961030667470009,0.10141987829614604,0.8427051508633109,2.3675556284143457
1001,124,independent,1.7786737664528978,2.190452490933027,go,yield,0,0.0,0.0,1,1,0,0.2432385939524635,1.7763561282076636,2.192987598702103,0.4166314704944394,2.192987598702103,-20.0,-20.0,-40.0,0.0,0.0,2.465130991446402
1001,124,fixed_priority,1.7786737664528978,2.190452490933027,go,yield,0,0.0,0.8,1,0,0,0.5346948652734558,1.7763561282076636,2.992977512417768,1.2166213842101044,2.992977512417768,9.111821935896169,5.503511243791116,14.615333179687283,0.0,0.0,2.465130991446402
1001,124,hocbf_only,1.7786737664528978,2.190452490933027,go,yield,0,0.0,0.0,1,0,0,0.36148611598153646,1.7082869029260908,2.28952277026169,0.5812358673355991,2.28952277026169,9.145856548536955,5.855238614869155,15.00109516340611,0.25854700854700857,0.6060373475222197,2.4182612468595486
1001,124,nash_game,1.7786737664528978,2.190452490933027,go,yield,0,0.0,0.08822127551987036,1,0,0,0.3022578076391429,1.7763561282076636,2.2812092226759537,0.5048530944682901,2.2812092226759537,9.111821935896169,5.859395388662023,14.971217324558191,0.0,0.0,2.465130991446402
1001,124,nash_game_hocbf,1.7786737664528978,2.190452490933027,go,yield,0,0.0,0.08822127551987036,1,0,0,0.3887200613199002,1.7296164165049395,2.351485956709663,0.6218695402047234,2.351485956709663,9.13519179174753,5.824257021645169,14.959448813392699,0.1530398322851153,0.5152593620094359,2.462648622150832
1001,125,independent,1.917337965664761,1.9620648662327436,go,yield,0,0.0,0.0,1,1,0,0.03654389075881751,1.9150597107916456,1.9747475029157642,0.059687792124118566,1.9747475029157642,-20.0,-20.0,-40.0,0.0,0.0,1.732709754197541
1001,125,fixed_priority,1.917337965664761,1.9620648662327436,go,yield,0,0.0,0.8,1,0,0,0.5429009384383237,1.9150597107916456,2.7747359772392297,0.8596762664475841,2.7747359772392297,9.042470144604177,5.612632011380385,14.655102155984562,0.0,0.0,1.7399880116030004
1001,125,hocbf_only,1.917337965664761,1.9620648662327436,go,yield,0,0.0,0.0,1,0,0,0.3638706696877287,1.8017412333402079,2.0934591474197153,0.2917179140795074,2.0934591474197153,9.099129383329895,5.953270426290143,15.052399809620038,0.463768115942029,1.0171051177410093,1.6765493606676924
1001,125,nash_game,1.917337965664761,1.9620648662327436,go,yield,0,0.0,0.4552730994320173,1,0,0,0.3028804806120924,1.9150597107916456,2.4300687181086573,0.5150090073170117,2.4300687181086573,9.042470144604177,5.784965640945671,14.827435785549849,0.0,0.0,1.7411047740754395
1001,125,nash_game_hocbf,1.917337965664761,1.9620648662327436,go,yield,0,0.0,0.4552730994320173,1,0,0,0.40772532684213314,1.8569466539247779,2.507531010659049,0.6505843567342711,2.507531010659049,9.071526673037612,5.7462344946704755,14.817761167708088,0.11720226843100189,0.6531224222099224,1.7411047740754395
1001,126,independent,2.1316438937463493,2.180793418727432,go,yield,0,0.0,0.0,1,1,0,0.06852240154203847,2.106482487268461,2.148602509222519,0.042120021954058284,2.148602509222519,-20.0,-20.0,-40.0,0.0,0.0,1.8297461101100443
1001,126,fixed_priority,2.1316438937463493,2.180793418727432,go,yield,0,0.0,0.8,1,0,0,0.5479844173689252,2.106482487268461,2.9488890436097583,0.8424065563412975,2.9488890436097583,8.94675875636577,5.525555478195121,14.47231423456089,0.0,0.0,1.8298654957129006
1001,126,hocbf_only,2.1316438937463493,2.180793418727432,go,yield,0,0.0,0.0,1,0,0,0.35201962612496274,1.9878156569995793,2.2796765713129847,0.29186091431340544,2.2796765713129847,9.00609217150021,5.860161714343508,14.866253885843719,0.4702258726899384,1.0765570857436249,1.8690582116493648
1001,126,nash_game,2.1316438937463493,2.180793418727432,go,yield,0,0.0,0.4508504750189175,1,0,0,0.3045941280065682,2.106482487268461,2.599542320054822,0.49305983278636134,2.599542320054822,8.94675875636577,5.7002288399725884,14.646987596338358,0.0,0.0,1.8298691981209105
1001,126,nash_game_hocbf,2.1316438937463493,2.180793418727432,go,yield,0,0.0,0.4508504750189175,1,0,0,0.41030203737773807,2.047877938085691,2.681478914731556,0.633600976645865,2.681478914731556,8.976061030957155,5.659260542634222,14.635321573591376,0.11842105263157894,0.6611716299173528,1.8426235819319239
1001,127,independent,2.29523983510329,2.1028105465451588,yield,go,1,0.0,0.0,1,1,0,0.11877489784530508,2.2844158122560354,2.073085180146091,0.21133063210994418,2.2844158122560354,-20.0,-20.0,-40.0,0.0,0.0,1.6329168012880202
1001,127,fixed_priority,2.29523983510329,2.1028105465451588,yield,go,1,0.0,0.8,1,0,0,0.3590749793196307,2.2844158122560354,2.8732627953220238,0.5888469830659884,2.8732627953220238,8.857792093871982,5.563368602338988,14.42116069621097,0.0,0.0,1.6329168012880202
1001,127,hocbf_only,2.29523983510329,2.1028105465451588,yield,go,1,0.0,0.0,1,0,0,0.36122308387967217,2.4588807261729966,1.9089785435264142,0.5499021826465824,2.4588807261729966,5.770559636913502,9.045510728236794,14.816070365150296,0.4315352697095436,0.7046132394255255,1.6834060607731947
1001,127,nash_game,2.29523983510329,2.1028105465451588,yield,go,1,0.30757071144186865,0.0,1,0,0,0.3044498653630281,2.5920267214819974,2.073085180146091,0.5189415413359062,2.5920267214819974,5.703986639259002,8.963457409926955,14.667444049185956,0.0,0.0,1.63292131801443
1001,127,nash_game_hocbf,2.29523983510329,2.1028105465451588,yield,go,1,0.30757071144186865,0.0,1,0,0,0.39582893818686504,2.6615721717130048,2.021828972752541,0.6397431989604638,2.6615721717130048,5.669213914143498,8.98908551362373,14.658299427767227,0.12890625,0.5410850433863372,1.6474229539806204
1002,0,independent,2.17286766069889,1.9579591271114187,yield,go,1,0.0,0.0,1,1,0,0.13633972994315352,2.178828011532114,1.9353783481864404,0.24344966334567375,2.178828011532114,-20.0,-20.0,-40.0,0.0,0.0,1.6690508089742224
1002,0,fixed_priority,2.17286766069889,1.9579591271114187,yield,go,1,0.0,0.8,1,0,0,0.3432928167482142,2.178828011532114,2.735343669602732,0.5565156580706176,2.735343669602732,8.910585994233942,5.6323281651986346,14.542914159432577,0.0,0.0,1.6581160090566207
1002,0,hocbf_only,2.17286766069889,1.9579591271114187,yield,go,1,0.0,0.0,1,0,0,0.36804060650993176,2.3267643941882867,1.798762726224656,0.5280016679636308,2.3267643941882867,5.836617802905857,9.100618636887672,14.93723643979353,0.34710743801652894,0.7688209165013467,1.6690508089742224
1002,0,nash_game,2.17286766069889,1.9579591271114187,yield,go,1,0.2850914664125286,0.0,1,0,0,0.3111013292894356,2.4639141795880946,1.9353783481864404,0.5285358314016542,2.4639141795880946,5.768042910205953,9.03231082590678,14.800353736112733,0.0,0.0,1.6690508089742224
1002,0,nash_game_hocbf,2.17286766069889,1.9579591271114187,yield,go,1,0.2850914664125286,0.0,1,0,0,0.40642564058120995,2.5346023430748468,1.884504891504818,0.6500974515700289,2.5346023430748468,5.732698828462577,9.057747554247591,14.790446382710169,0.1189083820662768,0.6056884986670988,1.6690508089742224
1002,1,independent,2.114506658433009,2.0336188261497705,yield,go,1,0.0,0.0,1,1,0,0.06781981749780724,2.13707163929396,2.0485240936219005,0.08854754567205969,2.13707163929396,-20.0,-20.0,-40.0,0.0,0.0,1.6065372480409414
1002,1,fixed_priority,2.114506658433009,2.0336188261497705,yield,go,1,0.0,0.8,1,0,0,0.43612610681661834,2.13707163929396,2.848459191832317,0.7113875525383571,2.848459191832317,8.93146418035302,5.575770404083841,14.507234584436862,0.0,0.0,1.6128882246747447
1002,1,hocbf_only,2.114506658433009,2.0336188261497705,yield,go,1,0.0,0.0,1,0,0,0.3704121403301552,2.2174854614554076,1.975486873311503,0.24199858814390462,2.2174854614554076,5.891257269272296,9.012256563344248,14.903513832616545,0.48367346938775513,0.9229776399075015,1.571691398586162
1002,1,nash_game,2.114506658433009,2.0336188261497705,yield,go,1,0.4191121677167615,0.0,1,0,0,0.30113534770709177,2.55614495167322,2.0485240936219005,0.5076208580513195,2.55614495167322,5.72192752416339,8.97573795318905,14.69766547735244,0.0,0.0,1.6065372480409414
1002,1,nash_game_hocbf,2.114506658433009,2.0336188261497705,yield,go,1,0.4191121677167615,0.0,1,0,0,0.3961889209156437,2.6248969658762684,1.991908250935114,0.6329887149411544,2.6248969658762684,5.687551517061866,9.004045874532443,14.691597391594309,0.11842105263157894,0.5826533147450393,1.6065372480409414
1002,2,independent,1.8391906271082998,2.1201040673783584,go,yield,0,0.0,0.0,1,1,0,0.1701834505675039,1.8533772846539085,2.1533599384720037,0.2999826538180952,2.1533599384720037,-20.0,-20.0,-40.0,0.0,0.0,2.3190326851395624
1002,2,fixed_priority,1.8391906271082998,2.1201040673783584,go,yield,0,0.0,0.8,1,0,0,0.6329006861258379,1.8533772846539085,2.953101976110091,1.0997246914561827,2.953101976110091,9.073311357673045,5.523449011944955,14.596760369618,0.0,0.0,2.3190326851395624
1002,2,hocbf_only,1.8391906271082998,2.1201040673783584,go,yield,0,0.0,0.0,1,0,0,0.36754122549393414,1.7237085142000341,2.2876874155578157,0.5639789013577816,2.2876874155578157,9.138145742899983,5.856156292221092,14.994302035121075,0.27291666666666664,0.739048496499777,2.3190326851395624
1002,2,nash_game,1.8391906271082998,2.1201040673783584,go,yield,0,0.0,0.2190865597299414,1,0,0,0.31599590017133167,1.8533772846539085,2.372452184309895,0.5190748996559864,2.372452184309895,9.073311357673045,5.813773907845053,14.887085265518099,0.0,0.0,2.3190326851395624
1002,2,nash_game_hocbf,1.8391906271082998,2.1201040673783584,go,yield,0,0.0,0.2190865597299414,1,0,0,0.42374910670281896,1.7910731490017024,2.449837294344624,0.6587641453429214,2.449837294344624,9.104463425499148,5.775081352827688,14.879544778326835,0.10956175298804781,0.7603644712638817,2.3190326851395624
1002,3,independent,1.888564496919098,2.031203022027077,go,yield,0,0.0,0.0,1,1,0,0.0981702665288399,1.8822404554724408,2.058053511629637,0.17581305615719622,2.058053511629637,-20.0,-20.0,-40.0,0.0,0.0,2.1067946648830054
1002,3,fixed_priority,1.888564496919098,2.031203022027077,go,yield,0,0.0,0.8,1,0,0,0.6091708078880875,1.8822404554724408,2.8579247152996485,0.9756842598272077,2.8579247152996485,9.05887977226378,5.571037642350175,14.629917414613955,0.0,0.0,2.1067946648830054
1002,3,hocbf_only,1.888564496919098,2.031203022027077,go,yield,0,0.0,0.0,1,0,0,0.36082444031282274,1.7702473343958811,2.185514060851326,0.41526672645544505,2.185514060851326,9.114876332802059,5.907242969574337,15.022119302376396,0.3758241758241758,1.0179285049139273,2.105552550442443
1002,3,nash_game,1.888564496919098,2.031203022027077,go,yield,0,0.0,0.35736147489202086,1,0,0,0.3219287236379271,1.8822404554724408,2.4154508934003864,0.5332104379279456,2.4154508934003864,9.05887977226378,5.792274553299807,14.851154325563586,0.0,0.0,2.1067946648830054
1002,3,nash_game_hocbf,1.888564496919098,2.031203022027077,go,yield,0,0.0,0.35736147489202086,1,0,0,0.4248240689378203,1.8265106933305733,2.4906199421355213,0.664109248804948,2.4906199421355213,9.086744653334714,5.75469002893224,14.841434682266954,0.109979633401222,0.7396606472771353,2.1067946648830054
1002,4,independent,2.1803735515251725,2.0926428485115953,yield,go,1,0.0,0.0,1,1,0,0.04199718499314225,2.1485016163774437,2.0907739885606653,0.057727627816778426,2.1485016163774437,-20.0,-20.0,-40.0,0.0,0.0,2.107701127085003
1002,4,fixed_priority,2.1803735515251725,2.0926428485115953,yield,go,1,0.0,0.8,1,0,0,0.4728897087872471,2.1485016163774437,2.8907926242839213,0.7422910079064775,2.8907926242839213,8.925749191811278,5.554603687858039,14.480352879669317,0.0,0.0,2.107701127085003
1002,4,hocbf_only,2.1803735515251725,2.0926428485115953,yield,go,1,0.0,0.0,1,0,0,0.36406670994475154,2.316777462583477,1.9250108968234736,0.39176656576000335,2.316777462583477,5.841611268708261,9.037494551588264,14.879105820296525,0.43412526997840173,0.9833846047051663,2.1517003625285502
1002,4,nash_game,2.1803735515251725,2.0926428485115953,yield,go,1,0.4122692969864228,0.0,1,0,0,0.2816804420366401,2.560838769559017,2.0907739885606653,0.4700647809983516,2.560838769559017,5.719580615220492,8.954613005719667,14.674193620940159,0.0,0.0,2.1077336571828433
1002,4,nash_game_hocbf,2.1803735515251725,2.0926428485115953,yield,go,1,0.4122692969864228,0.0,1,0,0,0.40089659398347877,2.6488214531517658,2.020174761734734,0.6286466914170319,2.6488214531517658,5.675589273424118,8.989912619132634,14.665501892556751,0.14087301587301587,0.6604463826270104,2.1288569668529007
1002,5,independent,2.3477155831053493,2.2622602981045064,yield,go,1,0.0,0.0,1,1,0,0.09117607594310435,2.382384308909991,2.2197003675414853,0.16268394136850572,2.382384308909991,-20.0,-20.0,-40.0,0.0,0.0,2.00573038915642
1002,5,fixed_priority,2.3477155831053493,2.2622602981045064,yield,go,1,0.0,0.8,1,0,0,0.40991223870898125,2.382384308909991,3.0201405941369903,0.6377562852269993,3.0201405941369903,8.808807845545005,5.489929702931505,14.29873754847651,0.0,0.0,2.005993888021302
1002,5,hocbf_only,2.3477155831053493,2.2622602981045064,yield,go,1,0.0,0.0,1,0,0,0.3671813569200373,2.5110256764990853,2.108422053609326,0.40260362288975937,2.5110256764990853,5.744487161750458,8.945788973195338,14.690276134945796,0.43451143451143454,0.9583606495264537,1.91372194853872
1002,5,nash_game,2.3477155831053493,2.2622602981045064,yield,go,1,0.414544714999157,0.0,1,0,0,0.33933447682760326,2.7967339814379066,2.2197003675414853,0.5770336138964214,2.7967339814379066,5.601633009281047,8.890149816229258,14.491782825510304,0.0,0.0,2.00573038915642
1002,5,nash_game_hocbf,2.3477155831053493,2.2622602981045064,yield,go,1,0.414544714999157,0.0,1,0,0,0.4148739409945009,2.8516155914410097,2.1788947726930297,0.6727208187479801,2.8516155914410097,5.574192204279495,8.910552613653484,14.48474481793298,0.11281070745697896,0.49558176192915093,1.9741686474315867
1002,6,independent,1.7628572748726627,2.040527997886401,go,yield,0,0.0,0.0,1,1,0,0.1367593724753323,1.802975058917652,2.036780980943582,0.2338059220259301,2.036780980943582,-20.0,-20.0,-40.0,0.0,0.0,2.2832404866053833
1002,6,fixed_priority,1.7628572748726627,2.040527997886401,go,yield,0,0.0,0.8,1,0,0,0.5981735493002567,1.802975058917652,2.8368020542036083,1.0338269952859562,2.8368020542036083,9.098512470541174,5.581598972898195,14.680111443439369,0.0,0.0,2.2832404866053833
1002,6,hocbf_only,1.7628572748726627,2.040527997886401,go,yield,0,0.0,0.0,1,0,0,0.3655596486448595,1.6867597876627318,2.1588919341804282,0.4721321465176964,2.1588919341804282,9.156620106168635,5.920554032909786,15.077174139078421,0.3159041394335512,0.8633319598989367,2.2832404866053833
1002,6,nash_game,1.7628572748726627,2.040527997886401,go,yield,0,0.0,0.2223292769862617,1,0,0,0.27880444853238107,1.802975058917652,2.259094661238336,0.4561196023206837,2.259094661238336,9.098512470541174,5.870452669380832,14.968965139922005,0.0,0.0,2.2832404866053833
1002,6,nash_game_hocbf,1.7628572748726627,2.040527997886401,go,yield,0,0.0,0.2223292769862617,1,0,0,0.38826753784942,1.7373957612817994,2.3414016829677498,0.6040059216859504,2.3414016829677498,9.1313021193591,5.829299158516125,14.960601277875226,0.11825726141078838,0.7488921007885297,2.2832404866053833
1002,7,independent,2.096600525234378,2.0892046347564492,yield,go,1,0.0,0.0,1,1,0,0.01695709746278803,2.111211116873279,2.1222241535301687,0.011013036656889685,2.1222241535301687,-20.0,-20.0,-40.0,0.0,0.0,1.670992267041018
1002,7,fixed_priority,2.096600525234378,2.0892046347564492,yield,go,1,0.0,0.8,1,0,0,0.4082660334705452,2.111211116873279,2.921990185328008,0.8107790684547291,2.921990185328008,8.944394441563361,5.539004907335996,14.483399348899358,0.0,0.0,1.6829465442119576
1002,7,hocbf_only,2.096600525234378,2.0892046347564492,yield,go,1,0.0,0.0,1,0,0,0.35044397795862003,2.1099194695616923,2.1235947252471132,0.01367525568542094,2.1235947252471132,8.945040265219154,5.938202637376444,14.883242902595597,0.5041322314049587,1.0853249898455792,1.670942274147096
1002,7,nash_game,2.096600525234378,2.0892046347564492,yield,go,1,0.49260410952207145,0.0,1,0,0,0.2878124295334947,2.603786177533846,2.1222241535301687,0.4815620240036771,2.603786177533846,5.6981069112330776,8.938887923234915,14.636994834467993,0.0,0.0,1.670992267041018
1002,7,nash_game_hocbf,2.096600525234378,2.0892046347564492,yield,go,1,0.49260410952207145,0.0,1,0,0,0.39465101261165886,2.682356040991246,2.053994241643284,0.628361799347962,2.682356040991246,5.658821979504377,8.973002879178358,14.631824858682734,0.11819887429643527,0.6635737830431883,1.670992267041018
1002,8,independent,1.760290147463117,1.7914787090940572,go,yield,0,0.0,0.0,1,1,0,0.02553729021275567,1.7879370667929237,1.7853749386135487,0.002562128179375067,1.7879370667929237,-20.0,-20.0,-40.0,0.0,0.0,2.45468980407749
1002,8,fixed_priority,1.760290147463117,1.7914787090940572,go,yield,0,0.0,0.8,1,0,0,0.41349956244172037,1.7879370667929237,2.5852588608647458,0.797321794071822,2.5852588608647458,9.106031466603538,5.707370569567627,14.813402036171166,0.0,0.0,2.449759079491664
1002,8,hocbf_only,1.760290147463117,1.7914787090940572,go,yield,0,0.0,0.0,1,0,0,0.3481817735517532,1.587397720934773,1.9858025999977218,0.39840487906294886,1.9858025999977218,9.206301139532613,6.007098700001139,15.213399839533752,0.48131868131868133,1.2108963694787278,2.4192153378217998
1002,8,nash_game,1.760290147463117,1.7914787090940572,go,yield,0,0.0,0.4688114383690596,1,0,0,0.28682823473906693,1.7879370667929237,2.254042821624993,0.4661057548320693,2.254042821624993,9.106031466603538,5.872978589187504,14.979010055791042,0.0,0.0,2.4492520308721035
1002,8,nash_game_hocbf,1.760290147463117,1.7914787090940572,go,yield,0,0.0,0.4688114383690596,1,0,0,0.40953351842684693,1.7022047785802525,2.364794076148554,0.6625892975683014,2.364794076148554,9.148897610709874,5.817602961925723,14.966500572635596,0.17365269461077845,0.7154594914220899,2.4492520308721035
1002,9,independent,2.121309938375052,1.7248007969716848,yield,go,1,0.0,0.0,1,0,0,0.2567113317928069,2.119099000295468,1.679288876942292,0.43981012335317593,2.119099000295468,5.9404504998522665,9.160355561528855,15.100806061381121,0.0,0.0,1.962065934534836
1002,9,fixed_priority,2.121309938375052,1.7248007969716848,yield,go,1,0.0,0.8,1,1,0,0.21706267659908868,2.119099000295468,2.478000408907306,0.35890140861183806,2.478000408907306,-20.0,-20.0,-40.0,0.0,0.0,1.962065934534836
1002,9,hocbf_only,2.121309938375052,1.7248007969716848,yield,go,1,0.0,0.0,1,0,0,0.39530103581186676,2.223072738831279,1.6066082191778406,0.6164645196534384,2.223072738831279,5.8884636305843605,9.19669589041108,15.08515952099544,0.16375545851528384,0.7339971477605154,1.987467507657832
1002,9,nash_game,2.121309938375052,1.7248007969716848,yield,go,1,0.10349085859663276,0.0,1,0,0,0.32589192920066207,2.222584312029767,1.679288876942292,0.5432954350874748,2.222584312029767,5.888707843985117,9.160355561528855,15.049063405513971,0.0,0.0,1.9621046681276881
1002,9,nash_game_hocbf,2.121309938375052,1.7248007969716848,yield,go,1,0.10349085859663276,0.0,1,0,0,0.4284025105822402,2.2988865392655717,1.6319328113483003,0.6669537279172715,2.2988865392655717,5.850556730367214,9.18403359432585,15.034590324693063,0.12179487179487179,0.6921377195509602,1.9791514332691373
1002,10,independent,1.9146009183240782,1.9626609194169802,go,yield,0,0.0,0.0,1,1,0,0.07135796459090275,1.8953305236585434,2.017143763975366,0.12181324031682261,2.017143763975366,-20.0,-20.0,-40.0,0.0,0.0,2.243240521795074
1002,10,fixed_priority,1.9146009183240782,1.9626609194169802,go,yield,0,0.0,0.8,1,0,0,0.5169709379449449,1.8953305236585434,2.8169741969822177,0.9216436733236744,2.8169741969822177,9.052334738170728,5.591512901508891,14.64384763967962,0.0,0.0,2.2731689961365436
1002,10,hocbf_only,1.9146009183240782,1.9626609194169802,go,yield,0,0.0,0.0,1,0,0,0.37312469077671634,1.7685362078686937,2.146612219256107,0.3780760113874131,2.146612219256107,9.115731896065654,5.926693890371947,15.042425786437601,0.4751131221719457,0.9459571048092613,2.1546873667178117
1002,10,nash_game,1.9146009183240782,1.9626609194169802,go,yield,0,0.0,0.451939998907098,1,0,0,0.3483788879761776,1.8953305236585434,2.469198474244643,0.5738679505860997,2.469198474244643,9.052334738170728,5.765400762877679,14.817735501048407,0.0,0.0,2.277307137519139
1002,10,nash_game_hocbf,1.9146009183240782,1.9626609194169802,go,yield,0,0.0,0.451939998907098,1,0,0,0.46252582792626984,1.8361645074456683,2.5445680613148793,0.7084035538692111,2.5445680613148793,9.081917746277165,5.72771596934256,14.809633715619725,0.11498973305954825,0.7804612698719525,2.277307137519139
1002,11,independent,2.003271162880394,2.12717802707935,go,yield,0,0.0,0.0,1,1,0,0.060209117996822395,2.007505811198667,2.0951335442455385,0.08762773304687155,2.0951335442455385,-20.0,-20.0,-40.0,0.0,0.0,1.7846199996677636
1002,11,fixed_priority,2.003271162880394,2.12717802707935,go,yield,0,0.0,0.8,1,0,0,0.5912392280047036,2.007505811198667,2.895352460842814,0.8878466496441471,2.895352460842814,8.996247094400667,5.552323769578593,14.548570863979261,0.0,0.0,1.7846199996677636
1002,11,hocbf_only,2.003271162880394,2.12717802707935,go,yield,0,0.0,0.0,1,0,0,0.3591575776245561,1.9797244907931142,2.131042240375471,0.15131774958235678,2.131042240375471,9.010137754603443,5.934478879812264,14.944616634415707,0.4012605042016807,1.1122008557675023,1.7846199996677636
1002,11,nash_game,2.003271162880394,2.12717802707935,go,yield,0,0.0,0.37609313580104375,1,0,0,0.2777735858685333,2.007505811198667,2.4712222054923676,0.4637163942937006,2.4712222054923676,8.996247094400667,5.764388897253816,14.760635991654484,0.0,0.0,1.7846199996677636
1002,11,nash_game_hocbf,2.003271162880394,2.12717802707935,go,yield,0,0.0,0.37609313580104375,1,0,0,0.3793476144203116,1.949200822260602,2.5506857067695288,0.6014848845089267,2.5506857067695288,9.0253995888697,5.724657146615236,14.750056735484936,0.12085769980506822,0.6460285684046226,1.7846199996677636
1002,12,independent,2.1865950719651175,1.9550965086313064,yield,go,1,0.0,0.0,1,1,0,0.16525848162156506,2.167343773009726,1.9010776020616305,0.26626617094809535,2.167343773009726,-20.0,-20.0,-40.0,0.0,0.0,2.131602591648282
1002,12,fixed_priority,2.1865950719651175,1.9550965086313064,yield,go,1,0.0,0.8,1,0,0,0.3418779946360336,2.167343773009726,2.700862311487904,0.533518538478178,2.700862311487904,8.916328113495137,5.6495688442560485,14.565896957751185,0.0,0.0,2.131602591648282
1002,12,hocbf_only,2.1865950719651175,1.9550965086313064,yield,go,1,0.0,0.0,1,0,0,0.3633484716003006,2.329370715629073,1.7608948540687628,0.56847586156031,2.329370715629073,5.835314642185463,9.119552572965619,14.954867215151083,0.3163716814159292,0.79042007109714,2.186574692509658
1002,12,nash_game,2.1865950719651175,1.9550965086313064,yield,go,1,0.26850143666618864,0.0,1,0,0,0.325155781313958,2.4358581329686486,1.9010776020616305,0.5347805309070182,2.4358581329686486,5.7820709335156755,9.049461198969185,14.83153213248486,0.0,0.0,2.131649248634214
1002,12,nash_game_hocbf,2.1865950719651175,1.9550965086313064,yield,go,1,0.26850143666618864,0.0,1,0,0,0.41763735225523213,2.5086868151704342,1.8560506942359223,0.652636120934512,2.5086868151704342,5.745656592414782,9.071974652882039,14.817631245296822,0.12108559498956159,0.6248482289968254,2.153078674871994
1002,13,independent,2.0081197382092,2.1715581393088166,go,yield,0,0.0,0.0,1,1,0,0.08557667009256749,2.039909161612482,2.186230736649744,0.14632157503726217,2.186230736649744,-20.0,-20.0,-40.0,0.0,0.0,1.904574458457168
1002,13,fixed_priority,2.0081197382092,2.1715581393088166,go,yield,0,0.0,0.8,1,0,0,0.5452575140681051,2.039909161612482,2.986115103500315,0.946205941887833,2.986115103500315,8.98004541919376,5.506942448249843,14.486987867443602,0.0,0.0,1.9044780782098731
1002,13,hocbf_only,2.0081197382092,2.1715581393088166,go,yield,0,0.0,0.0,1,0,0,0.3553299146082687,1.864518858913015,2.357614435312276,0.4930955763992608,2.357614435312276,9.067740570543492,5.8211927823438625,14.888933352887355,0.4688888888888889,0.8117503421739606,1.971472264564073
1002,13,nash_game,2.0081197382092,2.1715581393088166,go,yield,0,0.0,0.3365615989003836,1,0,0,0.2895196061200482,2.039909161612482,2.522768679080378,0.482859517467896,2.522768679080378,8.98004541919376,5.738615660459811,14.71866107965357,0.0,0.0,1.9045852429665933
1002,13,nash_game_hocbf,2.0081197382092,2.1715581393088166,go,yield,0,0.0,0.3365615989003836,1,0,0,0.3974782720556585,1.9711501158873028,2.601001770931344,0.6298516550440414,2.601001770931344,9.01442494205635,5.699499114534328,14.713924056590677,0.13016528925619836,0.6673554210657691,1.928707124043216
1002,14,independent,2.2898488645543846,2.011672240368444,yield,go,1,0.0,0.0,1,1,0,0.179623829231307,2.318732039294719,2.0010653345163187,0.3176667047784001,2.318732039294719,-20.0,-20.0,-40.0,0.0,0.0,2.252954334828874
1002,14,fixed_priority,2.2898488645543846,2.011672240368444,yield,go,1,0.0,0.8,1,0,0,0.2975838222868508,2.318732039294719,2.801097944246518,0.482365904951799,2.801097944246518,8.84063398035264,5.599451027876741,14.440085008229381,0.0,0.0,2.2530367970383844
1002,14,hocbf_only,2.2898488645543846,2.011672240368444,yield,go,1,0.0,0.0,1,0,0,0.3641640443084219,2.4413166095311105,1.891209473586477,0.5501071359446335,2.4413166095311105,5.779341695234445,9.05439526320676,14.833736958441206,0.348643006263048,0.7175144597049726,2.1877088243323466
1002,14,nash_game,2.2898488645543846,2.011672240368444,yield,go,1,0.22182337581405953,0.0,1,0,0,0.3225125275067699,2.540495129682702,2.0010653345163187,0.5394297951663831,2.540495129682702,5.729752435158649,8.99946733274184,14.729219767900489,0.0,0.0,2.252954334828874
1002,14,nash_game_hocbf,2.2898488645543846,2.011672240368444,yield,go,1,0.22182337581405953,0.0,1,0,0,0.40883685406811066,2.605113889586716,1.9529092719382528,0.6522046176484633,2.605113889586716,5.697443055206642,9.023545364030873,14.720988419237514,0.10778443113772455,0.6253498251770658,2.2163040546970736
1002,15,independent,1.6885845143174893,1.754105889806084,go,yield,0,0.0,0.0,1,1,0,0.04113000883197597,1.7005463870359923,1.7729035661835721,0.07235717914757989,1.7729035661835721,-20.0,-20.0,-40.0,0.0,0.0,2.4027351281702014
1002,15,fixed_priority,1.6885845143174893,1.754105889806084,go,yield,0,0.0,0.8,1,0,0,0.6203958772744055,1.7005463870359923,2.573190294043263,0.8726439070072707,2.573190294043263,9.149726806482004,5.7134048529783685,14.863131659460372,0.0,0.0,2.4027351281702014
1002,15,hocbf_only,1.6885845143174893,1.754105889806084,go,yield,0,0.0,0.0,1,0,0,0.36375266282844776,1.6612041448624129,1.8170771376698323,0.1558729928074194,1.8170771376698323,9.169397927568793,6.091461431165084,15.260859358733878,0.4028103044496487,1.15619934923427,2.3662278786399833
1002,15,nash_game,1.6885845143174893,1.754105889806084,go,yield,0,0.0,0.4344786245114052,1,0,0,0.3106247234350024,1.7005463870359923,2.2077146685286135,0.5071682814926213,2.2077146685286135,9.149726806482004,5.8961426657356935,15.045869472217698,0.0,0.0,2.4027351281702014
1002,15,nash_game_hocbf,1.6885845143174893,1.754105889806084,go,yield,0,0.0,0.4344786245114052,1,0,0,0.43377788651593485,1.6366253392023304,2.2970497714003386,0.6604244321980082,2.2970497714003386,9.181687330398836,5.851475114299831,15.033162444698666,0.11252653927813164,0.896937698268533,2.4027351281702014
1002,16,independent,1.917981763996173,1.908287892395294,yield,go,1,0.0,0.0,1,1,0,0.01713147116810877,1.9325884777065072,1.90672167416565,0.02586680354085713,1.9325884777065072,-20.0,-20.0,-40.0,0.0,0.0,2.218897314530244
1002,16,fixed_priority,1.917981763996173,1.908287892395294,yield,go,1,0.0,0.8,1,0,0,0.5248315347455171,1.9325884777065072,2.7067120946618,0.774123616955293,2.7067120946618,9.033705761146747,5.6466439526691,14.680349713815847,0.0,0.0,2.218897314530244
1002,16,hocbf_only,1.917981763996173,1.908287892395294,yield,go,1,0.0,0.0,1,0,0,0.3618465062942486,2.0376498748065797,1.8010544855338897,0.23659538927268997,2.0376498748065797,5.98117506259671,9.099472757233055,15.080647819829766,0.4166666666666667,1.1312910058323753,2.2377408921592803
1002,16,nash_game,1.917981763996173,1.908287892395294,yield,go,1,0.4903061283991208,0.0,1,0,0,0.3092202954968704,2.422973604771978,1.90672167416565,0.516251930606328,2.422973604771978,5.7885131976140105,9.046639162917176,14.835152360531186,0.0,0.0,2.2188624007091367
1002,16,nash_game_hocbf,1.917981763996173,1.908287892395294,yield,go,1,0.4903061283991208,0.0,1,0,0,0.4323628051200697,2.5103614372877208,1.8389970590404632,0.6713643782472576,2.5103614372877208,5.74481928135614,9.080501470479769,14.825320751835909,0.11605415860735009,0.7974757228968377,2.2459310336472877
1002,17,independent,2.028551296727927,1.9197855213516675,yield,go,1,0.0,0.0,1,1,0,0.03256430579786264,1.9980514706449168,1.9471880369075945,0.05086343373732238,1.9980514706449168,-20.0,-20.0,-40.0,0.0,0.0,1.8468987587430996
1002,17,fixed_priority,2.028551296727927,1.9197855213516675,yield,go,1,0.0,0.8,1,0,0,0.46843103803787234,1.9980514706449168,2.747205852676156,0.7491543820312392,2.747205852676156,9.000974264677541,5.626397073661922,14.627371338339463,0.0,0.0,1.8632165062440469
1002,17,hocbf_only,2.028551296727927,1.9197855213516675,yield,go,1,0.0,0.0,1,0,0,0.3567926523958607,2.0829377648601395,1.8687245589165462,0.21421320594359328,2.0829377648601395,5.9585311175699305,9.065637720541726,15.024168838111656,0.4110169491525424,1.0701711267398277,1.8081425515276917
1002,17,nash_game,2.028551296727927,1.9197855213516675,yield,go,1,0.39123422462374036,0.0,1,0,0,0.2677234807670729,2.389167605833379,1.9471880369075945,0.4419795689257846,2.389167605833379,5.805416197083311,9.026405981546203,14.831822178629514,0.0,0.0,1.8468987587430996
1002,17,nash_game_hocbf,2.028551296727927,1.9197855213516675,yield,go,1,0.39123422462374036,0.0,1,0,0,0.3829191724124565,2.47844977347027,1.877839242395317,0.600610531074953,2.47844977347027,5.760775113264865,9.061080378802341,14.821855492067206,0.12133072407045009,0.7252471787185871,1.8468987587430996
1002,18,independent,2.0386370048519815,2.0465072018084176,go,yield,0,0.0,0.0,1,1,0,0.08056329470225519,2.0119302583507976,2.0106047337763364,0.0013255245744612232,2.0119302583507976,-20.0,-20.0,-40.0,0.0,0.0,2.2893137957041536
1002,18,fixed_priority,2.0386370048519815,2.0465072018084176,go,yield,0,0.0,0.8,1,0,0,0.5546600862626142,2.0119302583507976,2.8107181771621006,0.798787918811303,2.8107181771621006,8.994034870824601,5.594640911418949,14.58867578224355,0.0,0.0,2.2895830791572322
1002,18,hocbf_only,2.0386370048519815,2.0465072018084176,go,yield,0,0.0,0.0,1,0,0,0.3855318432407051,1.9129054613465757,2.106978521773596,0.19407306042702044,2.106978521773596,9.043547269326712,5.946510739113202,14.990058008439913,0.3963963963963964,1.047358728761161,2.293964734739067
1002,18,nash_game,2.0386370048519815,2.0465072018084176,go,yield,0,0.0,0.4921298030435639,1,0,0,0.31064505134173803,2.0119302583507976,2.502662764092603,0.49073250574180527,2.502662764092603,8.994034870824601,5.748668617953698,14.7427034887783,0.0,0.0,2.2894331456708406
1002,18,nash_game_hocbf,2.0386370048519815,2.0465072018084176,go,yield,0,0.0,0.4921298030435639,1,0,0,0.43807944692359424,1.9446187187421802,2.5939512798147213,0.6493325610725411,2.5939512798147213,9.02769064062891,5.703024360092639,14.730715000721549,0.1359026369168357,0.741482310698527,2.3095828967004204
1002,19,independent,2.0970019077419053,1.6755125079650541,yield,go,1,0.0,0.0,1,0,0,0.2556449010155105,2.085380351830982,1.6520240631109682,0.43335628872001375,2.085380351830982,5.9573098240845095,9.173987968444516,15.131297792529026,0.0,0.0,2.152361388758003
1002,19,fixed_priority,2.0970019077419053,1.6755125079650541,yield,go,1,0.0,0.8,1,1,0,0.2160188025905524,2.085380351830982,2.4512438919103006,0.36586354007931865,2.4512438919103006,-20.0,-20.0,-40.0,0.0,0.0,2.130794883698205
1002,19,hocbf_only,2.0970019077419053,1.6755125079650541,yield,go,1,0.0,0.0,1,0,0,0.3774251022006359,2.183756263539171,1.5872988144670377,0.5964574490721335,2.183756263539171,5.908121868230414,9.206350592766482,15.114472460996897,0.1346938775510204,0.7369993289519484,2.152361388758003
1002,19,nash_game,2.0970019077419053,1.6755125079650541,yield,go,1,0.0785106002231486,0.0,1,0,0,0.3077185162498159,2.1638740079054224,1.6520240631109682,0.5118499447944542,2.1638740079054224,5.918062996047289,9.173987968444516,15.092050964491804,0.0,0.0,2.152361388758003
1002,19,nash_game_hocbf,2.0970019077419053,1.6755125079650541,yield,go,1,0.0785106002231486,0.0,1,0,0,0.40287313693549187,2.2390543243155934,1.6057632680825262,0.6332910562330671,2.2390543243155934,5.880472837842204,9.197118365958737,15.07759120380094,0.10642570281124498,0.6973902820285316,2.152361388758003
1002,20,independent,2.2937749446958087,2.1210231510032784,yield,go,1,0.0,0.0,1,1,0,0.10835158005047546,2.3105921149786783,2.1141835536965483,0.19640856128213002,2.3105921149786783,-20.0,-20.0,-40.0,0.0,0.0,1.5770354638482866
1002,20,fixed_priority,2.2937749446958087,2.1210231510032784,yield,go,1,0.0,0.8,1,0,0,0.3713688225663652,2.3105921149786783,2.914242327243266,0.6036502122645877,2.914242327243266,8.84470394251066,5.542878836378367,14.387582778889028,0.0,0.0,1.5770354638482866
1002,20,hocbf_only,2.2937749446958087,2.1210231510032784,yield,go,1,0.0,0.0,1,0,0,0.36313911025629947,2.4734006694018236,1.959885429480088,0.5135152399217355,2.4734006694018236,5.763299665299089,9.020057285259956,14.783356950559044,0.4317718940936864,0.7816488798248759,1.624970463934867
1002,20,nash_game,2.2937749446958087,2.1210231510032784,yield,go,1,0.32724820630746976,0.0,1,0,0,0.3047478610543895,2.637782855101796,2.1141835536965483,0.5235993014052478,2.637782855101796,5.6811085724491015,8.942908223151726,14.624016795600827,0.0,0.0,1.5770579324918692
1002,20,nash_game_hocbf,2.2937749446958087,2.1210231510032784,yield,go,1,0.32724820630746976,0.0,1,0,0,0.3948995942751027,2.7036593509438056,2.060421651906462,0.6432376990373436,2.7036593509438056,5.648170324528097,8.969789174046769,14.617959498574866,0.12619502868068833,0.5341649889804043,1.591736176943712
1002,21,independent,1.836787687213958,2.1333129355323006,go,yield,0,0.0,0.0,1,1,0,0.20027192578518913,1.809964597403787,2.1570173547578952,0.34705275735410823,2.1570173547578952,-20.0,-20.0,-40.0,0.0,0.0,2.00383772532685
1002,21,fixed_priority,1.836787687213958,2.1333129355323006,go,yield,0,0.0,0.8,1,0,0,0.620472333673698,1.809964597403787,2.9568372975179904,1.1468727001142034,2.9568372975179904,9.095017701298106,5.521581351241005,14.616599052539112,0.0,0.0,2.0037145672587493
1002,21,hocbf_only,1.836787687213958,2.1333129355323006,go,yield,0,0.0,0.0,1,0,0,0.37487285065489484,1.6978909879517308,2.28506690183568,0.5871759138839492,2.28506690183568,9.151054506024135,5.85746654908216,15.008521055106295,0.2444933920704846,0.7001759442357918,2.040969537457703
1002,21,nash_game,1.836787687213958,2.1333129355323006,go,yield,0,0.0,0.2034747516816573,1,0,0,0.3312881328533356,1.809964597403787,2.3604989035077835,0.5505343061039965,2.3604989035077835,9.095017701298106,5.819750548246108,14.914768249544213,0.0,0.0,2.003763648496686
1002,21,nash_game_hocbf,1.836787687213958,2.1333129355323006,go,yield,0,0.0,0.2034747516816573,1,0,0,0.43120595646619336,1.7583721171566509,2.433159046732651,0.6747869295760001,2.433159046732651,9.120813941421675,5.783420476633674,14.90423441805535,0.11789473684210526,0.6916953377762527,2.022399966076032
1002,22,independent,1.811932883387046,1.7561725454533672,yield,go,1,0.0,0.0,1,1,0,0.05564825061135893,1.8162981540281509,1.7166868888539415,0.09961126517420937,1.8162981540281509,-20.0,-20.0,-40.0,0.0,0.0,2.2735203364809813
1002,22,fixed_priority,1.811932883387046,1.7561725454533672,yield,go,1,0.0,0.8,1,0,0,0.5010455048386033,1.8162981540281509,2.5157593089377035,0.6994611549095526,2.5157593089377035,9.091850922985925,5.7421203455311485,14.833971268517073,0.0,0.0,2.2735203364809813
1002,22,hocbf_only,1.811932883387046,1.7561725454533672,yield,go,1,0.0,0.0,1,0,0,0.3674018452223876,1.9168216620711829,1.6294402798762966,0.2873813821948863,1.9168216620711829,6.041589168964409,9.185279860061852,15.226869029026261,0.4292565947242206,1.066343281854036,2.235096284787334
1002,22,nash_game,1.811932883387046,1.7561725454533672,yield,go,1,0.44423966206632115,0.0,1,0,0,0.33619674543835276,2.260576912062213,1.7166868888539415,0.5438900232082713,2.260576912062213,5.869711543968894,9.141656555573029,15.011368099541922,0.0,0.0,2.278805406480222
1002,22,nash_game_hocbf,1.811932883387046,1.7561725454533672,yield,go,1,0.44423966206632115,0.0,1,0,0,0.4618513289099313,2.352396785367723,1.6620063593464007,0.6903904260213223,2.352396785367723,5.823801607316138,9.1689968203268,14.992798427642938,0.11496746203904555,0.9087509163227356,2.278805406480222
1002,23,independent,1.9524294790536147,1.7843904061929348,yield,go,1,0.0,0.0,1,1,0,0.07375903430377968,1.9473732274458113,1.8367421167838076,0.1106311106620037,1.9473732274458113,-20.0,-20.0,-40.0,0.0,0.0,2.167527603083701
1002,23,fixed_priority,1.9524294790536147,1.7843904061929348,yield,go,1,0.0,0.8,1,0,0,0.43331959585625257,1.9473732274458113,2.6372174867060454,0.6898442592602341,2.6372174867060454,9.026313386277094,5.681391256646977,14.707704642924071,0.0,0.0,2.201602923653377
1002,23,hocbf_only,1.9524294790536147,1.7843904061929348,yield,go,1,0.0,0.0,1,0,0,0.3634056522284376,2.0172953346391274,1.777365043461958,0.23993029117716946,2.0172953346391274,5.991352332680436,9.11131747826902,15.102669810949457,0.3940774487471526,1.0597829578764464,2.077355083964292
1002,23,nash_game,1.9524294790536147,1.7843904061929348,yield,go,1,0.3319609271393198,0.0,1,0,0,0.2725534002307256,2.279295436301004,1.8367421167838076,0.44255331951719645,2.279295436301004,5.860352281849498,9.081628941608097,14.941981223457596,0.0,0.0,2.167527603083701
1002,23,nash_game_hocbf,1.9524294790536147,1.7843904061929348,yield,go,1,0.3319609271393198,0.0,1,0,0,0.382573019807425,2.3630278584580147,1.7685144856487496,0.5945133728092651,2.3630278584580147,5.818486070770993,9.115742757175624,14.934228827946617,0.1228813559322034,0.7424647827479711,2.167527603083701
1002,24,independent,1.9684426957193408,2.0372842682842975,go,yield,0,0.0,0.0,1,1,0,0.09286899790835708,1.9388480049248191,2.1042980663677233,0.1654500614429042,2.1042980663677233,-20.0,-20.0,-40.0,0.0,0.0,1.6882310289742049
1002,24,fixed_priority,1.9684426957193408,2.0372842682842975,go,yield,0,0.0,0.8,1,0,0,0.5306560943442634,1.9388480049248191,2.903850763111588,0.9650027581867688,2.903850763111588,9.030575997537591,5.548074618444206,14.578650615981797,0.0,0.0,1.7154761533168499
1002,24,hocbf_only,1.9684426957193408,2.0372842682842975,go,yield,0,0.0,0.0,1,0,0,0.36797743047212605,1.8336630391100042,2.224566010371533,0.3909029712615286,2.224566010371533,9.083168480444998,5.887716994814234,14.970885475259232,0.46357615894039733,0.9674158061420287,1.636581165760826
1002,24,nash_game,1.9684426957193408,2.0372842682842975,go,yield,0,0.0,0.4311584274350433,1,0,0,0.34979524932893435,1.9388480049248191,2.535393507130379,0.5965455022055599,2.535393507130379,9.030575997537591,5.73230324643481,14.762879243972401,0.0,0.0,1.7212133359646353
1002,24,nash_game_hocbf,1.9684426957193408,2.0372842682842975,go,yield,0,0.0,0.4311584274350433,1,0,0,0.42598882362039614,1.8994665019037813,2.5887409494387184,0.689274447534937,2.5887409494387184,9.05026674904811,5.70562952528064,14.75589627432875,0.10685483870967742,0.5511744927063097,1.7212133359646353
1002,25,independent,1.9633332199400906,2.379641550466475,go,yield,0,0.0,0.0,1,1,0,0.21438588539561154,1.9816686110577602,2.3519660561647764,0.37029744510701623,2.3519660561647764,-20.0,-20.0,-40.0,0.0,0.0,1.646118831764266
1002,25,fixed_priority,1.9633332199400906,2.379641550466475,go,yield,0,0.0,0.8,1,0,0,0.5150914715051025,1.9816686110577602,3.1523044794222486,1.1706358683644884,3.1523044794222486,9.00916569447112,5.423847760288876,14.433013454759996,0.0,0.0,1.646118831764266
1002,25,hocbf_only,1.9633332199400906,2.379641550466475,go,yield,0,0.0,0.0,1,0,0,0.35634285597467624,1.8856693511338805,2.461461232832137,0.5757918816982566,2.461461232832137,9.05716532443306,5.769269383583931,14.82643470801699,0.20245398773006135,0.5968982738822739,1.646118831764266
1002,25,nash_game,1.9633332199400906,2.379641550466475,go,yield,0,0.0,0.08369166947361562,1,0,0,0.26800089498180985,1.9816686110577602,2.435680737933256,0.45401212687549575,2.435680737933256,9.00916569447112,5.782159631033372,14.791325325504491,0.0,0.0,1.646118831764266
1002,25,nash_game_hocbf,1.9633332199400906,2.379641550466475,go,yield,0,0.0,0.08369166947361562,1,0,0,0.37028576209167197,1.9175561750863372,2.5150248870195897,0.5974687119332525,2.5150248870195897,9.041221912456832,5.742487556490206,14.783709468947038,0.13654618473895583,0.5920889339927079,1.646118831764266
1002,26,independent,1.8010783143758975,2.181186692649028,go,yield,0,0.0,0.0,1,1,0,0.19802814408265482,1.8624808786992642,2.1965367028072436,0.3340558241079794,2.1965367028072436,-20.0,-20.0,-40.0,0.0,0.0,2.2551014187733145
1002,26,fixed_priority,1.8010783143758975,2.181186692649028,go,yield,0,0.0,0.8,1,0,0,0.46588485539830593,1.8624808786992642,2.9964056138959307,1.1339247351966666,2.9964056138959307,9.068759560650367,5.501797193052035,14.570556753702402,0.0,0.0,2.2551014187733145
1002,26,hocbf_only,1.8010783143758975,2.181186692649028,go,yield,0,0.0,0.0,1,0,0,0.3555289969500559,1.7545050744879978,2.3092662189005537,0.554761144412556,2.3092662189005537,9.122747462756001,5.845366890549723,14.968114353305724,0.3298097251585624,0.5170592094737474,2.257808302097312
1002,26,nash_game,1.8010783143758975,2.181186692649028,go,yield,0,0.0,0.11989162172686907,1,0,0,0.27547431845055537,1.8624808786992642,2.3164297650342482,0.4539488863349841,2.3164297650342482,9.068759560650367,5.841785117482876,14.910544678133242,0.0,0.0,2.2551014187733145
1002,26,nash_game_hocbf,1.8010783143758975,2.181186692649028,go,yield,0,0.0,0.11989162172686907,1,0,0,0.37744566818193687,1.7954662321711088,2.393281595640185,0.5978153634690764,2.393281595640185,9.102266883914446,5.803359202179907,14.905626086094353,0.11752577319587629,0.7032013810606957,2.2551014187733145
1002,27,independent,2.299862178662513,1.7687361291554908,go,go,1,0.0,0.0,1,0,0,0.3097172322994901,2.289912652335196,1.771210260171235,0.5187023921639609,2.289912652335196,5.855043673832402,9.114394869914383,14.969438543746785,0.0,0.0,2.2800405099209105
1002,27,fixed_priority,2.299862178662513,1.7687361291554908,go,go,1,0.0,0.8,1,1,0,0.15947831349397568,2.289912652335196,2.5712293549604626,0.28131670262526676,2.5712293549604626,-20.0,-20.0,-40.0,0.0,0.0,2.2775083495650317
1002,27,hocbf_only,2.299862178662513,1.7687361291554908,go,go,1,0.0,0.0,1,0,0,0.3864830773457482,2.351695172003168,1.7293816416518857,0.6223135303512823,2.351695172003168,5.824152413998416,9.135309179174056,14.959461593172472,0.09937888198757763,0.6290252876330493,2.2800405099209105
1002,27,nash_game,2.299862178662513,1.7687361291554908,go,go,1,0.0,0.0,1,0,0,0.3097172322994901,2.289912652335196,1.771210260171235,0.5187023921639609,2.289912652335196,5.855043673832402,9.114394869914383,14.969438543746785,0.0,0.0,2.2800405099209105
1002,27,nash_game_hocbf,2.299862178662513,1.7687361291554908,go,go,1,0.0,0.0,1,0,0,0.3864830773457482,2.351695172003168,1.7293816416518857,0.6223135303512823,2.351695172003168,5.824152413998416,9.135309179174056,14.959461593172472,0.09937888198757763,0.6290252876330493,2.2800405099209105
1002,28,independent,1.8429669359916774,2.1975901545802077,go,yield,0,0.0,0.0,1,1,0,0.21588726096186847,1.8407916447344506,2.214284115668944,0.37349247093449334,2.214284115668944,-20.0,-20.0,-40.0,0.0,0.0,2.1015495540892783
1002,28,fixed_priority,1.8429669359916774,2.1975901545802077,go,yield,0,0.0,0.8,1,0,0,0.5796383925216466,1.8407916447344506,3.0141415970257452,1.1733499522912947,3.0141415970257452,9.079604177632774,5.492929201487128,14.572533379119902,0.0,0.0,2.1015495540892783
1002,28,hocbf_only,1.8429669359916774,2.1975901545802077,go,yield,0,0.0,0.0,1,0,0,0.3702249706082237,1.7451486405064633,2.327132754873894,0.5819841143674305,2.327132754873894,9.127425679746768,5.836433622563053,14.963859302309821,0.2088888888888889,0.6765411123386545,2.1015495540892783
1002,28,nash_game,1.8429669359916774,2.1975901545802077,go,yield,0,0.0,0.14537678141146948,1,0,0,0.3110243513892067,1.8407916447344506,2.3596603265042346,0.5188686817697841,2.3596603265042346,9.079604177632774,5.8201698367478825,14.899774014380657,0.0,0.0,2.1015495540892783
1002,28,nash_game_hocbf,1.8429669359916774,2.1975901545802077,go,yield,0,0.0,0.14537678141146948,1,0,0,0.4095194593966687,1.786567251231735,2.431952462325396,0.6453852110936611,2.431952462325396,9.106716374384133,5.784023768837302,14.890740143221436,0.12043010752688173,0.6792125273604487,2.1015495540892783
1002,29,independent,1.6957509036351126,1.945317856720969,go,yield,0,0.0,0.0,1,1,0,0.1505590811458323,1.7041158308436075,1.9717701385771256,0.26765430773351806,1.9717701385771256,-20.0,-20.0,-40.0,0.0,0.0,2.3243947246590344
1002,29,fixed_priority,1.6957509036351126,1.945317856720969,go,yield,0,0.0,0.8,1,0,0,0.4651090008218284,1.7041158308436075,2.7717499112657054,1.0676340804220978,2.7717499112657054,9.147942084578196,5.614125044367148,14.762067128945343,0.0,0.0,2.324249086321868
1002,29,hocbf_only,1.6957509036351126,1.945317856720969,go,yield,0,0.0,0.0,1,0,0,0.3680117734427946,1.557090502629813,2.1202928247196313,0.5632023220898184,2.1202928247196313,9.221454748685094,5.939853587640185,15.161308336325279,0.31414868105515587,0.7376192348234151,2.3879312885715427
1002,29,nash_game,1.6957509036351126,1.945317856720969,go,yield,0,0.0,0.25043304691414336,1,0,0,0.3153818636444161,1.7041158308436075,2.222328392234325,0.5182125613907176,2.222328392234325,9.147942084578196,5.888835803882838,15.036777888461033,0.0,0.0,2.324335515228029
1002,29,nash_game_hocbf,1.6957509036351126,1.945317856720969,go,yield,0,0.0,0.25043304691414336,1,0,0,0.43754116076393434,1.637173816011921,2.3081447114609266,0.6709708954490057,2.3081447114609266,9.18141309199404,5.845927644269537,15.027340736263577,0.12669683257918551,0.8351393110038666,2.356555398765687
1002,30,independent,2.0576102521081916,1.7750677190087412,yield,go,1,0.0,0.0,1,1,0,0.15670053381211016,2.0623423263526286,1.7887006784728314,0.27364164787979717,2.0623423263526286,-20.0,-20.0,-40.0,0.0,0.0,2.065717092946814
1002,30,fixed_priority,2.0576102521081916,1.7750677190087412,yield,go,1,0.0,0.8,1,0,0,0.3255839820684171,2.0623423263526286,2.588886212307655,0.5265438859550264,2.588886212307655,8.968828836823686,5.705556893846173,14.674385730669858,0.0,0.0,2.065717092946814
1002,30,hocbf_only,2.0576102521081916,1.7750677190087412,yield,go,1,0.0,0.0,1,0,0,0.36229770536253847,2.213698638667287,1.6443740529583417,0.5693245857089453,2.213698638667287,5.8931506806663565,9.17781297352083,15.070963654187185,0.36363636363636365,0.6244884103507561,2.1160421304578865
1002,30,nash_game,2.0576102521081916,1.7750677190087412,yield,go,1,0.21745746690054935,0.0,1,0,0,0.2944329271911316,2.2798057976155417,1.7887006784728314,0.49110511914271027,2.2798057976155417,5.860097101192229,9.105649660763584,14.965746761955813,0.0,0.0,2.0657705144283764
1002,30,nash_game_hocbf,2.0576102521081916,1.7750677190087412,yield,go,1,0.21745746690054935,0.0,1,0,0,0.41130887871268007,2.3661538207433246,1.7209572496412648,0.6451965711020597,2.3661538207433246,5.816923089628338,9.139521375179367,14.956444464807705,0.12684989429175475,0.7523235707434136,2.09086598726284
1002,31,independent,2.190464873276898,1.9824053343084158,yield,go,1,0.0,0.0,1,1,0,0.13527248153673951,2.208236754185288,1.971539566430564,0.23669718775472393,2.208236754185288,-20.0,-20.0,-40.0,0.0,0.0,2.380017070525091
1002,31,fixed_priority,2.190464873276898,1.9824053343084158,yield,go,1,0.0,0.8,1,0,0,0.36046254187476684,2.208236754185288,2.7715504642474005,0.5633137100621126,2.7715504642474005,8.895881622907357,5.6142247678762995,14.510106390783656,0.0,0.0,2.380171705190647
1002,31,hocbf_only,2.190464873276898,1.9824053343084158,yield,go,1,0.0,0.0,1,0,0,0.3690181128135278,2.3450201510999755,1.8431436869557034,0.5018764641442721,2.3450201510999755,5.8274899244500125,9.078428156522149,14.90591808097216,0.4694736842105263,0.6663506128846701,2.216228485357233
1002,31,nash_game,2.190464873276898,1.9824053343084158,yield,go,1,0.2919404610315177,0.0,1,0,0,0.32295265226023234,2.5001523916580446,1.971539566430564,0.5286128252274807,2.5001523916580446,5.749923804170978,9.014230216784718,14.764154020955695,0.0,0.0,2.380017070525091
1002,31,nash_game_hocbf,2.190464873276898,1.9824053343084158,yield,go,1,0.2919404610315177,0.0,1,0,0,0.3949505484263101,2.5743266132150646,1.9161912606728286,0.658135352542236,2.5743266132150646,5.712836693392468,9.041904369663586,14.754741063056054,0.20238095238095238,0.7887445905970719,2.2332588066710137
1002,32,independent,1.9997102071856026,1.9138585352054232,yield,go,1,0.0,0.0,1,1,0,0.06955870018714094,2.062038555438283,1.9374188665481304,0.12461968889015274,2.062038555438283,-20.0,-20.0,-40.0,0.0,0.0,2.0550097623935635
1002,32,fixed_priority,1.9997102071856026,1.9138585352054232,yield,go,1,0.0,0.8,1,0,0,0.4426013562938233,2.062038555438283,2.7374481953751815,0.6754096399368983,2.7374481953751815,8.968980722280858,5.631275902312409,14.600256624593268,0.0,0.0,2.0550097623935635
1002,32,hocbf_only,1.9997102071856026,1.9138585352054232,yield,go,1,0.0,0.0,1,0,0,0.36708581983962696,2.209624105080637,1.7767127231325275,0.4329113819481094,2.209624105080637,5.895187947459681,9.111643638433737,15.00683158589342,0.46403712296983757,0.9004011505632927,2.0038079586654582
1002,32,nash_game,1.9997102071856026,1.9138585352054232,yield,go,1,0.4141483280198204,0.0,1,0,0,0.32874026868179446,2.476225228827767,1.9374188665481304,0.5388063622796364,2.476225228827767,5.761887385586117,9.031290566725934,14.79317795231205,0.0,0.0,2.0872215794449156
1002,32,nash_game_hocbf,1.9997102071856026,1.9138585352054232,yield,go,1,0.4141483280198204,0.0,1,0,0,0.43839078248401664,2.5483824958530774,1.8709052074584323,0.6774772883946452,2.5483824958530774,5.725808752073461,9.064547396270784,14.790356148344245,0.19703389830508475,0.6599106516809508,2.0872215794449156
1002,33,independent,1.7367396833672253,1.8517081207994013,go,yield,0,0.0,0.0,1,1,0,0.06204261533815473,1.7490628042618668,1.857560513504203,0.10849770924233626,1.857560513504203,-20.0,-20.0,-40.0,0.0,0.0,2.505051156873325
1002,33,fixed_priority,1.7367396833672253,1.8517081207994013,go,yield,0,0.0,0.8,1,0,0,0.47478644583746693,1.7490628042618668,2.6575984764469607,0.9085356721850939,2.6575984764469607,9.125468597869066,5.67120076177652,14.796669359645586,0.0,0.0,2.505051156873325
1002,33,hocbf_only,1.7367396833672253,1.8517081207994013,go,yield,0,0.0,0.0,1,0,0,0.3647828331570604,1.7646399290419357,1.84762719619552,0.08298726715358429,1.84762719619552,9.117680035479033,6.07618640190224,15.193866437381274,0.4074074074074074,1.155959937185122,2.359633679862522
1002,33,nash_game,1.7367396833672253,1.8517081207994013,go,yield,0,0.0,0.3850315625678238,1,0,0,0.30195794791669606,1.7490628042618668,2.242648379180021,0.49358557491815436,2.242648379180021,9.125468597869066,5.878675810409989,15.004144408279055,0.0,0.0,2.505051156873325
1002,33,nash_game_hocbf,1.7367396833672253,1.8517081207994013,go,yield,0,0.0,0.3850315625678238,1,0,0,0.4088129473453373,1.6923475999296365,2.3248909532772304,0.6325433533475939,2.3248909532772304,9.153826200035182,5.837554523361385,14.991380723396567,0.14437367303609341,0.6429438919500599,2.4840593094076593
1002,34,independent,2.0541384472826927,2.065647516565157,go,yield,0,0.0,0.0,1,1,0,0.058273516130036576,2.0896912614313834,2.0622812916699833,0.027409969761400088,2.0896912614313834,-20.0,-20.0,-40.0,0.0,0.0,2.172871868547988
1002,34,fixed_priority,2.0541384472826927,2.065647516565157,go,yield,0,0.0,0.8,1,0,0,0.49834533511117696,2.0896912614313834,2.8623114995832477,0.7726202381518643,2.8623114995832477,8.955154369284308,5.568844250208376,14.523998619492684,0.0,0.0,2.172975914081433
1002,34,hocbf_only,2.0541384472826927,2.065647516565157,go,yield,0,0.0,0.0,1,0,0,0.37497012336184293,2.012001453744463,2.1360024285742147,0.1240009748297517,2.1360024285742147,8.993999273127768,5.931998785712892,14.92599805884066,0.45555555555555555,1.007800512685749,2.169273675691504
1002,34,nash_game,2.0541384472826927,2.065647516565157,go,yield,0,0.0,0.4884909307175356,1,0,0,0.2877427338877186,2.0896912614313834,2.5507733465092617,0.4610820850778783,2.5507733465092617,8.955154369284308,5.724613326745369,14.679767696029678,0.0,0.0,2.172944479748962
1002,34,nash_game_hocbf,2.0541384472826927,2.065647516565157,go,yield,0,0.0,0.4884909307175356,1,0,0,0.416308394079126,2.0103464876178347,2.640964011707934,0.6306175240900993,2.640964011707934,8.994826756191083,5.679517994146033,14.674344750337116,0.13026052104208416,0.7663845284810908,2.1969631382028303
1002,35,independent,2.2451929134833506,1.8495612967948727,yield,go,1,0.0,0.0,1,1,0,0.20541858473320385,2.241073964367991,1.890745561619016,0.3503284027489748,2.241073964367991,-20.0,-20.0,-40.0,0.0,0.0,2.2611419871147147
1002,35,fixed_priority,2.2451929134833506,1.8495612967948727,yield,go,1,0.0,0.8,1,0,0,0.26257447663753497,2.241073964367991,2.690929502332048,0.4498555379640572,2.690929502332048,8.879463017816004,5.654535248833976,14.53399826664998,0.0,0.0,2.2860213411847026
1002,35,hocbf_only,2.2451929134833506,1.8495612967948727,yield,go,1,0.0,0.0,1,0,0,0.3549593950572492,2.3566551996670255,1.7901210146577224,0.5665341850093031,2.3566551996670255,5.821672400166487,9.10493949267114,14.926611892837627,0.22199170124481327,0.5818726082315527,2.2611419871147147
1002,35,nash_game,2.2451929134833506,1.8495612967948727,yield,go,1,0.1043683833115221,0.0,1,0,0,0.27525096251919723,2.345443939118621,1.890745561619016,0.45469837749960496,2.345443939118621,5.82727803044069,9.054627219190492,14.881905249631181,0.0,0.0,2.2611419871147147
1002,35,nash_game_hocbf,2.2451929134833506,1.8495612967948727,yield,go,1,0.1043683833115221,0.0,1,0,0,0.3820868956183893,2.427557485394392,1.8234216737275908,0.6041358116668012,2.427557485394392,5.786221257302804,9.088289163136205,14.874510420439009,0.11561866125760649,0.7343966208079281,2.2611419871147147
1002,36,independent,2.205467094537033,1.9744331605503709,yield,go,1,0.0,0.0,1,1,0,0.140244362047999,2.1974465012358553,1.960773123431436,0.23667337780441922,2.1974465012358553,-20.0,-20.0,-40.0,0.0,0.0,1.920241670236572
1002,36,fixed_priority,2.205467094537033,1.9744331605503709,yield,go,1,0.0,0.8,1,0,0,0.3524123432048437,2.1974465012358553,2.760775858043478,0.5633293568076225,2.760775858043478,8.901276749382072,5.6196120709782615,14.520888820360334,0.0,0.0,1.9172430812536245
1002,36,hocbf_only,2.205467094537033,1.9744331605503709,yield,go,1,0.0,0.0,1,0,0,0.37198773572250426,2.32317774584097,1.847604988161519,0.47557275767945106,2.32317774584097,5.838411127079515,9.076197505919241,14.914608632998757,0.3481953290870488,0.8096634193226541,1.920241670236572
1002,36,nash_game,2.205467094537033,1.9744331605503709,yield,go,1,0.2689660660133377,0.0,1,0,0,0.30553555857096953,2.466424325268812,1.960773123431436,0.5056512018373758,2.466424325268812,5.7667878373655945,9.019613438284281,14.786401275649876,0.0,0.0,1.920241670236572
1002,36,nash_game_hocbf,2.205467094537033,1.9744331605503709,yield,go,1,0.2689660660133377,0.0,1,0,0,0.4018843651398971,2.539164661518668,1.9089263404926016,0.6302383210260663,2.539164661518668,5.730417669240666,9.045536829753699,14.775954498994365,0.11871227364185111,0.6314112742177552,1.920241670236572
1002,37,independent,1.9175656510783894,1.96695057476356,go,yield,0,0.0,0.0,1,1,0,0.02535685431966765,1.9422375839798338,1.939290163591678,0.0029474203881558747,1.9422375839798338,-20.0,-20.0,-40.0,0.0,0.0,2.1072401094666233
1002,37,fixed_priority,1.9175656510783894,1.96695057476356,go,yield,0,0.0,0.8,1,0,0,0.5034597409365937,1.9422375839798338,2.7392549242750555,0.7970173402952216,2.7392549242750555,9.028881208010084,5.630372537862472,14.659253745872556,0.0,0.0,2.107506738044059
1002,37,hocbf_only,1.9175656510783894,1.96695057476356,go,yield,0,0.0,0.0,1,0,0,0.3572016582645073,1.7690460893980247,2.1102257914273927,0.3411797020293681,2.1102257914273927,9.115476955300988,5.944887104286304,15.060364059587291,0.4386694386694387,1.1118380313140166,2.15057343125279
1002,37,nash_game,1.9175656510783894,1.96695057476356,go,yield,0,0.0,0.4506150763148291,1,0,0,0.26792921926693425,1.9422375839798338,2.3897207827372564,0.4474831987574226,2.3897207827372564,9.028881208010084,5.805139608631372,14.834020816641456,0.0,0.0,2.107434823018699
1002,37,nash_game_hocbf,1.9175656510783894,1.96695057476356,go,yield,0,0.0,0.4506150763148291,1,0,0,0.4028949089910062,1.86120874093551,2.4906981900234553,0.6294894490879452,2.4906981900234553,9.069395629532245,5.754650904988273,14.824046534520518,0.12927756653992395,0.783978240538611,2.128590809039194
1002,38,independent,2.1200475700953643,2.0670692058691635,yield,go,1,0.0,0.0,1,1,0,0.039046152497683145,2.1279763849247213,2.0640439380117748,0.06393244691294653,2.1279763849247213,-20.0,-20.0,-40.0,0.0,0.0,1.79074060989782
1002,38,fixed_priority,2.1200475700953643,2.0670692058691635,yield,go,1,0.0,0.8,1,0,0,0.4129029224494778,2.1279763849247213,2.864071628364375,0.7360952434396535,2.864071628364375,8.93601180753764,5.567964185817813,14.503975993355452,0.0,0.0,1.7912925247357652
1002,38,hocbf_only,2.1200475700953643,2.0670692058691635,yield,go,1,0.0,0.0,1,0,0,0.3549979090167513,2.1664407540356336,2.031483060555272,0.13495769348036157,2.1664407540356336,5.916779622982183,8.984258469722365,14.901038092704548,0.5020661157024794,1.0367493269994696,1.7235859476340847
1002,38,nash_game,2.1200475700953643,2.0670692058691635,yield,go,1,0.4470216357737993,0.0,1,0,0,0.30502075660413996,2.574985262358356,2.0640439380117748,0.510941324346581,2.574985262358356,5.712507368820822,8.967978030994113,14.680485399814934,0.0,0.0,1.79074060989782
1002,38,nash_game_hocbf,2.1200475700953643,2.0670692058691635,yield,go,1,0.4470216357737993,0.0,1,0,0,0.40755305780816986,2.6515941612035747,2.0056626558200663,0.6459315053835084,2.6515941612035747,5.674202919398213,8.997168672089966,14.671371591488178,0.16856060606060605,0.5018964563810665,1.79074060989782
1002,39,independent,1.893244210359011,2.0524900514479523,go,yield,0,0.0,0.0,1,1,0,0.1332583416635099,1.8818246856345016,2.120234054732126,0.23840936909762434,2.120234054732126,-20.0,-20.0,-40.0,0.0,0.0,2.515681277178502
1002,39,fixed_priority,1.893244210359011,2.0524900514479523,go,yield,0,0.0,0.8,1,0,0,0.5590434998202032,1.8818246856345016,2.9197511855967564,1.0379264999622548,2.9197511855967564,9.059087657182749,5.540124407201622,14.599212064384371,0.0,0.0,2.515681277178502
1002,39,hocbf_only,1.893244210359011,2.0524900514479523,go,yield,0,0.0,0.0,1,0,0,0.37422602540759936,1.8088177382122257,2.207446823343341,0.3986290851311154,2.207446823343341,9.095591130893887,5.8962765883283295,14.991867719222217,0.35064935064935066,1.0014307445468793,2.449684401581181
1002,39,nash_game,1.893244210359011,2.0524900514479523,go,yield,0,0.0,0.34075415891105854,1,0,0,0.3513490901924373,1.8818246856345016,2.4609686236697557,0.5791439380352541,2.4609686236697557,9.059087657182749,5.769515688165122,14.828603345347872,0.0,0.0,2.515681277178502
1002,39,nash_game_hocbf,1.893244210359011,2.0524900514479523,go,yield,0,0.0,0.34075415891105854,1,0,0,0.4401834654221473,1.8350153308283113,2.5231218820812287,0.6881065512529174,2.5231218820812287,9.082492334585844,5.738439058959385,14.82093139354523,0.09879032258064516,0.7021003756042314,2.475427305007467
1002,40,independent,1.993374941595212,1.9878259840316639,yield,go,1,0.0,0.0,1,1,0,0.04128485846102277,1.9498560184656772,1.9989217521794254,0.049065733713748116,1.9989217521794254,-20.0,-20.0,-40.0,0.0,0.0,2.5189777357330483
1002,40,fixed_priority,1.993374941595212,1.9878259840316639,yield,go,1,0.0,0.8,1,0,0,0.5968858737306519,1.9498560184656772,2.7989005356047376,0.8490445171390604,2.7989005356047376,9.025071990767161,5.600549732197631,14.625621722964793,0.0,0.0,2.5189777357330483
1002,40,hocbf_only,1.993374941595212,1.9878259840316639,yield,go,1,0.0,0.0,1,0,0,0.35860728752971477,1.955498562914693,1.9941690917323565,0.03867052881766342,1.9941690917323565,9.022250718542654,6.002915454133822,15.025166172676476,0.4113636363636364,1.193065019278209,2.4859681658695743
1002,40,nash_game,1.993374941595212,1.9878259840316639,yield,go,1,0.49445104243645166,0.0,1,0,0,0.2801442697514493,2.444077525161089,1.9989217521794254,0.44515577298166353,2.444077525161089,5.777961237419456,9.000539123910288,14.778500361329744,0.0,0.0,2.5191456920110107
1002,40,nash_game_hocbf,1.993374941595212,1.9878259840316639,yield,go,1,0.49445104243645166,0.0,1,0,0,0.41678499230585964,2.5480991345215114,1.9210659708633815,0.6270331636581299,2.5480991345215114,5.7259504327392445,9.03946701456831,14.765417447307554,0.12474437627811862,0.8757738220348095,2.5509524201846188
1002,41,independent,2.0932722464964613,1.9625473283849335,yield,go,1,0.0,0.0,1,1,0,0.06720882082219724,2.0736629406969143,1.9575014367399515,0.11616150395696279,2.0736629406969143,-20.0,-20.0,-40.0,0.0,0.0,1.6582485055776883
1002,41,fixed_priority,2.0932722464964613,1.9625473283849335,yield,go,1,0.0,0.8,1,0,0,0.4292468002836651,2.0736629406969143,2.7575012716281058,0.6838383309311915,2.7575012716281058,8.963168529651544,5.621249364185947,14.58441789383749,0.0,0.0,1.655727018341346
1002,41,hocbf_only,2.0932722464964613,1.9625473283849335,yield,go,1,0.0,0.0,1,0,0,0.3581336850278366,2.223622824502976,1.8229316709554615,0.4006911535475144,2.223622824502976,5.8881885877485125,9.088534164522269,14.976722752270781,0.417910447761194,0.9602501486912886,1.6909321575414105
1002,41,nash_game,2.0932722464964613,1.9625473283849335,yield,go,1,0.369275081888472,0.0,1,0,0,0.28919039333737445,2.4429191809761774,1.9575014367399515,0.48541774423622597,2.4429191809761774,5.778540409511911,9.021249281630023,14.799789691141935,0.0,0.0,1.6582485055776883
1002,41,nash_game_hocbf,2.0932722464964613,1.9625473283849335,yield,go,1,0.369275081888472,0.0,1,0,0,0.39513601402271115,2.524109996956462,1.8980358362847913,0.6260741606716707,2.524109996956462,5.737945001521769,9.050982081857605,14.788927083379374,0.12475247524752475,0.6545405653605717,1.6709203054028998
1002,42,independent,2.149297833883071,1.9796100991795869,yield,go,1,0.0,0.0,1,1,0,0.07974182513074507,2.1298963813663865,2.0058391181249404,0.12405726324144606,2.1298963813663865,-20.0,-20.0,-40.0,0.0,0.0,2.312669497347562
1002,42,fixed_priority,2.149297833883071,1.9796100991795869,yield,go,1,0.0,0.8,1,0,0,0.42084589381151766,2.1298963813663865,2.8057748286996973,0.6758784473333108,2.8057748286996973,8.935051809316807,5.597112585650152,14.532164394966959,0.0,0.0,2.312500857448765
1002,42,hocbf_only,2.149297833883071,1.9796100991795869,yield,go,1,0.0,0.0,1,0,0,0.3475206803745324,2.1506363982253855,1.9983960477911056,0.15224035043427997,2.1506363982253855,5.924681800887307,9.000801976104448,14.925483776991754,0.37014314928425357,1.22762624631132,2.271462597707077
1002,42,nash_game,2.149297833883071,1.9796100991795869,yield,go,1,0.330312265296516,0.0,1,0,0,0.27929076535188224,2.4602171382825397,2.0058391181249404,0.4543780201575993,2.4602171382825397,5.76989143085873,8.99708044093753,14.766971871796262,0.0,0.0,2.312669497347562
1002,42,nash_game_hocbf,2.149297833883071,1.9796100991795869,yield,go,1,0.330312265296516,0.0,1,0,0,0.3824236654267232,2.5431033332457043,1.942313395068701,0.6007899381770032,2.5431033332457043,5.728448333377148,9.02884330246565,14.757291635842797,0.12643678160919541,0.6319540654251012,2.2659602539608787
1002,43,independent,2.1071937793678885,2.1054680794779026,yield,go,1,0.0,0.0,1,1,0,0.018684982887395833,2.1221813791917996,2.0985541953965936,0.023627183795206008,2.1221813791917996,-20.0,-20.0,-40.0,0.0,0.0,1.6493314693116798
1002,43,fixed_priority,2.1071937793678885,2.1054680794779026,yield,go,1,0.0,0.8,1,0,0,0.5001390263631482,2.1221813791917996,2.8986105207571584,0.7764291415653588,2.8986105207571584,8.9389093104041,5.550694739621421,14.48960405002552,0.0,0.0,1.6493541295190626
1002,43,hocbf_only,2.1071937793678885,2.1054680794779026,yield,go,1,0.0,0.0,1,0,0,0.36132814728917295,2.107325106178677,2.1133358828786895,0.006010776700012599,2.1133358828786895,8.946337446910661,5.943332058560655,14.889669505471316,0.40842105263157896,1.1358052108510248,1.6222826115222275
1002,43,nash_game,2.1071937793678885,2.1054680794779026,yield,go,1,0.49827430011001406,0.0,1,0,0,0.3080484166025279,2.6204210544790816,2.0985541953965936,0.521866859082488,2.6204210544790816,5.689789472760459,8.950722902301703,14.640512375062162,0.0,0.0,1.6493314693116798
1002,43,nash_game_hocbf,2.1071937793678885,2.1054680794779026,yield,go,1,0.49827430011001406,0.0,1,0,0,0.3995868026361467,2.687789143650305,2.0457650633279627,0.6420240803223423,2.687789143650305,5.656105428174848,8.977117468336019,14.633222896510865,0.1180952380952381,0.5794977750285268,1.6130616955375003
1002,44,independent,2.028897406191791,1.851242109831283,yield,go,1,0.0,0.0,1,1,0,0.07760023307825523,1.9719316725175966,1.8538594834440953,0.11807218907350125,1.9719316725175966,-20.0,-20.0,-40.0,0.0,0.0,2.225223215620163
1002,44,fixed_priority,2.028897406191791,1.851242109831283,yield,go,1,0.0,0.8,1,0,0,0.44211530351557815,1.9719316725175966,2.6538663939862506,0.681934721468654,2.6538663939862506,9.014034163741202,5.673066803006875,14.687100966748076,0.0,0.0,2.2319291350578006
1002,44,hocbf_only,2.028897406191791,1.851242109831283,yield,go,1,0.0,0.0,1,0,0,0.3665089005090131,2.0840124955531265,1.7574525604338824,0.3265599351192441,2.0840124955531265,5.9579937522234365,9.121273719783058,15.079267472006496,0.4041095890410959,0.930013940959182,2.1986515915054947
1002,44,nash_game,2.028897406191791,1.851242109831283,yield,go,1,0.32234470363949175,0.0,1,0,0,0.27509804520493103,2.293971828884166,1.8538594834440953,0.44011234544007083,2.293971828884166,5.853014085557917,9.073070258277951,14.926084343835868,0.0,0.0,2.225223215620163
1002,44,nash_game_hocbf,2.028897406191791,1.851242109831283,yield,go,1,0.32234470363949175,0.0,1,0,0,0.40230690112225226,2.391831389576283,1.7868103793115826,0.6050210102647005,2.391831389576283,5.804084305211859,9.106594810344209,14.910679115556068,0.12526539278131635,0.8332233232140346,2.225223215620163
1002,45,independent,2.1083839003773766,1.949987373225595,yield,go,1,0.0,0.0,1,1,0,0.0979695807436069,2.096632734076584,1.9343235931740204,0.16230914090256365,2.096632734076584,-20.0,-20.0,-40.0,0.0,0.0,2.296305045034632
1002,45,fixed_priority,2.1083839003773766,1.949987373225595,yield,go,1,0.0,0.8,1,0,0,0.4173778292814064,2.096632734076584,2.7342977857484225,0.6376650516718385,2.7342977857484225,8.951683632961707,5.632851107125789,14.584534740087495,0.0,0.0,2.296305045034632
1002,45,hocbf_only,2.1083839003773766,1.949987373225595,yield,go,1,0.0,0.0,1,0,0,0.3691611729740373,2.2548450811833813,1.7837101054355202,0.4711349757478611,2.2548450811833813,5.872577459408309,9.10814494728224,14.98072240669055,0.42290748898678415,0.7959059824713286,2.349627491608091
1002,45,nash_game,2.1083839003773766,1.949987373225595,yield,go,1,0.34160347284821846,0.0,1,0,0,0.30465477127093105,2.4382295139835337,1.9343235931740204,0.5039059208095134,2.4382295139835337,5.780885243008234,9.03283820341299,14.813723446421223,0.0,0.0,2.2964942457478723
1002,45,nash_game_hocbf,2.1083839003773766,1.949987373225595,yield,go,1,0.34160347284821846,0.0,1,0,0,0.41806958244383097,2.5207800842284898,1.8731046309292476,0.6476754532992421,2.5207800842284898,5.739609957885755,9.063447684535376,14.80305764242113,0.1290983606557377,0.6966493979962937,2.3233019225880214
1002,46,independent,1.7040646803618582,2.1000774384751,go,yield,0,0.0,0.0,1,1,0,0.22039540042959307,1.7160672958449776,2.096841108907604,0.38077381306262614,2.096841108907604,-20.0,-20.0,-40.0,0.0,0.0,2.1325851258464987
1002,46,fixed_priority,1.7040646803618582,2.1000774384751,go,yield,0,0.0,0.8,1,0,0,0.46382125934954027,1.7160672958449776,2.896868981999637,1.1808016861546595,2.896868981999637,9.14196635207751,5.551565509000182,14.693531861077691,0.0,0.0,2.1325851258464987
1002,46,hocbf_only,1.7040646803618582,2.1000774384751,go,yield,0,0.0,0.0,1,0,0,0.3613509294712272,1.6314245968810106,2.2015324540839933,0.5701078572029827,2.2015324540839933,9.184287701559494,5.899233772958003,15.083521474517497,0.31157894736842107,0.46624315351781204,2.127527582556922
1002,46,nash_game,1.7040646803618582,2.1000774384751,go,yield,0,0.0,0.10398724188675823,1,0,0,0.2874386920537871,1.7160672958449776,2.2008221362166194,0.48475484037164174,2.2008221362166194,9.14196635207751,5.8995889318916905,15.0415552839692,0.0,0.0,2.1325851258464987
1002,46,nash_game_hocbf,1.7040646803618582,2.1000774384751,go,yield,0,0.0,0.10398724188675823,1,0,0,0.38092719765445976,1.6639783170950857,2.273774264248753,0.6097959471536674,2.273774264248753,9.168010841452457,5.863112867875623,15.03112370932808,0.11316872427983539,0.6632681842057092,2.1325851258464987
1002,47,independent,1.8916111161259839,2.0525135902369724,go,yield,0,0.0,0.0,1,1,0,0.09424492025994978,1.8889080256935635,2.057934601170582,0.1690265754770186,2.057934601170582,-20.0,-20.0,-40.0,0.0,0.0,2.564108556263455
1002,47,fixed_priority,1.8916111161259839,2.0525135902369724,go,yield,0,0.0,0.8,1,0,0,0.4231094379672186,1.8889080256935635,2.8579149045978722,0.9690068789043087,2.8579149045978722,9.055545987153218,5.571042547701063,14.626588534854282,0.0,0.0,2.564108556263455
1002,47,hocbf_only,1.8916111161259839,2.0525135902369724,go,yield,0,0.0,0.0,1,0,0,0.3630134064030069,1.8761882739852165,2.0909000190852027,0.21471174509998625,2.0909000190852027,9.061905863007391,5.954549990457399,15.016455853464791,0.4053452115812918,1.101814694949676,2.5226365017940813
1002,47,nash_game,1.8916111161259839,2.0525135902369724,go,yield,0,0.0,0.3390975258890112,1,0,0,0.3115875969961122,1.8889080256935635,2.397038185748991,0.5081301600554275,2.397038185748991,9.055545987153218,5.801480907125504,14.857026894278722,0.0,0.0,2.564108556263455
1002,47,nash_game_hocbf,1.8916111161259839,2.0525135902369724,go,yield,0,0.0,0.3390975258890112,1,0,0,0.4122364609067864,1.8354244178404293,2.474631023031635,0.6392066051912055,2.474631023031635,9.082287791079786,5.762684488484183,14.844972279563969,0.22153209109730848,0.5361516668123124,2.5168669508266945
1002,48,independent,1.9971220232531142,2.0725413657765808,go,yield,0,0.0,0.0,1,1,0,0.03333245115544186,2.0369475883990558,2.0652279032123038,0.028280314813247998,2.0652279032123038,-20.0,-20.0,-40.0,0.0,0.0,1.6178082171723076
1002,48,fixed_priority,1.9971220232531142,2.0725413657765808,go,yield,0,0.0,0.8,1,0,0,0.47206247009079233,2.0369475883990558,2.865274499105694,0.8283269107066382,2.865274499105694,8.981526205800472,5.567362750447153,14.548888956247625,0.0,0.0,1.6178082171723076
1002,48,hocbf_only,1.9971220232531142,2.0725413657765808,go,yield,0,0.0,0.0,1,0,0,0.3467252986538789,1.9454221785697654,2.161900156749905,0.2164779781801398,2.161900156749905,9.027288910715118,5.919049921625048,14.946338832340166,0.47835497835497837,1.0955017459550922,1.618896281051487
1002,48,nash_game,1.9971220232531142,2.0725413657765808,go,yield,0,0.0,0.4245806574765334,1,0,0,0.2703023800224583,2.0369475883990558,2.489803110589776,0.45285552219072045,2.489803110589776,8.981526205800472,5.755098444705112,14.736624650505584,0.0,0.0,1.6178082171723076
1002,48,nash_game_hocbf,1.9971220232531142,2.0725413657765808,go,yield,0,0.0,0.4245806574765334,1,0,0,0.377078012455123,1.9682183372294604,2.5715929437540725,0.6033746065246122,2.5715929437540725,9.01589083138527,5.7142035281229635,14.730094359508234,0.12896825396825398,0.6453319102269083,1.6178082171723076
1002,49,independent,2.2523766391065583,1.914215912668831,yield,go,1,0.0,0.0,1,1,0,0.1972421292793421,2.2954502435875574,1.9492914600979994,0.3461587834895581,2.2954502435875574,-20.0,-20.0,-40.0,0.0,0.0,1.7944136239111406
1002,49,fixed_priority,2.2523766391065583,1.914215912668831,yield,go,1,0.0,0.8,1,0,0,0.27092016955962656,2.2954502435875574,2.7493099381550596,0.4538596945675022,2.7493099381550596,8.852274878206222,5.62534503092247,14.477619909128691,0.0,0.0,1.8131659550154142
1002,49,hocbf_only,2.2523766391065583,1.914215912668831,yield,go,1,0.0,0.0,1,0,0,0.3727018033296855,2.4126318494401677,1.8265390506455905,0.5860927987945772,2.4126318494401677,5.793684075279916,9.086730474677205,14.880414549957122,0.2242798353909465,0.6891204363491017,1.7944136239111406
1002,49,nash_game,2.2523766391065583,1.914215912668831,yield,go,1,0.16183927356227246,0.0,1,0,0,0.2991302580599633,2.4572399848981537,1.9492914600979994,0.5079485248001543,2.4572399848981537,5.771380007550923,9.025354269951,14.796734277501923,0.0,0.0,1.7944136239111406
1002,49,nash_game_hocbf,2.2523766391065583,1.914215912668831,yield,go,1,0.16183927356227246,0.0,1,0,0,0.4044161895539525,2.5291877304733963,1.882044296745881,0.6471434337275153,2.5291877304733963,5.735406134763302,9.05897785162706,14.794383986390361,0.13147410358565736,0.620481402761103,1.7944136239111406
1002,50,independent,2.1100106387124735,2.1273700896691965,go,yield,0,0.0,0.0,1,1,0,0.06245398347040558,2.0862973253385086,2.1037104792420083,0.017413153903499623,2.1037104792420083,-20.0,-20.0,-40.0,0.0,0.0,1.8468135183584673
1002,50,fixed_priority,2.1100106387124735,2.1273700896691965,go,yield,0,0.0,0.8,1,0,0,0.5325132307315277,2.0862973253385086,2.903888993342173,0.8175916680036646,2.903888993342173,8.956851337330745,5.548055503328913,14.504906840659658,0.0,0.0,1.8469683114236
1002,50,hocbf_only,2.1100106387124735,2.1273700896691965,go,yield,0,0.0,0.0,1,0,0,0.3678370311303369,1.940822614715919,2.2498594515015355,0.30903683678561644,2.2498594515015355,9.02958869264204,5.875070274249232,14.904658966891272,0.43157894736842106,1.0627519955120386,1.8763654397380356
1002,50,nash_game,2.1100106387124735,2.1273700896691965,go,yield,0,0.0,0.482640549043277,1,0,0,0.3034444803038735,2.0862973253385086,2.586395255263691,0.5000979299251824,2.586395255263691,8.956851337330745,5.706802372368155,14.663653709698899,0.0,0.0,1.847008766967972
1002,50,nash_game_hocbf,2.1100106387124735,2.1273700896691965,go,yield,0,0.0,0.482640549043277,1,0,0,0.4139229438813167,2.023774459772573,2.6686195843214713,0.6448451245488984,2.6686195843214713,8.988112770113714,5.665690207839265,14.653802977952978,0.13001912045889102,0.6405187780210784,1.8603652724143278
1002,51,independent,1.859809242970485,1.635792831456241,yield,go,1,0.0,0.0,1,1,0,0.18278166790080833,1.9226927754282095,1.5990078561159926,0.3236849193122169,1.9226927754282095,-20.0,-20.0,-40.0,0.0,0.0,2.5409762425324716
1002,51,fixed_priority,1.859809242970485,1.635792831456241,yield,go,1,0.0,0.8,1,0,0,0.3281057655377567,1.9226927754282095,2.397467394964897,0.47477461953668754,2.397467394964897,9.038653612285895,5.8012663025175515,14.839919914803446,0.0,0.0,2.5409762425324716
1002,51,hocbf_only,1.859809242970485,1.635792831456241,yield,go,1,0.0,0.0,1,0,0,0.3955387840432951,2.0510935362768916,1.4708568781261337,0.5802366581507579,2.0510935362768916,5.974453231861554,9.264571560936933,15.239024792798487,0.29603729603729606,0.7442558997962099,2.5409762425324716
1002,51,nash_game,1.859809242970485,1.635792831456241,yield,go,1,0.275983588485756,0.0,1,0,0,0.3635036773221773,2.199121038475009,1.5990078561159926,0.6001131823590162,2.199121038475009,5.900439480762495,9.200496071942004,15.100935552704499,0.0,0.0,2.57237125109558
1002,51,nash_game_hocbf,1.859809242970485,1.635792831456241,yield,go,1,0.275983588485756,0.0,1,0,0,0.48790156877751806,2.2781881598780322,1.543351404427764,0.7348367554502682,2.2781881598780322,5.860905920060984,9.228324297786118,15.089230217847103,0.11816192560175055,0.8788964166624252,2.57237125109558
1002,52,independent,1.8024008714571118,1.858439293725189,go,yield,0,0.0,0.0,1,1,0,0.05875356837506752,1.7939414586994622,1.8953704390553263,0.10142898035586412,1.8953704390553263,-20.0,-20.0,-40.0,0.0,0.0,2.496763070997133
1002,52,fixed_priority,1.8024008714571118,1.858439293725189,go,yield,0,0.0,0.8,1,0,0,0.47851366581479854,1.7939414586994622,2.6955249959481673,0.9015835372487051,2.6955249959481673,9.10302927065027,5.652237502025916,14.755266772676187,0.0,0.0,2.496763070997133
1002,52,hocbf_only,1.8024008714571118,1.858439293725189,go,yield,0,0.0,0.0,1,0,0,0.3566113673574984,1.8688071812843612,1.816485816638148,0.052321364646213286,1.8688071812843612,6.06559640935782,9.091757091680925,15.157353501038745,0.4289044289044289,1.2231069078060193,2.506424305581624
1002,52,nash_game,1.8024008714571118,1.858439293725189,go,yield,0,0.0,0.4439615777319228,1,0,0,0.33603926844935145,1.7939414586994622,2.339655171272663,0.545713712573201,2.339655171272663,9.10302927065027,5.830172414363668,14.933201685013938,0.0,0.0,2.496763070997133
1002,52,nash_game_hocbf,1.8024008714571118,1.858439293725189,go,yield,0,0.0,0.4439615777319228,1,0,0,0.4415277312358496,1.7408174336579247,2.416619717853084,0.6758022841951592,2.416619717853084,9.129591283171038,5.791690141073458,14.921281424244496,0.14587737843551796,0.6130534646411754,2.4618869061447892
1002,53,independent,2.0470809262383796,2.0795595167533407,go,yield,0,0.0,0.0,1,1,0,0.022147273777785758,2.065423692165054,2.102009369576335,0.03658567741128094,2.102009369576335,-20.0,-20.0,-40.0,0.0,0.0,2.028493303488307
1002,53,fixed_priority,2.0470809262383796,2.0795595167533407,go,yield,0,0.0,0.8,1,0,0,0.429437618102878,2.065423692165054,2.901873492857332,0.8364498006922778,2.901873492857332,8.967288153917472,5.549063253571334,14.516351407488806,0.0,0.0,2.0283682568233505
1002,53,hocbf_only,2.0470809262383796,2.0795595167533407,go,yield,0,0.0,0.0,1,0,0,0.3608040416314965,1.8656623884041734,2.2919707400381477,0.4263083516339743,2.2919707400381477,9.067168805797913,5.854014629980926,14.92118343577884,0.47956989247311826,1.0866321506396637,2.1109368513787934
1002,53,nash_game,2.0470809262383796,2.0795595167533407,go,yield,0,0.0,0.46752140948503884,1,0,0,0.3008066270368419,2.065423692165054,2.5695037002586925,0.5040800080936383,2.5695037002586925,8.967288153917472,5.7152481498706535,14.682536303788126,0.0,0.0,2.028547592523084
1002,53,nash_game_hocbf,2.0470809262383796,2.0795595167533407,go,yield,0,0.0,0.46752140948503884,1,0,0,0.4212969588474522,1.9904584755795733,2.653152614399696,0.6626941388201226,2.653152614399696,9.004770762210214,5.673423692800152,14.678194455010367,0.18590998043052837,0.5598669311495995,2.0390221307546663
1002,54,independent,2.0784232365128847,2.205087236304952,go,yield,0,0.0,0.0,1,1,0,0.10575915838967061,2.045596115457341,2.235306498525387,0.189710383068046,2.235306498525387,-20.0,-20.0,-40.0,0.0,0.0,1.8286718463604603
1002,54,fixed_priority,2.0784232365128847,2.205087236304952,go,yield,0,0.0,0.8,1,0,0,0.6691034105348974,2.045596115457341,3.035025720398618,0.989429604941277,3.035025720398618,8.977201942271329,5.482487139800691,14.45968908207202,0.0,0.0,1.8285486735902583
1002,54,hocbf_only,2.0784232365128847,2.205087236304952,go,yield,0,0.0,0.0,1,0,0,0.3673968416924839,1.8854407228133876,2.404684242265802,0.5192435194524145,2.404684242265802,9.057279638593306,5.797657878867099,14.854937517460405,0.4330543933054393,0.8413657227521012,1.8839824533809444
1002,54,nash_game,2.0784232365128847,2.205087236304952,go,yield,0,0.0,0.3733360002079329,1,0,0,0.3320679566307357,2.045596115457341,2.6085518306699726,0.5629557152126314,2.6085518306699726,8.977201942271329,5.695724084665014,14.672926026936342,0.0,0.0,1.8284495344844092
1002,54,nash_game_hocbf,2.0784232365128847,2.205087236304952,go,yield,0,0.0,0.3733360002079329,1,0,0,0.42757297650380716,1.9937547827004054,2.6763101801532567,0.6825553974528513,2.6763101801532567,9.003122608649797,5.661844909923372,14.664967518573167,0.12015503875968993,0.598579989853657,1.8434370400636368
1002,55,independent,2.193508561606966,1.850206382806979,yield,go,1,0.0,0.0,1,1,0,0.1728835396497964,2.161582507369557,1.8711512768648972,0.2904312305046599,2.161582507369557,-20.0,-20.0,-40.0,0.0,0.0,2.0722189998984515
1002,55,fixed_priority,2.193508561606966,1.850206382806979,yield,go,1,0.0,0.8,1,0,0,0.30163618010547183,2.161582507369557,2.6712742208623372,0.5096917134927801,2.6712742208623372,8.91920874631522,5.664362889568832,14.583571635884052,0.0,0.0,2.0812773237334596
1002,55,hocbf_only,2.193508561606966,1.850206382806979,yield,go,1,0.0,0.0,1,0,0,0.35298442658383666,2.2790586304336538,1.774626815874026,0.5044318145596278,2.2790586304336538,5.860470684783174,9.112686592062987,14.97315727684616,0.3689727463312369,0.7896081635691489,1.9985263278234604
1002,55,nash_game,2.193508561606966,1.850206382806979,yield,go,1,0.1566978212000132,0.0,1,0,0,0.2696045995369234,2.3182670915253336,1.8711512768648972,0.4471158146604364,2.3182670915253336,5.840866454237333,9.064424361567552,14.905290815804886,0.0,0.0,2.0722189998984515
1002,55,nash_game_hocbf,2.193508561606966,1.850206382806979,yield,go,1,0.1566978212000132,0.0,1,0,0,0.36635322477717386,2.3967676224697825,1.8135456953388724,0.58322192713091,2.3967676224697825,5.8016161887651085,9.093227152330563,14.894843341095672,0.2129817444219067,0.5081172046490874,2.0537213605882485
1002,56,independent,2.3139793445616745,1.8891118457893494,yield,go,1,0.0,0.0,1,0,0,0.2634610807948816,2.332665901133962,1.8748778231639733,0.45778807796998877,2.332665901133962,5.833667049433019,9.062561088418013,14.896228137851033,0.0,0.0,1.9149699154495128
1002,56,fixed_priority,2.3139793445616745,1.8891118457893494,yield,go,1,0.0,0.8,1,1,0,0.19909218713366664,2.332665901133962,2.6747846431940228,0.34211874206006065,2.6747846431940228,-20.0,-20.0,-40.0,0.0,0.0,1.9146655082364263
1002,56,hocbf_only,2.3139793445616745,1.8891118457893494,yield,go,1,0.0,0.0,1,0,0,0.37127361387961866,2.4142325198764296,1.8121111561255263,0.6021213637509033,2.4142325198764296,5.792883740061785,9.093944421937238,14.886828161999023,0.22606924643584522,0.4169923886953479,1.9149699154495128
1002,56,nash_game,2.3139793445616745,1.8891118457893494,yield,go,1,0.0751325012276749,0.0,1,0,0,0.31146581514394345,2.4077891470819366,1.8748778231639733,0.5329113239179633,2.4077891470819366,5.7961054264590315,9.062561088418013,14.858666514877044,0.0,0.0,1.9149699154495128
1002,56,nash_game_hocbf,2.3139793445616745,1.8891118457893494,yield,go,1,0.0751325012276749,0.0,1,0,0,0.3888919138401333,2.46678740366004,1.8332423681268608,0.6335450355331793,2.46678740366004,5.76660629816998,9.08337881593657,14.849985114106548,0.11244979919678715,0.5418711662341021,1.9149699154495128
1002,57,independent,2.283911281572154,1.9915791258782791,yield,go,1,0.0,0.0,1,1,0,0.1346534539658756,2.2437565548056533,2.011141249752795,0.2326153050528581,2.2437565548056533,-20.0,-20.0,-40.0,0.0,0.0,2.1501042290335235
1002,57,fixed_priority,2.283911281572154,1.9915791258782791,yield,go,1,0.0,0.8,1,0,0,0.3437891675582402,2.2437565548056533,2.8110871923763523,0.567330637570699,2.8110871923763523,8.878121722597173,5.594456403811824,14.472578126408997,0.0,0.0,2.1501042290335235
1002,57,hocbf_only,2.283911281572154,1.9915791258782791,yield,go,1,0.0,0.0,1,0,0,0.3584570560250937,2.395785687725323,1.8660325085630465,0.5297531791622765,2.395785687725323,5.802107156137339,9.066983745718478,14.869090901855817,0.2995689655172414,0.7622933611186771,2.1943781320736777
1002,57,nash_game,2.283911281572154,1.9915791258782791,yield,go,1,0.20766784430612528,0.0,1,0,0,0.26558043600457065,2.4514738320060196,2.011141249752795,0.44033258225322447,2.4514738320060196,5.77426308399699,8.994429375123602,14.768692459120592,0.0,0.0,2.15022835097441
1002,57,nash_game_hocbf,2.283911281572154,1.9915791258782791,yield,go,1,0.20766784430612528,0.0,1,0,0,0.3850413274369825,2.54139639149686,1.938984772832164,0.602411618664696,2.54139639149686,5.72930180425157,9.030507613583918,14.759809417835488,0.13814432989690723,0.6961845826309608,2.175246442185468
1002,58,independent,2.266637686652471,2.1937898047958457,yield,go,1,0.0,0.0,1,1,0,0.05548139273556781,2.2871753454638584,2.1961892978520487,0.09098604761180962,2.2871753454638584,-20.0,-20.0,-40.0,0.0,0.0,1.764182559972357
1002,58,fixed_priority,2.266637686652471,2.1937898047958457,yield,go,1,0.0,0.8,1,0,0,0.41816978395830195,2.2871753454638584,2.996182302077714,0.7090069566138557,2.996182302077714,8.856412327268071,5.501908848961143,14.358321176229214,0.0,0.0,1.764182559972357
1002,58,hocbf_only,2.266637686652471,2.1937898047958457,yield,go,1,0.0,0.0,1,0,0,0.3583947224859675,2.4552887287473837,2.0335227892996772,0.42176593944770646,2.4552887287473837,5.772355635626308,8.983238605350161,14.75559424097647,0.51931330472103,0.9354413502790252,1.8229482215623554
1002,58,nash_game,2.266637686652471,2.1937898047958457,yield,go,1,0.4271521181433746,0.0,1,0,0,0.3077948272413272,2.7142328054229554,2.1961892978520487,0.5180435075709067,2.7142328054229554,5.642883597288522,8.901905351073976,14.544788948362498,0.0,0.0,1.7639974971742833
1002,58,nash_game_hocbf,2.266637686652471,2.1937898047958457,yield,go,1,0.4271521181433746,0.0,1,0,0,0.404176184231806,2.783609809254455,2.1364567448549066,0.6471530643995482,2.783609809254455,5.608195095372773,8.931771627572546,14.53996672294532,0.18664047151277013,0.4733510074181685,1.7585270938119588
1002,59,independent,2.1989371218306326,1.987567681636769,yield,go,1,0.0,0.0,1,1,0,0.0991029689776311,2.193158874667512,2.019572570069355,0.17358630459815716,2.193158874667512,-20.0,-20.0,-40.0,0.0,0.0,1.7193912705478283
1002,59,fixed_priority,2.1989371218306326,1.987567681636769,yield,go,1,0.0,0.8,1,0,0,0.38340031119754603,2.193158874667512,2.819467716768968,0.626308842101456,2.819467716768968,8.903420562666245,5.5902661416155155,14.49368670428176,0.0,0.0,1.7213997871386042
1002,59,hocbf_only,2.1989371218306326,1.987567681636769,yield,go,1,0.0,0.0,1,0,0,0.3535195189880949,2.3784277284948794,1.83640323457455,0.5420244939203294,2.3784277284948794,5.8107861357525605,9.081798382712725,14.892584518465284,0.5061475409836066,0.6654378685440357,1.784015929337385
1002,59,nash_game,2.1989371218306326,1.987567681636769,yield,go,1,0.28863055980613606,0.0,1,0,0,0.27451290196469746,2.4818002384023483,2.019572570069355,0.46222766833299334,2.4818002384023483,5.759099880798826,8.990213714965323,14.74931359576415,0.0,0.0,1.7194473447424155
1002,59,nash_game_hocbf,2.1989371218306326,1.987567681636769,yield,go,1,0.28863055980613606,0.0,1,0,0,0.39034801775322814,2.567950161837464,1.9463446544157208,0.6216055074217433,2.567950161837464,5.716024919081268,9.02682767279214,14.742852591873408,0.12959381044487428,0.6739110036687301,1.7349570333157671
1002,60,independent,1.8450582741330739,1.874412548401612,go,yield,0,0.0,0.0,1,1,0,0.016837488057135093,1.8650432703987327,1.8931756948707277,0.028132424471994932,1.8931756948707277,-20.0,-20.0,-40.0,0.0,0.0,2.2384167516081703
1002,60,fixed_priority,1.8450582741330739,1.874412548401612,go,yield,0,0.0,0.8,1,0,0,0.5674054163247102,1.8650432703987327,2.6932571079100467,0.8282138375113139,2.6932571079100467,9.067478364800634,5.653371446044977,14.72084981084561,0.0,0.0,2.2384167516081703
1002,60,hocbf_only,1.8450582741330739,1.874412548401612,go,yield,0,0.0,0.0,1,0,0,0.36252546081417064,1.9584225496857413,1.793666330764811,0.16475621892093018,1.9584225496857413,6.0207887251571295,9.103166834617594,15.123955559774725,0.4021505376344086,1.188906400320657,2.236113040502639
1002,60,nash_game,1.8450582741330739,1.874412548401612,go,yield,0,0.0,0.4706457257314618,1,0,0,0.30167183381790075,1.8650432703987327,2.3639825697521326,0.49893929935339987,2.3639825697521326,9.067478364800634,5.818008715123934,14.885487079924568,0.0,0.0,2.2384167516081703
1002,60,nash_game_hocbf,1.8450582741330739,1.874412548401612,go,yield,0,0.0,0.4706457257314618,1,0,0,0.4066656725582506,1.806182125082504,2.442263676159368,0.636081551076864,2.442263676159368,9.096908937458748,5.778868161920316,14.875777099379064,0.10546875,0.760217051226755,2.2384167516081703
1002,61,independent,2.0426401111905133,2.24124754857925,go,yield,0,0.0,0.0,1,1,0,0.1322041693655291,2.016301149817722,2.2518740015210423,0.2355728517033202,2.2518740015210423,-20.0,-20.0,-40.0,0.0,0.0,1.9247847074797264
1002,61,fixed_priority,2.0426401111905133,2.24124754857925,go,yield,0,0.0,0.8,1,0,0,0.477172991275995,2.016301149817722,3.051788075993862,1.03548692617614,3.051788075993862,8.99184942509114,5.474105962003069,14.465955387094208,0.0,0.0,1.9247243427509269
1002,61,hocbf_only,2.0426401111905133,2.24124754857925,go,yield,0,0.0,0.0,1,0,0,0.36458301002769933,1.8571072555261128,2.4136859258648076,0.5565786703386948,2.4136859258648076,9.071446372236943,5.793157037067596,14.86460340930454,0.34130434782608693,0.8081401668436441,1.9762881910266532
1002,61,nash_game,2.0426401111905133,2.24124754857925,go,yield,0,0.0,0.30139256261126324,1,0,0,0.32035760610860675,2.016301149817722,2.553244520057828,0.5369433702401061,2.553244520057828,8.99184942509114,5.723377739971086,14.715227165062226,0.0,0.0,1.9248025698717266
1002,61,nash_game_hocbf,2.0426401111905133,2.24124754857925,go,yield,0,0.0,0.30139256261126324,1,0,0,0.4155859084530717,1.9635637644662163,2.623451270620184,0.6598875061539675,2.623451270620184,9.018218117766892,5.688274364689908,14.7064924824568,0.1510204081632653,0.5092388958305719,1.941782030854831
1002,62,independent,2.0423262804330293,2.1309945695226022,go,yield,0,0.0,0.0,1,1,0,0.11322109996483605,2.015436449820692,2.2019278362384953,0.18649138641780327,2.2019278362384953,-20.0,-20.0,-40.0,0.0,0.0,2.3293138854497792
1002,62,fixed_priority,2.0423262804330293,2.1309945695226022,go,yield,0,0.0,0.8,1,0,0,0.5000996998191114,2.015436449820692,3.0012844097612006,0.9858479599405086,3.0012844097612006,8.992281775089655,5.4993577951193995,14.491639570209054,0.0,0.0,2.3293138854497792
1002,62,hocbf_only,2.0423262804330293,2.1309945695226022,go,yield,0,0.0,0.0,1,0,0,0.3816072883416848,1.912766250997333,2.3099602999500224,0.3971940489526893,2.3099602999500224,9.043616874501334,5.845019850024989,14.888636724526322,0.38876889848812096,0.9205661622539044,2.253860334244209
1002,62,nash_game,2.0423262804330293,2.1309945695226022,go,yield,0,0.0,0.4113317109104271,1,0,0,0.3634675175883522,2.015436449820692,2.6130324951440946,0.5975960453234026,2.6130324951440946,8.992281775089655,5.6934837524279525,14.685765527517606,0.0,0.0,2.3293138854497792
1002,62,nash_game_hocbf,2.0423262804330293,2.1309945695226022,go,yield,0,0.0,0.4113317109104271,1,0,0,0.4508495426498984,1.968891603307681,2.6709578357119708,0.7020662324042897,2.6709578357119708,9.015554198346159,5.664521082144015,14.680075280490174,0.1746031746031746,0.6042342942092847,2.213674341232955
1002,63,independent,2.097945058784405,1.9557100399094842,yield,go,1,0.0,0.0,1,1,0,0.075928509581396,2.0543142046689056,1.9499893746045702,0.10432483006433535,2.0543142046689056,-20.0,-20.0,-40.0,0.0,0.0,2.0491574370540087
1002,63,fixed_priority,2.097945058784405,1.9557100399094842,yield,go,1,0.0,0.8,1,0,0,0.3620600305908092,2.0543142046689056,2.7499857679093447,0.6956715632404391,2.7499857679093447,8.972842897665547,5.625007116045328,14.597850013710875,0.0,0.0,2.0491699233055107
1002,63,hocbf_only,2.097945058784405,1.9557100399094842,yield,go,1,0.0,0.0,1,0,0,0.34840594800629177,2.259152063404253,1.7622051968718089,0.4969468665324439,2.259152063404253,5.870423968297874,9.118897401564096,14.989321369861969,0.5431578947368421,0.7895801394542294,2.167012747396862
1002,63,nash_game,2.097945058784405,1.9557100399094842,yield,go,1,0.35776498112507893,0.0,1,0,0,0.28734530186785845,2.411999891976432,1.9499893746045702,0.46201051737186183,2.411999891976432,5.794000054011784,9.025005312697715,14.819005366709499,0.0,0.0,2.0491574370540087
1002,63,nash_game_hocbf,2.097945058784405,1.9557100399094842,yield,go,1,0.35776498112507893,0.0,1,0,0,0.4050258305221582,2.5043832999757036,1.884041743711659,0.6203415562640446,2.5043832999757036,5.747808350012148,9.05797912814417,14.805787478156319,0.22700587084148727,1.0389797512981054,1.785151081206958
1002,64,independent,2.3180814083229833,2.104031637974316,yield,go,1,0.0,0.0,1,1,0,0.12804628123639886,2.3074540838842013,2.080888917483949,0.22656516640025215,2.3074540838842013,-20.0,-20.0,-40.0,0.0,0.0,1.6879207517341384
1002,64,fixed_priority,2.3180814083229833,2.104031637974316,yield,go,1,0.0,0.8,1,0,0,0.3473828187099222,2.3074540838842013,2.881039756180764,0.5735856722965629,2.881039756180764,8.846272958057899,5.559480121909618,14.405753079967518,0.0,0.0,1.6880038641946498
1002,64,hocbf_only,2.3180814083229833,2.104031637974316,yield,go,1,0.0,0.0,1,0,0,0.3570717411821043,2.4498856572248617,1.9592206057643875,0.49066505146047423,2.4498856572248617,5.775057171387569,9.020389697117807,14.795446868505376,0.36475409836065575,0.9130101277154774,1.6227598199794921
1002,64,nash_game,2.3180814083229833,2.104031637974316,yield,go,1,0.28595022965133277,0.0,1,0,0,0.30040432182702315,2.5934422218061894,2.080888917483949,0.5125533043222403,2.5934422218061894,5.7032788890969055,8.959555541258025,14.66283443035493,0.0,0.0,1.6879207517341384
1002,64,nash_game_hocbf,2.3180814083229833,2.104031637974316,yield,go,1,0.28595022965133277,0.0,1,0,0,0.383932555092733,2.659023987266573,2.0344164232538864,0.6246075640126865,2.659023987266573,5.670488006366714,8.982791788373056,14.65327979473977,0.1182170542635659,0.5378925939417969,1.657741128938143
1002,65,independent,1.9847946608891496,2.130421517458247,go,yield,0,0.0,0.0,1,1,0,0.07731842568216471,2.0001613467526185,2.125681152149679,0.1255198053970603,2.125681152149679,-20.0,-20.0,-40.0,0.0,0.0,2.5502206968266736
1002,65,fixed_priority,1.9847946608891496,2.130421517458247,go,yield,0,0.0,0.8,1,0,0,0.6040945498550163,2.0001613467526185,2.9257355997825507,0.9255742530299322,2.9257355997825507,8.99991932662369,5.537132200108725,14.537051526732416,0.0,0.0,2.5502206968266736
1002,65,hocbf_only,1.9847946608891496,2.130421517458247,go,yield,0,0.0,0.0,1,0,0,0.368203655910003,1.8985113931826325,2.234182845529376,0.33567145234674345,2.234182845529376,9.050744303408683,5.8829085772353125,14.933652880643995,0.3853211009174312,0.9986081399094141,2.4687142409239855
1002,65,nash_game,1.9847946608891496,2.130421517458247,go,yield,0,0.0,0.35437314343090254,1,0,0,0.30124823380265897,2.0001613467526185,2.4800575687306563,0.47989622197803783,2.4800575687306563,8.99991932662369,5.759971215634672,14.759890542258361,0.0,0.0,2.5502206968266736
1002,65,nash_game_hocbf,1.9847946608891496,2.130421517458247,go,yield,0,0.0,0.35437314343090254,1,0,0,0.418462011786825,1.931704590860756,2.565913544359275,0.6342089534985191,2.565913544359275,9.034147704569621,5.717043227820362,14.751190932389983,0.12076271186440678,0.7993228628619282,2.4953126943006803
1002,66,independent,1.7854605757415938,1.595620212059098,yield,go,1,0.0,0.0,1,1,0,0.09114630099230164,1.754185397086872,1.5945902811536008,0.15959511593327114,1.754185397086872,-20.0,-20.0,-40.0,0.0,0.0,2.4712064967967855
1002,66,fixed_priority,1.7854605757415938,1.595620212059098,yield,go,1,0.0,0.8,1,0,0,0.4200989674142603,1.754185397086872,2.3945399881522005,0.6403545910653285,2.3945399881522005,9.122907301456564,5.8027300059239,14.925637307380464,0.0,0.0,2.4720589230769683
1002,66,hocbf_only,1.7854605757415938,1.595620212059098,yield,go,1,0.0,0.0,1,0,0,0.36120620983290214,1.905467001691548,1.4594299243392201,0.4460370773523279,1.905467001691548,6.047266499154226,9.27028503783039,15.317551536984617,0.3502415458937198,0.9954641221501584,2.470469535389041
1002,66,nash_game,1.7854605757415938,1.595620212059098,yield,go,1,0.3101596363175043,0.0,1,0,0,0.2904955486209805,2.0637463777859066,1.5945902811536008,0.46915609663230584,2.0637463777859066,5.968126811107046,9.2027048594232,15.170831670530246,0.0,0.0,2.4712064967967855
1002,66,nash_game_hocbf,1.7854605757415938,1.595620212059098,yield,go,1,0.3101596363175043,0.0,1,0,0,0.42139826846848105,2.165068507402937,1.5306806054266975,0.6343879019762397,2.165068507402937,5.917465746298531,9.234659697286652,15.152125443585184,0.12359550561797752,0.9193098986242838,2.4712064967967855
1002,67,independent,2.1925356279799235,1.852634483548085,yield,go,1,0.0,0.0,1,1,0,0.20320554153787057,2.219075636073355,1.8686700801279368,0.3504055559454182,2.219075636073355,-20.0,-20.0,-40.0,0.0,0.0,2.2109043545798546
1002,67,fixed_priority,2.1925356279799235,1.852634483548085,yield,go,1,0.0,0.8,1,0,0,0.2721373391256684,2.219075636073355,2.668763886537128,0.4496882504637729,2.668763886537128,8.890462181963322,5.665618056731436,14.556080238694758,0.0,0.0,2.224157717386259
1002,67,hocbf_only,2.1925356279799235,1.852634483548085,yield,go,1,0.0,0.0,1,0,0,0.36871042970654067,2.334550888650803,1.7633536652178399,0.571197223432963,2.334550888650803,5.832724555674599,9.11832316739108,14.95104772306568,0.27800829875518673,0.5392689580531506,2.2109043545798546
1002,67,nash_game,2.1925356279799235,1.852634483548085,yield,go,1,0.16009885556816128,0.0,1,0,0,0.3078580548454103,2.3791645511060397,1.8686700801279368,0.510494470978103,2.3791645511060397,5.81041772444698,9.065664959936031,14.876082684383011,0.0,0.0,2.2109043545798546
1002,67,nash_game_hocbf,2.1925356279799235,1.852634483548085,yield,go,1,0.16009885556816128,0.0,1,0,0,0.40752908151516526,2.451385287228951,1.8109231795799945,0.6404621076489565,2.451385287228951,5.774307356385524,9.094538410210003,14.868845766595527,0.11044176706827309,0.6996788562558861,2.2109043545798546
1002,68,independent,2.0461991634430112,1.905672365133031,yield,go,1,0.0,0.0,1,1,0,0.09778714871217163,2.07322967141387,1.900206141117486,0.17302353029638384,2.07322967141387,-20.0,-20.0,-40.0,0.0,0.0,2.025684116433386
1002,68,fixed_priority,2.0461991634430112,1.905672365133031,yield,go,1,0.0,0.8,1,0,0,0.39734572249993905,2.07322967141387,2.7001790960576035,0.6269494246437337,2.7001790960576035,8.963385164293065,5.6499104519711985,14.613295616264264,0.0,0.0,2.02572437347178
1002,68,hocbf_only,2.0461991634430112,1.905672365133031,yield,go,1,0.0,0.0,1,0,0,0.36027590553714406,2.1647969663869904,1.8287961214095516,0.33600084497743876,2.1647969663869904,5.917601516806505,9.085601939295223,15.003203456101728,0.3864628820960699,1.0645084229374584,1.958138467316597
1002,68,nash_game,2.0461991634430112,1.905672365133031,yield,go,1,0.35947320169001973,0.0,1,0,0,0.3179146439739497,2.432728624496113,1.900206141117486,0.5325224833786271,2.432728624496113,5.783635687751944,9.049896929441257,14.8335326171932,0.0,0.0,2.025684116433386
1002,68,nash_game_hocbf,2.0461991634430112,1.905672365133031,yield,go,1,0.35947320169001973,0.0,1,0,0,0.4035645604775878,2.4976073449718332,1.8524266531390043,0.6451806918328289,2.4976073449718332,5.751196327514084,9.073786673430497,14.82498300094458,0.10931174089068826,0.6232791608062731,1.9865176340757904
1002,69,independent,2.020279587168531,2.018761411055445,yield,go,1,0.0,0.0,1,1,0,0.016514276188764512,2.01561596444427,2.03688109920301,0.021265134758739812,2.03688109920301,-20.0,-20.0,-40.0,0.0,0.0,2.1998600994807673
1002,69,fixed_priority,2.020279587168531,2.018761411055445,yield,go,1,0.0,0.8,1,0,0,0.5363979346935278,2.01561596444427,2.836813151994106,0.8211971875498358,2.836813151994106,8.992192017777866,5.581593424002947,14.573785441780814,0.0,0.0,2.1998600994807673
1002,69,hocbf_only,2.020279587168531,2.018761411055445,yield,go,1,0.0,0.0,1,0,0,0.3511995812885735,1.9718548228687705,2.0818949364537502,0.11004011358497978,2.0818949364537502,9.014072588565615,5.959052531773125,14.97312512033874,0.3885350318471338,1.2362741551833487,2.1450540863077987
1002,69,nash_game,2.020279587168531,2.018761411055445,yield,go,1,0.49848182388691376,0.0,1,0,0,0.2896622038700215,2.5140864849651177,2.03688109920301,0.4772053857621077,2.5140864849651177,5.742956757517441,8.981559450398494,14.724516207915936,0.0,0.0,2.1998677829363986
1002,69,nash_game_hocbf,2.020279587168531,2.018761411055445,yield,go,1,0.49848182388691376,0.0,1,0,0,0.4052965068896792,2.6007935402916815,1.9680362487722085,0.632757291519473,2.6007935402916815,5.6996032298541595,9.015981875613896,14.715585105468055,0.11538461538461539,0.7559760626067136,2.2303434002832274
1002,70,independent,2.1144855439390793,1.9937921108294594,yield,go,1,0.0,0.0,1,1,0,0.09862919057920776,2.1489078317675507,1.9774119562730212,0.1714958754945295,2.1489078317675507,-20.0,-20.0,-40.0,0.0,0.0,1.8173209888547537
1002,70,fixed_priority,2.1144855439390793,1.9937921108294594,yield,go,1,0.0,0.8,1,0,0,0.41485408273861685,2.1489078317675507,2.777433085666559,0.6285252538990083,2.777433085666559,8.925546084116224,5.611283457166721,14.536829541282945,0.0,0.0,1.8090961114948911
1002,70,hocbf_only,2.1144855439390793,1.9937921108294594,yield,go,1,0.0,0.0,1,0,0,0.37083978877192736,2.2791602136887303,1.8576223254854365,0.42153788820329385,2.2791602136887303,5.860419893155635,9.071188837257282,14.931608730412917,0.4051172707889126,0.9123953939925517,1.8385062529547815
1002,70,nash_game,2.1144855439390793,1.9937921108294594,yield,go,1,0.3793065668903801,0.0,1,0,0,0.3283317865713316,2.5281629873334373,1.9774119562730212,0.550751031060416,2.5281629873334373,5.735918506333281,9.01129402186349,14.747212528196771,0.0,0.0,1.8290556214059634
1002,70,nash_game_hocbf,2.1144855439390793,1.9937921108294594,yield,go,1,0.3793065668903801,0.0,1,0,0,0.425331990071177,2.5967253699882473,1.9249886015901942,0.6717367683980531,2.5967253699882473,5.701637315005876,9.037505699204903,14.739143014210779,0.11439842209072978,0.6439527629739743,1.8290556214059634
1002,71,independent,2.020184528745242,1.9898090673303,yield,go,1,0.0,0.0,1,1,0,0.016767123609868335,2.0227519532521403,1.9967077729638856,0.026044180288254726,2.0227519532521403,-20.0,-20.0,-40.0,0.0,0.0,2.259057568457465
1002,71,fixed_priority,2.020184528745242,1.9898090673303,yield,go,1,0.0,0.8,1,0,0,0.5227184491530652,2.0227519532521403,2.796697587081505,0.7739456338293649,2.796697587081505,8.98862402337393,5.601651206459247,14.590275229833178,0.0,0.0,2.2590363532630837
1002,71,hocbf_only,2.020184528745242,1.9898090673303,yield,go,1,0.0,0.0,1,0,0,0.3627675458163706,1.9156821769113916,2.0979472639279946,0.18226508701660293,2.0979472639279946,9.042158911544304,5.951026368036002,14.993185279580306,0.41363636363636364,1.1957632275696954,2.2703001421539017
1002,71,nash_game,2.020184528745242,1.9898090673303,yield,go,1,0.4696245385850579,0.0,1,0,0,0.30134211359144775,2.4923785349657286,1.9967077729638856,0.495670762001843,2.4923785349657286,5.7538107325171355,9.001646113518056,14.755456846035191,0.0,0.0,2.259057568457465
1002,71,nash_game_hocbf,2.020184528745242,1.9898090673303,yield,go,1,0.4696245385850579,0.0,1,0,0,0.40388930675682627,2.569894729984939,1.9387702778839304,0.6311244521010084,2.569894729984939,5.715052635007531,9.030614861058035,14.745667496065566,0.11293634496919917,0.7343450528215225,2.2136074443075144
1002,72,independent,1.874051561067536,2.096633523807288,go,yield,0,0.0,0.0,1,1,0,0.1457127741880222,1.8876826252412608,2.1195427148274426,0.23186008958618176,2.1195427148274426,-20.0,-20.0,-40.0,0.0,0.0,1.9440637423127856
1002,72,fixed_priority,1.874051561067536,2.096633523807288,go,yield,0,0.0,0.8,1,0,0,0.5121750722511432,1.8876826252412608,2.9193898732840617,1.031707248042801,2.9193898732840617,9.05615868737937,5.54030506335797,14.596463750737339,0.0,0.0,1.943924344459814
1002,72,hocbf_only,1.874051561067536,2.096633523807288,go,yield,0,0.0,0.0,1,0,0,0.36014914314202234,1.7210021496067387,2.279532322256267,0.5585301726495284,2.279532322256267,9.13949892519663,5.860233838871866,14.999732764068497,0.38031319910514544,0.7026689870998577,2.002257638487659
1002,72,nash_game,1.874051561067536,2.096633523807288,go,yield,0,0.0,0.2774180372602477,1,0,0,0.3117965887113186,1.8876826252412608,2.396966070772523,0.509283445531262,2.396966070772523,9.05615868737937,5.801516964613739,14.857675651993109,0.0,0.0,1.9440906045738828
1002,72,nash_game_hocbf,1.874051561067536,2.096633523807288,go,yield,0,0.0,0.2774180372602477,1,0,0,0.41582203973845416,1.8256478483543053,2.4729612845836457,0.6473134362293405,2.4729612845836457,9.087176075822848,5.763519357708177,14.850695433531026,0.12210526315789473,0.6954601813592803,1.9663620021393458
1002,73,independent,1.9930676361778725,2.1574505908872093,go,yield,0,0.0,0.0,1,1,0,0.1057221097674191,1.9553578311305009,2.1449449146003103,0.18958708346980946,2.1449449146003103,-20.0,-20.0,-40.0,0.0,0.0,2.042070600144252
1002,73,fixed_priority,1.9930676361778725,2.1574505908872093,go,yield,0,0.0,0.8,1,0,0,0.5480716256653105,1.9553578311305009,2.9450536817768276,0.9896958506463267,2.9450536817768276,9.022321084434749,5.527473159111587,14.549794243546335,0.0,0.0,2.042070600144252
1002,73,hocbf_only,1.9930676361778725,2.1574505908872093,go,yield,0,0.0,0.0,1,0,0,0.3609000199009774,1.9466402117081314,2.1771959571990416,0.23055574549091018,2.1771959571990416,9.026679894145934,5.911402021400479,14.938081915546412,0.3760330578512397,1.1099347117524159,2.0019724629067386
1002,73,nash_game,1.9930676361778725,2.1574505908872093,go,yield,0,0.0,0.3356170452906633,1,0,0,0.30904707680127386,1.9553578311305009,2.4805724963472437,0.5252146652167429,2.4805724963472437,9.022321084434749,5.759713751826379,14.782034836261127,0.0,0.0,2.042070600144252
1002,73,nash_game_hocbf,1.9930676361778725,2.1574505908872093,go,yield,0,0.0,0.3356170452906633,1,0,0,0.38633975962887485,1.916513751564316,2.5428763342523557,0.6263625826880397,2.5428763342523557,9.041743124217842,5.728561832873822,14.770304957091664,0.10831721470019343,0.5516325620180397,2.007683477813018
1002,74,independent,2.0992887616985194,2.3847874271219442,go,yield,0,0.0,0.0,1,1,0,0.11703465571092884,2.1494085008160755,2.3520021883574023,0.20259368754132678,2.3520021883574023,-20.0,-20.0,-40.0,0.0,0.0,1.6882396283706471
1002,74,fixed_priority,2.0992887616985194,2.3847874271219442,go,yield,0,0.0,0.8,1,0,0,0.49766323317885813,2.1494085008160755,3.152401800166709,1.0029932993506336,3.152401800166709,8.925295749591962,5.423799099916645,14.349094849508607,0.0,0.0,1.6883669576939313
1002,74,hocbf_only,2.0992887616985194,2.3847874271219442,go,yield,0,0.0,0.0,1,0,0,0.34596686804797466,1.9787810878374126,2.521631863593714,0.5428507757563015,2.521631863593714,9.010609456081294,5.7391840682031425,14.749793524284437,0.42769857433808556,0.6006386372812329,1.7334285678858183
1002,74,nash_game,2.0992887616985194,2.3847874271219442,go,yield,0,0.0,0.21450133457657516,1,1,0,0.24701283484068132,2.1494085008160755,2.56659106361308,0.4171825627970045,2.56659106361308,-20.0,-20.0,-40.0,0.0,0.0,1.6883062945767504
1002,74,nash_game_hocbf,2.0992887616985194,2.3847874271219442,go,yield,0,0.0,0.21450133457657516,1,0,0,0.36366640174078746,2.0705938159774764,2.6557224982288337,0.5851286822513573,2.6557224982288337,8.964703092011263,5.672138750885583,14.636841842896846,0.146484375,0.6175410453074762,1.7073746957824818
1002,75,independent,1.895989475926937,1.7899529938145193,yield,go,1,0.0,0.0,1,1,0,0.06934576151828499,1.9227676393463495,1.8076394081277158,0.11512823121863369,1.9227676393463495,-20.0,-20.0,-40.0,0.0,0.0,2.2424900877493363
1002,75,fixed_priority,1.895989475926937,1.7899529938145193,yield,go,1,0.0,0.8,1,0,0,0.45605559464167345,1.9227676393463495,2.6078464127327416,0.6850787733863921,2.6078464127327416,9.038616180326825,5.69607679363363,14.734692973960454,0.0,0.0,2.2424900877493363
1002,75,hocbf_only,1.895989475926937,1.7899529938145193,yield,go,1,0.0,0.0,1,0,0,0.3712296062654465,2.0680489647019513,1.6555934119320213,0.41245555276993007,2.0680489647019513,5.965975517649024,9.17220329403399,15.138178811683014,0.359375,1.0201378837589696,2.2424900877493363
1002,75,nash_game,1.895989475926937,1.7899529938145193,yield,go,1,0.3939635178875822,0.0,1,0,0,0.3143634766004569,2.316915247940624,1.8076394081277158,0.509275839812908,2.316915247940624,5.841542376029688,9.096180295936142,14.93772267196583,0.0,0.0,2.262468145092607
1002,75,nash_game_hocbf,1.895989475926937,1.7899529938145193,yield,go,1,0.3939635178875822,0.0,1,0,0,0.4437693261735383,2.4055265821220773,1.734393453137847,0.6711331289842302,2.4055265821220773,5.797236708938962,9.132803273431076,14.930039982370037,0.12114989733059549,0.8459516590794638,2.262468145092607
1002,76,independent,2.062565722105469,1.7039916499607832,yield,go,1,0.0,0.0,1,1,0,0.18557832458920273,2.0450203202046238,1.724130785122589,0.32088953508203466,2.0450203202046238,-20.0,-20.0,-40.0,0.0,0.0,2.6107377354616106
1002,76,fixed_priority,2.062565722105469,1.7039916499607832,yield,go,1,0.0,0.8,1,0,0,0.2812066821999563,2.0450203202046238,2.524544037340887,0.4795237171362632,2.524544037340887,8.977489839897688,5.737727981329557,14.715217821227245,0.0,0.0,2.623700568487498
1002,76,hocbf_only,2.062565722105469,1.7039916499607832,yield,go,1,0.0,0.0,1,0,0,0.3570167803088852,2.128970454028656,1.6761757955538794,0.4527946584747764,2.128970454028656,5.935514772985672,9.16191210222306,15.097426875208733,0.33617021276595743,0.9733877213265749,2.35427343375153
1002,76,nash_game,2.062565722105469,1.7039916499607832,yield,go,1,0.14142592785531427,0.0,1,0,0,0.2784151696841195,2.1864010544819177,1.724130785122589,0.4622702693593286,2.1864010544819177,5.906799472759041,9.137934607438705,15.044734080197745,0.0,0.0,2.6107377354616106
1002,76,nash_game_hocbf,2.062565722105469,1.7039916499607832,yield,go,1,0.14142592785531427,0.0,1,0,0,0.37060679752823883,2.263025233791822,1.6777725768582967,0.5852526569335255,2.263025233791822,5.868487383104089,9.161113711570852,15.029601094674941,0.2190082644628099,0.6983174455092693,2.4477787091026832
1002,77,independent,1.7020558299139117,2.0413282166426634,go,yield,0,0.0,0.0,1,1,0,0.19162276943550802,1.6877877292582286,2.017281460883403,0.3294937316251745,2.017281460883403,-20.0,-20.0,-40.0,0.0,0.0,2.203361806780243
1002,77,fixed_priority,1.7020558299139117,2.0413282166426634,go,yield,0,0.0,0.8,1,0,0,0.5898885547565879,1.6877877292582286,2.81736536426231,1.1295776350040816,2.81736536426231,9.156106135370885,5.591317317868845,14.74742345323973,0.0,0.0,2.203361806780243
1002,77,hocbf_only,1.7020558299139117,2.0413282166426634,go,yield,0,0.0,0.0,1,0,0,0.35977007123489907,1.5865013458000796,2.1489297248044537,0.562428379004374,2.1489297248044537,9.20674932709996,5.925535137597773,15.132284464697733,0.2773109243697479,0.6300319351212417,2.203361806780243
1002,77,nash_game,1.7020558299139117,2.0413282166426634,go,yield,0,0.0,0.16072761327124807,1,0,0,0.2954718705321157,1.6877877292582286,2.177926483111223,0.4901387538529942,2.177926483111223,9.156106135370885,5.911036758444388,15.067142893815273,0.0,0.0,2.203361806780243
1002,77,nash_game_hocbf,1.7020558299139117,2.0413282166426634,go,yield,0,0.0,0.16072761327124807,1,0,0,0.3959840419119776,1.637092538620803,2.258552358932885,0.621459820312082,2.258552358932885,9.181453730689599,5.8707238205335575,15.052177551223156,0.10975609756097561,0.7291703877331104,2.203361806780243
1002,78,independent,2.2305191521292835,1.8988630881850843,yield,go,1,0.0,0.0,1,1,0,0.20905193796236543,2.2606708839981406,1.8932998605066829,0.3673710234914578,2.2606708839981406,-20.0,-20.0,-40.0,0.0,0.0,1.9084204935449782
1002,78,fixed_priority,2.2305191521292835,1.8988630881850843,yield,go,1,0.0,0.8,1,0,0,0.26443064819545525,2.2606708839981406,2.6932680689638886,0.43259718496574795,2.6932680689638886,8.86966455800093,5.653365965518056,14.523030523518985,0.0,0.0,1.9084204935449782
1002,78,hocbf_only,2.2305191521292835,1.8988630881850843,yield,go,1,0.0,0.0,1,0,0,0.3666747636170732,2.376505488448801,1.7902359754230297,0.5862695130257711,2.376505488448801,5.811747255775599,9.104882012288485,14.916629268064085,0.22637362637362637,0.6407400637101882,1.9496216151961374
1002,78,nash_game,2.2305191521292835,1.8988630881850843,yield,go,1,0.16834393605580056,0.0,1,0,0,0.31752030568240885,2.4289866975233325,1.8932998605066829,0.5356868370166497,2.4289866975233325,5.785506651238334,9.053350069746658,14.838856720984992,0.0,0.0,1.9082614758389633
1002,78,nash_game_hocbf,2.2305191521292835,1.8988630881850843,yield,go,1,0.16834393605580056,0.0,1,0,0,0.40998270278682564,2.496275850723583,1.8414676251035327,0.6548082256200503,2.496275850723583,5.7518620746382085,9.079266187448233,14.831128262086441,0.11864406779661017,0.6364199933664197,1.929868832201275
1002,79,independent,1.9846983891414343,1.7821171419306612,yield,go,1,0.0,0.0,1,1,0,0.16412824876618265,2.032922564214062,1.7421236918333485,0.29079887238071334,2.032922564214062,-20.0,-20.0,-40.0,0.0,0.0,2.317985861249462
1002,79,fixed_priority,1.9846983891414343,1.7821171419306612,yield,go,1,0.0,0.8,1,0,0,0.3242488044643979,2.032922564214062,2.5413090245100873,0.5083864602960255,2.5413090245100873,8.98353871789297,5.729345487744956,14.712884205637925,0.0,0.0,2.3053801224105634
1002,79,hocbf_only,1.9846983891414343,1.7821171419306612,yield,go,1,0.0,0.0,1,0,0,0.3606433861424372,2.1136994251591172,1.6987026341651117,0.41499679099400555,2.1136994251591172,5.943150287420441,9.150648682917444,15.093798970337886,0.4460580912863071,0.8942936202190415,2.2583930557151493
1002,79,nash_game,1.9846983891414343,1.7821171419306612,yield,go,1,0.2974187527892267,0.0,1,0,0,0.34209158362198777,2.3304791754057335,1.7421236918333485,0.588355483572385,2.3304791754057335,5.8347604122971335,9.128938154083325,14.963698566380458,0.0,0.0,2.317985861249462
1002,79,nash_game_hocbf,1.9846983891414343,1.7821171419306612,yield,go,1,0.2974187527892267,0.0,1,0,0,0.3834618556957471,2.3913772253736476,1.7098267975399752,0.6815504278336724,2.3913772253736476,5.804311387313176,9.145086601230012,14.94939798854319,0.248046875,0.6003116372316756,2.389344947509604
1002,80,independent,2.3996548961172826,1.9857241177471516,yield,go,1,0.0,0.0,1,1,0,0.23583869321238496,2.3857592273941646,1.9812801850683783,0.40447904232578624,2.3857592273941646,-20.0,-20.0,-40.0,0.0,0.0,1.9708167049879344
1002,80,fixed_priority,2.3996548961172826,1.9857241177471516,yield,go,1,0.0,0.8,1,1,0,0.2299781367824729,2.3857592273941646,2.781288493461181,0.3955292660670162,2.781288493461181,-20.0,-20.0,-40.0,0.0,0.0,1.9708423359629106
1002,80,hocbf_only,2.3996548961172826,1.9857241177471516,yield,go,1,0.0,0.0,1,0,0,0.3595323430096546,2.4845912860901227,1.9016337578720912,0.5829575282180315,2.4845912860901227,5.757704356954939,9.049183121063955,14.806887478018893,0.2997946611909651,0.45755631681801595,1.822374819543458
1002,80,nash_game,2.3996548961172826,1.9857241177471516,yield,go,1,0.08606922162986885,0.0,1,0,0,0.2915892626689514,2.4718425248348472,1.9812801850683783,0.4905623397664689,2.4718425248348472,5.764078737582576,9.00935990746581,14.773438645048387,0.0,0.0,1.9708167049879344
1002,80,nash_game_hocbf,2.3996548961172826,1.9857241177471516,yield,go,1,0.08606922162986885,0.0,1,0,0,0.37954370100685325,2.5415313476743027,1.929502689937757,0.6120286577365457,2.5415313476743027,5.729234326162849,9.035248655031122,14.764482981193972,0.20202020202020202,0.5590567105180735,1.870481104380792
1002,81,independent,1.9851237036433267,2.120942665630572,go,yield,0,0.0,0.0,1,1,0,0.1061909827984548,1.9604631648002444,2.146131332465688,0.18566816766544347,2.146131332465688,-20.0,-20.0,-40.0,0.0,0.0,1.8189706698253003
1002,81,fixed_priority,1.9851237036433267,2.120942665630572,go,yield,0,0.0,0.8,1,0,0,0.6128290435568211,1.9604631648002444,2.9459346874901566,0.9854715226899122,2.9459346874901566,9.019768417599877,5.527032656254922,14.546801073854798,0.0,0.0,1.8189706698253003
1002,81,hocbf_only,1.9851237036433267,2.120942665630572,go,yield,0,0.0,0.0,1,0,0,0.37290341779087494,1.8763759549168253,2.2477650584874276,0.3713891035706023,2.2477650584874276,9.061812022541588,5.876117470756286,14.937929493297874,0.37341772151898733,0.9675466749701133,1.7542238772639829
1002,81,nash_game,1.9851237036433267,2.120942665630572,go,yield,0,0.0,0.3641810380127546,1,0,0,0.3257277725619542,1.9604631648002444,2.5102838206748856,0.5498206558746412,2.5102838206748856,9.019768417599877,5.744858089662557,14.764626507262435,0.0,0.0,1.8189706698253003
1002,81,nash_game_hocbf,1.9851237036433267,2.120942665630572,go,yield,0,0.0,0.3641810380127546,1,0,0,0.40871170081591096,1.9168312824958949,2.5712596220088413,0.6544283395129464,2.5712596220088413,9.041584358752052,5.714370188995579,14.755954547747631,0.11176470588235295,0.5660536000098958,1.7851030724421444
1002,82,independent,1.8747257337310785,1.71716181041067,yield,go,1,0.0,0.0,1,1,0,0.09047505474816012,1.8281819158538153,1.6964554613332412,0.13172645452057408,1.8281819158538153,-20.0,-20.0,-40.0,0.0,0.0,2.4140609624269325
1002,82,fixed_priority,1.8747257337310785,1.71716181041067,yield,go,1,0.0,0.8,1,0,0,0.44065426773629385,1.8281819158538153,2.4958930882790122,0.667711172425197,2.4958930882790122,9.085909042073093,5.752053455860494,14.837962497933587,0.0,0.0,2.4057229040158727
1002,82,hocbf_only,1.8747257337310785,1.71716181041067,yield,go,1,0.0,0.0,1,0,0,0.37050490627481814,1.9267742822474279,1.6153277660386018,0.311446516208826,1.9267742822474279,6.036612858876286,9.1923361169807,15.228948975856987,0.36281179138321995,1.0177491322557615,2.400770624067287
1002,82,nash_game,1.8747257337310785,1.71716181041067,yield,go,1,0.34243607667959153,0.0,1,0,0,0.29879331673292286,2.169969568200503,1.6964554613332412,0.4735141068672619,2.169969568200503,5.915015215899748,9.15177226933338,15.066787485233128,0.0,0.0,2.4140609624269325
1002,82,nash_game_hocbf,1.8747257337310785,1.71716181041067,yield,go,1,0.34243607667959153,0.0,1,0,0,0.42142753960634655,2.2654085862635633,1.6399218995650535,0.6254866866985098,2.2654085862635633,5.8672957068682186,9.180039050217474,15.047334757085693,0.11368421052631579,0.87726022066853,2.4140609624269325
1002,83,independent,1.64112293734548,2.1029903677575907,go,go,0,0.0,0.0,1,0,0,0.25947175127234245,1.65114568208095,2.0815959617127944,0.43045027963184435,2.0815959617127944,9.174427158959524,5.959202019143603,15.133629178103128,0.0,0.0,2.4986266389655927
1002,83,fixed_priority,1.64112293734548,2.1029903677575907,go,go,0,0.0,0.8,1,0,0,0.5788956417888151,1.65114568208095,2.8817352021772504,1.2305895200963004,2.8817352021772504,9.174427158959524,5.559132398911375,14.7335595578709,0.0,0.0,2.4986266389655927
1002,83,hocbf_only,1.64112293734548,2.1029903677575907,go,go,0,0.0,0.0,1,0,0,0.37658374679316886,1.5866110921374261,2.1741344805060963,0.5875233883686701,2.1741344805060963,9.206694453931288,5.912932759746952,15.119627213678239,0.12663755458515283,0.7983479470513003,2.4986266389655927
1002,83,nash_game,1.64112293734548,2.1029903677575907,go,go,0,0.0,0.0,1,0,0,0.25947175127234245,1.65114568208095,2.0815959617127944,0.43045027963184435,2.0815959617127944,9.174427158959524,5.959202019143603,15.133629178103128,0.0,0.0,2.4986266389655927
1002,83,nash_game_hocbf,1.64112293734548,2.1029903677575907,go,go,0,0.0,0.0,1,0,0,0.37658374679316886,1.5866110921374261,2.1741344805060963,0.5875233883686701,2.1741344805060963,9.206694453931288,5.912932759746952,15.119627213678239,0.12663755458515283,0.7983479470513003,2.4986266389655927
1002,84,independent,1.9693734257215672,2.3775943802173884,go,yield,0,0.0,0.0,1,1,0,0.24227000757210906,1.9364789551685861,2.350193928806647,0.413714973638061,2.350193928806647,-20.0,-20.0,-40.0,0.0,0.0,1.9514246819720429
1002,84,fixed_priority,1.9693734257215672,2.3775943802173884,go,yield,0,0.0,0.8,1,0,0,0.6338911292463897,1.9364789551685861,3.1505321819448846,1.2140532267762985,3.1505321819448846,9.031760522415707,5.424733909027558,14.456494431443264,0.0,0.0,1.9514246819720429
1002,84,hocbf_only,1.9693734257215672,2.3775943802173884,go,yield,0,0.0,0.0,1,0,0,0.3651867940082266,1.8640552849044276,2.4511995480689523,0.5871442631645247,2.4511995480689523,9.067972357547786,5.774400225965524,14.84237258351331,0.1694915254237288,0.6337670643162108,1.902641742521242
1002,84,nash_game,1.9693734257215672,2.3775943802173884,go,yield,0,0.0,0.09177904550417848,1,0,0,0.30158974970471025,1.9364789551685861,2.441998662464074,0.505519707295488,2.441998662464074,9.031760522415707,5.779000668767963,14.81076119118367,0.0,0.0,1.9514246819720429
1002,84,nash_game_hocbf,1.9693734257215672,2.3775943802173884,go,yield,0,0.0,0.09177904550417848,1,0,0,0.3890328160157554,1.890480802895978,2.5124628593794447,0.6219820564834666,2.5124628593794447,9.05475959855201,5.743768570310277,14.798528168862287,0.12058212058212059,0.5941773868999637,1.9155355486385854
1002,85,independent,2.0828844001084286,2.051729219925994,yield,go,1,0.0,0.0,1,1,0,0.04427678337104407,2.087485046546565,2.0267414313064647,0.06074361524010019,2.087485046546565,-20.0,-20.0,-40.0,0.0,0.0,1.6441799360104856
1002,85,fixed_priority,2.0828844001084286,2.051729219925994,yield,go,1,0.0,0.8,1,0,0,0.47376961472626533,2.087485046546565,2.826838692309539,0.7393536457629741,2.826838692309539,8.956257476726718,5.58658065384523,14.542838130571948,0.0,0.0,1.6441799360104856
1002,85,hocbf_only,2.0828844001084286,2.051729219925994,yield,go,1,0.0,0.0,1,0,0,0.3648337264631348,2.219765880965671,1.9007611812879752,0.3190046996776956,2.219765880965671,5.890117059517165,9.049619409356012,14.939736468873177,0.42887029288702927,1.0524591238262828,1.6441799360104856
1002,85,nash_game,2.0828844001084286,2.051729219925994,yield,go,1,0.46884481981756565,0.0,1,0,0,0.31307525145745285,2.556326574328649,2.0267414313064647,0.5295851430221843,2.556326574328649,5.7218367128356755,8.986629284346767,14.708465997182444,0.0,0.0,1.6480870151216351
1002,85,nash_game_hocbf,2.0828844001084286,2.051729219925994,yield,go,1,0.46884481981756565,0.0,1,0,0,0.41190190622723566,2.6291577352028854,1.9725260919502103,0.6566316432526751,2.6291577352028854,5.685421132398558,9.013736954024894,14.699158086423452,0.12380952380952381,0.5919428900519815,1.6480870151216351
1002,86,independent,2.2392563284427633,2.0640138751329835,yield,go,1,0.0,0.0,1,1,0,0.11967828573546395,2.2410770913059808,2.0244049122886962,0.21667217901728453,2.2410770913059808,-20.0,-20.0,-40.0,0.0,0.0,1.4877148531856097
1002,86,fixed_priority,2.2392563284427633,2.0640138751329835,yield,go,1,0.0,0.8,1,0,0,0.35605543814801477,2.2410770913059808,2.8245520318889343,0.5834749405829536,2.8245520318889343,8.879461454347009,5.587723984055533,14.467185438402542,0.0,0.0,1.4877148531856097
1002,86,hocbf_only,2.2392563284427633,2.0640138751329835,yield,go,1,0.0,0.0,1,0,0,0.3658827825110865,2.418820684166331,1.86063754989796,0.558183134268371,2.418820684166331,5.7905896579168346,9.06968122505102,14.860270882967855,0.47346938775510206,0.6979381234823209,1.5450272362466464
1002,86,nash_game,2.2392563284427633,2.0640138751329835,yield,go,1,0.32475754669022017,0.0,1,0,0,0.31454762588674534,2.5658344719200445,2.0244049122886962,0.5414295596313483,2.5658344719200445,5.7170827640399775,8.987797543855653,14.70488030789563,0.0,0.0,1.4877350747246205
1002,86,nash_game_hocbf,2.2392563284427633,2.0640138751329835,yield,go,1,0.32475754669022017,0.0,1,0,0,0.4021581235204003,2.6317209534104076,1.9773888792069398,0.6543320742034677,2.6317209534104076,5.684139523294796,9.01130556039653,14.695445083691325,0.12452107279693486,0.5230733694024167,1.4988663557520128
1002,87,independent,1.921494084356552,2.403012356101294,go,go,0,0.0,0.0,1,0,0,0.2851941227870335,1.9327578357169495,2.417806154583951,0.4850483188670016,2.417806154583951,9.033621082141526,5.791096922708024,14.82471800484955,0.0,0.0,1.8981385816868046
1002,87,fixed_priority,1.921494084356552,2.403012356101294,go,go,0,0.0,0.8,1,0,0,0.5949043664011071,1.9327578357169495,3.217660361980256,1.2849025262633065,3.217660361980256,9.033621082141526,5.391169819009872,14.424790901151397,0.0,0.0,1.8981385816868046
1002,87,hocbf_only,1.921494084356552,2.403012356101294,go,go,0,0.0,0.0,1,0,0,0.38412903578553476,1.8720432256028556,2.49233307749032,0.6202898518874642,2.49233307749032,9.063978387198572,5.75383346125484,14.817811848453413,0.13107822410147993,0.6264978650702019,1.8981385816868046
1002,87,nash_game,1.921494084356552,2.403012356101294,go,go,0,0.0,0.0,1,0,0,0.2851941227870335,1.9327578357169495,2.417806154583951,0.4850483188670016,2.417806154583951,9.033621082141526,5.791096922708024,14.82471800484955,0.0,0.0,1.8981385816868046
1002,87,nash_game_hocbf,1.921494084356552,2.403012356101294,go,go,0,0.0,0.0,1,0,0,0.38412903578553476,1.8720432256028556,2.49233307749032,0.6202898518874642,2.49233307749032,9.063978387198572,5.75383346125484,14.817811848453413,0.13107822410147993,0.6264978650702019,1.8981385816868046
1002,88,independent,2.3844144669957217,1.8578031218431108,go,go,1,0.0,0.0,1,0,0,0.3293105477713545,2.4070539157004,1.8522698488003566,0.5547840669000432,2.4070539157004,5.7964730421498,9.073865075599821,14.870338117749622,0.0,0.0,1.9162761555132588
1002,88,fixed_priority,2.3844144669957217,1.8578031218431108,go,go,1,0.0,0.8,1,1,0,0.1421269722643741,2.4070539157004,2.652216877114686,0.24516296141428606,2.652216877114686,-20.0,-20.0,-40.0,0.0,0.0,1.91601916142101
1002,88,hocbf_only,2.3844144669957217,1.8578031218431108,go,go,1,0.0,0.0,1,0,0,0.40138944880738675,2.4610207030882822,1.8126718281475256,0.6483488749407567,2.4610207030882822,5.769489648455859,9.093664085926237,14.863153734382095,0.10602910602910603,0.5456694285907414,1.9162761555132588
1002,88,nash_game,2.3844144669957217,1.8578031218431108,go,go,1,0.0,0.0,1,0,0,0.3293105477713545,2.4070539157004,1.8522698488003566,0.5547840669000432,2.4070539157004,5.7964730421498,9.073865075599821,14.870338117749622,0.0,0.0,1.9162761555132588
1002,88,nash_game_hocbf,2.3844144669957217,1.8578031218431108,go,go,1,0.0,0.0,1,0,0,0.40138944880738675,2.4610207030882822,1.8126718281475256,0.6483488749407567,2.4610207030882822,5.769489648455859,9.093664085926237,14.863153734382095,0.10602910602910603,0.5456694285907414,1.9162761555132588
1002,89,independent,1.8390331251357348,2.0022278745872577,go,yield,0,0.0,0.0,1,1,0,0.09866531279567936,1.796723539422656,1.9720218512319165,0.1752983118092606,1.9720218512319165,-20.0,-20.0,-40.0,0.0,0.0,1.9546373521727138
1002,89,fixed_priority,1.8390331251357348,2.0022278745872577,go,yield,0,0.0,0.8,1,0,0,0.5612641410122561,1.796723539422656,2.7720484946573354,0.9753249552346794,2.7720484946573354,9.101638230288671,5.613975752671332,14.715613982960004,0.0,0.0,1.9546373521727138
1002,89,hocbf_only,1.8390331251357348,2.0022278745872577,go,yield,0,0.0,0.0,1,0,0,0.358604291545819,1.7236602321335392,2.0751260678825587,0.35146583574901946,2.0751260678825587,9.13816988393323,5.96243696605872,15.100606849991951,0.3763440860215054,1.0543452728953324,1.9404172605398986
1002,89,nash_game,1.8390331251357348,2.0022278745872577,go,yield,0,0.0,0.3368052505484771,1,0,0,0.30530520286647655,1.796723539422656,2.30866272532248,0.5119391858998239,2.30866272532248,9.101638230288671,5.84566863733876,14.947306867627432,0.0,0.0,1.9546373521727138
1002,89,nash_game_hocbf,1.8390331251357348,2.0022278745872577,go,yield,0,0.0,0.3368052505484771,1,0,0,0.4001819902491876,1.7538330896477783,2.38510952191049,0.6312764322627116,2.38510952191049,9.123083455176111,5.807445239044755,14.930528694220866,0.11044176706827309,0.6700781419706306,1.9546373521727138
1002,90,independent,1.8959194397391472,2.039549187735448,go,yield,0,0.0,0.0,1,1,0,0.08582638873071005,1.8828108782208364,2.0225431998830192,0.13973232166218286,2.0225431998830192,-20.0,-20.0,-40.0,0.0,0.0,1.9132812874218577
1002,90,fixed_priority,1.8959194397391472,2.039549187735448,go,yield,0,0.0,0.8,1,0,0,0.48056545649097887,1.8828108782208364,2.822607160046408,0.9397962818255718,2.822607160046408,9.058594560889581,5.588696419976796,14.647290980866376,0.0,0.0,1.9132812874218577
1002,90,hocbf_only,1.8959194397391472,2.039549187735448,go,yield,0,0.0,0.0,1,0,0,0.37103914443363656,1.8290057567806566,2.0921457623822657,0.2631400056016091,2.0921457623822657,9.085497121609672,5.953927118808867,15.039424240418539,0.38461538461538464,0.9862343626125507,1.8537759463492733
1002,90,nash_game,1.8959194397391472,2.039549187735448,go,yield,0,0.0,0.3563702520036989,1,0,0,0.29905962647822587,1.8828108782208364,2.378859964660476,0.4960490864396394,2.378859964660476,9.058594560889581,5.810570017669762,14.869164578559342,0.0,0.0,1.9132812874218577
1002,90,nash_game_hocbf,1.8959194397391472,2.039549187735448,go,yield,0,0.0,0.3563702520036989,1,0,0,0.3943402165146168,1.8326185842866982,2.4526986980135916,0.6200801137268934,2.4526986980135916,9.08369070785665,5.773650650993204,14.857341358849855,0.13178294573643412,0.5515519004841458,1.8732029300693707
1002,91,independent,2.0275451354143477,2.11186253389835,go,yield,0,0.0,0.0,1,1,0,0.037493686350107316,2.0548160637210438,2.1127746186555476,0.05795855493450386,2.1127746186555476,-20.0,-20.0,-40.0,0.0,0.0,1.9973595262692003
1002,91,fixed_priority,2.0275451354143477,2.11186253389835,go,yield,0,0.0,0.8,1,0,0,0.39322037016688227,2.0548160637210438,2.9127843391313104,0.8579682754102667,2.9127843391313104,8.972591968139477,5.543607830434345,14.516199798573822,0.0,0.0,1.9973595262692003
1002,91,hocbf_only,2.0275451354143477,2.11186253389835,go,yield,0,0.0,0.0,1,0,0,0.3529724672391814,1.9279390683266135,2.246362289794936,0.31842322146832247,2.246362289794936,9.036030465836694,5.876818855102532,14.912849320939227,0.42203742203742206,1.052468416892428,1.9149668531295116
1002,91,nash_game,2.0275451354143477,2.11186253389835,go,yield,0,0.0,0.4156826015159978,1,0,0,0.29054910059865313,2.0548160637210438,2.5284584770628453,0.47364241334180157,2.5284584770628453,8.972591968139477,5.735770761468578,14.708362729608055,0.0,0.0,1.9973595262692003
1002,91,nash_game_hocbf,2.0275451354143477,2.11186253389835,go,yield,0,0.0,0.4156826015159978,1,0,0,0.4070548124701642,1.9824696733154972,2.6147274455612446,0.6322577722457474,2.6147274455612446,9.008765163342252,5.6926362772193775,14.701401440561629,0.20076481835564053,0.8095431865638494,1.8610701183834024
1002,92,independent,1.9680254984790586,1.8696165402591804,yield,go,1,0.0,0.0,1,1,0,0.06862507790036382,1.9411013634313876,1.8484243940815526,0.09267696934983505,1.9411013634313876,-20.0,-20.0,-40.0,0.0,0.0,2.151730689012247
1002,92,fixed_priority,1.9680254984790586,1.8696165402591804,yield,go,1,0.0,0.8,1,0,0,0.37684909481581175,1.9411013634313876,2.648236934133887,0.7071355707024993,2.648236934133887,9.029449318284307,5.675881532933056,14.705330851217363,0.0,0.0,2.151840630387118
1002,92,hocbf_only,1.9680254984790586,1.8696165402591804,yield,go,1,0.0,0.0,1,0,0,0.3413683601653612,1.964774967451554,1.8343484623401727,0.13042650511138132,1.964774967451554,6.017612516274223,9.082825768829913,15.100438285104136,0.4637002341920375,1.2237139228480274,2.122685632187229
1002,92,nash_game,1.9680254984790586,1.8696165402591804,yield,go,1,0.4015910417801216,0.0,1,0,0,0.30540348699922953,2.3425109546279828,1.8484243940815526,0.4940865605464302,2.3425109546279828,5.828744522686009,9.075787802959224,14.904532325645233,0.0,0.0,2.151730689012247
1002,92,nash_game_hocbf,1.9680254984790586,1.8696165402591804,yield,go,1,0.4015910417801216,0.0,1,0,0,0.40346303444779047,2.4223054172487637,1.7979098922087335,0.6243955250400302,2.4223054172487637,5.788847291375618,9.101045053895634,14.889892345271253,0.16488222698072805,0.545715870599955,2.1056095323985313
1002,93,independent,2.326615278475435,1.977341846895145,yield,go,1,0.0,0.0,1,1,0,0.1780961226222523,2.3017322511900202,1.9883970606966055,0.31333519049341474,2.3017322511900202,-20.0,-20.0,-40.0,0.0,0.0,1.767167746584133
1002,93,fixed_priority,2.326615278475435,1.977341846895145,yield,go,1,0.0,0.8,1,0,0,0.28539630727540516,2.3017322511900202,2.7883793201189584,0.48664706892893816,2.7883793201189584,8.84913387440499,5.605810339940521,14.45494421434551,0.0,0.0,1.767167746584133
1002,93,hocbf_only,2.326615278475435,1.977341846895145,yield,go,1,0.0,0.0,1,0,0,0.3566717503623275,2.4362225987373125,1.8661648556152575,0.570057743122055,2.4362225987373125,5.7818887006313435,9.066917572192372,14.848806272823715,0.2546201232032854,0.638864036966427,1.8029488747887905
1002,93,nash_game,2.326615278475435,1.977341846895145,yield,go,1,0.15072656841970966,0.0,1,0,0,0.27239037886483547,2.4524911086521666,1.9883970606966055,0.4640940479555611,2.4524911086521666,5.773754445673917,9.005801469651697,14.779555915325613,0.0,0.0,1.7672384359781204
1002,93,nash_game_hocbf,2.326615278475435,1.977341846895145,yield,go,1,0.15072656841970966,0.0,1,0,0,0.3789088801221987,2.534066524992575,1.9240067436675128,0.6100597813250621,2.534066524992575,5.7329667375037126,9.037996628166244,14.770963365669957,0.13545816733067728,0.613072887445793,1.7867691697907764
1002,94,independent,1.6631142032965953,2.1614913568961724,go,go,0,0.0,0.0,1,0,0,0.2775146200837351,1.6831408972075497,2.1384244845300957,0.45528358732254604,2.1384244845300957,9.158429551396225,5.930787757734953,15.089217309131177,0.0,0.0,2.3172006680273096
1002,94,fixed_priority,1.6631142032965953,2.1614913568961724,go,go,0,0.0,0.8,1,0,0,0.615360822351491,1.6831408972075497,2.9386245354650646,1.255483638257515,2.9386245354650646,9.158429551396225,5.5306877322674675,14.689117283663691,0.0,0.0,2.3172006680273096
1002,94,hocbf_only,1.6631142032965953,2.1614913568961724,go,go,0,0.0,0.0,1,0,0,0.3845304857955939,1.6207783873387007,2.2239829398146043,0.6032045524759035,2.2239829398146043,9.18961080633065,5.888008530092698,15.077619336423348,0.12337662337662338,0.74090970591316,2.3172006680273096
1002,94,nash_game,1.6631142032965953,2.1614913568961724,go,go,0,0.0,0.0,1,0,0,0.2775146200837351,1.6831408972075497,2.1384244845300957,0.45528358732254604,2.1384244845300957,9.158429551396225,5.930787757734953,15.089217309131177,0.0,0.0,2.3172006680273096
1002,94,nash_game_hocbf,1.6631142032965953,2.1614913568961724,go,go,0,0.0,0.0,1,0,0,0.3845304857955939,1.6207783873387007,2.2239829398146043,0.6032045524759035,2.2239829398146043,9.18961080633065,5.888008530092698,15.077619336423348,0.12337662337662338,0.74090970591316,2.3172006680273096
1002,95,independent,2.0329086325150967,2.1329423086835497,go,yield,0,0.0,0.0,1,1,0,0.05951569470933335,2.0466589003881324,2.135956100751442,0.08929720036330968,2.135956100751442,-20.0,-20.0,-40.0,0.0,0.0,2.115754847265899
1002,95,fixed_priority,2.0329086325150967,2.1329423086835497,go,yield,0,0.0,0.8,1,0,0,0.5885335226438674,2.0466589003881324,2.9359411197273193,0.8892822193391869,2.9359411197273193,8.976670549805934,5.53202944013634,14.508699989942276,0.0,0.0,2.115754847265899
1002,95,hocbf_only,2.0329086325150967,2.1329423086835497,go,yield,0,0.0,0.0,1,0,0,0.3623406310364183,2.087910177332128,2.094797217811359,0.006887040479230944,2.094797217811359,8.956044911333937,5.952601391094321,14.908646302428258,0.38526315789473686,1.1851341771878887,2.0884905414312254
1002,95,nash_game,2.0329086325150967,2.1329423086835497,go,yield,0,0.0,0.39996632383154695,1,0,0,0.29461032281809696,2.0466589003881324,2.535919586866368,0.48926068647823584,2.535919586866368,8.976670549805934,5.732040206566816,14.70871075637275,0.0,0.0,2.115754847265899
1002,95,nash_game_hocbf,2.0329086325150967,2.1329423086835497,go,yield,0,0.0,0.39996632383154695,1,0,0,0.38633743393662695,1.9918416063656719,2.60657674700262,0.6147351406369483,2.60657674700262,9.004079196817164,5.69671162649869,14.700790823315854,0.11067961165048544,0.6385571810800894,2.0742750713620466
1002,96,independent,1.7756628955626104,2.2119325883498746,go,yield,0,0.0,0.0,1,0,0,0.288102616222771,1.7755877211088786,2.271884829140627,0.4962971080317482,2.271884829140627,9.112206139445561,5.864057585429687,14.976263724875249,0.0,0.0,2.039636730709839
1002,96,fixed_priority,1.7756628955626104,2.2119325883498746,go,yield,0,0.0,0.8,1,0,0,0.5130860649514991,1.7755877211088786,3.071269194993093,1.2956814738842142,3.071269194993093,9.112206139445561,5.464365402503454,14.576571541949015,0.0,0.0,2.039636730709839
1002,96,hocbf_only,1.7756628955626104,2.2119325883498746,go,yield,0,0.0,0.0,1,0,0,0.3863710975074785,1.717121103274101,2.34532707524842,0.6282059719743192,2.34532707524842,9.141439448362949,5.82733646237579,14.968775910738739,0.12631578947368421,0.6460906835665996,2.039636730709839
1002,96,nash_game,1.7756628955626104,2.2119325883498746,go,yield,0,0.0,0.06373030721273576,1,0,0,0.3294920896653212,1.7755877211088786,2.3356005621035663,0.5600128409946876,2.3356005621035663,9.112206139445561,5.832199718948217,14.944405858393779,0.0,0.0,2.039636730709839
1002,96,nash_game_hocbf,1.7756628955626104,2.2119325883498746,go,yield,0,0.0,0.06373030721273576,1,0,0,0.40719787186569717,1.7319154461889137,2.392250121955319,0.6603346757664053,2.392250121955319,9.134042276905543,5.80387493902234,14.937917215927882,0.10580912863070539,0.5890918378651814,2.039636730709839
1002,97,independent,2.115296569396202,2.179399528529117,go,yield,0,0.0,0.0,1,1,0,0.06159739904720735,2.1282935968174264,2.2313370481270716,0.1030434513096452,2.2313370481270716,-20.0,-20.0,-40.0,0.0,0.0,1.6749884243700863
1002,97,fixed_priority,2.115296569396202,2.179399528529117,go,yield,0,0.0,0.8,1,0,0,0.5833337659804306,2.1282935968174264,3.030835278835067,0.9025416820176408,3.030835278835067,8.935853201591287,5.484582360582467,14.420435562173754,0.0,0.0,1.692775485458391
1002,97,hocbf_only,2.115296569396202,2.179399528529117,go,yield,0,0.0,0.0,1,0,0,0.37043835414027476,2.0031466170846413,2.357250191184432,0.35410357409979065,2.357250191184432,8.998426691457679,5.821374904407784,14.819801595865464,0.4090909090909091,1.0028874816534057,1.6749884243700863
1002,97,nash_game,2.115296569396202,2.179399528529117,go,yield,0,0.0,0.43589704086708503,1,0,0,0.31612128563701153,2.1282935968174264,2.6670167296009937,0.5387231327835673,2.6670167296009937,8.935853201591287,5.666491635199503,14.602344836790792,0.0,0.0,1.698110560984728
1002,97,nash_game_hocbf,2.115296569396202,2.179399528529117,go,yield,0,0.0,0.43589704086708503,1,0,0,0.4103223669792442,2.069332627263379,2.7306510440688534,0.6613184168054742,2.7306510440688534,8.96533368636831,5.634674477965573,14.600008164333884,0.1268939393939394,0.5513586021461191,1.698110560984728
1002,98,independent,1.952663282837202,1.93185036817006,yield,go,1,0.0,0.0,1,1,0,0.013440107969086578,1.9408991462451108,1.9435976775032124,0.0026985312581015997,1.9435976775032124,-20.0,-20.0,-40.0,0.0,0.0,1.9159438357849983
1002,98,fixed_priority,1.952663282837202,1.93185036817006,yield,go,1,0.0,0.8,1,0,0,0.5298838637459549,1.9408991462451108,2.7436070917604196,0.8027079455153088,2.7436070917604196,9.029550426877444,5.62819645411979,14.657746880997234,0.0,0.0,1.9232828406248577
1002,98,hocbf_only,1.952663282837202,1.93185036817006,yield,go,1,0.0,0.0,1,0,0,0.35737388055139563,1.9192172587172058,1.9652366389531197,0.0460193802359139,1.9652366389531197,9.040391370641396,6.017381680523441,15.057773051164837,0.42207792207792205,1.158323035775158,1.909697382514849
1002,98,nash_game,1.952663282837202,1.93185036817006,yield,go,1,0.47918708533285814,0.0,1,0,0,0.2863893018739636,2.420009397102736,1.9435976775032124,0.47641171959952344,2.420009397102736,5.7899953014486325,9.028201161248393,14.818196462697026,0.0,0.0,1.9159438357849983
1002,98,nash_game_hocbf,1.952663282837202,1.93185036817006,yield,go,1,0.47918708533285814,0.0,1,0,0,0.3993830091375972,2.5061561167792332,1.8793500206385272,0.626806096140706,2.5061561167792332,5.746921941610383,9.060324989680737,14.80724693129112,0.11764705882352941,0.7354318070314887,1.9159438357849983
1002,99,independent,1.9858225467266908,2.044808694033735,go,yield,0,0.0,0.0,1,1,0,0.08278811889649397,1.9508296502551,2.032746394333755,0.08191674407865501,2.032746394333755,-20.0,-20.0,-40.0,0.0,0.0,2.138518109618739
1002,99,fixed_priority,1.9858225467266908,2.044808694033735,go,yield,0,0.0,0.8,1,0,0,0.5534753171626148,1.9508296502551,2.8327985113546488,0.8819688610995489,2.8327985113546488,9.02458517487245,5.583600744322675,14.608185919195126,0.0,0.0,2.138518109618739
1002,99,hocbf_only,1.9858225467266908,2.044808694033735,go,yield,0,0.0,0.0,1,0,0,0.37337505595945597,1.980291085238038,2.0044735365680855,0.024182451330047483,2.0044735365680855,9.009854457380982,5.9977632317159575,15.00761768909694,0.38065843621399176,1.0922736357120781,2.1127756411228917
1002,99,nash_game,1.9858225467266908,2.044808694033735,go,yield,0,0.0,0.4410138526929557,1,0,0,0.3200419489094619,1.9508296502551,2.473739573626639,0.5229099233715393,2.473739573626639,9.02458517487245,5.76313021318668,14.78771538805913,0.0,0.0,2.138518109618739
1002,99,nash_game_hocbf,1.9858225467266908,2.044808694033735,go,yield,0,0.0,0.4410138526929557,1,0,0,0.4051466823569162,1.9088069523310178,2.5389449232787276,0.6301379709477097,2.5389449232787276,9.04559652383449,5.730527538360636,14.776124062195127,0.12052730696798493,0.5280865802720823,2.0989241872713906
1002,100,independent,2.0325917764647223,2.1334542337952516,go,yield,0,0.0,0.0,1,1,0,0.06191806318297847,2.038709977798554,2.144794104933113,0.10608412713455895,2.144794104933113,-20.0,-20.0,-40.0,0.0,0.0,1.9766960456020077
1002,100,fixed_priority,2.0325917764647223,2.1334542337952516,go,yield,0,0.0,0.8,1,0,0,0.6187881104487348,2.038709977798554,2.944721695877084,0.9060117180785299,2.944721695877084,8.980645011100723,5.527639152061458,14.50828416316218,0.0,0.0,1.9766925145452239
1002,100,hocbf_only,2.0325917764647223,2.1334542337952516,go,yield,0,0.0,0.0,1,0,0,0.3645761689276106,1.8732248642500693,2.3109764397115793,0.43775157546151,2.3109764397115793,9.063387567874965,5.84451178014421,14.907899348019175,0.43524416135881105,0.9380259560282885,2.028214798313215
1002,100,nash_game,2.0325917764647223,2.1334542337952516,go,yield,0,0.0,0.39913754266947077,1,0,0,0.3019017392975049,2.038709977798554,2.5439162316041384,0.5052062538055844,2.5439162316041384,8.980645011100723,5.728041884197931,14.708686895298655,0.0,0.0,1.976670873664937
1002,100,nash_game_hocbf,2.0325917764647223,2.1334542337952516,go,yield,0,0.0,0.39913754266947077,1,0,0,0.4169078502141213,1.9702207519143042,2.625460158356872,0.6552394064425677,2.625460158356872,9.014889624042848,5.687269920821564,14.702159544864411,0.12915851272015655,0.678397327762001,1.995160539794602
1002,101,independent,1.8882268865134861,2.0422043092759425,go,yield,0,0.0,0.0,1,1,0,0.13238170592464724,1.8421905447532776,2.0705498289581574,0.22835928420487983,2.0705498289581574,-20.0,-20.0,-40.0,0.0,0.0,2.632490994207121
1002,101,fixed_priority,1.8882268865134861,2.0422043092759425,go,yield,0,0.0,0.8,1,0,0,0.5271968805739088,1.8421905447532776,2.8704009807012647,1.0282104359479871,2.8704009807012647,9.07890472762336,5.564799509649368,14.643704237272729,0.0,0.0,2.632490994207121
1002,101,hocbf_only,1.8882268865134861,2.0422043092759425,go,yield,0,0.0,0.0,1,0,0,0.3781625134006133,1.7686507431949539,2.1658517512872755,0.3972010080923216,2.1658517512872755,9.115674628402523,5.917074124356362,15.032748752758884,0.36644591611479027,0.9349561982394703,2.5709101603712115
1002,101,nash_game,1.8882268865134861,2.0422043092759425,go,yield,0,0.0,0.3460225772375436,1,0,0,0.35287370571982224,1.8421905447532776,2.4166004461461954,0.5744099013929178,2.4166004461461954,9.07890472762336,5.791699776926903,14.870604504550263,0.0,0.0,2.632490994207121
1002,101,nash_game_hocbf,1.8882268865134861,2.0422043092759425,go,yield,0,0.0,0.3460225772375436,1,0,0,0.4497756838364258,1.7989000074546437,2.4871064482917227,0.6882064408370789,2.4871064482917227,9.100549996272678,5.756446775854139,14.856996772126816,0.13729508196721313,0.590929225941197,2.588836322341731
1002,102,independent,1.9315372194362939,1.907637821558352,yield,go,1,0.0,0.0,1,1,0,0.051217881403467815,1.8945961639325364,1.8900230007380885,0.004573163194447893,1.8945961639325364,-20.0,-20.0,-40.0,0.0,0.0,2.080921911471183
1002,102,fixed_priority,1.9315372194362939,1.907637821558352,yield,go,1,0.0,0.8,1,0,0,0.5388540290518146,1.8945961639325364,2.689933689134492,0.7953375252019557,2.689933689134492,9.052701918033732,5.655033155432754,14.707735073466486,0.0,0.0,2.080921911471183
1002,102,hocbf_only,1.9315372194362939,1.907637821558352,yield,go,1,0.0,0.0,1,0,0,0.3716057421774907,1.9598790598364582,1.8250467006466946,0.13483235918976355,1.9598790598364582,6.020060470081771,9.087476649676653,15.107537119758423,0.4168564920273349,1.0803914656904199,2.07259166295952
1002,102,nash_game,1.9315372194362939,1.907637821558352,yield,go,1,0.47610060212205796,0.0,1,0,0,0.3000881249015327,2.3703500202397785,1.8900230007380885,0.48032701950169,2.3703500202397785,5.814824989880111,9.054988499630955,14.869813489511067,0.0,0.0,2.081259828640925
1002,102,nash_game_hocbf,1.9315372194362939,1.907637821558352,yield,go,1,0.47610060212205796,0.0,1,0,0,0.425403920381056,2.4639221956763455,1.8261240126023552,0.6377981830739903,2.4639221956763455,5.768038902161827,9.086937993698822,14.854976895860649,0.12320328542094455,0.8094295212946523,2.1006182195305483
1002,103,independent,2.130742649610497,1.7573274186958374,yield,go,1,0.0,0.0,1,1,0,0.2053877066541924,2.1191335661604636,1.775870481874771,0.3432630842856925,2.1191335661604636,-20.0,-20.0,-40.0,0.0,0.0,2.324637962273495
1002,103,fixed_priority,2.130742649610497,1.7573274186958374,yield,go,1,0.0,0.8,1,0,0,0.2722199260284718,2.1191335661604636,2.576142474948938,0.45700890878847433,2.576142474948938,8.940433216919768,5.711928762525531,14.652361979445299,0.0,0.0,2.34309403410463
1002,103,hocbf_only,2.130742649610497,1.7573274186958374,yield,go,1,0.0,0.0,1,0,0,0.36384178720417937,2.2270947078092393,1.686247193356904,0.5408475144523353,2.2270947078092393,5.88645264609538,9.156876403321547,15.043329049416927,0.3285123966942149,0.5696082739648042,2.2685978139475864
1002,103,nash_game,2.130742649610497,1.7573274186958374,yield,go,1,0.1265847690853401,0.0,1,0,0,0.2867501982721595,2.2457045454309843,1.775870481874771,0.46983406355621327,2.2457045454309843,5.877147727284508,9.112064759062614,14.989212486347121,0.0,0.0,2.324637962273495
1002,103,nash_game_hocbf,2.130742649610497,1.7573274186958374,yield,go,1,0.1265847690853401,0.0,1,0,0,0.38395519674791107,2.321682196481518,1.7204262171879638,0.6012559792935543,2.321682196481518,5.839158901759241,9.139786891406018,14.97894579316526,0.14688128772635814,0.5386876902884555,2.314388587455329
1002,104,independent,1.899753612868361,2.0797522707503027,go,yield,0,0.0,0.0,1,1,0,0.0903353880868371,1.9378429750992883,2.095323325481756,0.15748035038246755,2.095323325481756,-20.0,-20.0,-40.0,0.0,0.0,2.154931197756738
1002,104,fixed_priority,1.899753612868361,2.0797522707503027,go,yield,0,0.0,0.8,1,0,0,0.6162909590848321,1.9378429750992883,2.895235027334743,0.9573920522354546,2.895235027334743,9.031078512450357,5.552382486332629,14.583460998782986,0.0,0.0,2.1548807056246018
1002,104,hocbf_only,1.899753612868361,2.0797522707503027,go,yield,0,0.0,0.0,1,0,0,0.3631550028676458,1.7648938571015955,2.2522110578258436,0.4873172007242481,2.2522110578258436,9.117553071449203,5.873894471087079,14.991447542536282,0.3665893271461717,0.8922897901484487,2.2078294761043575
1002,104,nash_game,1.899753612868361,2.0797522707503027,go,yield,0,0.0,0.3200013421180583,1,0,0,0.29056430061646377,1.9378429750992883,2.4153339512700573,0.4774909761707691,2.4153339512700573,9.031078512450357,5.7923330243649715,14.823411536815328,0.0,0.0,2.154910008299096
1002,104,nash_game_hocbf,1.899753612868361,2.0797522707503027,go,yield,0,0.0,0.3200013421180583,1,0,0,0.4104282497403781,1.8624628383036157,2.499175919429044,0.6367130811254285,2.499175919429044,9.068768580848193,5.750412040285478,14.819180621133672,0.13822894168466524,0.7264261823392528,2.1821173061460435
1002,105,independent,1.8256830678031342,1.9416171501315842,go,yield,0,0.0,0.0,1,1,0,0.0877569616080465,1.8040936727008,1.954868659746834,0.1507749870460342,1.954868659746834,-20.0,-20.0,-40.0,0.0,0.0,2.1739395320737605
1002,105,fixed_priority,1.8256830678031342,1.9416171501315842,go,yield,0,0.0,0.8,1,0,0,0.3818630563824186,1.8040936727008,2.7548709777996145,0.9507773050988146,2.7548709777996145,9.0979531636496,5.622564511100193,14.720517674749793,0.0,0.0,2.1739395320737605
1002,105,hocbf_only,1.8256830678031342,1.9416171501315842,go,yield,0,0.0,0.0,1,0,0,0.35224481386834794,1.8059048926048848,1.9693240331990065,0.16341914059412166,1.9693240331990065,9.097047553697557,6.015337983400497,15.112385537098053,0.4904051172707889,1.0134768779676202,2.1129564071640012
1002,105,nash_game,1.8256830678031342,1.9416171501315842,go,yield,0,0.0,0.38406591767154974,1,0,0,0.32391370292139016,1.8040936727008,2.3390049229114016,0.5349112502106017,2.3390049229114016,9.0979531636496,5.830497538544299,14.9284507021939,0.0,0.0,2.1739395320737605
1002,105,nash_game_hocbf,1.8256830678031342,1.9416171501315842,go,yield,0,0.0,0.38406591767154974,1,0,0,0.3926833341503567,1.7582143493349767,2.412929471505499,0.6547151221705225,2.412929471505499,9.120892825332511,5.79353526424725,14.914428089579761,0.2440944881889764,0.632920254282343,2.223111240140866
1002,106,independent,1.7855215566044733,1.8378142201819896,go,yield,0,0.0,0.0,1,1,0,0.028228102801553915,1.7776547628202164,1.816461744675891,0.03880698185567466,1.816461744675891,-20.0,-20.0,-40.0,0.0,0.0,2.0180302950147393
1002,106,fixed_priority,1.7855215566044733,1.8378142201819896,go,yield,0,0.0,0.8,1,0,0,0.38925662013852935,1.7776547628202164,2.616208159634472,0.8385533968142558,2.616208159634472,9.111172618589892,5.691895920182764,14.803068538772656,0.0,0.0,2.0180302950147393
1002,106,hocbf_only,1.7855215566044733,1.8378142201819896,go,yield,0,0.0,0.0,1,0,0,0.35514565809524024,1.7279048659741802,1.8708511151199687,0.14294624914578846,1.8708511151199687,9.136047567012909,6.064574442440016,15.200622009452925,0.5442477876106194,1.003055860083105,2.0181411518364616
1002,106,nash_game,1.7855215566044733,1.8378142201819896,go,yield,0,0.0,0.4477073364224837,1,0,0,0.29437401824910037,1.7776547628202164,2.2638317261128345,0.48617696329261806,2.2638317261128345,9.111172618589892,5.868084136943583,14.979256755533475,0.0,0.0,2.0180302950147393
1002,106,nash_game_hocbf,1.7855215566044733,1.8378142201819896,go,yield,0,0.0,0.4477073364224837,1,0,0,0.3909750823445306,1.7173644890582205,2.356891318981212,0.6395268299229917,2.356891318981212,9.14131775547089,5.821554340509394,14.962872095980284,0.19517102615694165,0.587528530144521,2.0180302950147393
1002,107,independent,1.9324770978981058,1.8465737898234797,yield,go,1,0.0,0.0,1,1,0,0.07807248450217419,1.9248009764625482,1.80754723976328,0.11725373669926831,1.9248009764625482,-20.0,-20.0,-40.0,0.0,0.0,2.4961649538932558
1002,107,fixed_priority,1.9324770978981058,1.8465737898234797,yield,go,1,0.0,0.8,1,0,0,0.4859269740161339,1.9248009764625482,2.6070515438502846,0.6822505673877364,2.6070515438502846,9.037599511768725,5.696474228074858,14.734073739843584,0.0,0.0,2.4963760576577148
1002,107,hocbf_only,1.9324770978981058,1.8465737898234797,yield,go,1,0.0,0.0,1,0,0,0.36448213163678544,2.010573526002283,1.7382404255801531,0.2723331004221299,2.010573526002283,5.994713236998859,9.130879787209924,15.125593024208783,0.41927710843373495,1.0933594184136748,2.4313324688507048
1002,107,nash_game,1.9324770978981058,1.8465737898234797,yield,go,1,0.4140966919253739,0.0,1,0,0,0.3314776533969892,2.338824935504185,1.80754723976328,0.5312776957409051,2.338824935504185,5.8305875322479075,9.09622638011836,14.926813912366267,0.0,0.0,2.4961649538932558
1002,107,nash_game_hocbf,1.9324770978981058,1.8465737898234797,yield,go,1,0.4140966919253739,0.0,1,0,0,0.44588028537649715,2.4252768446884794,1.755484896353876,0.6697919483346033,2.4252768446884794,5.78736157765576,9.122257551823061,14.909619129478822,0.11403508771929824,0.8488400852920571,2.4450460372968834
1002,108,independent,2.139860581510531,2.099562909636509,yield,go,1,0.0,0.0,1,1,0,0.07075023302774248,2.0986438878635543,2.0665129411139467,0.03213094674960759,2.0986438878635543,-20.0,-20.0,-40.0,0.0,0.0,2.4580336873813455
1002,108,fixed_priority,2.139860581510531,2.099562909636509,yield,go,1,0.0,0.8,1,0,0,0.4685122812745027,2.0986438878635543,2.8667058434400627,0.7680619555765085,2.8667058434400627,8.950678056068224,5.566647078279969,14.517325134348193,0.0,0.0,2.4580336873813455
1002,108,hocbf_only,2.139860581510531,2.099562909636509,yield,go,1,0.0,0.0,1,0,0,0.3719647312262391,2.1727494601404427,1.995877906651968,0.1768715534884746,2.1727494601404427,5.913625269929779,9.002061046674015,14.915686316603793,0.4321503131524008,1.0135531946300607,2.4661716757425896
1002,108,nash_game,2.139860581510531,2.099562909636509,yield,go,1,0.459702328125978,0.0,1,0,0,0.30323920844287056,2.558398678462076,2.0665129411139467,0.4918857373481291,2.558398678462076,5.720800660768962,8.966743529443027,14.68754419021199,0.0,0.0,2.4581843897339275
1002,108,nash_game_hocbf,2.139860581510531,2.099562909636509,yield,go,1,0.459702328125978,0.0,1,0,0,0.4153758738525404,2.643765438314458,2.0083063027662296,0.6354591355482286,2.643765438314458,5.678117280842771,8.995846848616885,14.673964129459655,0.12,0.6911275518363118,2.4877867564392036
1002,109,independent,2.2376505353614404,1.9558089374151586,yield,go,1,0.0,0.0,1,1,0,0.16706110690926804,2.268102888262753,1.9865410969841943,0.2815617912785586,2.268102888262753,-20.0,-20.0,-40.0,0.0,0.0,2.218213647241029
1002,109,fixed_priority,2.2376505353614404,1.9558089374151586,yield,go,1,0.0,0.8,1,0,0,0.31985346474073767,2.268102888262753,2.786493236381791,0.5183903481190382,2.786493236381791,8.865948555868624,5.606753381809105,14.472701937677728,0.0,0.0,2.240764295066643
1002,109,hocbf_only,2.2376505353614404,1.9558089374151586,yield,go,1,0.0,0.0,1,0,0,0.37202264213081354,2.3759357656525437,1.8816411307409033,0.4942946349116404,2.3759357656525437,5.812032117173728,9.059179434629549,14.871211551803277,0.32150313152400833,0.7850778194963287,2.218213647241029
1002,109,nash_game,2.2376505353614404,1.9558089374151586,yield,go,1,0.21815840205371817,0.0,1,0,0,0.30485399511014544,2.486212503079355,1.9865410969841943,0.4996714060951608,2.486212503079355,5.756893748460323,9.006729451507903,14.763623199968226,0.0,0.0,2.218213647241029
1002,109,nash_game_hocbf,2.2376505353614404,1.9558089374151586,yield,go,1,0.21815840205371817,0.0,1,0,0,0.3986955437513968,2.5542270576897774,1.9286585671878762,0.6255684905019012,2.5542270576897774,5.722886471155111,9.035670716406061,14.758557187561173,0.11177644710578842,0.6565622099367241,2.218213647241029
1002,110,independent,1.9886620336614258,2.22934379871881,go,yield,0,0.0,0.0,1,1,0,0.11625768188081792,2.0218107747072875,2.223121563062229,0.20131078835494165,2.223121563062229,-20.0,-20.0,-40.0,0.0,0.0,2.2238041388044634
1002,110,fixed_priority,1.9886620336614258,2.22934379871881,go,yield,0,0.0,0.8,1,0,0,0.48650708586262836,2.0218107747072875,3.0232048184073665,1.001394043700079,3.0232048184073665,8.989094612646356,5.488397590796317,14.477492203442672,0.0,0.0,2.2238041388044634
1002,110,hocbf_only,1.9886620336614258,2.22934379871881,go,yield,0,0.0,0.0,1,0,0,0.3596534032173991,1.8845205215709622,2.3623497679706054,0.4778292463996432,2.3623497679706054,9.057739739214519,5.818825116014697,14.876564855229216,0.37639198218262804,0.8178837672588658,2.1346514193858925
1002,110,nash_game,1.9886620336614258,2.22934379871881,go,yield,0,0.0,0.25931823494261597,1,0,0,0.2830422010427526,2.0218107747072875,2.482452475227536,0.46064170052024833,2.482452475227536,8.989094612646356,5.758773762386232,14.747868375032589,0.0,0.0,2.2238041388044634
1002,110,nash_game_hocbf,1.9886620336614258,2.22934379871881,go,yield,0,0.0,0.25931823494261597,1,0,0,0.39328635656479527,1.9527936326184996,2.564620778922409,0.6118271463039093,2.564620778922409,9.02360318369075,5.7176896105387955,14.741292794229544,0.16842105263157894,0.5840914563357716,2.157675793348887
1002,111,independent,1.8146961059828444,1.8680444478087084,go,yield,0,0.0,0.0,1,1,0,0.04495171224123527,1.7800485187258528,1.8564099362086672,0.07636141748281444,1.8564099362086672,-20.0,-20.0,-40.0,0.0,0.0,2.5333587679681506
1002,111,fixed_priority,1.8146961059828444,1.8680444478087084,go,yield,0,0.0,0.8,1,0,0,0.3891694018104674,1.7800485187258528,2.656304063550509,0.8762555448246561,2.656304063550509,9.109975740637074,5.671847968224745,14.781823708861818,0.0,0.0,2.533450300933369
1002,111,hocbf_only,1.8146961059828444,1.8680444478087084,go,yield,0,0.0,0.0,1,0,0,0.36461856711499546,1.5786178935365842,2.0668324292601516,0.48821453572356743,2.0668324292601516,9.210691053231708,5.966583785369924,15.177274838601631,0.5023809523809524,1.0434146927693528,2.632969108099226
1002,111,nash_game,1.8146961059828444,1.8680444478087084,go,yield,0,0.0,0.446651658174136,1,0,0,0.32290435651340427,1.7800485187258528,2.3028926882478675,0.5228441695220147,2.3028926882478675,9.109975740637074,5.848553655876066,14.95852939651314,0.0,0.0,2.5334385279449116
1002,111,nash_game_hocbf,1.8146961059828444,1.8680444478087084,go,yield,0,0.0,0.446651658174136,1,0,0,0.4510158179404548,1.7115855336548538,2.405968085066041,0.6943825514111872,2.405968085066041,9.144207233172573,5.7970159574669795,14.941223190639551,0.22629310344827586,0.8789104471470223,2.487127302837942
1002,112,independent,2.0757363067207852,2.0110341649386574,yield,go,1,0.0,0.0,1,1,0,0.054995572560553256,2.1031271886075387,2.017065579759946,0.08606160884759273,2.1031271886075387,-20.0,-20.0,-40.0,0.0,0.0,1.8693491723412738
1002,112,fixed_priority,2.0757363067207852,2.0110341649386574,yield,go,1,0.0,0.8,1,0,0,0.46835682070077395,2.1031271886075387,2.8170522051025446,0.713925016495006,2.8170522051025446,8.948436405696231,5.5914738974487275,14.539910303144959,0.0,0.0,1.873474878672091
1002,112,hocbf_only,2.0757363067207852,2.0110341649386574,yield,go,1,0.0,0.0,1,0,0,0.3692910829313986,2.0770107728062466,2.044885493630397,0.03212527917584973,2.0770107728062466,5.9614946135968765,8.977557253184802,14.939051866781679,0.43544857768052514,1.073003915158926,1.8590755251136215
1002,112,nash_game,2.0757363067207852,2.0110341649386574,yield,go,1,0.43529785821787215,0.0,1,0,0,0.31212991210678176,2.5384001620243506,2.017065579759946,0.5213345822644047,2.5384001620243506,5.730799918987825,8.991467210120026,14.722267129107852,0.0,0.0,1.8693491723412738
1002,112,nash_game_hocbf,2.0757363067207852,2.0110341649386574,yield,go,1,0.43529785821787215,0.0,1,0,0,0.40741644546411915,2.606907132427536,1.9628569256668957,0.6440502067606404,2.606907132427536,5.6965464337862315,9.018571537166553,14.715117970952784,0.11377245508982035,0.6504322749519907,1.8693491723412738
1002,113,independent,1.99891725342772,2.1450590266317247,go,yield,0,0.0,0.0,1,1,0,0.06568099285802562,2.0100616855197533,2.118376445259342,0.1083147597395886,2.118376445259342,-20.0,-20.0,-40.0,0.0,0.0,1.9980084818419694
1002,113,fixed_priority,1.99891725342772,2.1450590266317247,go,yield,0,0.0,0.8,1,0,0,0.5535881805155635,2.0100616855197533,2.918591861577233,0.9085301760574795,2.918591861577233,8.994969157240124,5.540704069211383,14.535673226451507,0.0,0.0,1.9981273297270008
1002,113,hocbf_only,1.99891725342772,2.1450590266317247,go,yield,0,0.0,0.0,1,0,0,0.3574544754741644,1.8208593417384473,2.310451885875514,0.48959254413706654,2.310451885875514,9.089570329130776,5.844774057062243,14.934344386193018,0.44206008583690987,0.8539243923451516,2.065949696534907
1002,113,nash_game,1.99891725342772,2.1450590266317247,go,yield,0,0.0,0.3538582267959951,1,0,0,0.27915104834193705,2.0100616855197533,2.472245033520794,0.4621833480010409,2.472245033520794,8.994969157240124,5.763877483239603,14.758846640479728,0.0,0.0,1.9979902813924117
1002,113,nash_game_hocbf,1.99891725342772,2.1450590266317247,go,yield,0,0.0,0.3538582267959951,1,0,0,0.4035785318737538,1.93513625279956,2.56474358407078,0.6296073312712203,2.56474358407078,9.03243187360022,5.71762820796461,14.75006008156483,0.13572854291417166,0.7152266710553821,2.017831507019238
1002,114,independent,1.7832622821268447,2.0083708655000425,go,yield,0,0.0,0.0,1,1,0,0.12004795204119843,1.7926076612461406,1.9978945138239006,0.20528685257776003,1.9978945138239006,-20.0,-20.0,-40.0,0.0,0.0,2.0546807632043556
1002,114,fixed_priority,1.7832622821268447,2.0083708655000425,go,yield,0,0.0,0.8,1,0,0,0.43153215706870535,1.7926076612461406,2.797923804827993,1.0053161435818525,2.797923804827993,9.10369616937693,5.601038097586003,14.704734266962934,0.0,0.0,2.0546807632043556
1002,114,hocbf_only,1.7832622821268447,2.0083708655000425,go,yield,0,0.0,0.0,1,0,0,0.3649660779622699,1.6363427389715137,2.160336125337757,0.5239933863662434,2.160336125337757,9.181828630514243,5.9198319373311215,15.101660567845364,0.29295154185022027,0.8415886706087543,2.0546807632043556
1002,114,nash_game,1.7832622821268447,2.0083708655000425,go,yield,0,0.0,0.27489141662680217,1,0,0,0.29565303861408165,1.7926076612461406,2.2727297956621726,0.480122134416032,2.2727297956621726,9.10369616937693,5.863635102168914,14.967331271545843,0.0,0.0,2.0546807632043556
1002,114,nash_game_hocbf,1.7832622821268447,2.0083708655000425,go,yield,0,0.0,0.27489141662680217,1,0,0,0.4229476574180756,1.7221687012416096,2.366132032199939,0.6439633309583295,2.366132032199939,9.138915649379195,5.8169339839000305,14.955849633279225,0.1970954356846473,0.6495233353693333,2.0546807632043556
1002,115,independent,1.8547371001559514,1.8678070219038008,go,yield,0,0.0,0.0,1,1,0,0.030418369948793964,1.85253641618064,1.9051628882393556,0.052626472058715734,1.9051628882393556,-20.0,-20.0,-40.0,0.0,0.0,2.2518612174221384
1002,115,fixed_priority,1.8547371001559514,1.8678070219038008,go,yield,0,0.0,0.8,1,0,0,0.5788712580697983,1.85253641618064,2.7052908948868875,0.8527544787062475,2.7052908948868875,9.07373179190968,5.647354552556556,14.721086344466237,0.0,0.0,2.2518612174221384
1002,115,hocbf_only,1.8547371001559514,1.8678070219038008,go,yield,0,0.0,0.0,1,0,0,0.3540374988039879,1.868882074311099,1.8895363680574904,0.020654293746391383,1.8895363680574904,9.06555896284445,6.055231815971255,15.120790778815707,0.42105263157894735,1.2085725202372575,2.2263998775213074
1002,115,nash_game,1.8547371001559514,1.8678070219038008,go,yield,0,0.0,0.4869300782521504,1,0,0,0.3303237015822307,1.85253641618064,2.392377657758166,0.539841241577526,2.392377657758166,9.07373179190968,5.803811171120917,14.877542963030596,0.0,0.0,2.2518612174221384
1002,115,nash_game_hocbf,1.8547371001559514,1.8678070219038008,go,yield,0,0.0,0.4869300782521504,1,0,0,0.4447130875036962,1.7923542624943634,2.473216510138338,0.6808622476439747,2.473216510138338,9.103822868752818,5.763391744930831,14.86721461368365,0.10905349794238683,0.8309381974965809,2.2518612174221384
1002,116,independent,1.8836399540449555,1.918851642414266,go,yield,0,0.0,0.0,1,1,0,0.01752102949597418,1.9523969809258492,1.9397450750317695,0.012651905894079718,1.9523969809258492,-20.0,-20.0,-40.0,0.0,0.0,2.034762080453256
1002,116,fixed_priority,1.8836399540449555,1.918851642414266,go,yield,0,0.0,0.8,1,0,0,0.5393804872032345,1.9523969809258492,2.7397679905549364,0.7873710096290871,2.7397679905549364,9.023801509537076,5.630116004722532,14.653917514259607,0.0,0.0,2.034762080453256
1002,116,hocbf_only,1.8836399540449555,1.918851642414266,go,yield,0,0.0,0.0,1,0,0,0.36244060773149483,1.94739534452533,1.9448469911062394,0.0025483534190906543,1.94739534452533,6.026302327737335,9.02757650444688,15.053878832184216,0.41201716738197425,1.1307744393607155,2.022772909870903
1002,116,nash_game,1.8836399540449555,1.918851642414266,go,yield,0,0.0,0.46478831163068945,1,0,0,0.27419625891545263,1.9523969809258492,2.4046480332054174,0.4522510522795682,2.4046480332054174,9.023801509537076,5.7976759833972915,14.821477492934367,0.0,0.0,2.034762080453256
1002,116,nash_game_hocbf,1.8836399540449555,1.918851642414266,go,yield,0,0.0,0.46478831163068945,1,0,0,0.3977983661292758,1.8728622624300304,2.4925882710737772,0.6197260086437468,2.4925882710737772,9.063568868784985,5.753705864463111,14.817274733248096,0.12085769980506822,0.7791394173152737,2.034762080453256
1002,117,independent,1.854991690294613,1.9612408003269224,go,yield,0,0.0,0.0,1,1,0,0.041251510180892126,1.8643591549334126,1.9246831447460457,0.060323989812633094,1.9246831447460457,-20.0,-20.0,-40.0,0.0,0.0,1.7941203849358773
1002,117,fixed_priority,1.854991690294613,1.9612408003269224,go,yield,0,0.0,0.8,1,0,0,0.5651883910634331,1.8643591549334126,2.7246001419688817,0.860240987035469,2.7246001419688817,9.067820422533293,5.637699929015559,14.705520351548852,0.0,0.0,1.7941203849358773
1002,117,hocbf_only,1.854991690294613,1.9612408003269224,go,yield,0,0.0,0.0,1,0,0,0.3614335841940648,1.72584289505808,2.0706065023734332,0.34476360731535327,2.0706065023734332,9.13707855247096,5.964696748813283,15.101775301284244,0.45085470085470086,0.956935773744566,1.7949805151086689
1002,117,nash_game,1.854991690294613,1.9612408003269224,go,yield,0,0.0,0.3937508899676907,1,0,0,0.27232377229591154,1.8643591549334126,2.3181487841929314,0.4537896292595187,2.3181487841929314,9.067820422533293,5.840925607903534,14.908746030436827,0.0,0.0,1.7941203849358773
1002,117,nash_game_hocbf,1.854991690294613,1.9612408003269224,go,yield,0,0.0,0.3937508899676907,1,0,0,0.39552684689162587,1.7957099925577964,2.412510861251412,0.6168008686936157,2.412510861251412,9.102145003721102,5.793744569374294,14.895889573095396,0.126232741617357,0.7450470697140289,1.7941203849358773
1002,118,independent,2.103751538704608,1.9820990838138557,yield,go,1,0.0,0.0,1,1,0,0.08281467449136458,2.136855342521917,1.9991859544291997,0.13766938809271712,2.136855342521917,-20.0,-20.0,-40.0,0.0,0.0,1.9025100154523824
1002,118,fixed_priority,2.103751538704608,1.9820990838138557,yield,go,1,0.0,0.8,1,0,0,0.41973344480801733,2.136855342521917,2.7991472505372337,0.6622919080153169,2.7991472505372337,8.931572328739042,5.600426374731383,14.531998703470425,0.0,0.0,1.9025100154523824
1002,118,hocbf_only,2.103751538704608,1.9820990838138557,yield,go,1,0.0,0.0,1,0,0,0.3681444656463369,2.3153619710453186,1.8161412409285353,0.49922073011678325,2.3153619710453186,5.842319014477341,9.091929379535733,14.934248394013075,0.4669421487603306,0.8683322876758733,1.9025100154523824
1002,118,nash_game,2.103751538704608,1.9820990838138557,yield,go,1,0.37834754510924773,0.0,1,0,0,0.30514770773426014,2.5151643637750927,1.9991859544291997,0.515978409345893,2.5151643637750927,5.742417818112454,9.0004070227854,14.742824840897853,0.0,0.0,1.9246331056188253
1002,118,nash_game_hocbf,2.103751538704608,1.9820990838138557,yield,go,1,0.37834754510924773,0.0,1,0,0,0.4167810216269947,2.591917621771141,1.9303843613914866,0.6615332603796542,2.591917621771141,5.704041189114429,9.034807819304257,14.738849008418686,0.12835249042145594,0.6517030308076999,1.9246331056188253
1002,119,independent,2.0065352526857803,1.704370629599711,yield,go,1,0.0,0.0,1,1,0,0.16661840864051575,2.0132564579172545,1.720589414278563,0.29266704363869156,2.0132564579172545,-20.0,-20.0,-40.0,0.0,0.0,2.230105424610728
1002,119,fixed_priority,2.0065352526857803,1.704370629599711,yield,go,1,0.0,0.8,1,0,0,0.3091266165821034,2.0132564579172545,2.5209389663534014,0.5076825084361469,2.5209389663534014,8.993371771041373,5.739530516823299,14.732902287864672,0.0,0.0,2.242842443736501
1002,119,hocbf_only,2.0065352526857803,1.704370629599711,yield,go,1,0.0,0.0,1,0,0,0.3626187403501283,2.1571965574114498,1.5912373059083769,0.5659592515030729,2.1571965574114498,5.921401721294275,9.204381347045812,15.125783068340088,0.24678111587982832,0.7491582926665039,2.230105424610728
1002,119,nash_game,2.0065352526857803,1.704370629599711,yield,go,1,0.19783537691393072,0.0,1,0,0,0.2966509091235424,2.211108751960814,1.720589414278563,0.490519337682251,2.211108751960814,5.894445624019593,9.139705292860718,15.03415091688031,0.0,0.0,2.230105424610728
1002,119,nash_game_hocbf,2.0065352526857803,1.704370629599711,yield,go,1,0.19783537691393072,0.0,1,0,0,0.41316996942327383,2.2979012571783777,1.6549559523349036,0.6429453048434741,2.2979012571783777,5.851049371410811,9.172522023832549,15.02357139524336,0.1154639175257732,0.8029364149773395,2.230105424610728
1002,120,independent,1.9049957211587791,1.9260456690865593,go,yield,0,0.0,0.0,1,1,0,0.03367575547519668,1.8907823864820024,1.958914104298433,0.06813171781643068,1.958914104298433,-20.0,-20.0,-40.0,0.0,0.0,1.97050849285801
1002,120,fixed_priority,1.9049957211587791,1.9260456690865593,go,yield,0,0.0,0.8,1,0,0,0.5442921009807631,1.8907823864820024,2.7589121713219185,0.8681297848399161,2.7589121713219185,9.054608806759,5.6205439143390405,14.67515272109804,0.0,0.0,1.9934770068570205
1002,120,hocbf_only,1.9049957211587791,1.9260456690865593,go,yield,0,0.0,0.0,1,0,0,0.3622450655059782,1.7895131484371547,2.06507608033365,0.27556293189649517,2.06507608033365,9.105243425781422,5.967461959833175,15.072705385614597,0.45021645021645024,1.0885528549298746,1.966306180318616
1002,120,nash_game,1.9049957211587791,1.9260456690865593,go,yield,0,0.0,0.47895005207221963,1,0,0,0.3247761074966257,1.8907823864820024,2.438011463630582,0.5472290771485795,2.438011463630582,9.054608806759,5.780994268184709,14.835603074943709,0.0,0.0,1.996602874743382
1002,120,nash_game_hocbf,1.9049957211587791,1.9260456690865593,go,yield,0,0.0,0.47895005207221963,1,0,0,0.42975244253873085,1.8352166068278437,2.5125775497077374,0.6773609428798937,2.5125775497077374,9.082391696586079,5.743711225146131,14.826102921732211,0.11372549019607843,0.6964383659134925,1.996602874743382
1002,121,independent,2.3240766497976693,1.8098892405853935,go,go,1,0.0,0.0,1,0,0,0.27798360127577565,2.3173241562904456,1.8625030692977138,0.4548210869927318,2.3173241562904456,5.841337921854777,9.068748465351144,14.91008638720592,0.0,0.0,2.219476365175184
1002,121,fixed_priority,2.3240766497976693,1.8098892405853935,go,go,1,0.0,0.8,1,1,0,0.20202496814445706,2.3173241562904456,2.6628601327536785,0.34553597646323286,2.6628601327536785,-20.0,-20.0,-40.0,0.0,0.0,2.2561355338194007
1002,121,hocbf_only,2.3240766497976693,1.8098892405853935,go,go,1,0.0,0.0,1,0,0,0.3829177556742868,2.394300526790543,1.79673279755164,0.597567729238903,2.394300526790543,5.8028497366047285,9.10163360122418,14.904483337828907,0.1276595744680851,0.6774104566144186,2.219476365175184
1002,121,nash_game,2.3240766497976693,1.8098892405853935,go,go,1,0.0,0.0,1,0,0,0.27798360127577565,2.3173241562904456,1.8625030692977138,0.4548210869927318,2.3173241562904456,5.841337921854777,9.068748465351144,14.91008638720592,0.0,0.0,2.219476365175184
1002,121,nash_game_hocbf,2.3240766497976693,1.8098892405853935,go,go,1,0.0,0.0,1,0,0,0.3829177556742868,2.394300526790543,1.79673279755164,0.597567729238903,2.394300526790543,5.8028497366047285,9.10163360122418,14.904483337828907,0.1276595744680851,0.6774104566144186,2.219476365175184
1002,122,independent,1.9990704301392972,1.8422783839286838,yield,go,1,0.0,0.0,1,1,0,0.0895613949335733,2.0352709461908134,1.8757335473610914,0.15953739882972195,2.0352709461908134,-20.0,-20.0,-40.0,0.0,0.0,1.9750641711803327
1002,122,fixed_priority,1.9990704301392972,1.8422783839286838,yield,go,1,0.0,0.8,1,0,0,0.41177685620720567,2.0352709461908134,2.6759258484134776,0.6406549022226642,2.6759258484134776,8.982364526904593,5.662037075793261,14.644401602697855,0.0,0.0,1.9994332795640182
1002,122,hocbf_only,1.9990704301392972,1.8422783839286838,yield,go,1,0.0,0.0,1,0,0,0.35756581973383783,2.197991320609916,1.7066857895421792,0.4913055310677368,2.197991320609916,5.901004339695042,9.146657105228911,15.047661444923953,0.4533029612756264,0.8362728308450906,1.9750641711803327
1002,122,nash_game,1.9990704301392972,1.8422783839286838,yield,go,1,0.3432079537893866,0.0,1,0,0,0.30111456610908377,2.3785675361436023,1.8757335473610914,0.5028339887825108,2.3785675361436023,5.810716231928199,9.062133226319455,14.872849458247654,0.0,0.0,1.9750641711803327
1002,122,nash_game_hocbf,1.9990704301392972,1.8422783839286838,yield,go,1,0.3432079537893866,0.0,1,0,0,0.4099514918523262,2.4556518434510766,1.8088953312533964,0.6467565121976802,2.4556518434510766,5.772174078274462,9.095552334373302,14.867726412647764,0.1226215644820296,0.7249132355120244,1.9750641711803327
1002,123,independent,2.035942564014424,2.2849029019772384,go,yield,0,0.0,0.0,1,1,0,0.15148784205577578,1.999820655162826,2.270326172430751,0.27050551726792493,2.270326172430751,-20.0,-20.0,-40.0,0.0,0.0,1.842497710892826
1002,123,fixed_priority,2.035942564014424,2.2849029019772384,go,yield,0,0.0,0.8,1,0,0,0.5520493687946241,1.999820655162826,3.070508132573484,1.070687477410658,3.070508132573484,9.000089672418587,5.4647459337132585,14.464835606131846,0.0,0.0,1.8425703590689462
1002,123,hocbf_only,2.035942564014424,2.2849029019772384,go,yield,0,0.0,0.0,1,0,0,0.36741558575164945,1.8557337264011362,2.4245799143649975,0.5688461879638613,2.4245799143649975,9.072133136799431,5.787710042817501,14.859843179616933,0.3037974683544304,0.7364389053191654,1.8856684462100108
1002,123,nash_game,2.035942564014424,2.2849029019772384,go,yield,0,0.0,0.25103966203718553,1,0,0,0.30788545317538984,1.999820655162826,2.5214023815740316,0.5215817264112057,2.5214023815740316,9.000089672418587,5.739298809212984,14.739388481631572,0.0,0.0,1.8424988836681373
1002,123,nash_game_hocbf,2.035942564014424,2.2849029019772384,go,yield,0,0.0,0.25103966203718553,1,0,0,0.4057283434926012,1.9474586874492241,2.595284049736619,0.6478253622873951,2.595284049736619,9.026270656275388,5.70235797513169,14.728628631407078,0.13026052104208416,0.5831119234192035,1.8599090148809427
1002,124,independent,2.3084007109731055,1.994904365061185,yield,go,1,0.0,0.0,1,1,0,0.17371564299888007,2.361151406413656,2.055308975794049,0.30584243061960725,2.361151406413656,-20.0,-20.0,-40.0,0.0,0.0,1.860464440778364
1002,124,fixed_priority,2.3084007109731055,1.994904365061185,yield,go,1,0.0,0.8,1,0,0,0.2936879329278883,2.361151406413656,2.8550152755524554,0.4938638691387993,2.8550152755524554,8.819424296793173,5.572492362223772,14.391916659016946,0.0,0.0,1.8869312077788825
1002,124,hocbf_only,2.3084007109731055,1.994904365061185,yield,go,1,0.0,0.0,1,0,0,0.3592800205126638,2.487043172970133,1.9141671443444548,0.5728760286256784,2.487043172970133,5.756478413514934,9.042916427827773,14.799394841342707,0.2903885480572597,0.6249056146210046,1.860464440778364
1002,124,nash_game,2.3084007109731055,1.994904365061185,yield,go,1,0.18650365408807934,0.0,1,0,0,0.2915456659559903,2.547545592299411,2.055308975794049,0.492236616505362,2.547545592299411,5.726227203850295,8.972345512102976,14.69857271595327,0.0,0.0,1.860464440778364
1002,124,nash_game_hocbf,2.3084007109731055,1.994904365061185,yield,go,1,0.18650365408807934,0.0,1,0,0,0.3895179466995649,2.6157749700355777,1.9880082341453846,0.627766735890193,2.6157749700355777,5.692112514982211,9.005995882927309,14.69810839790952,0.12401574803149606,0.6052550240532565,1.860464440778364
1002,125,independent,1.8831333737218474,1.8822200255751285,yield,go,1,0.0,0.0,1,1,0,0.02958168284623622,1.9078117169858924,1.8744839945285205,0.03332772245737181,1.9078117169858924,-20.0,-20.0,-40.0,0.0,0.0,2.130708103190896
1002,125,fixed_priority,1.8831333737218474,1.8822200255751285,yield,go,1,0.0,0.8,1,0,0,0.4345273662224815,1.9078117169858924,2.6744296644589807,0.7666179474730883,2.6744296644589807,9.046094141507053,5.66278516777051,14.708879309277563,0.0,0.0,2.130708103190896
1002,125,hocbf_only,1.8831333737218474,1.8822200255751285,yield,go,1,0.0,0.0,1,0,0,0.36552007337479303,1.9899001371059932,1.792804788914264,0.19709534819172925,1.9899001371059932,6.005049931447004,9.103597605542868,15.10864753698987,0.48036951501154734,1.060529973846726,2.1290358513354595
1002,125,nash_game,1.8831333737218474,1.8822200255751285,yield,go,1,0.49908665185328105,0.0,1,0,0,0.32475531475265207,2.407074154616024,1.8744839945285205,0.5325901600875036,2.407074154616024,5.796462922691988,9.06275800273574,14.859220925427728,0.0,0.0,2.144543011205188
1002,125,nash_game_hocbf,1.8831333737218474,1.8822200255751285,yield,go,1,0.49908665185328105,0.0,1,0,0,0.4449359503571177,2.4913461022216077,1.8110334897708695,0.6803126124507382,2.4913461022216077,5.754326948889196,9.094483255114564,14.848810204003762,0.15527950310559005,0.6379904922959515,2.144543011205188
1002,126,independent,1.8935339373053104,1.7921483969340732,yield,go,1,0.0,0.0,1,1,0,0.047260199931293254,1.8967388841456347,1.8156461071852508,0.08109277696038397,1.8967388841456347,-20.0,-20.0,-40.0,0.0,0.0,2.2646624082663585
1002,126,fixed_priority,1.8935339373053104,1.7921483969340732,yield,go,1,0.0,0.8,1,0,0,0.41198833792289574,1.8967388841456347,2.615898958142237,0.7191600739966024,2.615898958142237,9.051630557927183,5.692050520928881,14.743681078856063,0.0,0.0,2.2785602726830354
1002,126,hocbf_only,1.8935339373053104,1.7921483969340732,yield,go,1,0.0,0.0,1,0,0,0.35449954955550755,1.967854544181426,1.754210280563974,0.2136442636174518,1.967854544181426,6.016072727909287,9.122894859718013,15.138967587627299,0.44941176470588234,1.1031305073715354,2.1854464540702616
1002,126,nash_game,1.8935339373053104,1.7921483969340732,yield,go,1,0.39861445962876285,0.0,1,0,0,0.2939074573545638,2.295369458764051,1.8156461071852508,0.4797233515788004,2.295369458764051,5.852315270617974,9.092176946407374,14.94449221702535,0.0,0.0,2.2646624082663585
1002,126,nash_game_hocbf,1.8935339373053104,1.7921483969340732,yield,go,1,0.39861445962876285,0.0,1,0,0,0.4105633047624229,2.3834156553258654,1.7493265527814326,0.6340891025444328,2.3834156553258654,5.808292172337067,9.125336723609283,14.93362889594635,0.11612903225806452,0.8331871533907786,2.2646624082663585
1002,127,independent,2.03109750433714,1.8622935771034157,yield,go,1,0.0,0.0,1,1,0,0.09955733237577279,2.0564325267277073,1.8812175074611175,0.17521501926658978,2.0564325267277073,-20.0,-20.0,-40.0,0.0,0.0,1.8478573883485805
1002,127,fixed_priority,2.03109750433714,1.8622935771034157,yield,go,1,0.0,0.8,1,0,0,0.3867264515064737,2.0564325267277073,2.6813155464796368,0.6248830197519295,2.6813155464796368,8.971783736636146,5.659342226760182,14.631125963396329,0.0,0.0,1.854068341574329
1002,127,hocbf_only,2.03109750433714,1.8622935771034157,yield,go,1,0.0,0.0,1,0,0,0.3645610384421002,2.1921272591805208,1.757956126326736,0.4341711328537847,2.1921272591805208,5.90393637040974,9.121021936836632,15.024958307246372,0.4012345679012346,0.8642905401273561,1.855439418759465
1002,127,nash_game,2.03109750433714,1.8622935771034157,yield,go,1,0.3311960727662755,0.0,1,0,0,0.2997196057229763,2.3876735211346016,1.8812175074611175,0.5064560136734841,2.3876735211346016,5.806163239432699,9.059391246269442,14.865554485702141,0.0,0.0,1.8478573883485805
1002,127,nash_game_hocbf,2.03109750433714,1.8622935771034157,yield,go,1,0.3311960727662755,0.0,1,0,0,0.398601869820231,2.4603008262814248,1.823388277223081,0.6369125490583438,2.4603008262814248,5.769849586859287,9.08830586138846,14.858155448247746,0.11175337186897881,0.6582689550969644,1.8478573883485805
1003,0,independent,2.310089843600519,1.8118508066587906,go,go,1,0.0,0.0,1,0,0,0.305532320734872,2.3031203485050677,1.7932413367599738,0.509879011745094,2.3031203485050677,5.848439825747466,9.103379331620014,14.95181915736748,0.0,0.0,2.054163629556642
1003,0,fixed_priority,2.310089843600519,1.8118508066587906,go,go,1,0.0,0.8,1,1,0,0.16975516099894983,2.3031203485050677,2.59296937622021,0.2898490277151424,2.59296937622021,-20.0,-20.0,-40.0,0.0,0.0,2.0444067073681356
1003,0,hocbf_only,2.310089843600519,1.8118508066587906,go,go,1,0.0,0.0,1,0,0,0.39735011045231705,2.3748775746854998,1.7450323578432247,0.629845216842275,2.3748775746854998,5.812561212657251,9.127483821078387,14.940045033735638,0.11627906976744186,0.6480634173107769,2.054163629556642
1003,0,nash_game,2.310089843600519,1.8118508066587906,go,go,1,0.0,0.0,1,0,0,0.305532320734872,2.3031203485050677,1.7932413367599738,0.509879011745094,2.3031203485050677,5.848439825747466,9.103379331620014,14.95181915736748,0.0,0.0,2.054163629556642
1003,0,nash_game_hocbf,2.310089843600519,1.8118508066587906,go,go,1,0.0,0.0,1,0,0,0.39735011045231705,2.3748775746854998,1.7450323578432247,0.629845216842275,2.3748775746854998,5.812561212657251,9.127483821078387,14.940045033735638,0.11627906976744186,0.6480634173107769,2.054163629556642
1003,1,independent,2.3323959500058637,1.9124270117199216,yield,go,1,0.0,0.0,1,1,0,0.24486952254335245,2.3598897491093433,1.9450610909029298,0.41482865820641357,2.3598897491093433,-20.0,-20.0,-40.0,0.0,0.0,2.3265394326429036
1003,1,fixed_priority,2.3323959500058637,1.9124270117199216,yield,go,1,0.0,0.8,1,1,0,0.2261298952962564,2.3598897491093433,2.7450858252641916,0.3851960761548483,2.7450858252641916,-20.0,-20.0,-40.0,0.0,0.0,2.34642365839422
1003,1,hocbf_only,2.3323959500058637,1.9124270117199216,yield,go,1,0.0,0.0,1,0,0,0.37005114841946174,2.4542605170605416,1.8630228252238663,0.5912376918366753,2.4542605170605416,5.772869741469729,9.068488587388067,14.841358328857797,0.13496932515337423,0.7613112440793535,2.3265394326429036
1003,1,nash_game,2.3323959500058637,1.9124270117199216,yield,go,1,0.08003106171405783,0.0,1,0,0,0.29930013260304156,2.4399022636234973,1.9450610909029298,0.4948411727205675,2.4399022636234973,5.780048868188251,9.027469454548536,14.807518322736787,0.0,0.0,2.3265394326429036
1003,1,nash_game_hocbf,2.3323959500058637,1.9124270117199216,yield,go,1,0.08003106171405783,0.0,1,0,0,0.39574999625332935,2.511409850232649,1.8846995534747515,0.6267102967578977,2.511409850232649,5.744295074883675,9.057650223262625,14.8019452981463,0.10865191146881288,0.6993407510172324,2.3265394326429036
1003,2,independent,1.8860819235709705,2.1070449968913305,go,yield,0,0.0,0.0,1,1,0,0.12086530367887116,1.8908627955442425,2.106592843646923,0.21573004810268048,2.106592843646923,-20.0,-20.0,-40.0,0.0,0.0,1.9764824617773746
1003,2,fixed_priority,1.8860819235709705,2.1070449968913305,go,yield,0,0.0,0.8,1,0,0,0.5943617067870971,1.8908627955442425,2.9066097873041614,1.015746991759919,2.9066097873041614,9.054568602227878,5.5466951063479195,14.601263708575797,0.0,0.0,1.9764421852330738
1003,2,hocbf_only,1.8860819235709705,2.1070449968913305,go,yield,0,0.0,0.0,1,0,0,0.3596247738772816,1.7342256073640983,2.269960553316078,0.5357349459519798,2.269960553316078,9.13288719631795,5.865019723341961,14.997906919659911,0.4425531914893617,0.6530072014669334,2.034459080046717
1003,2,nash_game,1.8860819235709705,2.1070449968913305,go,yield,0,0.0,0.27903692667963975,1,0,0,0.29336361516788073,1.8908627955442425,2.3856276087444903,0.4947648132002478,2.3856276087444903,9.054568602227878,5.807186195627755,14.861754797855632,0.0,0.0,1.9765380733466875
1003,2,nash_game_hocbf,1.8860819235709705,2.1070449968913305,go,yield,0,0.0,0.27903692667963975,1,0,0,0.40349931249427173,1.827668173964702,2.4669287322879305,0.6392605583232285,2.4669287322879305,9.086165913017648,5.7665356338560345,14.852701546873682,0.12650602409638553,0.6804009803992329,1.9998196142203322
1003,3,independent,2.1126319437896193,1.9349847608267323,yield,go,1,0.0,0.0,1,1,0,0.10301706933101223,2.1134200307702073,1.9283292798365343,0.185090750933673,2.1134200307702073,-20.0,-20.0,-40.0,0.0,0.0,1.792560777288905
1003,3,fixed_priority,2.1126319437896193,1.9349847608267323,yield,go,1,0.0,0.8,1,0,0,0.3836414248144304,2.1134200307702073,2.7283148074645474,0.61489477669434,2.7283148074645474,8.943289984614896,5.635842596267726,14.579132580882622,0.0,0.0,1.792560777288905
1003,3,hocbf_only,2.1126319437896193,1.9349847608267323,yield,go,1,0.0,0.0,1,0,0,0.35973864890330176,2.2992460822634198,1.7482214443106951,0.5510246379527246,2.2992460822634198,5.85037695886829,9.125889277844653,14.976266236712943,0.474468085106383,0.7274204738507061,1.861072423012451
1003,3,nash_game,2.1126319437896193,1.9349847608267323,yield,go,1,0.32235281703711305,0.0,1,0,0,0.30109710862309746,2.4357723222153,1.9283292798365343,0.5074430423787655,2.4357723222153,5.78211383889235,9.035835360081732,14.817949198974082,0.0,0.0,1.7926402778759671
1003,3,nash_game_hocbf,2.1126319437896193,1.9349847608267323,yield,go,1,0.32235281703711305,0.0,1,0,0,0.4118879469410651,2.5175574508330163,1.864914721269694,0.6526427295633224,2.5175574508330163,5.741221274583491,9.067542639365152,14.808763913948644,0.1272365805168986,0.6727878741889167,1.8084131371399972
1003,4,independent,1.858893079743113,2.0479781654641505,go,yield,0,0.0,0.0,1,1,0,0.12094221111973744,1.8815497677035125,2.093910615096492,0.21236084739297967,2.093910615096492,-20.0,-20.0,-40.0,0.0,0.0,1.7558647368924845
1003,4,fixed_priority,1.858893079743113,2.0479781654641505,go,yield,0,0.0,0.8,1,0,0,0.41025711927273356,1.8815497677035125,2.8936200252877216,1.012070257584209,2.8936200252877216,9.059225116148244,5.55318998735614,14.612415103504384,0.0,0.0,1.7558647368924845
1003,4,hocbf_only,1.858893079743113,2.0479781654641505,go,yield,0,0.0,0.0,1,0,0,0.3589197460891622,1.7193356304465985,2.2505614329191923,0.5312258024725938,2.2505614329191923,9.140332184776701,5.874719283540404,15.015051468317106,0.35196687370600416,0.86636137485865,1.7985269117115097
1003,4,nash_game,1.858893079743113,2.0479781654641505,go,yield,0,0.0,0.31091491427896223,1,0,0,0.31125720413770497,1.8815497677035125,2.404861519304016,0.5233117516005037,2.404861519304016,9.059225116148244,5.7975692403479915,14.856794356496236,0.0,0.0,1.7558647368924845
1003,4,nash_game_hocbf,1.858893079743113,2.0479781654641505,go,yield,0,0.0,0.31091491427896223,1,0,0,0.4025316478339681,1.8256687004617012,2.471333271831011,0.6456645713693099,2.471333271831011,9.08716564976915,5.764333364084495,14.851499013853644,0.1867704280155642,0.5698396362235392,1.7558647368924845
1003,5,independent,2.0889088795300297,1.8210422265713886,yield,go,1,0.0,0.0,1,1,0,0.18716862215810848,2.1727878721927305,1.843660435400082,0.32912743679264844,2.1727878721927305,-20.0,-20.0,-40.0,0.0,0.0,1.8852290997738375
1003,5,fixed_priority,2.0889088795300297,1.8210422265713886,yield,go,1,0.0,0.8,1,0,0,0.2953833732896493,2.1727878721927305,2.6438503143066683,0.4710624421139378,2.6438503143066683,8.913606063903634,5.678074842846666,14.5916809067503,0.0,0.0,1.900502340628345
1003,5,hocbf_only,2.0889088795300297,1.8210422265713886,yield,go,1,0.0,0.0,1,0,0,0.3743579065740787,2.289990842371531,1.7117035846759998,0.5782872576955314,2.289990842371531,5.855004578814235,9.144148207662,14.999152786476236,0.29213483146067415,0.6419402058190458,1.8852290997738375
1003,5,nash_game,2.0889088795300297,1.8210422265713886,yield,go,1,0.2321333470413589,0.0,1,0,0,0.33566505828592913,2.404893037853612,1.843660435400082,0.5612326024535301,2.404893037853612,5.797553481073194,9.078169782299959,14.875723263373153,0.0,0.0,1.9147795538906813
1003,5,nash_game_hocbf,2.0889088795300297,1.8210422265713886,yield,go,1,0.2321333470413589,0.0,1,0,0,0.42217152846944994,2.4647487738943097,1.7876960575916219,0.6770527163026878,2.4647487738943097,5.767625613052845,9.10615197120419,14.873777584257034,0.20512820512820512,0.5255722437604838,1.9147795538906813
1003,6,independent,2.233454751220979,1.8994858038406877,yield,go,1,0.0,0.0,1,1,0,0.20203696551765551,2.2383365065221215,1.8875825504604113,0.3507539560617101,2.2383365065221215,-20.0,-20.0,-40.0,0.0,0.0,1.9764844240040067
1003,6,fixed_priority,2.233454751220979,1.8994858038406877,yield,go,1,0.0,0.8,1,0,0,0.27357643631640177,2.2383365065221215,2.6875158819756795,0.449179375453558,2.6875158819756795,8.88083174673894,5.65624205901216,14.537073805751099,0.0,0.0,1.9678504830818606
1003,6,hocbf_only,2.233454751220979,1.8994858038406877,yield,go,1,0.0,0.0,1,0,0,0.3685448576161017,2.3585923537992244,1.7835625806351423,0.5750297731640821,2.3585923537992244,5.820703823100388,9.10821870968243,14.928922532782817,0.2823275862068966,0.5581681834635851,1.9764844240040067
1003,6,nash_game,2.233454751220979,1.8994858038406877,yield,go,1,0.16603105261970885,0.0,1,0,0,0.3095505309351035,2.4043648762744225,1.8875825504604113,0.5167823258140112,2.4043648762744225,5.7978175618627885,9.056208724769794,14.854026286632582,0.0,0.0,1.9764844240040067
1003,6,nash_game_hocbf,2.233454751220979,1.8994858038406877,yield,go,1,0.16603105261970885,0.0,1,0,0,0.4056818554312403,2.476477107319165,1.8355365888200397,0.6409405184991255,2.476477107319165,5.761761446340417,9.08223170558998,14.843993151930396,0.11875,0.6511815155456497,1.9764844240040067
1003,7,independent,2.027355510913661,1.6566676141170016,yield,go,1,0.0,0.0,1,0,0,0.2545391812848822,2.0552082996986467,1.617642428237601,0.43756587146104575,2.0552082996986467,5.972395850150677,9.191178785881199,15.163574636031875,0.0,0.0,2.2437979447399234
1003,7,fixed_priority,2.027355510913661,1.6566676141170016,yield,go,1,0.0,0.8,1,1,0,0.22028018698828372,2.0552082996986467,2.4161334000320496,0.36092510033340286,2.4161334000320496,-20.0,-20.0,-40.0,0.0,0.0,2.2143803337658188
1003,7,hocbf_only,2.027355510913661,1.6566676141170016,yield,go,1,0.0,0.0,1,0,0,0.38042927793677667,2.1557821175207765,1.552038755938813,0.6037433615819636,2.1557821175207765,5.922108941239612,9.223980622030593,15.146089563270206,0.21991701244813278,0.6040242639201381,2.2437979447399234
1003,7,nash_game,2.027355510913661,1.6566676141170016,yield,go,1,0.1293121032033402,0.0,1,0,0,0.340328327697717,2.1845766071533923,1.617642428237601,0.5669341789157913,2.1845766071533923,5.907711696423304,9.191178785881199,15.098890482304503,0.0,0.0,2.2437979447399234
1003,7,nash_game_hocbf,2.027355510913661,1.6566676141170016,yield,go,1,0.1293121032033402,0.0,1,0,0,0.41890568173237963,2.251406291899622,1.5787901511110076,0.6726161407886144,2.251406291899622,5.874296854050189,9.210604924444496,15.084901778494686,0.18787878787878787,0.6148298863372759,2.2437979447399234
1003,8,independent,1.7704621220361902,2.223757576317315,go,go,0,0.0,0.0,1,0,0,0.27924977973346143,1.7639238149246608,2.238140304400333,0.4742164894756722,2.238140304400333,9.11803809253767,5.880929847799834,14.998967940337504,0.0,0.0,2.158880122560008
1003,8,fixed_priority,1.7704621220361902,2.223757576317315,go,go,0,0.0,0.8,1,0,0,0.6844934488500838,1.7639238149246608,3.0380129141628958,1.274089099238235,3.0380129141628958,9.11803809253767,5.480993542918553,14.599031635456223,0.0,0.0,2.158880122560008
1003,8,hocbf_only,1.7704621220361902,2.223757576317315,go,go,0,0.0,0.0,1,0,0,0.38535580908752387,1.7041635568873355,2.3200048967034976,0.6158413398161622,2.3200048967034976,9.147918221556333,5.839997551648251,14.987915773204584,0.13118279569892474,0.6895015508694943,2.158880122560008
1003,8,nash_game,1.7704621220361902,2.223757576317315,go,go,0,0.0,0.0,1,0,0,0.27924977973346143,1.7639238149246608,2.238140304400333,0.4742164894756722,2.238140304400333,9.11803809253767,5.880929847799834,14.998967940337504,0.0,0.0,2.158880122560008
1003,8,nash_game_hocbf,1.7704621220361902,2.223757576317315,go,go,0,0.0,0.0,1,0,0,0.38535580908752387,1.7041635568873355,2.3200048967034976,0.6158413398161622,2.3200048967034976,9.147918221556333,5.839997551648251,14.987915773204584,0.13118279569892474,0.6895015508694943,2.158880122560008
1003,9,independent,2.288313202097962,2.31361569473083,go,yield,0,0.0,0.0,1,1,0,0.03840621267295215,2.281319123595328,2.331528843425965,0.050209719830637045,2.331528843425965,-20.0,-20.0,-40.0,0.0,0.0,1.7264013803934906
1003,9,fixed_priority,2.288313202097962,2.31361569473083,go,yield,0,0.0,0.8,1,0,0,0.549728944071967,2.281319123595328,3.131348815544931,0.8500296919496031,3.131348815544931,8.859340438202336,5.434325592227534,14.29366603042987,0.0,0.0,1.7264013803934906
1003,9,hocbf_only,2.288313202097962,2.31361569473083,go,yield,0,0.0,0.0,1,0,0,0.364895702723344,2.278534858351376,2.3360268431672653,0.05749198481588946,2.3360268431672653,8.860732570824313,5.831986578416368,14.69271914924068,0.453416149068323,1.051977448185932,1.6996347788567265
1003,9,nash_game,2.288313202097962,2.31361569473083,go,yield,0,0.0,0.4746975073671318,1,0,0,0.31096712497614126,2.281319123595328,2.8061223142210325,0.5248031906257045,2.8061223142210325,8.859340438202336,5.596938842889484,14.45627928109182,0.0,0.0,1.7264013803934906
1003,9,nash_game_hocbf,2.288313202097962,2.31361569473083,go,yield,0,0.0,0.4746975073671318,1,0,0,0.40205149380301913,2.2269567443056832,2.871816492667652,0.6448597483619687,2.871816492667652,8.88652162784716,5.564091753666174,14.450613381513334,0.11864406779661017,0.5640856448901472,1.691984445294789
1003,10,independent,1.6748983214436863,1.7511262946682005,go,yield,0,0.0,0.0,1,1,0,0.03194055639465101,1.7009635813496067,1.7488167970742774,0.04785321572467072,1.7488167970742774,-20.0,-20.0,-40.0,0.0,0.0,2.4079879623058225
1003,10,fixed_priority,1.6748983214436863,1.7511262946682005,go,yield,0,0.0,0.8,1,0,0,0.5357416936205118,1.7009635813496067,2.5487595882688865,0.8477960069192798,2.5487595882688865,9.149518209325196,5.725620205865557,14.875138415190753,0.0,0.0,2.4079879623058225
1003,10,hocbf_only,1.6748983214436863,1.7511262946682005,go,yield,0,0.0,0.0,1,0,0,0.3604913976464778,1.6520221995451065,1.8015088962041503,0.1494866966590438,1.8015088962041503,9.173988900227446,6.0992455518979245,15.27323445212537,0.4295612009237875,1.1103787650007382,2.3195285304188613
1003,10,nash_game,1.6748983214436863,1.7511262946682005,go,yield,0,0.0,0.42377202677548564,1,0,0,0.2891196244142753,1.7009635813496067,2.172519473776929,0.47155589242732243,2.172519473776929,9.149518209325196,5.913740263111535,15.06325847243673,0.0,0.0,2.4079879623058225
1003,10,nash_game_hocbf,1.6748983214436863,1.7511262946682005,go,yield,0,0.0,0.42377202677548564,1,0,0,0.4162316394286433,1.6323558509092053,2.268309409819935,0.6359535589107295,2.268309409819935,9.183822074545397,5.865845295090033,15.04966736963543,0.1134453781512605,0.9043639309092664,2.4079879623058225
1003,11,independent,1.9014649894606825,1.8900441113518145,yield,go,1,0.0,0.0,1,1,0,0.029692253832762847,1.8751890558245583,1.9101153976302871,0.034926341805728844,1.9101153976302871,-20.0,-20.0,-40.0,0.0,0.0,2.6741517177145018
1003,11,fixed_priority,1.9014649894606825,1.8900441113518145,yield,go,1,0.0,0.8,1,0,0,0.47366498988392586,1.8751890558245583,2.7101754487053493,0.834986392880791,2.7101754487053493,9.06240547208772,5.644912275647325,14.707317747735045,0.0,0.0,2.6741517177145018
1003,11,hocbf_only,1.9014649894606825,1.8900441113518145,yield,go,1,0.0,0.0,1,0,0,0.3632670194520199,2.0041536536147175,1.7747807633384842,0.2293728902762333,2.0041536536147175,5.997923173192641,9.112609618330758,15.110532791523399,0.45346062052505964,1.1202976207352293,2.705285198338842
1003,11,nash_game,1.9014649894606825,1.8900441113518145,yield,go,1,0.48857912189113195,0.0,1,0,0,0.2878160351730966,2.363475696412526,1.9101153976302871,0.45336029878223894,2.363475696412526,5.818262151793737,9.044942301184857,14.863204452978595,0.0,0.0,2.6743792897971534
1003,11,nash_game_hocbf,1.9014649894606825,1.8900441113518145,yield,go,1,0.48857912189113195,0.0,1,0,0,0.4409170511327741,2.4746711172763205,1.8231926467911848,0.6514784704851357,2.4746711172763205,5.7626644413618395,9.088403676604408,14.851068117966246,0.1794871794871795,0.7798529285100984,2.6912644304769358
1003,12,independent,1.760759189463934,2.0132913962845436,go,yield,0,0.0,0.0,1,1,0,0.18611002819496453,1.7210925514889528,2.052560807828618,0.33146825633966515,2.052560807828618,-20.0,-20.0,-40.0,0.0,0.0,2.0797437791579414
1003,12,fixed_priority,1.760759189463934,2.0132913962845436,go,yield,0,0.0,0.8,1,0,0,0.5627314238506858,1.7210925514889528,2.852374270893551,1.131281719404598,2.852374270893551,9.139453724255524,5.573812864553225,14.71326658880875,0.0,0.0,2.0797437791579414
1003,12,hocbf_only,1.760759189463934,2.0132913962845436,go,yield,0,0.0,0.0,1,0,0,0.3730258347229841,1.6151881698175576,2.17615821153861,0.5609700417210526,2.17615821153861,9.192405915091221,5.911920894230695,15.104326809321917,0.29583333333333334,0.7691739614138358,2.0137900750720714
1003,12,nash_game,1.760759189463934,2.0132913962845436,go,yield,0,0.0,0.2474677931793905,1,0,0,0.34469005628247096,1.7210925514889528,2.300124152415882,0.5790316009269292,2.300124152415882,9.139453724255524,5.849937923792059,14.989391648047583,0.0,0.0,2.0797437791579414
1003,12,nash_game_hocbf,1.760759189463934,2.0132913962845436,go,yield,0,0.0,0.2474677931793905,1,0,0,0.4253463192869639,1.6839878518491127,2.3608831371386096,0.6768952852894969,2.3608831371386096,9.158006074075443,5.819558431430695,14.977564505506137,0.09900990099009901,0.6267579946164316,2.044664276827419
1003,13,independent,2.15742115698832,1.9375005362987174,yield,go,1,0.0,0.0,1,1,0,0.09771782335143601,2.1435931017645298,1.9951375992079912,0.1484555025565386,2.1435931017645298,-20.0,-20.0,-40.0,0.0,0.0,2.0280289771443485
1003,13,fixed_priority,2.15742115698832,1.9375005362987174,yield,go,1,0.0,0.8,1,0,0,0.40649188540809533,2.1435931017645298,2.795019173767365,0.6514260720028351,2.795019173767365,8.928203449117735,5.602490413116318,14.530693862234052,0.0,0.0,2.0542721440301435
1003,13,hocbf_only,2.15742115698832,1.9375005362987174,yield,go,1,0.0,0.0,1,0,0,0.3462445436747492,2.3119038853354574,1.8227762157844536,0.48912766955100384,2.3119038853354574,5.844048057332271,9.088611892107773,14.932659949440044,0.3711111111111111,0.9209750356922226,2.0748592156858807
1003,13,nash_game,2.15742115698832,1.9375005362987174,yield,go,1,0.2800793793103975,0.0,1,0,0,0.2680677194865073,2.423675416125689,1.9951375992079912,0.42853781691769766,2.423675416125689,5.788162291937155,9.002431200396005,14.79059349233316,0.0,0.0,2.0280289771443485
1003,13,nash_game_hocbf,2.15742115698832,1.9375005362987174,yield,go,1,0.2800793793103975,0.0,1,0,0,0.385426179026979,2.5131360378025067,1.9171432376590278,0.5959928001434789,2.5131360378025067,5.743431981098746,9.041428381170487,14.784860362269233,0.20292887029288703,0.6672537178477881,2.0280289771443485
1003,14,independent,2.0137342114754997,1.991098932930144,yield,go,1,0.0,0.0,1,1,0,0.040300859872089985,2.0628433346322748,1.9927823743744362,0.07006096025783859,2.0628433346322748,-20.0,-20.0,-40.0,0.0,0.0,1.6891373001138026
1003,14,fixed_priority,2.0137342114754997,1.991098932930144,yield,go,1,0.0,0.8,1,0,0,0.4706080116837202,2.0628433346322748,2.7927807437878607,0.7299374091555859,2.7927807437878607,8.968578332683862,5.60360962810607,14.572187960789933,0.0,0.0,1.6891373001138026
1003,14,hocbf_only,2.0137342114754997,1.991098932930144,yield,go,1,0.0,0.0,1,0,0,0.36215056546804997,2.172598789054966,1.8880099709389935,0.2845888181159726,2.172598789054966,5.913700605472517,9.055995014530502,14.96969562000302,0.47983014861995754,1.0321489482954882,1.6261362189202921
1003,14,nash_game,2.0137342114754997,1.991098932930144,yield,go,1,0.47736472145464415,0.0,1,0,0,0.32102455765876403,2.5402042666581255,1.9927823743744362,0.5474218922836893,2.5402042666581255,5.729897866670937,9.003608812812782,14.73350667948372,0.0,0.0,1.7120903067853666
1003,14,nash_game_hocbf,2.0137342114754997,1.991098932930144,yield,go,1,0.47736472145464415,0.0,1,0,0,0.41239917928226605,2.6050809058647797,1.9396949206250271,0.6653859852397526,2.6050809058647797,5.69745954706761,9.030152539687487,14.727612086755098,0.11583011583011583,0.5869578622324644,1.7120903067853666
1003,15,independent,1.852747541205053,2.1558731009199135,go,yield,0,0.0,0.0,1,1,0,0.1599032493097182,1.8905608899769346,2.1709057412746415,0.2803448512977069,2.1709057412746415,-20.0,-20.0,-40.0,0.0,0.0,2.162532299800667
1003,15,fixed_priority,1.852747541205053,2.1558731009199135,go,yield,0,0.0,0.8,1,0,0,0.5100722881386175,1.8905608899769346,2.9707888680991323,1.0802279781221977,2.9707888680991323,9.054719555011532,5.514605565950434,14.569325120961967,0.0,0.0,2.162532299800667
1003,15,hocbf_only,1.852747541205053,2.1558731009199135,go,yield,0,0.0,0.0,1,0,0,0.3595444192938051,1.758418580884487,2.3043038865490626,0.5458853056645756,2.3043038865490626,9.120790709557756,5.847848056725469,14.968638766283224,0.32548179871520344,0.6688421596012247,2.161302148021607
1003,15,nash_game,1.852747541205053,2.1558731009199135,go,yield,0,0.0,0.19687444028513923,1,0,0,0.28745792887034266,1.8905608899769346,2.3677795600467104,0.4772186700697758,2.3677795600467104,9.054719555011532,5.816110219976645,14.870829774988177,0.0,0.0,2.162532299800667
1003,15,nash_game_hocbf,1.852747541205053,2.1558731009199135,go,yield,0,0.0,0.19687444028513923,1,0,0,0.39289546745976706,1.8251597345594797,2.445893817322587,0.6207340827631072,2.445893817322587,9.08742013272026,5.777053091338707,14.864473224058965,0.11909650924024641,0.704554192147486,2.162532299800667
1003,16,independent,2.0491574703178896,1.7401592013015081,yield,go,1,0.0,0.0,1,1,0,0.1755344950611391,2.0422597193347873,1.7379237593265422,0.30433596000824514,2.0422597193347873,-20.0,-20.0,-40.0,0.0,0.0,2.1896461310856528
1003,16,fixed_priority,2.0491574703178896,1.7401592013015081,yield,go,1,0.0,0.8,1,0,0,0.3082509735206636,2.0422597193347873,2.5378607914921743,0.4956010721573869,2.5378607914921743,8.978870140332607,5.731069604253912,14.709939744586519,0.0,0.0,2.1896461310856528
1003,16,hocbf_only,2.0491574703178896,1.7401592013015081,yield,go,1,0.0,0.0,1,0,0,0.3704625055529599,2.1827653670176126,1.6174290458004525,0.56533632121716,2.1827653670176126,5.908617316491194,9.191285477099774,15.099902793590967,0.23356009070294784,0.7985424820677087,2.230718468563651
1003,16,nash_game,2.0491574703178896,1.7401592013015081,yield,go,1,0.1910017309836185,0.0,1,0,0,0.30231218560896195,2.2332355354084457,1.7379237593265422,0.49531177608190347,2.2332355354084457,5.883382232295777,9.13103812033673,15.014420352632506,0.0,0.0,2.189622638846888
1003,16,nash_game_hocbf,2.0491574703178896,1.7401592013015081,yield,go,1,0.1910017309836185,0.0,1,0,0,0.42337404782767474,2.3225842006471216,1.6737241325383498,0.6488600681087717,2.3225842006471216,5.838707899676439,9.163137933730825,15.001845833407264,0.12364425162689804,0.8172923414708471,2.2131921500757277
1003,17,independent,2.3434983598372208,2.0518590522644096,yield,go,1,0.0,0.0,1,1,0,0.17793142096541675,2.3509145512040135,2.0463161547939004,0.3045983964101131,2.3509145512040135,-20.0,-20.0,-40.0,0.0,0.0,2.033298293441209
1003,17,fixed_priority,2.3434983598372208,2.0518590522644096,yield,go,1,0.0,0.8,1,0,0,0.30084906987150106,2.3509145512040135,2.846350465501733,0.4954359142977194,2.846350465501733,8.824542724397993,5.576824767249134,14.401367491647127,0.0,0.0,2.0333058351897875
1003,17,hocbf_only,2.3434983598372208,2.0518590522644096,yield,go,1,0.0,0.0,1,0,0,0.36161061041652376,2.4813402545745573,1.921528446742315,0.5598118078322423,2.4813402545745573,5.759329872712721,9.039235776628843,14.798565649341564,0.33820459290187893,0.6673170894396329,1.9563056278097666
1003,17,nash_game,2.3434983598372208,2.0518590522644096,yield,go,1,0.2083606924271888,0.0,1,0,0,0.30763866611355883,2.55926256734531,2.0463161547939004,0.5129464125514098,2.55926256734531,5.720368716327345,8.97684192260305,14.697210638930395,0.0,0.0,2.033298293441209
1003,17,nash_game_hocbf,2.3434983598372208,2.0518590522644096,yield,go,1,0.2083606924271888,0.0,1,0,0,0.39255572869889255,2.6243059549654446,1.9964330628285358,0.6278728921369088,2.6243059549654446,5.6878470225172775,9.001783468585732,14.68963049110301,0.116,0.575439479423067,1.9951060866663357
1003,18,independent,1.9939519921552404,1.9999221047967846,go,yield,0,0.0,0.0,1,1,0,0.018090645999932722,1.9861091640591857,2.008520477979123,0.022411313919937115,2.008520477979123,-20.0,-20.0,-40.0,0.0,0.0,1.7941216650102914
1003,18,fixed_priority,1.9939519921552404,1.9999221047967846,go,yield,0,0.0,0.8,1,0,0,0.4228938482548081,1.9861091640591857,2.808498666750289,0.8223895026911032,2.808498666750289,9.006945417970407,5.5957506666248555,14.602696084595262,0.0,0.0,1.7941216650102914
1003,18,hocbf_only,1.9939519921552404,1.9999221047967846,go,yield,0,0.0,0.0,1,0,0,0.3565103720910741,2.0597133425853094,1.9332465665214293,0.12646677606388002,2.0597133425853094,5.970143328707345,9.033376716739285,15.003520045446631,0.4977578475336323,1.0924693992245147,1.8089222169181238
1003,18,nash_game,1.9939519921552404,1.9999221047967846,go,yield,0,0.0,0.49402988735845565,1,0,0,0.30797387461251446,1.9861091640591857,2.5025638272248085,0.5164546631656228,2.5025638272248085,9.006945417970407,5.748718086387596,14.755663504358003,0.0,0.0,1.7941216650102914
1003,18,nash_game_hocbf,1.9939519921552404,1.9999221047967846,go,yield,0,0.0,0.49402988735845565,1,0,0,0.4011351433124252,1.9345279076324426,2.5734488941641946,0.638920986531752,2.5734488941641946,9.032736046183778,5.713275552917903,14.746011599101681,0.16161616161616163,0.4887462698575839,1.7522967846527338
1003,19,independent,2.1859039465417545,2.351897888030113,go,yield,0,0.0,0.0,1,1,0,0.1242266070295872,2.18429772640494,2.40696417984019,0.22266645343525004,2.40696417984019,-20.0,-20.0,-40.0,0.0,0.0,1.7844515671250805
1003,19,fixed_priority,2.1859039465417545,2.351897888030113,go,yield,0,0.0,0.8,1,0,0,0.4926120979569001,2.18429772640494,3.2063568038132777,1.0220590774083376,3.2063568038132777,8.90785113679753,5.396821598093361,14.304672734890891,0.0,0.0,1.7844515671250805
1003,19,hocbf_only,2.1859039465417545,2.351897888030113,go,yield,0,0.0,0.0,1,0,0,0.3694032734518248,2.0517508606288364,2.5415080904454923,0.4897572298166559,2.5415080904454923,8.974124569685582,5.729245954777253,14.703370524462835,0.41821946169772256,0.8057275686418417,1.7263810842623248
1003,19,nash_game,2.1859039465417545,2.351897888030113,go,yield,0,0.0,0.33400605851164133,1,0,0,0.32900721765412794,2.18429772640494,2.7407217843953386,0.5564240579903985,2.7407217843953386,8.90785113679753,5.629639107802331,14.537490244599862,0.0,0.0,1.7844515671250805
1003,19,nash_game_hocbf,2.1859039465417545,2.351897888030113,go,yield,0,0.0,0.33400605851164133,1,0,0,0.4153997154549981,2.132612768515748,2.800270840953611,0.6676580724378631,2.800270840953611,8.933693615742126,5.599864579523194,14.53355819526532,0.1124031007751938,0.5744260106918129,1.7554284559504891
1003,20,independent,1.8739205395124157,2.0331767872254822,go,yield,0,0.0,0.0,1,1,0,0.12280613020993458,1.8304610680487141,2.047229824116768,0.2167687560680538,2.047229824116768,-20.0,-20.0,-40.0,0.0,0.0,2.422219052073822
1003,20,fixed_priority,1.8739205395124157,2.0331767872254822,go,yield,0,0.0,0.8,1,0,0,0.47040007713661697,1.8304610680487141,2.8471723379283786,1.0167112698796645,2.8471723379283786,9.084769465975643,5.5764138310358105,14.661183297011455,0.0,0.0,2.422219052073822
1003,20,hocbf_only,1.8739205395124157,2.0331767872254822,go,yield,0,0.0,0.0,1,0,0,0.3585858180668909,1.7478010115248972,2.160885671519813,0.41308465999491584,2.160885671519813,9.126099494237552,5.919557164240094,15.045656658477647,0.3923766816143498,1.0343053856769258,2.3557792521338863
1003,20,nash_game,1.8739205395124157,2.0331767872254822,go,yield,0,0.0,0.34074375228693343,1,0,0,0.3382805633066791,1.8304610680487141,2.387999308459017,0.5575382404103031,2.387999308459017,9.084769465975643,5.806000345770491,14.890769811746136,0.0,0.0,2.422219052073822
1003,20,nash_game_hocbf,1.8739205395124157,2.0331767872254822,go,yield,0,0.0,0.34074375228693343,1,0,0,0.4331745720963382,1.7873992852940361,2.4605981394347585,0.6731988541407223,2.4605981394347585,9.106300357352982,5.769700930282621,14.876001287635603,0.10416666666666667,0.7336018288131642,2.3821692917998005
1003,21,independent,1.960630641404857,2.0945860414715045,go,yield,0,0.0,0.0,1,1,0,0.06162077292463141,1.982745208424311,2.0916855594065735,0.10894035098226262,2.0916855594065735,-20.0,-20.0,-40.0,0.0,0.0,2.162844721719046
1003,21,fixed_priority,1.960630641404857,2.0945860414715045,go,yield,0,0.0,0.8,1,0,0,0.4889290294289648,1.982745208424311,2.8917170865128456,0.9089718780885347,2.8917170865128456,9.008627395787844,5.554141456743578,14.562768852531422,0.0,0.0,2.162844721719046
1003,21,hocbf_only,1.960630641404857,2.0945860414715045,go,yield,0,0.0,0.0,1,0,0,0.3582197100597245,1.9078499913702034,2.1800506420654275,0.27220065069522414,2.1800506420654275,9.046075004314899,5.909974678967286,14.956049683282185,0.41318681318681316,1.0565354070842896,2.103056251771535
1003,21,nash_game,1.960630641404857,2.0945860414715045,go,yield,0,0.0,0.36604459993335237,1,0,0,0.2913660040830713,1.982745208424311,2.4577283355589614,0.4749831271346505,2.4577283355589614,9.008627395787844,5.771135832220519,14.779763228008363,0.0,0.0,2.162844721719046
1003,21,nash_game_hocbf,1.960630641404857,2.0945860414715045,go,yield,0,0.0,0.36604459993335237,1,0,0,0.4039209278859081,1.9155358288133637,2.5425261510414927,0.626990322228129,2.5425261510414927,9.042232085593318,5.728736924479254,14.770969010072571,0.1565040650406504,0.6092093215365217,2.1133928899207373
1003,22,independent,1.7124134515897977,1.8598182590388614,go,yield,0,0.0,0.0,1,1,0,0.11731133695196459,1.7207712861343163,1.9205423945971536,0.1997711084628373,1.9205423945971536,-20.0,-20.0,-40.0,0.0,0.0,2.248407972247666
1003,22,fixed_priority,1.7124134515897977,1.8598182590388614,go,yield,0,0.0,0.8,1,0,0,0.5610208912007163,1.7207712861343163,2.7206858875622877,0.9999146014279714,2.7206858875622877,9.139614356932842,5.639657056218856,14.779271413151697,0.0,0.0,2.281770149863193
1003,22,hocbf_only,1.7124134515897977,1.8598182590388614,go,yield,0,0.0,0.0,1,0,0,0.3749630651891544,1.5701448710538723,2.065705758323423,0.4955608872695507,2.065705758323423,9.214927564473063,5.9671471208382885,15.182074685311353,0.45434298440979953,0.7549894615845563,2.235135525560421
1003,22,nash_game,1.7124134515897977,1.8598182590388614,go,yield,0,0.0,0.3525951925509363,1,0,0,0.3331320250194735,1.7207712861343163,2.2735797987797937,0.5528085126454774,2.2735797987797937,9.139614356932842,5.863210100610103,15.002824457542946,0.0,0.0,2.282671150555404
1003,22,nash_game_hocbf,1.7124134515897977,1.8598182590388614,go,yield,0,0.0,0.3525951925509363,1,0,0,0.45048626268418723,1.6575472527579547,2.3503173266038897,0.692770073845935,2.3503173266038897,9.171226373621023,5.824841336698055,14.996067710319078,0.1134020618556701,0.8172141336328059,2.282671150555404
1003,23,independent,1.9392639085721906,1.951468356085969,go,yield,0,0.0,0.0,1,1,0,0.03626071733386622,1.9789186327084787,1.9267974766579983,0.0521211560504804,1.9789186327084787,-20.0,-20.0,-40.0,0.0,0.0,1.807265529699981
1003,23,fixed_priority,1.9392639085721906,1.951468356085969,go,yield,0,0.0,0.8,1,0,0,0.4972382321442102,1.9789186327084787,2.7267447273458107,0.7478260946373321,2.7267447273458107,9.010540683645761,5.636627636327095,14.647168319972856,0.0,0.0,1.807466521642585
1003,23,hocbf_only,1.9392639085721906,1.951468356085969,go,yield,0,0.0,0.0,1,0,0,0.35596448938423814,1.9496298879435043,1.9559389838612498,0.006309095917745422,1.9559389838612498,9.025185056028247,6.022030508069375,15.047215564097623,0.4282560706401766,1.1677582662632182,1.7851973310987552
1003,23,nash_game,1.9392639085721906,1.951468356085969,go,yield,0,0.0,0.4877955524862214,1,0,0,0.2633203780416381,1.9789186327084787,2.4144211644700397,0.43550253176156106,2.4144211644700397,9.010540683645761,5.79278941776498,14.80333010141074,0.0,0.0,1.807498713878209
1003,23,nash_game_hocbf,1.9392639085721906,1.951468356085969,go,yield,0,0.0,0.4877955524862214,1,0,0,0.38349438701873334,1.904220306402375,2.5068246613701928,0.6026043549678177,2.5068246613701928,9.047889846798812,5.746587669314904,14.794477516113716,0.1317365269461078,0.7145711624721369,1.8299605773858938
1003,24,independent,2.2113102921149963,1.977461839192744,yield,go,1,0.0,0.0,1,1,0,0.1114696825263197,2.207380466800676,2.0155387203186157,0.19184174648206032,2.207380466800676,-20.0,-20.0,-40.0,0.0,0.0,2.068126074416109
1003,24,fixed_priority,2.2113102921149963,1.977461839192744,yield,go,1,0.0,0.8,1,0,0,0.37364228233307445,2.207380466800676,2.8154235900831805,0.6080431232825045,2.8154235900831805,8.896309766599662,5.592288204958409,14.488597971558072,0.0,0.0,2.0845086583458836
1003,24,hocbf_only,2.2113102921149963,1.977461839192744,yield,go,1,0.0,0.0,1,0,0,0.35215109261351424,2.3594407691238075,1.8685659384699533,0.4908748306538542,2.3594407691238075,5.820279615438096,9.065717030765024,14.88599664620312,0.3674321503131524,0.8715497736258967,2.058211690591086
1003,24,nash_game,2.2113102921149963,1.977461839192744,yield,go,1,0.2661515470777478,0.0,1,0,0,0.2770207630259815,2.473539726255836,2.0155387203186157,0.4580010059372204,2.473539726255836,5.763230136872082,8.992230639840692,14.755460776712773,0.0,0.0,2.068126074416109
1003,24,nash_game_hocbf,2.2113102921149963,1.977461839192744,yield,go,1,0.2661515470777478,0.0,1,0,0,0.3871441397993112,2.556929038096363,1.9462042150649477,0.6107248230314155,2.556929038096363,5.721535480951818,9.026897892467526,14.748433373419344,0.11857707509881422,0.7132360384260905,2.068126074416109
1003,25,independent,1.9186126601469218,2.0183019775937674,go,yield,0,0.0,0.0,1,1,0,0.037053892828800956,1.9273255151531792,1.9702921395110482,0.04296662435786902,1.9702921395110482,-20.0,-20.0,-40.0,0.0,0.0,1.894977983712898
1003,25,fixed_priority,1.9186126601469218,2.0183019775937674,go,yield,0,0.0,0.8,1,0,0,0.5671203121985784,1.9273255151531792,2.7703286566448595,0.8430031414916803,2.7703286566448595,9.03633724242341,5.61483567167757,14.65117291410098,0.0,0.0,1.894977983712898
1003,25,hocbf_only,1.9186126601469218,2.0183019775937674,go,yield,0,0.0,0.0,1,0,0,0.3689871483463434,1.947706450752599,1.9502839770170803,0.002577526264481378,1.9502839770170803,9.026146774623701,6.02485801149146,15.051004786115161,0.38477366255144035,1.1234160817678676,1.894977983712898
1003,25,nash_game,1.9186126601469218,2.0183019775937674,go,yield,0,0.0,0.40031068255315416,1,0,0,0.26547338092455874,1.9273255151531792,2.3703636784775686,0.4430381633243894,2.3703636784775686,9.03633724242341,5.814818160761216,14.851155403184627,0.0,0.0,1.894977983712898
1003,25,nash_game_hocbf,1.9186126601469218,2.0183019775937674,go,yield,0,0.0,0.40031068255315416,1,0,0,0.3762440725505944,1.8663356149597992,2.4554246250538814,0.5890890100940822,2.4554246250538814,9.066832192520101,5.772287687473059,14.83911987999316,0.12547528517110265,0.6648961711338431,1.894977983712898
1003,26,independent,2.0500998322584185,2.1381554903196305,go,yield,0,0.0,0.0,1,1,0,0.05732400983453544,2.0652088744872805,2.148043318897429,0.08283444441014831,2.148043318897429,-20.0,-20.0,-40.0,0.0,0.0,1.9486703971694013
1003,26,fixed_priority,2.0500998322584185,2.1381554903196305,go,yield,0,0.0,0.8,1,0,0,0.5967106452346562,2.0652088744872805,2.9479776446998467,0.8827687702125662,2.9479776446998467,8.96739556275636,5.526011177650076,14.493406740406437,0.0,0.0,1.9486178191237848
1003,26,hocbf_only,2.0500998322584185,2.1381554903196305,go,yield,0,0.0,0.0,1,0,0,0.3521213190966119,1.9205169496615306,2.3004561668314256,0.379939217169895,2.3004561668314256,9.039741525169235,5.849771916584287,14.889513441753522,0.4531590413943355,1.0464320212595932,2.000512410760681
1003,26,nash_game,2.0500998322584185,2.1381554903196305,go,yield,0,0.0,0.41194434193878804,1,0,0,0.2958615615589594,2.0652088744872805,2.559973032579879,0.49476415809259855,2.559973032579879,8.96739556275636,5.72001348371006,14.68740904646642,0.0,0.0,1.9487930369889217
1003,26,nash_game_hocbf,2.0500998322584185,2.1381554903196305,go,yield,0,0.0,0.41194434193878804,1,0,0,0.3992928679372437,2.0016424933175583,2.636365620147853,0.6347231268302949,2.636365620147853,8.999178753341221,5.681817189926074,14.680995943267295,0.124,0.6507535834437858,1.9732268513410463
1003,27,independent,2.0500256551180813,2.028746608612495,yield,go,1,0.0,0.0,1,1,0,0.035485853598348174,2.051712319239555,2.011963484258066,0.03974883498148918,2.051712319239555,-20.0,-20.0,-40.0,0.0,0.0,1.7999956857752402
1003,27,fixed_priority,2.0500256551180813,2.028746608612495,yield,go,1,0.0,0.8,1,0,0,0.37683542612704585,2.051712319239555,2.812018179031552,0.7603058597919969,2.812018179031552,8.974143840380222,5.593990910484224,14.568134750864445,0.0,0.0,1.7999956857752402
1003,27,hocbf_only,2.0500256551180813,2.028746608612495,yield,go,1,0.0,0.0,1,0,0,0.3566595307310806,2.2341336402603797,1.8372803817441437,0.3968532585162361,2.2341336402603797,5.88293317986981,9.081359809127928,14.964292988997737,0.5381263616557734,1.0246334240137358,1.8853248711827995
1003,27,nash_game,2.0500256551180813,2.028746608612495,yield,go,1,0.4787209534944137,0.0,1,0,0,0.31265890761654463,2.5304331008926675,2.011963484258066,0.5184696166346017,2.5304331008926675,5.7347834495536665,8.994018257870968,14.728801707424633,0.0,0.0,1.8000445451738152
1003,27,nash_game_hocbf,2.0500256551180813,2.028746608612495,yield,go,1,0.4787209534944137,0.0,1,0,0,0.419579887840842,2.610850068829351,1.9516531076157464,0.6591969612136044,2.610850068829351,5.694574965585325,9.024173446192126,14.718748411777451,0.22090729783037474,0.7305638617329796,1.9266145678714697
1003,28,independent,2.2328217156714723,1.9877751984054552,yield,go,1,0.0,0.0,1,1,0,0.15610456132279443,2.2545834679918086,1.9876964926884817,0.26688697530332695,2.2545834679918086,-20.0,-20.0,-40.0,0.0,0.0,1.8787656377256352
1003,28,fixed_priority,2.2328217156714723,1.9877751984054552,yield,go,1,0.0,0.8,1,0,0,0.3256959973991715,2.2545834679918086,2.7876989706797812,0.5331155026879726,2.7876989706797812,8.872708266004096,5.60615051466011,14.478858780664206,0.0,0.0,1.8787950187977065
1003,28,hocbf_only,2.2328217156714723,1.9877751984054552,yield,go,1,0.0,0.0,1,0,0,0.3667661604240141,2.386222213780651,1.8582039296725998,0.5280182841080512,2.386222213780651,5.806888893109674,9.070898035163701,14.877786928273375,0.3134020618556701,0.8257926700408668,1.798235691612042
1003,28,nash_game,2.2328217156714723,1.9877751984054552,yield,go,1,0.254953482733983,0.0,1,0,0,0.3120178679447352,2.509499677683213,1.9876964926884817,0.5218031849947313,2.509499677683213,5.745250161158394,9.00615175365576,14.751401914814153,0.0,0.0,1.8787656377256352
1003,28,nash_game_hocbf,2.2328217156714723,1.9877751984054552,yield,go,1,0.254953482733983,0.0,1,0,0,0.39767600793579594,2.57313149731472,1.9372741638369724,0.6358573334777478,2.57313149731472,5.71343425134264,9.031362918081514,14.744797169424155,0.11764705882352941,0.5611451005045406,1.8416641751960003
1003,29,independent,2.1932064012774655,1.844686504594502,yield,go,1,0.0,0.0,1,1,0,0.23629155848642525,2.232939373507693,1.8314008927871694,0.40153848072052334,2.232939373507693,-20.0,-20.0,-40.0,0.0,0.0,2.0218019767052064
1003,29,fixed_priority,2.1932064012774655,1.844686504594502,yield,go,1,0.0,0.8,1,1,0,0.24619498381732582,2.232939373507693,2.6312565562885784,0.39831718278088557,2.6312565562885784,-20.0,-20.0,-40.0,0.0,0.0,2.006732240033029
1003,29,hocbf_only,2.1932064012774655,1.844686504594502,yield,go,1,0.0,0.0,1,0,0,0.3756845711850908,2.3353591216693137,1.74422547261038,0.5911336490589336,2.3353591216693137,5.832320439165343,9.12788726369481,14.960207702860153,0.25206611570247933,0.5079345607209619,2.0218019767052064
1003,29,nash_game,2.1932064012774655,1.844686504594502,yield,go,1,0.15148010331703654,0.0,1,0,0,0.33208049141947577,2.3843997267870454,1.8314008927871694,0.5529988339998759,2.3843997267870454,5.8078001366064775,9.084299553606416,14.892099690212893,0.0,0.0,2.0218019767052064
1003,29,nash_game_hocbf,2.1932064012774655,1.844686504594502,yield,go,1,0.15148010331703654,0.0,1,0,0,0.4156818727183391,2.4455479004716825,1.7868886086870879,0.6586592917845946,2.4455479004716825,5.777226049764159,9.106555695656455,14.883781745420613,0.1062124248496994,0.6125684790390088,2.0218019767052064
1003,30,independent,1.912666974424712,2.075065464561097,go,yield,0,0.0,0.0,1,1,0,0.09044942202189042,1.904731547953953,2.062130880542293,0.15739933258834005,2.062130880542293,-20.0,-20.0,-40.0,0.0,0.0,1.984988135330348
1003,30,fixed_priority,1.912666974424712,2.075065464561097,go,yield,0,0.0,0.8,1,0,0,0.5045099740990537,1.904731547953953,2.8622094463238046,0.9574778983698515,2.8622094463238046,9.047634226023023,5.568895276838098,14.61652950286112,0.0,0.0,1.9851307876433455
1003,30,hocbf_only,1.912666974424712,2.075065464561097,go,yield,0,0.0,0.0,1,0,0,0.35795592660360037,1.7369345075291742,2.2435436606808605,0.5066091531516863,2.2435436606808605,9.131532746235413,5.87822816965957,15.009760915894983,0.4933920704845815,0.7853528017281134,2.05171553294023
1003,30,nash_game,1.912666974424712,2.075065464561097,go,yield,0,0.0,0.3376015098636147,1,0,0,0.29526793361732145,1.904731547953953,2.399707732076144,0.4949761841221909,2.399707732076144,9.047634226023023,5.800146133961928,14.84778035998495,0.0,0.0,1.9851808601723957
1003,30,nash_game_hocbf,1.912666974424712,2.075065464561097,go,yield,0,0.0,0.3376015098636147,1,0,0,0.4026675849411503,1.8451692314529773,2.4813778086001332,0.636208577147156,2.4813778086001332,9.077415384273511,5.759311095699934,14.836726479973445,0.12704918032786885,0.6717290060539591,2.008433455969365
1003,31,independent,1.899288189190823,1.7348679215605356,yield,go,1,0.0,0.0,1,1,0,0.10346822853589863,1.8998857761158103,1.7135077894211412,0.1863779866946691,1.8998857761158103,-20.0,-20.0,-40.0,0.0,0.0,2.322409221153426
1003,31,fixed_priority,1.899288189190823,1.7348679215605356,yield,go,1,0.0,0.8,1,0,0,0.40583973117461775,1.8998857761158103,2.51298258008705,0.6130968039712397,2.51298258008705,9.050057111942095,5.743508709956475,14.793565821898571,0.0,0.0,2.317757603967037
1003,31,hocbf_only,1.899288189190823,1.7348679215605356,yield,go,1,0.0,0.0,1,0,0,0.36633567770418224,2.0567536532229673,1.5709696975062104,0.4857839557167569,2.0567536532229673,5.971623173388516,9.214515151246895,15.186138324635412,0.33035714285714285,0.9464560175230868,2.323944662726928
1003,31,nash_game,1.899288189190823,1.7348679215605356,yield,go,1,0.3355797323697123,0.0,1,0,0,0.32203119790501916,2.235450457371421,1.7135077894211412,0.5219426679502797,2.235450457371421,5.8822747713142896,9.14324610528943,15.02552087660372,0.0,0.0,2.322409221153426
1003,31,nash_game_hocbf,1.899288189190823,1.7348679215605356,yield,go,1,0.3355797323697123,0.0,1,0,0,0.4452844722023295,2.326986780237741,1.654542944724231,0.6724438355135098,2.326986780237741,5.83650660988113,9.172728527637885,15.009235137519013,0.16424116424116425,0.6879480935765777,2.322409221153426
1003,32,independent,2.266056911631261,1.7773513446853377,go,go,1,0.0,0.0,1,0,0,0.30226862567413515,2.306113582700928,1.798056336729898,0.5080572459710297,2.306113582700928,5.846943208649536,9.10097183163505,14.947915040284586,0.0,0.0,2.0162147307716776
1003,32,fixed_priority,2.266056911631261,1.7773513446853377,go,go,1,0.0,0.8,1,1,0,0.16760612524854457,2.306113582700928,2.598319745116776,0.29220616241584807,2.598319745116776,-20.0,-20.0,-40.0,0.0,0.0,2.0248227781962975
1003,32,hocbf_only,2.266056911631261,1.7773513446853377,go,go,1,0.0,0.0,1,0,0,0.4041040470535534,2.3791460503389694,1.7356960110033508,0.6434500393356186,2.3791460503389694,5.8104269748305155,9.132151994498324,14.942578969328839,0.177319587628866,0.538370901774509,2.0162147307716776
1003,32,nash_game,2.266056911631261,1.7773513446853377,go,go,1,0.0,0.0,1,0,0,0.30226862567413515,2.306113582700928,1.798056336729898,0.5080572459710297,2.306113582700928,5.846943208649536,9.10097183163505,14.947915040284586,0.0,0.0,2.0162147307716776
1003,32,nash_game_hocbf,2.266056911631261,1.7773513446853377,go,go,1,0.0,0.0,1,0,0,0.4041040470535534,2.3791460503389694,1.7356960110033508,0.6434500393356186,2.3791460503389694,5.8104269748305155,9.132151994498324,14.942578969328839,0.177319587628866,0.538370901774509,2.0162147307716776
1003,33,independent,1.9930448167113008,2.0882457250273903,go,yield,0,0.0,0.0,1,1,0,0.059588030128121104,1.9940240791545463,2.084037885324648,0.0900138061701019,2.084037885324648,-20.0,-20.0,-40.0,0.0,0.0,2.3699704425239863
1003,33,fixed_priority,1.9930448167113008,2.0882457250273903,go,yield,0,0.0,0.8,1,0,0,0.5639957348006264,1.9940240791545463,2.8840786072875084,0.8900545281329622,2.8840786072875084,9.002987960422727,5.557960696356246,14.560948656778972,0.0,0.0,2.3699592295367533
1003,33,hocbf_only,1.9930448167113008,2.0882457250273903,go,yield,0,0.0,0.0,1,0,0,0.35105152068436324,1.9009237898112448,2.1915107966839877,0.29058700687274297,2.1915107966839877,9.049538105094378,5.904244601658006,14.953782706752385,0.43902439024390244,1.0901132483169185,2.3914545964121143
1003,33,nash_game,1.9930448167113008,2.0882457250273903,go,yield,0,0.0,0.4047990916839104,1,0,0,0.3029566498908164,1.9940240791545463,2.4888357780431694,0.4948116988886231,2.4888357780431694,9.002987960422727,5.755582110978415,14.758570071401142,0.0,0.0,2.370256427839663
1003,33,nash_game_hocbf,1.9930448167113008,2.0882457250273903,go,yield,0,0.0,0.4047990916839104,1,0,0,0.4176391418298227,1.928988628356745,2.574625966702646,0.6456373383459011,2.574625966702646,9.035505685821628,5.712687016648677,14.748192702470305,0.11812627291242363,0.7702471394494804,2.400429476410901
1003,34,independent,2.2042501485829993,1.6139489784402128,go,go,1,0.0,0.0,1,0,0,0.40388130180649323,2.2494063157167217,1.5910431934240852,0.6583631222926365,2.2494063157167217,5.875296842141639,9.204478403287958,15.079775245429596,0.0,0.0,2.44401911403891
1003,34,fixed_priority,2.2042501485829993,1.6139489784402128,go,go,1,0.0,0.8,1,1,0,0.08316070025365314,2.2494063157167217,2.3900319428894083,0.14062562717268667,2.3900319428894083,-20.0,-20.0,-40.0,0.0,0.0,2.428859299444399
1003,34,hocbf_only,2.2042501485829993,1.6139489784402128,go,go,1,0.0,0.0,1,0,0,0.46818548054705905,2.294104989468465,1.5624750914404164,0.7316298980280485,2.294104989468465,5.852947505265767,9.218762454279792,15.07170995954556,0.0847457627118644,0.6087508176427109,2.44401911403891
1003,34,nash_game,2.2042501485829993,1.6139489784402128,go,go,1,0.0,0.0,1,0,0,0.40388130180649323,2.2494063157167217,1.5910431934240852,0.6583631222926365,2.2494063157167217,5.875296842141639,9.204478403287958,15.079775245429596,0.0,0.0,2.44401911403891
1003,34,nash_game_hocbf,2.2042501485829993,1.6139489784402128,go,go,1,0.0,0.0,1,0,0,0.46818548054705905,2.294104989468465,1.5624750914404164,0.7316298980280485,2.294104989468465,5.852947505265767,9.218762454279792,15.07170995954556,0.0847457627118644,0.6087508176427109,2.44401911403891
1003,35,independent,1.741592570054289,1.9678932983655948,go,yield,0,0.0,0.0,1,1,0,0.16900233328222328,1.756566571835182,2.0441168996572645,0.28755032782208256,2.0441168996572645,-20.0,-20.0,-40.0,0.0,0.0,2.217169683096503
1003,35,fixed_priority,1.741592570054289,1.9678932983655948,go,yield,0,0.0,0.8,1,0,0,0.7223105988473874,1.756566571835182,2.8437899171320282,1.0872233452968463,2.8437899171320282,9.121716714082408,5.578105041433986,14.699821755516394,0.0,0.0,2.2598263337400604
1003,35,hocbf_only,1.741592570054289,1.9678932983655948,go,yield,0,0.0,0.0,1,0,0,0.38780790940716375,1.6198880743689608,2.160791554717124,0.5409034803481632,2.160791554717124,9.190055962815519,5.919604222641438,15.109660185456956,0.28187919463087246,0.812559190090973,2.217169683096503
1003,35,nash_game,1.741592570054289,1.9678932983655948,go,yield,0,0.0,0.2736992716886941,1,0,0,0.34051561800067676,1.756566571835182,2.3180110679825545,0.5614444961473726,2.3180110679825545,9.121716714082408,5.8409944660087225,14.96271118009113,0.0,0.0,2.2584433848467746
1003,35,nash_game_hocbf,1.741592570054289,1.9678932983655948,go,yield,0,0.0,0.2736992716886941,1,0,0,0.45064446487377724,1.6944693227977399,2.386084726534641,0.6916154037369013,2.386084726534641,9.15276533860113,5.80695763673268,14.95972297533381,0.11789473684210526,0.7529797742269924,2.2584433848467746
1003,36,independent,1.7514673205402,1.937602523428101,go,yield,0,0.0,0.0,1,1,0,0.09632315281369899,1.7776068569424819,1.935580511832335,0.15797365488985315,1.935580511832335,-20.0,-20.0,-40.0,0.0,0.0,2.6927769162600397
1003,36,fixed_priority,1.7514673205402,1.937602523428101,go,yield,0,0.0,0.8,1,0,0,0.49311751979308016,1.7776068569424819,2.735575542236695,0.9579686852942131,2.735575542236695,9.111196571528758,5.632212228881652,14.74340880041041,0.0,0.0,2.6927769162600397
1003,36,hocbf_only,1.7514673205402,1.937602523428101,go,yield,0,0.0,0.0,1,0,0,0.37086111200406663,1.7281562022973822,2.0007891654118164,0.2726329631144342,2.0007891654118164,9.13592189885131,5.999605417294092,15.135527316145401,0.3851508120649652,1.0184539939729103,2.5498754226392197
1003,36,nash_game,1.7514673205402,1.937602523428101,go,yield,0,0.0,0.31386479711209914,1,0,0,0.2967922217271383,1.7776068569424819,2.249419414941768,0.47181255799928623,2.249419414941768,9.111196571528758,5.875290292529116,14.986486864057873,0.0,0.0,2.6927769162600397
1003,36,nash_game_hocbf,1.7514673205402,1.937602523428101,go,yield,0,0.0,0.31386479711209914,1,0,0,0.414554319724219,1.7120366499248878,2.337867493776166,0.6258308438512781,2.337867493776166,9.143981675037557,5.831066253111917,14.975047928149474,0.11255411255411256,0.8771880609907572,2.6927769162600397
1003,37,independent,2.243733868337903,2.1197011272451713,yield,go,1,0.0,0.0,1,1,0,0.07206549857685783,2.230504237058531,2.1239514860413142,0.10655275101721662,2.230504237058531,-20.0,-20.0,-40.0,0.0,0.0,1.8163011331049252
1003,37,fixed_priority,2.243733868337903,2.1197011272451713,yield,go,1,0.0,0.8,1,0,0,0.44574101524146653,2.230504237058531,2.923936969188756,0.6934327321302249,2.923936969188756,8.884747881470734,5.538031515405622,14.422779396876356,0.0,0.0,1.8205761719679767
1003,37,hocbf_only,2.243733868337903,2.1197011272451713,yield,go,1,0.0,0.0,1,0,0,0.3705718160966591,2.3155770216497937,2.0494300725699484,0.2661469490798454,2.3155770216497937,5.842211489175103,8.975284963715026,14.81749645289013,0.4025157232704403,0.9779361774234153,1.8163011331049252
1003,37,nash_game,2.243733868337903,2.1197011272451713,yield,go,1,0.37596725890726823,0.0,1,0,0,0.2922555827709388,2.606523943844083,2.1239514860413142,0.4825724578027688,2.606523943844083,5.6967380280779585,8.938024256979343,14.634762285057302,0.0,0.0,1.8163011331049252
1003,37,nash_game_hocbf,2.243733868337903,2.1197011272451713,yield,go,1,0.37596725890726823,0.0,1,0,0,0.39984100833400354,2.6855735095800948,2.0616161373534307,0.623957372226664,2.6855735095800948,5.657213245209952,8.969191931323284,14.626405176533236,0.12233009708737864,0.6635095921630787,1.8214128701647025
1003,38,independent,1.8057871878075267,1.9453245223054874,go,yield,0,0.0,0.0,1,1,0,0.1114939745192603,1.7754168734174527,1.9568520457434473,0.1814351723259946,1.9568520457434473,-20.0,-20.0,-40.0,0.0,0.0,2.209966987211742
1003,38,fixed_priority,1.8057871878075267,1.9453245223054874,go,yield,0,0.0,0.8,1,0,0,0.6318643181578502,1.7754168734174527,2.7568527208533387,0.981435847435886,2.7568527208533387,9.112291563291274,5.621573639573331,14.733865202864605,0.0,0.0,2.209966987211742
1003,38,hocbf_only,1.8057871878075267,1.9453245223054874,go,yield,0,0.0,0.0,1,0,0,0.37897250766799273,1.6964192340007866,2.052461067401273,0.35604183340048645,2.052461067401273,9.151790382999607,5.9737694662993635,15.12555984929897,0.3787528868360277,0.9582006461154265,2.209966987211742
1003,38,nash_game,1.8057871878075267,1.9453245223054874,go,yield,0,0.0,0.3604626655020391,1,0,0,0.3331203721247286,1.7754168734174527,2.317373134520857,0.5419562611034043,2.317373134520857,9.112291563291274,5.841313432739572,14.953604996030846,0.0,0.0,2.209966987211742
1003,38,nash_game_hocbf,1.8057871878075267,1.9453245223054874,go,yield,0,0.0,0.3604626655020391,1,0,0,0.4407790776056959,1.7257458958244565,2.3950640713412596,0.6693181755168032,2.3950640713412596,9.137127052087772,5.80246796432937,14.939595016417142,0.11300639658848614,0.7813306644510652,2.209966987211742
1003,39,independent,2.3087518069354904,2.1459717410772132,yield,go,1,0.0,0.0,1,1,0,0.07170150212371147,2.296157777704557,2.179300386215056,0.11685739148950125,2.296157777704557,-20.0,-20.0,-40.0,0.0,0.0,1.5415808799178123
1003,39,fixed_priority,2.3087518069354904,2.1459717410772132,yield,go,1,0.0,0.8,1,0,0,0.41120482150231724,2.296157777704557,2.9790064916499124,0.6828487139453552,2.9790064916499124,8.851921111147721,5.510496754175044,14.362417865322765,0.0,0.0,1.5415808799178123
1003,39,hocbf_only,2.3087518069354904,2.1459717410772132,yield,go,1,0.0,0.0,1,0,0,0.3546855330619856,2.473500604893589,2.008436333463579,0.46506427143000995,2.473500604893589,5.7632496975532055,8.995781833268211,14.759031530821417,0.4691358024691358,0.8561611135730163,1.5967470016862733
1003,39,nash_game,2.3087518069354904,2.1459717410772132,yield,go,1,0.3372199341417228,0.0,1,0,0,0.2663993492038433,2.6334314899714024,2.179300386215056,0.45413110375634647,2.6334314899714024,5.683284255014299,8.910349806892473,14.593634061906773,0.0,0.0,1.5416061613119323
1003,39,nash_game_hocbf,2.3087518069354904,2.1459717410772132,yield,go,1,0.3372199341417228,0.0,1,0,0,0.3720123411295341,2.7120186700597557,2.1089387285114722,0.6030799415482835,2.7120186700597557,5.643990664970122,8.945530635744264,14.589521300714386,0.14836223506743737,0.5490513841104908,1.5579945439435876
1003,40,independent,2.0027941649941075,2.060956593900105,go,yield,0,0.0,0.0,1,1,0,0.06881453094140914,1.9283574842602524,2.022197022532529,0.09383953827227653,2.022197022532529,-20.0,-20.0,-40.0,0.0,0.0,1.6378293439858147
1003,40,fixed_priority,2.0027941649941075,2.060956593900105,go,yield,0,0.0,0.8,1,0,0,0.4451042947564268,1.9283574842602524,2.8223402172283825,0.89398273296813,2.8223402172283825,9.035821257869873,5.588829891385808,14.624651149255682,0.0,0.0,1.6380746633939014
1003,40,hocbf_only,2.0027941649941075,2.060956593900105,go,yield,0,0.0,0.0,1,0,0,0.3748009482497906,1.7958397523810596,2.173053810849254,0.3772140584681942,2.173053810849254,9.10208012380947,5.913473094575373,15.015553218384843,0.5061224489795918,0.8712999416509285,1.6746682031193123
1003,40,nash_game,2.0027941649941075,2.060956593900105,go,yield,0,0.0,0.44183757109400235,1,0,0,0.31891957600395676,1.9283574842602524,2.4639527838429998,0.5355952995827473,2.4639527838429998,9.035821257869873,5.7680236080785,14.803844865948374,0.0,0.0,1.6379643314974885
1003,40,nash_game_hocbf,2.0027941649941075,2.060956593900105,go,yield,0,0.0,0.44183757109400235,1,0,0,0.4207121646919056,1.8835219887577739,2.5422238073044503,0.6587018185466764,2.5422238073044503,9.058239005621113,5.728888096347775,14.787127101968888,0.15355805243445692,0.4956597364600486,1.6441034727133514
1003,41,independent,1.938032141053771,2.372322689666319,go,yield,0,0.0,0.0,1,1,0,0.21555257032476893,1.9888559952966431,2.3468546098522007,0.3579986145555576,2.3468546098522007,-20.0,-20.0,-40.0,0.0,0.0,2.1011060190218775
1003,41,fixed_priority,1.938032141053771,2.372322689666319,go,yield,0,0.0,0.8,1,0,0,0.728349307164125,1.9888559952966431,3.147171983625354,1.158315988328711,3.147171983625354,9.005572002351679,5.426414008187323,14.431986010539003,0.0,0.0,2.1011060190218775
1003,41,hocbf_only,1.938032141053771,2.372322689666319,go,yield,0,0.0,0.0,1,0,0,0.3633871165437192,1.8912592267193862,2.4539368945303965,0.5626776678110104,2.4539368945303965,9.054370386640308,5.7730315527348015,14.82740193937511,0.1843220338983051,0.6877468939336707,2.1011060190218775
1003,41,nash_game,1.938032141053771,2.372322689666319,go,yield,0,0.0,0.06570945138745188,1,0,0,0.2587442181480565,1.9888559952966431,2.4125787041853095,0.42372270888866637,2.4125787041853095,9.005572002351679,5.7937106479073455,14.799282650259023,0.0,0.0,2.1011060190218775
1003,41,nash_game_hocbf,1.938032141053771,2.372322689666319,go,yield,0,0.0,0.06570945138745188,1,0,0,0.3762601303526685,1.913425075735901,2.4991315499816094,0.5857064742457083,2.4991315499816094,9.04328746213205,5.7504342250091955,14.793721687141245,0.13987473903966596,0.6874694549324761,2.1011060190218775
1003,42,independent,1.998916727376315,2.363607994267445,go,yield,0,0.0,0.0,1,1,0,0.1850651089978206,2.0682006369232977,2.3852192304487914,0.31701859352549366,2.3852192304487914,-20.0,-20.0,-40.0,0.0,0.0,2.0316945712659993
1003,42,fixed_priority,1.998916727376315,2.363607994267445,go,yield,0,0.0,0.8,1,0,0,0.6700829278667713,2.0682006369232977,3.1849927069710957,1.116792070047798,3.1849927069710957,8.965899681538351,5.407503646514452,14.373403328052802,0.0,0.0,2.0316945712659993
1003,42,hocbf_only,1.998916727376315,2.363607994267445,go,yield,0,0.0,0.0,1,0,0,0.35982446131019036,1.9457990510200458,2.499916920132199,0.5541178691121533,2.499916920132199,9.027100474489977,5.750041539933901,14.777142014423877,0.2806652806652807,0.6220339008206035,2.0087509648268123
1003,42,nash_game,1.998916727376315,2.363607994267445,go,yield,0,0.0,0.13530873310887026,1,0,0,0.2740224238539319,2.0682006369232977,2.5205005722516125,0.4522999353283148,2.5205005722516125,8.965899681538351,5.739749713874193,14.705649395412545,0.0,0.0,2.0316945712659993
1003,42,nash_game_hocbf,1.998916727376315,2.363607994267445,go,yield,0,0.0,0.13530873310887026,1,0,0,0.3786430105906434,1.9959908771552408,2.595786512863246,0.5997956357080052,2.595786512863246,9.00200456142238,5.702106743568377,14.704111304990757,0.1292929292929293,0.6489378426848484,2.0087509648268123
1003,43,independent,2.0242111728746135,1.8585370315900074,yield,go,1,0.0,0.0,1,1,0,0.07032368269491945,1.9726803144897105,1.8784410733772492,0.09423924111246129,1.9726803144897105,-20.0,-20.0,-40.0,0.0,0.0,1.9898904540933657
1003,43,fixed_priority,2.0242111728746135,1.8585370315900074,yield,go,1,0.0,0.8,1,0,0,0.44451314095502736,1.9726803144897105,2.678547751901332,0.7058674374116214,2.678547751901332,9.013659842755144,5.660726124049334,14.67438596680448,0.0,0.0,2.004412518129917
1003,43,hocbf_only,2.0242111728746135,1.8585370315900074,yield,go,1,0.0,0.0,1,0,0,0.35158893565419536,2.1468846161580832,1.7198720829950365,0.42701253316304677,2.1468846161580832,5.926557691920959,9.140063958502482,15.066621650423441,0.44206008583690987,0.8683150644694912,1.9909551910041168
1003,43,nash_game,2.0242111728746135,1.8585370315900074,yield,go,1,0.33432585871539366,0.0,1,0,0,0.26376629040536204,2.3067304711336685,1.8784410733772492,0.4282893977564193,2.3067304711336685,5.8466347644331655,9.060779463311375,14.90741422774454,0.0,0.0,1.9898904540933657
1003,43,nash_game_hocbf,2.0242111728746135,1.8585370315900074,yield,go,1,0.33432585871539366,0.0,1,0,0,0.39261710771245656,2.4072238459778728,1.8039241058984892,0.6032997400793836,2.4072238459778728,5.796388077011064,9.098037947050756,14.894426024061818,0.128,0.7873903587953671,1.9898904540933657
1003,44,independent,2.281625697614146,2.0424686364370417,yield,go,1,0.0,0.0,1,1,0,0.1656185084697292,2.285419644494155,1.988607291938153,0.296812352556002,2.285419644494155,-20.0,-20.0,-40.0,0.0,0.0,1.886940771752348
1003,44,fixed_priority,2.281625697614146,2.0424686364370417,yield,go,1,0.0,0.8,1,0,0,0.31142051239999463,2.285419644494155,2.78870661843489,0.5032869739407348,2.78870661843489,8.857290177752922,5.605646690782555,14.462936868535477,0.0,0.0,1.887236042830845
1003,44,hocbf_only,2.281625697614146,2.0424686364370417,yield,go,1,0.0,0.0,1,0,0,0.3702390856835023,2.4151961329867517,1.880931395963181,0.5342647370235707,2.4151961329867517,5.792401933506624,9.05953430201841,14.851936235525034,0.3634453781512605,0.7389263228442888,1.8342052586924291
1003,44,nash_game,2.281625697614146,2.0424686364370417,yield,go,1,0.26084293882289566,0.0,1,0,0,0.3276967835166701,2.546257679782378,1.988607291938153,0.5576503878442252,2.546257679782378,5.726871160108811,9.005696354030924,14.732567514139735,0.0,0.0,1.886940771752348
1003,44,nash_game_hocbf,2.281625697614146,2.0424686364370417,yield,go,1,0.26084293882289566,0.0,1,0,0,0.4078882740404024,2.607593697966117,1.9505155633504474,0.6570781346156696,2.607593697966117,5.696203151016942,9.024742218324777,14.720945369341718,0.11155378486055777,0.5549423598754593,1.8587489979650662
1003,45,independent,1.9815354699310241,1.998738093936081,go,yield,0,0.0,0.0,1,1,0,0.04691180459046374,1.9703090486564083,2.0364313026772747,0.06612225402086636,2.0364313026772747,-20.0,-20.0,-40.0,0.0,0.0,1.715773340419968
1003,45,fixed_priority,1.9815354699310241,1.998738093936081,go,yield,0,0.0,0.8,1,0,0,0.5597522539442504,1.9703090486564083,2.83627825954881,0.8659692108924018,2.83627825954881,9.014845475671796,5.581860870225595,14.596706345897392,0.0,0.0,1.7320724809588723
1003,45,hocbf_only,1.9815354699310241,1.998738093936081,go,yield,0,0.0,0.0,1,0,0,0.3676066857754774,1.9426214982448384,2.0676678521736096,0.12504635392877117,2.0676678521736096,9.02868925087758,5.966166073913195,14.994855324790775,0.42083333333333334,1.0677626191589542,1.704040814063885
1003,45,nash_game,1.9815354699310241,1.998738093936081,go,yield,0,0.0,0.4827973759949429,1,0,0,0.32396825427168185,1.9703090486564083,2.5192628550534146,0.5489538063970063,2.5192628550534146,9.014845475671796,5.740368572473293,14.755214048145088,0.0,0.0,1.7350715999965465
1003,45,nash_game_hocbf,1.9815354699310241,1.998738093936081,go,yield,0,0.0,0.4827973759949429,1,0,0,0.4175348083645034,1.9194972039531808,2.585643206890709,0.6661460029375283,2.585643206890709,9.04025139802341,5.707178396554646,14.747429794578055,0.11174242424242424,0.6142123389661687,1.7350715999965465
1003,46,independent,2.154857008547166,1.8953407976095626,yield,go,1,0.0,0.0,1,1,0,0.14097570515081723,2.1322611851917106,1.8878016963533624,0.24445948883834823,2.1322611851917106,-20.0,-20.0,-40.0,0.0,0.0,1.8980182710488391
1003,46,fixed_priority,2.154857008547166,1.8953407976095626,yield,go,1,0.0,0.8,1,0,0,0.3421498893127926,2.1322611851917106,2.6877584182480376,0.555497233056327,2.6877584182480376,8.933869407404146,5.656120790875981,14.589990198280127,0.0,0.0,1.8968779836287202
1003,46,hocbf_only,2.154857008547166,1.8953407976095626,yield,go,1,0.0,0.0,1,0,0,0.36984971019455887,2.2839534662042946,1.7457230928173018,0.5382303733869929,2.2839534662042946,5.8580232668978525,9.12713845359135,14.985161720489202,0.2681912681912682,0.8325307022416736,1.9162877415851522
1003,46,nash_game,2.154857008547166,1.8953407976095626,yield,go,1,0.24048378906239654,0.0,1,0,0,0.2947065042072432,2.3727340755195465,1.8878016963533624,0.48493237916618415,2.3727340755195465,5.813632962240227,9.056099151823318,14.869732114063545,0.0,0.0,1.8980182710488391
1003,46,nash_game_hocbf,2.154857008547166,1.8953407976095626,yield,go,1,0.24048378906239654,0.0,1,0,0,0.4131623243730079,2.460528146973182,1.8227793261110663,0.6377488208621158,2.460528146973182,5.769735926513409,9.088610336944466,14.858346263457875,0.12450592885375494,0.7284025326534229,1.903529813072129
1003,47,independent,1.924593350492589,1.656004341022235,yield,go,1,0.0,0.0,1,1,0,0.16779029177963317,1.9329592179126853,1.6464768058001964,0.2864824121124889,1.9329592179126853,-20.0,-20.0,-40.0,0.0,0.0,2.569834021049526
1003,47,fixed_priority,1.924593350492589,1.656004341022235,yield,go,1,0.0,0.8,1,0,0,0.324779905561392,1.9329592179126853,2.446128860154917,0.5131696422422316,2.446128860154917,9.033520391043657,5.776935569922541,14.810455960966198,0.0,0.0,2.554387935951273
1003,47,hocbf_only,1.924593350492589,1.656004341022235,yield,go,1,0.0,0.0,1,0,0,0.3581237062600524,2.0722226990528627,1.531622594853124,0.5406001041997388,2.0722226990528627,5.963888650473569,9.234188702573437,15.198077353047006,0.31363636363636366,0.8886871546503398,2.548219477290783
1003,47,nash_game,1.924593350492589,1.656004341022235,yield,go,1,0.23141099052964575,0.0,1,0,0,0.31703342996782585,2.1644158780402663,1.6464768058001964,0.5179390722400699,2.1644158780402663,5.917792060979867,9.176761597099901,15.094553658079768,0.0,0.0,2.569834021049526
1003,47,nash_game_hocbf,1.924593350492589,1.656004341022235,yield,go,1,0.23141099052964575,0.0,1,0,0,0.41658074822731106,2.2428609465095386,1.5971377642960904,0.6457231822134482,2.2428609465095386,5.878569526745231,9.201431117851955,15.080000644597186,0.10367170626349892,0.8089606604552048,2.569834021049526
1003,48,independent,1.6043125712039275,2.2552753232862077,go,go,0,0.0,0.0,1,0,0,0.4185742456743753,1.615685109495548,2.278383656325813,0.6626985468302651,2.278383656325813,9.192157445252226,5.8608081718370935,15.05296561708932,0.0,0.0,2.4851548077582835
1003,48,fixed_priority,1.6043125712039275,2.2552753232862077,go,go,0,0.0,0.8,1,0,0,0.6387551518333873,1.615685109495548,3.078159347324653,1.462474237829105,3.078159347324653,9.192157445252226,5.460920326337673,14.6530777715899,0.0,0.0,2.4851548077582835
1003,48,hocbf_only,1.6043125712039275,2.2552753232862077,go,go,0,0.0,0.0,1,0,0,0.47212526028877233,1.5889681136838794,2.314825803080695,0.7258576893968158,2.314825803080695,9.20551594315806,5.842587098459653,15.048103041617713,0.0794979079497908,0.5289366715066377,2.4851548077582835
1003,48,nash_game,1.6043125712039275,2.2552753232862077,go,go,0,0.0,0.0,1,0,0,0.4185742456743753,1.615685109495548,2.278383656325813,0.6626985468302651,2.278383656325813,9.192157445252226,5.8608081718370935,15.05296561708932,0.0,0.0,2.4851548077582835
1003,48,nash_game_hocbf,1.6043125712039275,2.2552753232862077,go,go,0,0.0,0.0,1,0,0,0.47212526028877233,1.5889681136838794,2.314825803080695,0.7258576893968158,2.314825803080695,9.20551594315806,5.842587098459653,15.048103041617713,0.0794979079497908,0.5289366715066377,2.4851548077582835
1003,49,independent,1.8185194257296207,2.027234664368518,go,yield,0,0.0,0.0,1,1,0,0.12001818499607031,1.8167841229784631,2.0306816873396243,0.21389756436116114,2.0306816873396243,-20.0,-20.0,-40.0,0.0,0.0,1.9407064838233794
1003,49,fixed_priority,1.8185194257296207,2.027234664368518,go,yield,0,0.0,0.8,1,0,0,0.5416504773587887,1.8167841229784631,2.830675457376909,1.013891334398446,2.830675457376909,9.09160793851077,5.5846622713115455,14.676270209822315,0.0,0.0,1.9407064838233794
1003,49,hocbf_only,1.8185194257296207,2.027234664368518,go,yield,0,0.0,0.0,1,0,0,0.3589430343952761,1.659523029698163,2.196244149139854,0.536721119441691,2.196244149139854,9.170238485150918,5.901877925430073,15.07211641058099,0.437636761487965,0.6535872273146182,1.9407064838233794
1003,49,nash_game,1.8185194257296207,2.027234664368518,go,yield,0,0.0,0.2912847613611027,1,0,0,0.30180323630125094,1.8167841229784631,2.321970196229547,0.505186073251084,2.321970196229547,9.09160793851077,5.839014901885227,14.930622840395996,0.0,0.0,1.9407064838233794
1003,49,nash_game_hocbf,1.8185194257296207,2.027234664368518,go,yield,0,0.0,0.2912847613611027,1,0,0,0.4118255288848691,1.7564418781713613,2.404409128584807,0.6479672504134457,2.404409128584807,9.121779060914319,5.797795435707597,14.919574496621916,0.11934156378600823,0.7333208662644035,1.9407064838233794
1003,50,independent,1.970953423371339,1.7945551023198425,yield,go,1,0.0,0.0,1,1,0,0.06807626289018924,1.941390210782661,1.825475661535453,0.11591454924720801,1.941390210782661,-20.0,-20.0,-40.0,0.0,0.0,2.492307781950697
1003,50,fixed_priority,1.970953423371339,1.7945551023198425,yield,go,1,0.0,0.8,1,0,0,0.44835788978245134,1.941390210782661,2.625784864856234,0.684394654073573,2.625784864856234,9.02930489460867,5.687107567571883,14.716412462180553,0.0,0.0,2.492307781950697
1003,50,hocbf_only,1.970953423371339,1.7945551023198425,yield,go,1,0.0,0.0,1,0,0,0.35956295072437483,2.11050512588903,1.6555728634479032,0.45493226244112694,2.11050512588903,5.944747437055485,9.172213568276048,15.116961005331532,0.34651162790697676,0.9682827962612642,2.537015231836503
1003,50,nash_game,1.970953423371339,1.7945551023198425,yield,go,1,0.3236016789485032,0.0,1,0,0,0.27662366453465764,2.2647785709693826,1.825475661535453,0.4393029094339296,2.2647785709693826,5.867610714515308,9.087262169232273,14.954872883747582,0.0,0.0,2.4923903832122556
1003,50,nash_game_hocbf,1.970953423371339,1.7945551023198425,yield,go,1,0.3236016789485032,0.0,1,0,0,0.42448015571632786,2.3726366557521827,1.7399051324060055,0.6327315233461772,2.3726366557521827,5.813681672123908,9.130047433796998,14.943729105920905,0.13203463203463203,0.9390415374788627,2.5211112377296203
1003,51,independent,1.9692852415880358,2.0646732532438667,go,yield,0,0.0,0.0,1,1,0,0.07518324884865951,1.9755612482739235,2.065770179035436,0.09020893076151237,2.065770179035436,-20.0,-20.0,-40.0,0.0,0.0,2.2034400765266153
1003,51,fixed_priority,1.9692852415880358,2.0646732532438667,go,yield,0,0.0,0.8,1,0,0,0.47909662312214174,1.9755612482739235,2.8657766340228115,0.8902153857488879,2.8657766340228115,9.012219375863038,5.567111682988594,14.579331058851633,0.0,0.0,2.2034400765266153
1003,51,hocbf_only,1.9692852415880358,2.0646732532438667,go,yield,0,0.0,0.0,1,0,0,0.34560487054585615,1.8847884197262252,2.172737056651419,0.28794863692519357,2.172737056651419,9.057605790136888,5.91363147167429,14.97123726181118,0.4512471655328798,1.1332182832881281,2.1385166264699698
1003,51,nash_game,1.9692852415880358,2.0646732532438667,go,yield,0,0.0,0.4046119883441688,1,0,0,0.30820294781246643,1.9755612482739235,2.4703806819844494,0.49481943371052584,2.4703806819844494,9.012219375863038,5.764809659007775,14.777029034870814,0.0,0.0,2.2034400765266153
1003,51,nash_game_hocbf,1.9692852415880358,2.0646732532438667,go,yield,0,0.0,0.4046119883441688,1,0,0,0.4198536769225451,1.911413966127901,2.5545645419498357,0.6431505758219347,2.5545645419498357,9.044293016936049,5.722717729025082,14.76701074596113,0.15352697095435686,0.6160808145774382,2.1488459304783363
1003,52,independent,2.002033731599038,1.9839418868179195,yield,go,1,0.0,0.0,1,1,0,0.058855903564739,2.0583818730085097,1.949800546914203,0.10858132609430671,2.0583818730085097,-20.0,-20.0,-40.0,0.0,0.0,1.9979454280967612
1003,52,fixed_priority,2.002033731599038,1.9839418868179195,yield,go,1,0.0,0.8,1,0,0,0.40620713692610927,2.0583818730085097,2.7497828013025227,0.691400928294013,2.7497828013025227,8.970809063495745,5.625108599348739,14.595917662844483,0.0,0.0,1.9979454280967612
1003,52,hocbf_only,2.002033731599038,1.9839418868179195,yield,go,1,0.0,0.0,1,0,0,0.3755325979211808,2.2319222730210777,1.7749042740501944,0.45701799897088335,2.2319222730210777,5.884038863489462,9.112547862974903,14.996586726464365,0.4804928131416838,1.0300803622552877,1.9675635620747043
1003,52,nash_game,2.002033731599038,1.9839418868179195,yield,go,1,0.4819081552188811,0.0,1,0,0,0.3455474602521232,2.5402913013542463,1.949800546914203,0.5904907544400433,2.5402913013542463,5.729854349322877,9.025099726542898,14.754954075865776,0.0,0.0,2.0286790676542723
1003,52,nash_game_hocbf,2.002033731599038,1.9839418868179195,yield,go,1,0.4819081552188811,0.0,1,0,0,0.4437013219672835,2.6065428668988866,1.8979579904404604,0.7085848764584262,2.6065428668988866,5.696728566550557,9.05102100477977,14.747749571330328,0.11214953271028037,0.6319623160575137,2.0286790676542723
1003,53,independent,1.9428849600751226,2.054615552361143,go,yield,0,0.0,0.0,1,1,0,0.05469982673916753,1.9558772003709375,2.033608199573045,0.07773099920210735,2.033608199573045,-20.0,-20.0,-40.0,0.0,0.0,1.7827334084611448
1003,53,fixed_priority,1.9428849600751226,2.054615552361143,go,yield,0,0.0,0.8,1,0,0,0.4201728878975678,1.9558772003709375,2.833699981779147,0.8778227814082096,2.833699981779147,9.02206139981453,5.583150009110426,14.605211408924957,0.0,0.0,1.7827334084611448
1003,53,hocbf_only,1.9428849600751226,2.054615552361143,go,yield,0,0.0,0.0,1,0,0,0.3550618295179244,1.8568883512369108,2.1453776545473247,0.2884893033104139,2.1453776545473247,9.071555824381544,5.927311172726338,14.998866997107882,0.44813278008298757,0.9942942258650255,1.788285909886183
1003,53,nash_game,1.9428849600751226,2.054615552361143,go,yield,0,0.0,0.3882694077139792,1,0,0,0.28144501990538373,1.9558772003709375,2.4218276097344846,0.46595040936354715,2.4218276097344846,9.02206139981453,5.789086195132757,14.811147594947288,0.0,0.0,1.7827334084611448
1003,53,nash_game_hocbf,1.9428849600751226,2.054615552361143,go,yield,0,0.0,0.3882694077139792,1,0,0,0.3915044634461985,1.891451161223463,2.506625753058857,0.6151745918353941,2.506625753058857,9.054274419388268,5.746687123470571,14.80096154285884,0.18269230769230768,0.5620189712075411,1.7827334084611448
1003,54,independent,1.7620910226743467,1.7514848796340068,yield,go,1,0.0,0.0,1,1,0,0.050676443524418434,1.8190752447100957,1.7310597460284678,0.08801549868162795,1.8190752447100957,-20.0,-20.0,-40.0,0.0,0.0,2.4487234431534635
1003,54,fixed_priority,1.7620910226743467,1.7514848796340068,yield,go,1,0.0,0.8,1,0,0,0.5294448381121543,1.8190752447100957,2.530600362876614,0.7115251181665181,2.530600362876614,9.090462377644952,5.734699818561693,14.825162196206644,0.0,0.0,2.4487234431534635
1003,54,hocbf_only,1.7620910226743467,1.7514848796340068,yield,go,1,0.0,0.0,1,0,0,0.36200752958836274,1.8473251826128145,1.7078818146023291,0.1394433680104854,1.8473251826128145,6.076337408693592,9.146059092698835,15.222396501392428,0.430622009569378,1.1599581276550548,2.4120065926417293
1003,54,nash_game,1.7620910226743467,1.7514848796340068,yield,go,1,0.48939385695965987,0.0,1,0,0,0.35566123382810827,2.3092691437252486,1.7310597460284678,0.5782093976967808,2.3092691437252486,5.8453654281373755,9.134470126985766,14.979835555123142,0.0,0.0,2.490002095067722
1003,54,nash_game_hocbf,1.7620910226743467,1.7514848796340068,yield,go,1,0.48939385695965987,0.0,1,0,0,0.47549989286114486,2.389961410460465,1.6748842383514269,0.7150771721090383,2.389961410460465,5.805019294769767,9.162557880824286,14.967577175594053,0.10706638115631692,0.9187036394681408,2.490002095067722
1003,55,independent,1.6376136459488084,1.9272929570116892,go,yield,0,0.0,0.0,1,1,0,0.16854821489376884,1.6046419098198779,1.898337230789426,0.2936953209695481,1.898337230789426,-20.0,-20.0,-40.0,0.0,0.0,2.2695180551960843
1003,55,fixed_priority,1.6376136459488084,1.9272929570116892,go,yield,0,0.0,0.8,1,0,0,0.5150956571886073,1.6046419098198779,2.6982102541981403,1.0935683443782624,2.6982102541981403,9.19767904509006,5.650894872900929,14.84857391799099,0.0,0.0,2.2695180551960843
1003,55,hocbf_only,1.6376136459488084,1.9272929570116892,go,yield,0,0.0,0.0,1,0,0,0.3700983835342655,1.4891524260717612,2.051524985019044,0.5623725589472826,2.051524985019044,9.25542378696412,5.9742375074904785,15.229661294454598,0.2402745995423341,0.8121576043655031,2.2695180551960843
1003,55,nash_game,1.6376136459488084,1.9272929570116892,go,yield,0,0.0,0.21032068893711897,1,0,0,0.30877940677003946,1.6046419098198779,2.1084179484474026,0.5037760386275247,2.1084179484474026,9.19767904509006,5.945791025776298,15.143470070866359,0.0,0.0,2.2695180551960843
1003,55,nash_game_hocbf,1.6376136459488084,1.9272929570116892,go,yield,0,0.0,0.21032068893711897,1,0,0,0.43333974885284066,1.5487575809917389,2.2045121747242193,0.6557545937324805,2.2045121747242193,9.22562120950413,5.897743912637891,15.12336512214202,0.11790393013100436,0.8818306055889726,2.2695180551960843
1003,56,independent,1.9419963910834555,1.9826415854996646,go,yield,0,0.0,0.0,1,1,0,0.02570319946611099,1.9156513307026066,1.958979378557465,0.04332804785485833,1.958979378557465,-20.0,-20.0,-40.0,0.0,0.0,2.1734306160628334
1003,56,fixed_priority,1.9419963910834555,1.9826415854996646,go,yield,0,0.0,0.8,1,0,0,0.5297513880216274,1.9156513307026066,2.7589810700911532,0.8433297393885466,2.7589810700911532,9.042174334648697,5.620509464954424,14.662683799603121,0.0,0.0,2.1736304593426707
1003,56,hocbf_only,1.9419963910834555,1.9826415854996646,go,yield,0,0.0,0.0,1,0,0,0.363255277854817,1.8223688014762802,2.0592313856949245,0.23686258421864426,2.0592313856949245,9.08881559926186,5.970384307152537,15.059199906414397,0.4527027027027027,1.0567992274917761,2.1836869174081883
1003,56,nash_game,1.9419963910834555,1.9826415854996646,go,yield,0,0.0,0.4593548055837908,1,0,0,0.3065264324612986,1.9156513307026066,2.4182061206448315,0.5025547899422249,2.4182061206448315,9.042174334648697,5.790896939677584,14.833071274326281,0.0,0.0,2.1735469414067032
1003,56,nash_game_hocbf,1.9419963910834555,1.9826415854996646,go,yield,0,0.0,0.4593548055837908,1,0,0,0.4312280686704165,1.8528436878373713,2.511232637617587,0.6583889497802156,2.511232637617587,9.073578156081314,5.744383681191207,14.81796183727252,0.12244897959183673,0.8057756869765628,2.194247708547742
1003,57,independent,1.9012429364640595,1.8589751493793694,yield,go,1,0.0,0.0,1,1,0,0.05288180440098149,1.9380530131382854,1.9161743186638285,0.021878694474456895,1.9380530131382854,-20.0,-20.0,-40.0,0.0,0.0,2.297257339667979
1003,57,fixed_priority,1.9012429364640595,1.8589751493793694,yield,go,1,0.0,0.8,1,0,0,0.4822613676576015,1.9380530131382854,2.7163308643095507,0.7782778511712654,2.7163308643095507,9.030973493430857,5.641834567845224,14.672808061276081,0.0,0.0,2.297257339667979
1003,57,hocbf_only,1.9012429364640595,1.8589751493793694,yield,go,1,0.0,0.0,1,0,0,0.36440963768618473,2.0966916458469322,1.7374510102315646,0.3592406356153677,2.0966916458469322,5.951654177076534,9.131274494884218,15.082928671960753,0.4094650205761317,1.1268501587092472,2.36164480735327
1003,57,nash_game,1.9012429364640595,1.8589751493793694,yield,go,1,0.45773221291530986,0.0,1,0,0,0.29062154782084504,2.3959941929765103,1.9161743186638285,0.4798198743126818,2.3959941929765103,5.802002903511745,9.041912840668086,14.843915744179832,0.0,0.0,2.3002224813412973
1003,57,nash_game_hocbf,1.9012429364640595,1.8589751493793694,yield,go,1,0.45773221291530986,0.0,1,0,0,0.4266441656406444,2.48681617520815,1.8286495462206318,0.6581666289875181,2.48681617520815,5.756591912395925,9.085675226889684,14.84226713928561,0.12030075187969924,0.8332946174447655,2.3282985570845893
1003,58,independent,1.8651893786800937,1.9142194562524737,go,yield,0,0.0,0.0,1,1,0,0.048067506812667804,1.8884667910467337,1.9688117885986773,0.08034499755194369,1.9688117885986773,-20.0,-20.0,-40.0,0.0,0.0,1.8272658830613
1003,58,fixed_priority,1.8651893786800937,1.9142194562524737,go,yield,0,0.0,0.8,1,0,0,0.557364367862258,1.8884667910467337,2.768776395791721,0.8803096047449874,2.768776395791721,9.055766604476633,5.615611802104139,14.671378406580772,0.0,0.0,1.8272658830613
1003,58,hocbf_only,1.8651893786800937,1.9142194562524737,go,yield,0,0.0,0.0,1,0,0,0.35821967054848236,1.8491632981442279,2.014145435526003,0.16498213738177503,2.014145435526003,9.075418350927887,5.992927282236998,15.068345633164885,0.40976645435244163,1.1323656474261268,1.808511357420874
1003,58,nash_game,1.8651893786800937,1.9142194562524737,go,yield,0,0.0,0.4509699224276198,1,0,0,0.3151822756761523,1.8884667910467337,2.4200258949559355,0.5315591039092018,2.4200258949559355,9.055766604476633,5.789987052522032,14.845753656998664,0.0,0.0,1.8288716309185133
1003,58,nash_game_hocbf,1.8651893786800937,1.9142194562524737,go,yield,0,0.0,0.4509699224276198,1,0,0,0.40956997980700066,1.8319321643165454,2.487111334035694,0.6551791697191485,2.487111334035694,9.084033917841728,5.756444332982153,14.840478250823882,0.1102514506769826,0.6489723417848732,1.8288716309185133
1003,59,independent,1.8243697968446113,1.9492831814718306,go,yield,0,0.0,0.0,1,1,0,0.1378486850277071,1.7588314042961242,1.9964359913528893,0.23760458705676513,1.9964359913528893,-20.0,-20.0,-40.0,0.0,0.0,2.3288240715921242
1003,59,fixed_priority,1.8243697968446113,1.9492831814718306,go,yield,0,0.0,0.8,1,0,0,0.44409653095313195,1.7588314042961242,2.7963379029080304,1.0375064986119062,2.7963379029080304,9.120584297851938,5.601831048545985,14.722415346397923,0.0,0.0,2.3526436505268165
1003,59,hocbf_only,1.8243697968446113,1.9492831814718306,go,yield,0,0.0,0.0,1,0,0,0.3804653453282259,1.609817122855212,2.1534302965080356,0.5436131736528236,2.1534302965080356,9.195091438572394,5.923284851745982,15.118376290318377,0.5234741784037559,0.6691029741861856,2.3562814161614414
1003,59,nash_game,1.8243697968446113,1.9492831814718306,go,yield,0,0.0,0.37508661537278054,1,0,0,0.3741664148665649,1.7588314042961242,2.37169389730814,0.6128624930120157,2.37169389730814,9.120584297851938,5.81415305134593,14.934737349197867,0.0,0.0,2.3546738468645274
1003,59,nash_game_hocbf,1.8243697968446113,1.9492831814718306,go,yield,0,0.0,0.37508661537278054,1,0,0,0.453025612965993,1.7117677177190478,2.447202201143707,0.7354344834246591,2.447202201143707,9.144116141140476,5.7763988994281465,14.920515040568622,0.20043103448275862,0.6113899665763355,2.3546738468645274
1003,60,independent,1.9744964035730417,1.9210734999059904,yield,go,1,0.0,0.0,1,1,0,0.05680814432550333,2.0169615345756613,1.9166793084318507,0.10028222614381055,2.0169615345756613,-20.0,-20.0,-40.0,0.0,0.0,2.5276907418935903
1003,60,fixed_priority,1.9744964035730417,1.9210734999059904,yield,go,1,0.0,0.8,1,0,0,0.486108497306738,2.0169615345756613,2.7166609612766144,0.6996994267009531,2.7166609612766144,8.99151923271217,5.641669519361693,14.633188752073863,0.0,0.0,2.5277421026647064
1003,60,hocbf_only,1.9744964035730417,1.9210734999059904,yield,go,1,0.0,0.0,1,0,0,0.3664420065323078,2.0269840648884894,1.9128927352174756,0.11409132967101376,2.0269840648884894,5.986507967555755,9.043553632391262,15.030061599947018,0.4103139013452915,1.1144373844552422,2.491999784669075
1003,60,nash_game,1.9744964035730417,1.9210734999059904,yield,go,1,0.4465770963329485,0.0,1,0,0,0.3372689764864818,2.4636260481872845,1.9166793084318507,0.5469467397554337,2.4636260481872845,5.7681869759063575,9.041660345784075,14.809847321690434,0.0,0.0,2.5276907418935903
1003,60,nash_game_hocbf,1.9744964035730417,1.9210734999059904,yield,go,1,0.4465770963329485,0.0,1,0,0,0.4444241126668216,2.5388191706561307,1.859093357251511,0.6797258134046198,2.5388191706561307,5.730590414671934,9.070453321374245,14.801043736046179,0.164969450101833,0.665089762976194,2.465987088794335
1003,61,independent,1.7815997094485971,2.238955181791245,go,go,0,0.0,0.0,1,0,0,0.2803634122866963,1.7658549874248886,2.231684695715379,0.46582970829049053,2.231684695715379,9.117072506287556,5.88415765214231,15.001230158429866,0.0,0.0,2.4685377142465237
1003,61,fixed_priority,1.7815997094485971,2.238955181791245,go,go,0,0.0,0.8,1,0,0,0.4396319361915938,1.7658549874248886,3.031783968345465,1.2659289809205765,3.031783968345465,9.117072506287556,5.4841080158272675,14.601180522114824,0.0,0.0,2.4685377142465237
1003,61,hocbf_only,1.7815997094485971,2.238955181791245,go,go,0,0.0,0.0,1,0,0,0.3955890204424943,1.704938852543454,2.322431411394616,0.6174925588511622,2.322431411394616,9.147530573728273,5.838784294302692,14.986314868030966,0.18398268398268397,0.627432853135868,2.4334279722545005
1003,61,nash_game,1.7815997094485971,2.238955181791245,go,go,0,0.0,0.0,1,0,0,0.2803634122866963,1.7658549874248886,2.231684695715379,0.46582970829049053,2.231684695715379,9.117072506287556,5.88415765214231,15.001230158429866,0.0,0.0,2.4685377142465237
1003,61,nash_game_hocbf,1.7815997094485971,2.238955181791245,go,go,0,0.0,0.0,1,0,0,0.3955890204424943,1.704938852543454,2.322431411394616,0.6174925588511622,2.322431411394616,9.147530573728273,5.838784294302692,14.986314868030966,0.18398268398268397,0.627432853135868,2.4334279722545005
1003,62,independent,2.287807569371234,1.995650137791672,yield,go,1,0.0,0.0,1,1,0,0.16143693954419652,2.3129997848977384,2.0269269984816756,0.2860727864160628,2.3129997848977384,-20.0,-20.0,-40.0,0.0,0.0,1.8373224794748622
1003,62,fixed_priority,2.287807569371234,1.995650137791672,yield,go,1,0.0,0.8,1,0,0,0.31046700871161714,2.3129997848977384,2.826815137759038,0.5138153528612994,2.826815137759038,8.843500107551131,5.586592431120481,14.430092538671612,0.0,0.0,1.8521480416959888
1003,62,hocbf_only,2.287807569371234,1.995650137791672,yield,go,1,0.0,0.0,1,0,0,0.36265049796379467,2.4502634066511932,1.8834485513486106,0.5668148553025827,2.4502634066511932,5.774868296674404,9.058275724325695,14.833144021000098,0.2818371607515658,0.6982255146964889,1.8373224794748622
1003,62,nash_game,2.287807569371234,1.995650137791672,yield,go,1,0.2078425684204377,0.0,1,0,0,0.2924750886148826,2.5207987061199284,2.0269269984816756,0.49387170763825283,2.5207987061199284,5.739600646940036,8.986536500759161,14.726137147699198,0.0,0.0,1.8373224794748622
1003,62,nash_game_hocbf,2.287807569371234,1.995650137791672,yield,go,1,0.2078425684204377,0.0,1,0,0,0.39756773509198645,2.595624309954919,1.96010024585526,0.6355240640996589,2.595624309954919,5.70218784502254,9.01994987707237,14.72213772209491,0.1282565130260521,0.6369648043795971,1.8373224794748622
1003,63,independent,1.818990765569758,1.9990648059025329,go,yield,0,0.0,0.0,1,1,0,0.11798682831243948,1.8247550625530233,2.0222315579082992,0.1974764953552759,2.0222315579082992,-20.0,-20.0,-40.0,0.0,0.0,2.2015493498567333
1003,63,fixed_priority,1.818990765569758,1.9990648059025329,go,yield,0,0.0,0.8,1,0,0,0.7117439770900068,1.8247550625530233,2.8221562320892075,0.9974011695361842,2.8221562320892075,9.087622468723488,5.588921883955396,14.676544352678885,0.0,0.0,2.2015493498567333
1003,63,hocbf_only,1.818990765569758,1.9990648059025329,go,yield,0,0.0,0.0,1,0,0,0.3662358724106953,1.6940030150754963,2.1592170639961465,0.4652140489206502,2.1592170639961465,9.152998492462252,5.9203914680019265,15.07338996046418,0.3405639913232104,0.9431373934278886,2.2015493498567333
1003,63,nash_game,1.818990765569758,1.9990648059025329,go,yield,0,0.0,0.3199259596672248,1,0,0,0.3148800810835516,1.8247550625530233,2.342225175551273,0.5174701129982497,2.342225175551273,9.087622468723488,5.828887412224363,14.916509880947851,0.0,0.0,2.2015493498567333
1003,63,nash_game_hocbf,1.818990765569758,1.9990648059025329,go,yield,0,0.0,0.3199259596672248,1,0,0,0.42371636013914604,1.7644934220030826,2.4211710101223467,0.6566775881192641,2.4211710101223467,9.11775328899846,5.789414494938827,14.907167783937286,0.11359026369168357,0.7546586226586954,2.2015493498567333
1003,64,independent,1.8304970547522463,1.7832177969671,yield,go,1,0.0,0.0,1,1,0,0.03789868105578262,1.832669104607779,1.7984758982098636,0.03419320639791534,1.832669104607779,-20.0,-20.0,-40.0,0.0,0.0,2.518181216060831
1003,64,fixed_priority,1.8304970547522463,1.7832177969671,yield,go,1,0.0,0.8,1,0,0,0.554958904200791,1.832669104607779,2.59865513422009,0.7659860296123111,2.59865513422009,9.083665447696111,5.700672432889955,14.784337880586065,0.0,0.0,2.518181216060831
1003,64,hocbf_only,1.8304970547522463,1.7832177969671,yield,go,1,0.0,0.0,1,0,0,0.3587947346231768,1.9411430347565997,1.691294133501937,0.24984890125466275,1.9411430347565997,6.0294284826217,9.154352933249031,15.183781415870731,0.430952380952381,1.133548407452263,2.5109879349672393
1003,64,nash_game,1.8304970547522463,1.7832177969671,yield,go,1,0.4527207422148536,0.0,1,0,0,0.3097039685101298,2.2853854214653095,1.7984758982098636,0.4869095232554459,2.2853854214653095,5.857307289267345,9.100762050895067,14.958069340162412,0.0,0.0,2.5142711954352452
1003,64,nash_game_hocbf,1.8304970547522463,1.7832177969671,yield,go,1,0.4527207422148536,0.0,1,0,0,0.4615141615636584,2.3930093555389393,1.7168803969680375,0.6761289585709018,2.3930093555389393,5.80349532223053,9.141559801515982,14.945055123746512,0.12043010752688173,1.0441279165780915,2.5142711954352452
1003,65,independent,1.870154406352271,1.9210801585312158,go,yield,0,0.0,0.0,1,1,0,0.0716435925692258,1.844991035407583,1.958169413653207,0.11317837824562416,1.958169413653207,-20.0,-20.0,-40.0,0.0,0.0,1.9116518640426583
1003,65,fixed_priority,1.870154406352271,1.9210801585312158,go,yield,0,0.0,0.8,1,0,0,0.4792216121982488,1.844991035407583,2.758168871983802,0.9131778365762191,2.758168871983802,9.07750448229621,5.620915564008099,14.698420046304308,0.0,0.0,1.9116518640426583
1003,65,hocbf_only,1.870154406352271,1.9210801585312158,go,yield,0,0.0,0.0,1,0,0,0.3656266918786205,1.7620714481707433,2.053076812251828,0.29100536408108457,2.053076812251828,9.118964275914628,5.973461593874086,15.092425869788714,0.43018018018018017,1.053942811716489,1.8449838912397247
1003,65,nash_game,1.870154406352271,1.9210801585312158,go,yield,0,0.0,0.449074247821055,1,0,0,0.3383463825148847,1.844991035407583,2.407426319760776,0.5624352843531932,2.407426319760776,9.07750448229621,5.7962868401196115,14.873791322415821,0.0,0.0,1.9116518640426583
1003,65,nash_game_hocbf,1.870154406352271,1.9210801585312158,go,yield,0,0.0,0.449074247821055,1,0,0,0.4315132267153485,1.7974057192245412,2.474591745929387,0.6771860267048457,2.474591745929387,9.101297140387729,5.762704127035306,14.864001267423035,0.16188524590163936,0.5311946614392011,1.873395653868776
1003,66,independent,2.247151509289295,2.187658345067562,yield,go,1,0.0,0.0,1,1,0,0.07113280521713974,2.2621987963585672,2.1775865883671632,0.08461220799140401,2.2621987963585672,-20.0,-20.0,-40.0,0.0,0.0,1.7733263811207394
1003,66,fixed_priority,2.247151509289295,2.187658345067562,yield,go,1,0.0,0.8,1,0,0,0.4410267982112644,2.2621987963585672,2.9776980349978603,0.7154992386392931,2.9776980349978603,8.868900601820716,5.51115098250107,14.380051584321786,0.0,0.0,1.773401696225966
1003,66,hocbf_only,2.247151509289295,2.187658345067562,yield,go,1,0.0,0.0,1,0,0,0.37020636620621533,2.2914765062043143,2.1545078929628967,0.13696861324141762,2.2914765062043143,5.854261746897842,8.922746053518551,14.777007800416394,0.46540880503144655,0.9914791371697393,1.7411046674415338
1003,66,nash_game,2.247151509289295,2.187658345067562,yield,go,1,0.4405068357782671,0.0,1,0,0,0.315548208351378,2.7026404394739094,2.1775865883671632,0.5250538511067462,2.7026404394739094,5.648679780263045,8.911206705816419,14.559886486079463,0.0,0.0,1.7733263811207394
1003,66,nash_game_hocbf,2.247151509289295,2.187658345067562,yield,go,1,0.4405068357782671,0.0,1,0,0,0.4062465468678657,2.7688753627082225,2.1254762310957305,0.6433991316124921,2.7688753627082225,5.615562318645889,8.937261884452134,14.552824203098023,0.11494252873563218,0.5853323204740956,1.770752072181767
1003,67,independent,2.2396742331853883,1.902781626676283,yield,go,1,0.0,0.0,1,1,0,0.16296046662283176,2.1893109095511156,1.909328205200043,0.27998270435107253,2.1893109095511156,-20.0,-20.0,-40.0,0.0,0.0,2.252291421765183
1003,67,fixed_priority,2.2396742331853883,1.902781626676283,yield,go,1,0.0,0.8,1,0,0,0.3139400762702901,2.1893109095511156,2.709342709692148,0.5200318001410325,2.709342709692148,8.905344545224443,5.645328645153926,14.550673190378369,0.0,0.0,2.2557516700209455
1003,67,hocbf_only,2.2396742331853883,1.902781626676283,yield,go,1,0.0,0.0,1,0,0,0.35184548374035246,2.3362678314002068,1.7889904379414354,0.5472773934587714,2.3362678314002068,5.831866084299897,9.105504781029282,14.937370865329179,0.3311546840958606,0.5726053509613956,2.252291421765183
1003,67,nash_game,2.2396742331853883,1.902781626676283,yield,go,1,0.16310739349089465,0.0,1,0,0,0.27168863631585327,2.3524225230007505,1.909328205200043,0.4430943178007074,2.3524225230007505,5.8237887384996245,9.045335897399978,14.869124635899603,0.0,0.0,2.252291421765183
1003,67,nash_game_hocbf,2.2396742331853883,1.902781626676283,yield,go,1,0.16310739349089465,0.0,1,0,0,0.38939693120532715,2.4458621817492268,1.843101157777122,0.6027610239721048,2.4458621817492268,5.777068909125386,9.07844942111144,14.855518330236826,0.12,0.8017374036316128,2.252291421765183
1003,68,independent,2.2427589638956866,1.8697596178934792,yield,go,1,0.0,0.0,1,1,0,0.21600936325121584,2.2417030238561466,1.86886481001884,0.37283821383730653,2.2417030238561466,-20.0,-20.0,-40.0,0.0,0.0,1.8360899433193663
1003,68,fixed_priority,2.2427589638956866,1.8697596178934792,yield,go,1,0.0,0.8,1,0,0,0.25349276822574474,2.2417030238561466,2.6688523362420713,0.4271493123859247,2.6688523362420713,8.879148488071927,5.665573831878964,14.54472231995089,0.0,0.0,1.8359177315378736
1003,68,hocbf_only,2.2427589638956866,1.8697596178934792,yield,go,1,0.0,0.0,1,0,0,0.3693335795137638,2.3587336127468976,1.7705622683729954,0.5881713443739023,2.3587336127468976,5.820633193626551,9.114718865813503,14.935352059440053,0.17959183673469387,0.7081761492913026,1.8360899433193663
1003,68,nash_game,2.2427589638956866,1.8697596178934792,yield,go,1,0.1270006539977926,0.0,1,0,0,0.2971091208940789,2.368705336610905,1.86886481001884,0.4998405265920651,2.368705336610905,5.815647331694548,9.06556759499058,14.881214926685127,0.0,0.0,1.8360899433193663
1003,68,nash_game_hocbf,2.2427589638956866,1.8697596178934792,yield,go,1,0.1270006539977926,0.0,1,0,0,0.40009212713610703,2.4463583529816186,1.810002042061198,0.6363563109204207,2.4463583529816186,5.7768208235091905,9.0949989789694,14.87181980247859,0.12127236580516898,0.6521307646969255,1.8360899433193663
1003,69,independent,1.998147732055503,2.027812271234124,go,yield,0,0.0,0.0,1,1,0,0.054021887503576164,1.9959848848299186,2.0426387359270035,0.046653851097084864,2.0426387359270035,-20.0,-20.0,-40.0,0.0,0.0,2.286795727380666
1003,69,fixed_priority,1.998147732055503,2.027812271234124,go,yield,0,0.0,0.8,1,0,0,0.5763291406317461,1.9959848848299186,2.842580527899451,0.8465956430695325,2.842580527899451,9.00200755758504,5.578709736050275,14.580717293635315,0.0,0.0,2.286795727380666
1003,69,hocbf_only,1.998147732055503,2.027812271234124,go,yield,0,0.0,0.0,1,0,0,0.37220801702944545,2.019568839711477,2.019029089161291,0.0005397505501858468,2.019568839711477,5.990215580144262,8.990485455419355,14.980701035563616,0.39375,1.0827168094640436,2.259928805446371
1003,69,nash_game,1.998147732055503,2.027812271234124,go,yield,0,0.0,0.4703354608213788,1,0,0,0.32032294387682064,1.9959848848299186,2.512984046747824,0.5169991619179055,2.512984046747824,9.00200755758504,5.743507976626088,14.745515534211128,0.0,0.0,2.286795727380666
1003,69,nash_game_hocbf,1.998147732055503,2.027812271234124,go,yield,0,0.0,0.4703354608213788,1,0,0,0.42880112083167127,1.9366475257927234,2.591636610422996,0.6549890846302726,2.591636610422996,9.031676237103639,5.7041816947885025,14.735857931892141,0.1366223908918406,0.6115825656926801,2.239796883821867
1003,70,independent,2.180171379825545,1.813043244900169,yield,go,1,0.0,0.0,1,0,0,0.2534321417064949,2.2402369640438407,1.7967946080819994,0.44344235596184123,2.2402369640438407,5.879881517978079,9.101602695959,14.98148421393708,0.0,0.0,1.9779138537315464
1003,70,fixed_priority,2.180171379825545,1.813043244900169,yield,go,1,0.0,0.8,1,1,0,0.2147984191157808,2.2402369640438407,2.5965644751914834,0.3563275111476427,2.5965644751914834,-20.0,-20.0,-40.0,0.0,0.0,1.9682752718766694
1003,70,hocbf_only,2.180171379825545,1.813043244900169,yield,go,1,0.0,0.0,1,0,0,0.3759658962262925,2.3308689023070333,1.7206963450811943,0.610172557225839,2.3308689023070333,5.834565548846483,9.139651827459403,14.974217376305887,0.25219298245614036,0.44964913278371516,1.9779138537315464
1003,70,nash_game,2.180171379825545,1.813043244900169,yield,go,1,0.13287186507462412,0.0,1,0,0,0.3401891804922711,2.3730761822279383,1.7967946080819994,0.5762815741459388,2.3730761822279383,5.813461908886031,9.101602695959,14.915064604845032,0.0,0.0,1.9779138537315464
1003,70,nash_game_hocbf,2.180171379825545,1.813043244900169,yield,go,1,0.13287186507462412,0.0,1,0,0,0.4154679777976944,2.4276699449023242,1.7565925354213756,0.6710774094809486,2.4276699449023242,5.786165027548838,9.121703732289312,14.90786875983815,0.10874200426439233,0.575355683560002,1.9779138537315464
1003,71,independent,2.160057262901317,1.9445919466822708,yield,go,1,0.0,0.0,1,1,0,0.129847647958041,2.156598489103097,1.9324935509317305,0.22410493817136645,2.156598489103097,-20.0,-20.0,-40.0,0.0,0.0,2.0800644142341445
1003,71,fixed_priority,2.160057262901317,1.9445919466822708,yield,go,1,0.0,0.8,1,0,0,0.35742668285413287,2.156598489103097,2.7324700518310387,0.5758715627279418,2.7324700518310387,8.921700755448452,5.633764974084481,14.555465729532933,0.0,0.0,2.080168848418195
1003,71,hocbf_only,2.160057262901317,1.9445919466822708,yield,go,1,0.0,0.0,1,0,0,0.371847828543277,2.2318854940015886,1.880739503728521,0.3511459902730676,2.2318854940015886,5.884057252999206,9.05963024813574,14.943687501134946,0.3472803347280335,0.9870265617528174,2.079992384428062
1003,71,nash_game,2.160057262901317,1.9445919466822708,yield,go,1,0.2845346837809539,0.0,1,0,0,0.3055397751299239,2.441135156587459,1.9324935509317305,0.5086416056557286,2.441135156587459,5.779432421706271,9.033753224534134,14.813185646240406,0.0,0.0,2.0800644142341445
1003,71,nash_game_hocbf,2.160057262901317,1.9445919466822708,yield,go,1,0.2845346837809539,0.0,1,0,0,0.39604150190187704,2.510402369874677,1.8849955608783222,0.6254068089963549,2.510402369874677,5.744798815062661,9.057502219560838,14.8023010346235,0.10848126232741617,0.6463054293808773,2.079992384428062
1003,72,independent,2.067563784488943,2.176141727354899,go,yield,0,0.0,0.0,1,1,0,0.0463038032154505,2.046074486386289,2.1293865116904085,0.08331202530411952,2.1293865116904085,-20.0,-20.0,-40.0,0.0,0.0,2.247408647705042
1003,72,fixed_priority,2.067563784488943,2.176141727354899,go,yield,0,0.0,0.8,1,0,0,0.5087299790215737,2.046074486386289,2.929764053033326,0.8836895666470372,2.929764053033326,8.976962756806856,5.535117973483337,14.512080730290194,0.0,0.0,2.2477048032755533
1003,72,hocbf_only,2.067563784488943,2.176141727354899,go,yield,0,0.0,0.0,1,0,0,0.3574125483407078,1.852139037354417,2.338391823665838,0.48625278631142077,2.338391823665838,9.073930481322792,5.830804088167081,14.904734569489873,0.4607438016528926,0.9872503342409672,2.3328800600669823
1003,72,nash_game,2.067563784488943,2.176141727354899,go,yield,0,0.0,0.3914220571340441,1,0,0,0.28102140990771807,2.046074486386289,2.5208667289417597,0.4747922425554707,2.5208667289417597,8.976962756806856,5.73956663552912,14.716529392335975,0.0,0.0,2.2475952217270407
1003,72,nash_game_hocbf,2.067563784488943,2.176141727354899,go,yield,0,0.0,0.3914220571340441,1,0,0,0.40045314333379467,1.979049215090939,2.6123330469807966,0.6332838318898577,2.6123330469807966,9.01047539245453,5.693833476509601,14.704308868964132,0.1338432122370937,0.6706080304864727,2.272294742640133
1003,73,independent,2.1377339257001915,2.4443468852930836,go,yield,0,0.0,0.0,1,1,0,0.1491108094717234,2.1553052744087338,2.4165962209882377,0.2612909465795039,2.4165962209882377,-20.0,-20.0,-40.0,0.0,0.0,1.7333439687252483
1003,73,fixed_priority,2.1377339257001915,2.4443468852930836,go,yield,0,0.0,0.8,1,0,0,0.7332963014694353,2.1553052744087338,3.216944642691817,1.0616393682830831,3.216944642691817,8.922347362795634,5.391527678654091,14.313875041449725,0.0,0.0,1.7334724408972926
1003,73,hocbf_only,2.1377339257001915,2.4443468852930836,go,yield,0,0.0,0.0,1,0,0,0.35304520624164365,2.0116088938602816,2.5642589842127506,0.5526500903524689,2.5642589842127506,8.99419555306986,5.7178705078936245,14.712066060963483,0.3149284253578732,0.7235197638647705,1.7672633565392308
1003,73,nash_game,2.1377339257001915,2.4443468852930836,go,yield,0,0.0,0.19338704040710786,1,0,0,0.2677497949693344,2.1553052744087338,2.61005950452291,0.45475423011417604,2.61005950452291,8.922347362795634,5.694970247738545,14.61731761053418,0.0,0.0,1.7334385616860837
1003,73,nash_game_hocbf,2.1377339257001915,2.4443468852930836,go,yield,0,0.0,0.19338704040710786,1,0,0,0.3709060812218282,2.089511430788752,2.689358017736642,0.5998465869478897,2.689358017736642,8.955244284605623,5.6553209911316795,14.610565275737303,0.14145383104125736,0.5695946140785684,1.7506977467992633
1003,74,independent,1.9946782242390042,1.6851869976813425,yield,go,1,0.0,0.0,1,1,0,0.19418218914636443,2.015594522649617,1.679850328109735,0.335744194539882,2.015594522649617,-20.0,-20.0,-40.0,0.0,0.0,2.162220656503639
1003,74,fixed_priority,1.9946782242390042,1.6851869976813425,yield,go,1,0.0,0.8,1,0,0,0.27989684526123315,2.015594522649617,2.4796881397103814,0.46409361706076435,2.4796881397103814,8.992202738675191,5.760155930144809,14.752358668820001,0.0,0.0,2.1535309164492387
1003,74,hocbf_only,1.9946782242390042,1.6851869976813425,yield,go,1,0.0,0.0,1,0,0,0.365266507965114,2.137891072436616,1.5730832693631756,0.5648078030734405,2.137891072436616,5.931054463781692,9.213458365318413,15.144512829100105,0.2800829875518672,0.7542125928089741,2.162220656503639
1003,74,nash_game,1.9946782242390042,1.6851869976813425,yield,go,1,0.19050877344233808,0.0,1,0,0,0.3132967707842533,2.206172748213685,1.679850328109735,0.5263224201039498,2.206172748213685,5.896913625893157,9.160074835945132,15.056988461838289,0.0,0.0,2.162220656503639
1003,74,nash_game_hocbf,1.9946782242390042,1.6851869976813425,yield,go,1,0.19050877344233808,0.0,1,0,0,0.39825849438051836,2.2725659597934675,1.6353850686371123,0.6371808911563552,2.2725659597934675,5.863717020103266,9.182307465681443,15.04602448578471,0.10379241516966067,0.6414344330836503,2.162220656503639
1003,75,independent,2.443442709898743,1.956076114043343,go,go,1,0.0,0.0,1,0,0,0.2982823361626569,2.4643469409269523,1.9612418009833688,0.5031051399435835,2.4643469409269523,5.767826529536524,9.019379099508315,14.78720562904484,0.0,0.0,2.0234274367435905
1003,75,fixed_priority,2.443442709898743,1.956076114043343,go,go,1,0.0,0.8,1,1,0,0.17478424093745532,2.4643469409269523,2.7612411643458787,0.29689422341892646,2.7612411643458787,-20.0,-20.0,-40.0,0.0,0.0,2.023285967304077
1003,75,hocbf_only,2.443442709898743,1.956076114043343,go,go,1,0.0,0.0,1,0,0,0.3843588068720721,2.5308557608102293,1.9096754565420622,0.6211803042681672,2.5308557608102293,5.734572119594885,9.04516227172897,14.779734391323855,0.14285714285714285,0.4903013138089544,2.0267162611280467
1003,75,nash_game,2.443442709898743,1.956076114043343,go,go,1,0.0,0.0,1,0,0,0.2982823361626569,2.4643469409269523,1.9612418009833688,0.5031051399435835,2.4643469409269523,5.767826529536524,9.019379099508315,14.78720562904484,0.0,0.0,2.0234274367435905
1003,75,nash_game_hocbf,2.443442709898743,1.956076114043343,go,go,1,0.0,0.0,1,0,0,0.3843588068720721,2.5308557608102293,1.9096754565420622,0.6211803042681672,2.5308557608102293,5.734572119594885,9.04516227172897,14.779734391323855,0.14285714285714285,0.4903013138089544,2.0267162611280467
1003,76,independent,2.17890429095908,2.0068791949760456,yield,go,1,0.0,0.0,1,1,0,0.13196749336842772,2.203306850672668,1.9702608990287092,0.2330459516439587,2.203306850672668,-20.0,-20.0,-40.0,0.0,0.0,1.6833262419282509
1003,76,fixed_priority,2.17890429095908,2.0068791949760456,yield,go,1,0.0,0.8,1,0,0,0.35958132548057187,2.203306850672668,2.7702893221642317,0.5669824714915639,2.7702893221642317,8.898346574663666,5.614855338917884,14.51320191358155,0.0,0.0,1.6835570994415419
1003,76,hocbf_only,2.17890429095908,2.0068791949760456,yield,go,1,0.0,0.0,1,0,0,0.3727960054834338,2.351640397508207,1.832959345433372,0.5186810520748351,2.351640397508207,5.824179801245896,9.083520327283313,14.90770012852921,0.4106382978723404,0.7341838739178639,1.6394752251353917
1003,76,nash_game,2.17890429095908,2.0068791949760456,yield,go,1,0.3279749040169655,0.0,1,0,0,0.33130619879940937,2.5312359610797652,1.9702608990287092,0.5609750620510561,2.5312359610797652,5.734382019460117,9.014869550485646,14.749251569945763,0.0,0.0,1.6833262419282509
1003,76,nash_game_hocbf,2.17890429095908,2.0068791949760456,yield,go,1,0.3279749040169655,0.0,1,0,0,0.41901162909665446,2.5948370118486817,1.925086476726452,0.6697505351222297,2.5948370118486817,5.702581494075659,9.037456761636774,14.740038255712433,0.1172962226640159,0.5729294427194166,1.652902169213766
1003,77,independent,1.921669199357303,2.1836360174540412,go,yield,0,0.0,0.0,1,1,0,0.16123221738255017,1.8882144803723793,2.1720569877052647,0.2838425073328854,2.1720569877052647,-20.0,-20.0,-40.0,0.0,0.0,2.1701487274362146
1003,77,fixed_priority,1.921669199357303,2.1836360174540412,go,yield,0,0.0,0.8,1,0,0,0.5370363704441834,1.8882144803723793,2.972177647277855,1.083963166905476,2.972177647277855,9.05589275981381,5.513911176361073,14.569803936174882,0.0,0.0,2.1701487274362146
1003,77,hocbf_only,1.921669199357303,2.1836360174540412,go,yield,0,0.0,0.0,1,0,0,0.36817461426915893,1.76505928066394,2.3117747003191225,0.5467154196551824,2.3117747003191225,9.11747035966803,5.844112649840438,14.961583009508468,0.33408071748878926,0.7034625241930841,2.0899520878602265
1003,77,nash_game,1.921669199357303,2.1836360174540412,go,yield,0,0.0,0.2380331819032615,1,0,0,0.3145546470939519,1.8882144803723793,2.4100944749187834,0.5218799945464041,2.4100944749187834,9.05589275981381,5.794952762540609,14.850845522354419,0.0,0.0,2.1701487274362146
1003,77,nash_game_hocbf,1.921669199357303,2.1836360174540412,go,yield,0,0.0,0.2380331819032615,1,0,0,0.41092621342412045,1.8396066618112688,2.483832431231997,0.6442257694207281,2.483832431231997,9.080196669094367,5.758083784384001,14.838280453478369,0.11940298507462686,0.666462376358247,2.1274393936849627
1003,78,independent,1.9843980753847033,2.0298714962686604,go,yield,0,0.0,0.0,1,1,0,0.039421494092025694,1.944030173478396,2.014297396773726,0.07026722329532986,2.014297396773726,-20.0,-20.0,-40.0,0.0,0.0,2.4883740411077087
1003,78,fixed_priority,1.9843980753847033,2.0298714962686604,go,yield,0,0.0,0.8,1,0,0,0.4395309015544078,1.944030173478396,2.8143522387774484,0.8703220652990524,2.8143522387774484,9.027984913260802,5.5928238806112756,14.620808793872078,0.0,0.0,2.4883740411077087
1003,78,hocbf_only,1.9843980753847033,2.0298714962686604,go,yield,0,0.0,0.0,1,0,0,0.35214650472529013,2.0209791878965118,1.9350057262682296,0.08597346162828212,2.0209791878965118,5.989510406051744,9.032497136865885,15.02200754291763,0.4697674418604651,1.1973184681804014,2.497273982813822
1003,78,nash_game,1.9843980753847033,2.0298714962686604,go,yield,0,0.0,0.45452657911604266,1,0,0,0.3214837157884308,1.944030173478396,2.4687827773184003,0.5247526038400043,2.4687827773184003,9.027984913260802,5.7656086113408,14.7935935246016,0.0,0.0,2.4883740411077087
1003,78,nash_game_hocbf,1.9843980753847033,2.0298714962686604,go,yield,0,0.0,0.45452657911604266,1,0,0,0.42446324424735554,1.8954786744357233,2.5495574411508524,0.6540787667151291,2.5495574411508524,9.052260662782139,5.725221279424574,14.777481942206713,0.14947368421052631,0.6022459269139195,2.442435980658028
1003,79,independent,1.8574073167265033,2.1249562823244332,go,yield,0,0.0,0.0,1,1,0,0.16138909340842789,1.8987231501702866,2.1830113965830233,0.28428824641273676,2.1830113965830233,-20.0,-20.0,-40.0,0.0,0.0,1.8254574310876814
1003,79,fixed_priority,1.8574073167265033,2.1249562823244332,go,yield,0,0.0,0.8,1,0,0,0.5888388853968773,1.8987231501702866,2.982504128287432,1.0837809781171452,2.982504128287432,9.050638424914856,5.5087479358562845,14.559386360771141,0.0,0.0,1.8254574310876814
1003,79,hocbf_only,1.8574073167265033,2.1249562823244332,go,yield,0,0.0,0.0,1,0,0,0.3651067192875579,1.7512883267102508,2.3167120092307045,0.5654236825204537,2.3167120092307045,9.124355836644874,5.841643995384648,14.965999832029521,0.3382663847780127,0.6322090967023473,1.8254574310876814
1003,79,nash_game,1.8574073167265033,2.1249562823244332,go,yield,0,0.0,0.23245103440206982,1,0,0,0.3043887388320113,1.8987231501702866,2.4154325876382647,0.5167094374679781,2.4154325876382647,9.050638424914856,5.792283706180868,14.842922131095724,0.0,0.0,1.8254574310876814
1003,79,nash_game_hocbf,1.8574073167265033,2.1249562823244332,go,yield,0,0.0,0.23245103440206982,1,0,0,0.40386282199027856,1.8347193397932722,2.4835209321188554,0.6488015923255832,2.4835209321188554,9.082640330103365,5.758239533940572,14.840879864043938,0.12474849094567404,0.6254658574245504,1.8254574310876814
1003,80,independent,1.7752470995018672,2.051749820600906,go,yield,0,0.0,0.0,1,1,0,0.15791284972548053,1.7506242448917924,2.022093780404586,0.27146953551279385,2.022093780404586,-20.0,-20.0,-40.0,0.0,0.0,2.1504512552591994
1003,80,fixed_priority,1.7752470995018672,2.051749820600906,go,yield,0,0.0,0.8,1,0,0,0.5468839514864934,1.7506242448917924,2.8222048257152266,1.0715805808234342,2.8222048257152266,9.124687877554104,5.5888975871423865,14.71358546469649,0.0,0.0,2.150648364781156
1003,80,hocbf_only,1.7752470995018672,2.051749820600906,go,yield,0,0.0,0.0,1,0,0,0.36458067947049516,1.6244698776330169,2.171183807360606,0.5467139297275891,2.171183807360606,9.187765061183491,5.914408096319697,15.102173157503188,0.29767441860465116,0.7664045657041686,2.1953572874414253
1003,80,nash_game,1.7752470995018672,2.051749820600906,go,yield,0,0.0,0.22349727890096105,1,0,0,0.30154480727912536,1.7506242448917924,2.245484396105526,0.4948601512137336,2.245484396105526,9.124687877554104,5.877257801947237,15.00194567950134,0.0,0.0,2.1504133742419995
1003,80,nash_game_hocbf,1.7752470995018672,2.051749820600906,go,yield,0,0.0,0.22349727890096105,1,0,0,0.4101975881900195,1.6959300970593276,2.3295588074606393,0.6336287104013116,2.3295588074606393,9.152034951470336,5.83522059626968,14.987255547740016,0.1280353200883002,0.7297075016676243,2.174534742849884
1003,81,independent,2.122539297580424,2.232962517649065,go,yield,0,0.0,0.0,1,1,0,0.08934910596369532,2.1575069606287522,2.2635760733018513,0.10606911267309904,2.2635760733018513,-20.0,-20.0,-40.0,0.0,0.0,1.9209363042973575
1003,81,fixed_priority,2.122539297580424,2.232962517649065,go,yield,0,0.0,0.8,1,0,0,0.5790728906296175,2.1575069606287522,3.063276584349102,0.9057696237203499,3.063276584349102,8.921246519685624,5.468361707825449,14.389608227511072,0.0,0.0,1.9209363042973575
1003,81,hocbf_only,2.122539297580424,2.232962517649065,go,yield,0,0.0,0.0,1,0,0,0.33979275727516717,2.0722086059093963,2.3660129488894484,0.2938043429800521,2.3660129488894484,8.963895697045302,5.816993525555276,14.780889222600578,0.4140786749482402,1.1772304967485128,1.9200067763541524
1003,81,nash_game,2.122539297580424,2.232962517649065,go,yield,0,0.0,0.389576779931359,1,0,0,0.3072026648880115,2.1575069606287522,2.653036041389634,0.49552908076088187,2.653036041389634,8.921246519685624,5.673481979305183,14.594728498990808,0.0,0.0,1.9209363042973575
1003,81,nash_game_hocbf,2.122539297580424,2.232962517649065,go,yield,0,0.0,0.389576779931359,1,0,0,0.40029721905440807,2.0955233790830645,2.7220637792941678,0.6265404002111032,2.7220637792941678,8.952238310458467,5.638968110352916,14.591206420811384,0.1111111111111111,0.6359373412513102,1.9209363042973575
1003,82,independent,2.052102514187562,1.8753140802094947,yield,go,1,0.0,0.0,1,1,0,0.10377197088826938,2.0569878868343126,1.8792016470960646,0.17778623973824792,2.0569878868343126,-20.0,-20.0,-40.0,0.0,0.0,1.7552416672371831
1003,82,fixed_priority,2.052102514187562,1.8753140802094947,yield,go,1,0.0,0.8,1,0,0,0.3856213694594965,2.0569878868343126,2.6792187034967654,0.6222308166624528,2.6792187034967654,8.971506056582843,5.660390648251617,14.63189670483446,0.0,0.0,1.7588458700916538
1003,82,hocbf_only,2.052102514187562,1.8753140802094947,yield,go,1,0.0,0.0,1,0,0,0.36416739735639264,2.2180176271034595,1.7252721855141075,0.49274544158935196,2.2180176271034595,5.89099118644827,9.137363907242946,15.028355093691216,0.36885245901639346,0.8204835388537292,1.7866957573047875
1003,82,nash_game,2.052102514187562,1.8753140802094947,yield,go,1,0.3232115660219326,0.0,1,0,0,0.3006989688103512,2.380205534623617,1.8792016470960646,0.5010038875275524,2.380205534623617,5.809897232688192,9.060399176451968,14.87029640914016,0.0,0.0,1.7552416672371831
1003,82,nash_game_hocbf,2.052102514187562,1.8753140802094947,yield,go,1,0.3232115660219326,0.0,1,0,0,0.4054717774057186,2.4581006132385927,1.8197887618083632,0.6383118514302295,2.4581006132385927,5.770949693380704,9.090105619095818,14.861055312476521,0.17884615384615385,0.5461068229192488,1.7552416672371831
1003,83,independent,2.3307100139044077,2.345670854348068,go,yield,0,0.0,0.0,1,1,0,0.03494926296179557,2.328003013401381,2.33621482882553,0.008211815424148838,2.33621482882553,-20.0,-20.0,-40.0,0.0,0.0,1.7535122888359758
1003,83,fixed_priority,2.3307100139044077,2.345670854348068,go,yield,0,0.0,0.8,1,0,0,0.529694556749573,2.328003013401381,3.1363486990628213,0.8083456856614402,3.1363486990628213,8.835998493299309,5.431825650468589,14.267824143767898,0.0,0.0,1.7535122888359758
1003,83,hocbf_only,2.3307100139044077,2.345670854348068,go,yield,0,0.0,0.0,1,0,0,0.361522144970739,2.271507745604458,2.393174886407572,0.12166714080311403,2.393174886407572,8.86424612719777,5.803412556796214,14.667658683993984,0.43621399176954734,1.0840108046571468,1.710853565722325
1003,83,nash_game,2.3307100139044077,2.345670854348068,go,yield,0,0.0,0.4850391595563397,1,0,0,0.2947038735053629,2.328003013401381,2.821332859547491,0.49332984614610975,2.821332859547491,8.835998493299309,5.5893335702262545,14.425332063525563,0.0,0.0,1.7535122888359758
1003,83,nash_game_hocbf,2.3307100139044077,2.345670854348068,go,yield,0,0.0,0.4850391595563397,1,0,0,0.39521712052227675,2.2661937592351764,2.895637466975181,0.6294437077400046,2.895637466975181,8.866903120382412,5.5521812665124095,14.419084386894822,0.12734082397003746,0.5791889489090645,1.7207202447808831
1003,84,independent,1.8340775636051003,2.2753594670479855,go,yield,0,0.0,0.0,1,1,0,0.23772405542264569,1.8454006022143707,2.2526363772106515,0.4072357749962807,2.2526363772106515,-20.0,-20.0,-40.0,0.0,0.0,1.7993802334111746
1003,84,fixed_priority,1.8340775636051003,2.2753594670479855,go,yield,0,0.0,0.8,1,0,0,0.665846440519275,1.8454006022143707,3.052896627048937,1.207496024834566,3.052896627048937,9.077299698892814,5.473551686475531,14.550851385368345,0.0,0.0,1.7993802334111746
1003,84,hocbf_only,1.8340775636051003,2.2753594670479855,go,yield,0,0.0,0.0,1,0,0,0.3731987784846483,1.762166492544248,2.354005323594062,0.5918388310498142,2.354005323594062,9.118916753727875,5.822997338202969,14.941914091930844,0.1683991683991684,0.66901243933029,1.7993802334111746
1003,84,nash_game,1.8340775636051003,2.2753594670479855,go,yield,0,0.0,0.058718096557114574,1,0,0,0.27546218879893697,1.8454006022143707,2.3113559531316032,0.4659553509172325,2.3113559531316032,9.077299698892814,5.844322023434199,14.921621722327012,0.0,0.0,1.7993802334111746
1003,84,nash_game_hocbf,1.8340775636051003,2.2753594670479855,go,yield,0,0.0,0.058718096557114574,1,0,0,0.3856314774376403,1.7809026516578315,2.394038212903852,0.6131355612460205,2.394038212903852,9.109548674171084,5.8029808935480744,14.912529567719158,0.13991769547325103,0.6322651203295501,1.7993802334111746
1003,85,independent,1.9561108898761819,2.2837873246631597,go,yield,0,0.0,0.0,1,1,0,0.18558612675956115,1.9226798384914026,2.243757472741011,0.3210776342496082,2.243757472741011,-20.0,-20.0,-40.0,0.0,0.0,1.761790490259847
1003,85,fixed_priority,1.9561108898761819,2.2837873246631597,go,yield,0,0.0,0.8,1,0,0,0.5902938661083247,1.9226798384914026,3.0441926855758,1.1215128470843974,3.0441926855758,9.0386600807543,5.4779036572121,14.5165637379664,0.0,0.0,1.761987581496798
1003,85,hocbf_only,1.9561108898761819,2.2837873246631597,go,yield,0,0.0,0.0,1,0,0,0.3682848900414043,1.804960121080875,2.379970938593619,0.575010817512744,2.379970938593619,9.097519939459563,5.8100145307031905,14.907534470162753,0.24489795918367346,0.6904290681935251,1.78689775045556
1003,85,nash_game,1.9561108898761819,2.2837873246631597,go,yield,0,0.0,0.17232356521302217,1,0,0,0.2940743489696137,1.9226798384914026,2.4161159269593315,0.49343608846792897,2.4161159269593315,9.0386600807543,5.791942036520334,14.830602117274633,0.0,0.0,1.7619074853735608
1003,85,nash_game_hocbf,1.9561108898761819,2.2837873246631597,go,yield,0,0.0,0.17232356521302217,1,0,0,0.39603274527446314,1.8680474489104462,2.494641340331398,0.6265938914209517,2.494641340331398,9.065976275544777,5.752679329834301,14.818655605379078,0.13188976377952755,0.5949966384772931,1.7747926854981404
1003,86,independent,1.9293140321272872,2.136299122202421,go,yield,0,0.0,0.0,1,1,0,0.11867251947274202,1.9532848267499683,2.155959080841054,0.20267425409108575,2.155959080841054,-20.0,-20.0,-40.0,0.0,0.0,1.9332933689103409
1003,86,fixed_priority,1.9293140321272872,2.136299122202421,go,yield,0,0.0,0.8,1,0,0,0.5815125826075569,1.9532848267499683,2.955809588358488,1.0025247616085198,2.955809588358488,9.023357586625016,5.522095205820756,14.545452792445772,0.0,0.0,1.9332933689103409
1003,86,hocbf_only,1.9293140321272872,2.136299122202421,go,yield,0,0.0,0.0,1,0,0,0.36783357846237347,1.808516341212767,2.2978009623641724,0.4892846211514055,2.2978009623641724,9.095741829393617,5.851099518817914,14.946841348211532,0.3577586206896552,0.7998342585883824,1.9332933689103409
1003,86,nash_game,1.9293140321272872,2.136299122202421,go,yield,0,0.0,0.29301490992486645,1,0,0,0.2986582805844977,1.9532848267499683,2.4489650892242163,0.495680262474248,2.4489650892242163,9.023357586625016,5.775517455387892,14.798875042012908,0.0,0.0,1.9332933689103409
1003,86,nash_game_hocbf,1.9293140321272872,2.136299122202421,go,yield,0,0.0,0.29301490992486645,1,0,0,0.4067316518797851,1.8883797518240926,2.525788062982844,0.6374083111587516,2.525788062982844,9.055810124087953,5.737105968508578,14.792916092596531,0.12373225152129817,0.683308616198146,1.9332933689103409
1003,87,independent,2.4119483317092643,1.9547150631732961,go,go,1,0.0,0.0,1,0,0,0.2987506453382587,2.438475119888836,1.9285361286589917,0.5099389912298444,2.438475119888836,5.780762440055582,9.035731935670505,14.816494375726087,0.0,0.0,2.191959720859456
1003,87,fixed_priority,2.4119483317092643,1.9547150631732961,go,go,1,0.0,0.8,1,1,0,0.16873399802891145,2.438475119888836,2.7284829915153574,0.2900078716265213,2.7284829915153574,-20.0,-20.0,-40.0,0.0,0.0,2.192220989187808
1003,87,hocbf_only,2.4119483317092643,1.9547150631732961,go,go,1,0.0,0.0,1,0,0,0.3941160268914212,2.510311440386732,1.8744648582667478,0.6358465821199843,2.510311440386732,5.7448442798066335,9.062767570866626,14.80761185067326,0.12783505154639174,0.6071781878850117,2.148991442533056
1003,87,nash_game,2.4119483317092643,1.9547150631732961,go,go,1,0.0,0.0,1,0,0,0.2987506453382587,2.438475119888836,1.9285361286589917,0.5099389912298444,2.438475119888836,5.780762440055582,9.035731935670505,14.816494375726087,0.0,0.0,2.191959720859456
1003,87,nash_game_hocbf,2.4119483317092643,1.9547150631732961,go,go,1,0.0,0.0,1,0,0,0.3941160268914212,2.510311440386732,1.8744648582667478,0.6358465821199843,2.510311440386732,5.7448442798066335,9.062767570866626,14.80761185067326,0.12783505154639174,0.6071781878850117,2.148991442533056
1003,88,independent,1.9175004030082694,2.0658760201207893,go,yield,0,0.0,0.0,1,1,0,0.052215671438788365,1.9697899222353004,2.0240148025743823,0.054224880339081905,2.0240148025743823,-20.0,-20.0,-40.0,0.0,0.0,2.2385163863399993
1003,88,fixed_priority,1.9175004030082694,2.0658760201207893,go,yield,0,0.0,0.8,1,0,0,0.4824336698835511,1.9697899222353004,2.8241697537898993,0.854379831554599,2.8241697537898993,9.01510503888235,5.58791512310505,14.6030201619874,0.0,0.0,2.2385163863399993
1003,88,hocbf_only,1.9175004030082694,2.0658760201207893,go,yield,0,0.0,0.0,1,0,0,0.37135463037145944,2.035863856627743,1.9522570119435882,0.08360684468415469,2.035863856627743,5.982068071686129,9.023871494028207,15.005939565714336,0.40842105263157896,1.1465248833614874,2.205914069913098
1003,88,nash_game,1.9175004030082694,2.0658760201207893,go,yield,0,0.0,0.3516243828874801,1,0,0,0.2506988112162643,1.9697899222353004,2.375515606796712,0.40572568456141167,2.375515606796712,9.01510503888235,5.812242196601644,14.827347235483995,0.0,0.0,2.2385163863399993
1003,88,nash_game_hocbf,1.9175004030082694,2.0658760201207893,go,yield,0,0.0,0.3516243828874801,1,0,0,0.36631186145177524,1.8988440557636692,2.465301842153481,0.5664577863898117,2.465301842153481,9.050577972118166,5.767349078923259,14.817927051041426,0.1803921568627451,0.5704591971286562,2.179291340312249
1003,89,independent,2.1037898571510123,1.8773038585122865,yield,go,1,0.0,0.0,1,1,0,0.14297691039716498,2.131935361778353,1.8787671063305629,0.2531682554477901,2.131935361778353,-20.0,-20.0,-40.0,0.0,0.0,1.735548916180712
1003,89,fixed_priority,2.1037898571510123,1.8773038585122865,yield,go,1,0.0,0.8,1,0,0,0.33265001221412016,2.131935361778353,2.6787706337883592,0.5468352720100063,2.6787706337883592,8.934032319110823,5.660614683105821,14.594647002216643,0.0,0.0,1.7375229024305863
1003,89,hocbf_only,2.1037898571510123,1.8773038585122865,yield,go,1,0.0,0.0,1,0,0,0.36165849523684435,2.280525262256428,1.7336579645115455,0.5468672977448825,2.280525262256428,5.8597373688717855,9.133171017744226,14.992908386616012,0.3176229508196721,0.824137258061748,1.735548916180712
1003,89,nash_game,2.1037898571510123,1.8773038585122865,yield,go,1,0.27351400136127424,0.0,1,0,0,0.3111712265739925,2.4054521413268457,1.8787671063305629,0.5266850349962828,2.4054521413268457,5.797273929336577,9.060616446834718,14.857890376171294,0.0,0.0,1.735548916180712
1003,89,nash_game_hocbf,2.1037898571510123,1.8773038585122865,yield,go,1,0.27351400136127424,0.0,1,0,0,0.40138369142112057,2.4725538674995384,1.8263858801947999,0.6461679873047386,2.4725538674995384,5.763723066250231,9.0868070599026,14.850530126152831,0.1124031007751938,0.6080473145025892,1.735548916180712
1003,90,independent,2.145950174797417,2.292715496245305,go,yield,0,0.0,0.0,1,1,0,0.09034438355522882,2.134767890074201,2.2833478200042054,0.14857992993000435,2.2833478200042054,-20.0,-20.0,-40.0,0.0,0.0,1.7734672263113744
1003,90,fixed_priority,2.145950174797417,2.292715496245305,go,yield,0,0.0,0.8,1,0,0,0.5965885770271804,2.134767890074201,3.0834708796790737,0.9487029896048726,3.0834708796790737,8.9326160549629,5.458264560160464,14.390880615123363,0.0,0.0,1.7735283816643113
1003,90,hocbf_only,2.145950174797417,2.292715496245305,go,yield,0,0.0,0.0,1,0,0,0.3678750486315919,2.0091040454281717,2.4216155829583124,0.4125115375301407,2.4216155829583124,8.995447977285915,5.789192208520844,14.784640185806758,0.4288659793814433,0.8519557554033474,1.8124687395424197
1003,90,nash_game,2.145950174797417,2.292715496245305,go,yield,0,0.0,0.3532346785521119,1,0,0,0.2978304500179065,2.134767890074201,2.6366265016528483,0.5018586115786472,2.6366265016528483,8.9326160549629,5.681686749173576,14.614302804136475,0.0,0.0,1.7735916110200656
1003,90,nash_game_hocbf,2.145950174797417,2.292715496245305,go,yield,0,0.0,0.3532346785521119,1,0,0,0.394346766051464,2.079055967422968,2.7084325102106157,0.6293765427876479,2.7084325102106157,8.960472016288517,5.645783744894692,14.60625576118321,0.125,0.5778023409241649,1.792430920687221
1003,91,independent,1.692713859691184,2.3301958886184333,go,go,0,0.0,0.0,1,0,0,0.385580511760841,1.706527880854514,2.323544488480891,0.617016607626377,2.323544488480891,9.146736059572744,5.838227755759554,14.984963815332298,0.0,0.0,2.3969552677010486
1003,91,fixed_priority,1.692713859691184,2.3301958886184333,go,go,0,0.0,0.8,1,0,0,0.6310815314802646,1.706527880854514,3.1236441538705084,1.4171162730159945,3.1236441538705084,9.146736059572744,5.438177923064746,14.58491398263749,0.0,0.0,2.3969552677010486
1003,91,hocbf_only,1.692713859691184,2.3301958886184333,go,go,0,0.0,0.0,1,0,0,0.4390339484526761,1.6785987505035977,2.3628615632119723,0.6842628127083745,2.3628615632119723,9.160700624748202,5.818569218394014,14.979269843142216,0.08125,0.5187421164866366,2.3969552677010486
1003,91,nash_game,1.692713859691184,2.3301958886184333,go,go,0,0.0,0.0,1,0,0,0.385580511760841,1.706527880854514,2.323544488480891,0.617016607626377,2.323544488480891,9.146736059572744,5.838227755759554,14.984963815332298,0.0,0.0,2.3969552677010486
1003,91,nash_game_hocbf,1.692713859691184,2.3301958886184333,go,go,0,0.0,0.0,1,0,0,0.4390339484526761,1.6785987505035977,2.3628615632119723,0.6842628127083745,2.3628615632119723,9.160700624748202,5.818569218394014,14.979269843142216,0.08125,0.5187421164866366,2.3969552677010486
1003,92,independent,1.928189482550577,1.978188339854873,go,yield,0,0.0,0.0,1,1,0,0.038360616825769106,1.8763518944631403,1.9353506505738332,0.05899875611069283,1.9353506505738332,-20.0,-20.0,-40.0,0.0,0.0,1.7166594881239599
1003,92,fixed_priority,1.928189482550577,1.978188339854873,go,yield,0,0.0,0.8,1,0,0,0.4304252890462627,1.8763518944631403,2.7352865200336343,0.8589346255704939,2.7352865200336343,9.06182405276843,5.632356739983183,14.694180792751613,0.0,0.0,1.7166594881239599
1003,92,hocbf_only,1.928189482550577,1.978188339854873,go,yield,0,0.0,0.0,1,0,0,0.361387454607385,1.787296954022914,2.036626410158174,0.24932945613526014,2.036626410158174,9.106351522988543,5.981686794920913,15.088038317909456,0.48596112311015116,0.9996923562523846,1.701209016202023
1003,92,nash_game,1.928189482550577,1.978188339854873,go,yield,0,0.0,0.450001142695704,1,0,0,0.3041401967677238,1.8763518944631403,2.3850689127828666,0.5087170183197263,2.3850689127828666,9.06182405276843,5.807465543608567,14.869289596376996,0.0,0.0,1.7166594881239599
1003,92,nash_game_hocbf,1.928189482550577,1.978188339854873,go,yield,0,0.0,0.450001142695704,1,0,0,0.40942282301197286,1.8277532290667557,2.467794935173242,0.6400417061064863,2.467794935173242,9.086123385466623,5.766102532413379,14.852225917880002,0.17716535433070865,0.5211157850712722,1.67971894652454
1003,93,independent,1.8548231072963615,1.8896908346124504,go,yield,0,0.0,0.0,1,1,0,0.04590582682757407,1.8536245240497817,1.9222435865636667,0.06861906251388494,1.9222435865636667,-20.0,-20.0,-40.0,0.0,0.0,2.4610915502930464
1003,93,fixed_priority,1.8548231072963615,1.8896908346124504,go,yield,0,0.0,0.8,1,0,0,0.5027775353265722,1.8536245240497817,2.7223180851368203,0.8686935610870385,2.7223180851368203,9.07318773797511,5.63884095743159,14.7120286954067,0.0,0.0,2.4610915502930464
1003,93,hocbf_only,1.8548231072963615,1.8896908346124504,go,yield,0,0.0,0.0,1,0,0,0.3653628584339718,1.9947383556293767,1.7650809186047076,0.22965743702466912,1.9947383556293767,6.002630822185312,9.117459540697647,15.120090362882959,0.39957716701902746,1.2141606689564728,2.5089295009859947
1003,93,nash_game,1.8548231072963615,1.8896908346124504,go,yield,0,0.0,0.4651322726839109,1,0,0,0.32763032458861985,1.8536245240497817,2.387599734117649,0.5339752100678674,2.387599734117649,9.07318773797511,5.806200132941175,14.879387870916284,0.0,0.0,2.4610915502930464
1003,93,nash_game_hocbf,1.8548231072963615,1.8896908346124504,go,yield,0,0.0,0.4651322726839109,1,0,0,0.4268548350821817,1.8035823870597079,2.461070679265885,0.6574882922061773,2.461070679265885,9.098208806470145,5.769464660367057,14.867673466837203,0.17692307692307693,0.5365703161532853,2.417181275571144
1003,94,independent,1.8720028724087938,1.973381947761612,go,yield,0,0.0,0.0,1,1,0,0.07919870609473117,1.8615336894644237,1.9910840570405115,0.12955036757608784,1.9910840570405115,-20.0,-20.0,-40.0,0.0,0.0,2.317832961316387
1003,94,fixed_priority,1.8720028724087938,1.973381947761612,go,yield,0,0.0,0.8,1,0,0,0.6497913705462348,1.8615336894644237,2.7910542215899885,0.9295205321255648,2.7910542215899885,9.069233155267789,5.604472889205006,14.673706044472794,0.0,0.0,2.317764205142542
1003,94,hocbf_only,1.8720028724087938,1.973381947761612,go,yield,0,0.0,0.0,1,0,0,0.3722360695725122,1.7014836295142715,2.1496554697969743,0.44817184028270285,2.1496554697969743,9.149258185242864,5.925172265101513,15.074430450344376,0.42290748898678415,0.9285145966931551,2.377632569077837
1003,94,nash_game,1.8720028724087938,1.973381947761612,go,yield,0,0.0,0.3986209246471819,1,0,0,0.31949421563050173,1.8615336894644237,2.3897667093880153,0.5282330199235916,2.3897667093880153,9.069233155267789,5.805116645305993,14.874349800573782,0.0,0.0,2.317746810065782
1003,94,nash_game_hocbf,1.8720028724087938,1.973381947761612,go,yield,0,0.0,0.3986209246471819,1,0,0,0.44198459841773313,1.795650601201564,2.4747118992104062,0.6790612980088422,2.4747118992104062,9.102174699399217,5.762644050394797,14.864818749794015,0.12348178137651822,0.774754128429606,2.344833252740414
1003,95,independent,2.193292595317688,2.180101085605906,yield,go,1,0.0,0.0,1,1,0,0.012621454171057828,2.2558228149756485,2.237545696285069,0.018277118690579464,2.2558228149756485,-20.0,-20.0,-40.0,0.0,0.0,1.7456067228382508
1003,95,fixed_priority,2.193292595317688,2.180101085605906,yield,go,1,0.0,0.8,1,0,0,0.4499614488755558,2.2558228149756485,3.036984864603652,0.7811620496280036,3.036984864603652,8.872088592512176,5.4815075676981735,14.35359616021035,0.0,0.0,1.7456067228382508
1003,95,hocbf_only,2.193292595317688,2.180101085605906,yield,go,1,0.0,0.0,1,0,0,0.3609890667522515,2.3183820773674015,2.1737482255734686,0.14463385179393295,2.3183820773674015,5.8408089613162995,8.913125887213265,14.753934848529564,0.48760330578512395,1.023692879934872,1.6918758967369496
1003,95,nash_game,2.193292595317688,2.180101085605906,yield,go,1,0.48680849028821793,0.0,1,0,0,0.30230087010683726,2.742298473790823,2.237545696285069,0.5047527775057539,2.742298473790823,5.628850763104588,8.881227151857466,14.510077914962054,0.0,0.0,1.7691776421416705
1003,95,nash_game_hocbf,2.193292595317688,2.180101085605906,yield,go,1,0.48680849028821793,0.0,1,0,0,0.4066210460141049,2.8116262121242643,2.165876563973706,0.6457496481505585,2.8116262121242643,5.594186893937868,8.917061718013148,14.511248611951016,0.19887429643527205,0.6177737050673344,1.7691776421416705
1003,96,independent,2.1396312045908648,2.412957765671615,go,yield,0,0.0,0.0,1,1,0,0.19487808193375458,2.104583744260511,2.445948307793985,0.3413645635334741,2.445948307793985,-20.0,-20.0,-40.0,0.0,0.0,1.752316064454991
1003,96,fixed_priority,2.1396312045908648,2.412957765671615,go,yield,0,0.0,0.8,1,0,0,0.5627641782138598,2.104583744260511,3.245592462442003,1.1410087181814923,3.245592462442003,8.947708127869745,5.377203768778998,14.324911896648743,0.0,0.0,1.752243805712121
1003,96,hocbf_only,2.1396312045908648,2.412957765671615,go,yield,0,0.0,0.0,1,0,0,0.3788645607978475,1.9826917076024695,2.568092082405023,0.5854003748025534,2.568092082405023,9.008654146198765,5.715953958797488,14.724608104996253,0.28125,0.6320379570048109,1.7859606544432673
1003,96,nash_game,2.1396312045908648,2.412957765671615,go,yield,0,0.0,0.22667343891924974,1,0,0,0.33480847296640587,2.104583744260511,2.6725235179682434,0.5679397737077325,2.6725235179682434,8.947708127869745,5.663738241015878,14.611446368885623,0.0,0.0,1.7522461042425423
1003,96,nash_game_hocbf,2.1396312045908648,2.412957765671615,go,yield,0,0.0,0.22667343891924974,1,0,0,0.41692172011348955,2.059027833109967,2.730083102603825,0.6710552694938579,2.730083102603825,8.970486083445017,5.634958448698088,14.605444532143105,0.12326043737574553,0.5121927260216895,1.7666005593010865
1003,97,independent,2.0376746053333963,2.2086933384990703,go,yield,0,0.0,0.0,1,1,0,0.08325162339953589,2.0469247226811307,2.1818294837232792,0.13490476104214855,2.1818294837232792,-20.0,-20.0,-40.0,0.0,0.0,1.8937478961160288
1003,97,fixed_priority,2.0376746053333963,2.2086933384990703,go,yield,0,0.0,0.8,1,0,0,0.6480334790794495,2.0469247226811307,2.982093038259711,0.9351683155785802,2.982093038259711,8.976537638659435,5.508953480870145,14.48549111952958,0.0,0.0,1.8939864129998205
1003,97,hocbf_only,2.0376746053333963,2.2086933384990703,go,yield,0,0.0,0.0,1,0,0,0.36597981493481624,1.9249699800331332,2.3152536474935355,0.3902836674604022,2.3152536474935355,9.037515009983434,5.842373176253233,14.879888186236666,0.38934426229508196,0.8823335099155658,1.9163855338994795
1003,97,nash_game,2.0376746053333963,2.2086933384990703,go,yield,0,0.0,0.32898126683432594,1,0,0,0.2788325683993957,2.0469247226811307,2.5108577203255735,0.46393299764444285,2.5108577203255735,8.976537638659435,5.7445711398372135,14.72110877849665,0.0,0.0,1.8938820590567171
1003,97,nash_game_hocbf,2.0376746053333963,2.2086933384990703,go,yield,0,0.0,0.32898126683432594,1,0,0,0.39195205213153145,1.9811595708159124,2.5949875444793293,0.6138279736634169,2.5949875444793293,9.009420214592044,5.7025062277603356,14.711926442352379,0.12667946257197696,0.6670835513843603,1.9113788391129487
1003,98,independent,1.7885972129614376,1.852453963820854,go,yield,0,0.0,0.0,1,1,0,0.05082702100663995,1.8164951836957914,1.8841712730406273,0.06767608934483582,1.8841712730406273,-20.0,-20.0,-40.0,0.0,0.0,2.1473278768293182
1003,98,fixed_priority,1.7885972129614376,1.852453963820854,go,yield,0,0.0,0.8,1,0,0,0.5609766883318639,1.8164951836957914,2.6843293019723786,0.8678341182765872,2.6843293019723786,9.091752408152104,5.65783534901381,14.749587757165914,0.0,0.0,2.1732147021881114
1003,98,hocbf_only,1.7885972129614376,1.852453963820854,go,yield,0,0.0,0.0,1,0,0,0.36093034037745186,1.6825049627353332,2.0174545993526105,0.3349496366172773,2.0174545993526105,9.158747518632333,5.9912727003236945,15.150020218956028,0.45146726862302483,1.050925859841159,2.104170341135346
1003,98,nash_game,1.7885972129614376,1.852453963820854,go,yield,0,0.0,0.43614324914058367,1,0,0,0.30494406548485087,1.8164951836957914,2.3206124307624036,0.5041172470666122,2.3206124307624036,9.091752408152104,5.839693784618798,14.931446192770903,0.0,0.0,2.1755137281115013
1003,98,nash_game_hocbf,1.7885972129614376,1.852453963820854,go,yield,0,0.0,0.43614324914058367,1,0,0,0.4253991333848146,1.7459659882161256,2.4052079723223745,0.6592419841062489,2.4052079723223745,9.127017005891938,5.797396013838813,14.92441301973075,0.12139917695473251,0.7915255080218928,2.1755137281115013
1003,99,independent,2.1855155608972887,1.906232125655858,yield,go,1,0.0,0.0,1,1,0,0.19415141405031028,2.2097040080364883,1.881145497968737,0.3285585100677513,2.2097040080364883,-20.0,-20.0,-40.0,0.0,0.0,1.978150468982259
1003,99,fixed_priority,2.1855155608972887,1.906232125655858,yield,go,1,0.0,0.8,1,0,0,0.29982652694604006,2.2097040080364883,2.6810026176513393,0.47129860961485104,2.6810026176513393,8.895147995981755,5.65949869117433,14.554646687156087,0.0,0.0,1.978150468982259
1003,99,hocbf_only,2.1855155608972887,1.906232125655858,yield,go,1,0.0,0.0,1,0,0,0.3788825985186895,2.334747328198739,1.760667994755361,0.574079333443378,2.334747328198739,5.83262633590063,9.119666002622319,14.952292338522948,0.2751677852348993,0.6750238157274338,2.020148265632738
1003,99,nash_game,2.1855155608972887,1.906232125655858,yield,go,1,0.22071656475856916,0.0,1,0,0,0.3323051254173621,2.4304015706757407,1.881145497968737,0.5492560727070037,2.4304015706757407,5.784799214662129,9.05942725101563,14.84422646567776,0.0,0.0,1.9781788791205872
1003,99,nash_game_hocbf,2.1855155608972887,1.906232125655858,yield,go,1,0.22071656475856916,0.0,1,0,0,0.42535304945284136,2.4970182792363826,1.831356012491475,0.6656622667449077,2.4970182792363826,5.751490860381809,9.084321993754262,14.835812854136071,0.12366737739872068,0.6176481026010213,1.9984404018418926
1003,100,independent,1.994868480063572,2.051309227914416,go,yield,0,0.0,0.0,1,1,0,0.013215843509946245,2.0279067310030388,2.01366580320151,0.014240927801528969,2.0279067310030388,-20.0,-20.0,-40.0,0.0,0.0,2.3745067482000533
1003,100,fixed_priority,1.994868480063572,2.051309227914416,go,yield,0,0.0,0.8,1,0,0,0.3555443515216678,2.0279067310030388,2.8137863660475375,0.7858796350444988,2.8137863660475375,8.98604663449848,5.593106816976231,14.579153451474712,0.0,0.0,2.3745067482000533
1003,100,hocbf_only,1.994868480063572,2.051309227914416,go,yield,0,0.0,0.0,1,0,0,0.36564042859369367,2.2154077989199075,1.8152132933242,0.40019450559570746,2.2154077989199075,5.8922961005400465,9.0923933533379,14.984689453877948,0.45114345114345117,1.244333515443453,2.454860321987683
1003,100,nash_game,1.994868480063572,2.051309227914416,go,yield,0,0.0,0.4435592521491558,1,0,0,0.26427902151311145,2.0279067310030388,2.457130918282359,0.4292241872793201,2.457130918282359,8.98604663449848,5.77143454085882,14.7574811753573,0.0,0.0,2.3745067482000533
1003,100,nash_game_hocbf,1.994868480063572,2.051309227914416,go,yield,0,0.0,0.4435592521491558,1,0,0,0.3686232402054792,1.9694211545436124,2.5444841035391437,0.5750629489955312,2.5444841035391437,9.015289422728193,5.727757948230428,14.743047370958621,0.29333333333333333,0.7460433751532631,2.3221509124293696
1003,101,independent,1.9164441379075905,2.046410719032913,go,yield,0,0.0,0.0,1,1,0,0.05862354490598051,1.952170109148372,2.0110960054829654,0.05892589633459333,2.0110960054829654,-20.0,-20.0,-40.0,0.0,0.0,2.1586745114106125
1003,101,fixed_priority,1.9164441379075905,2.046410719032913,go,yield,0,0.0,0.8,1,0,0,0.46830674376724546,1.952170109148372,2.8112071303851773,0.8590370212368053,2.8112071303851773,9.023914945425814,5.594396434807411,14.618311380233225,0.0,0.0,2.158871987182003
1003,101,hocbf_only,1.9164441379075905,2.046410719032913,go,yield,0,0.0,0.0,1,0,0,0.348051241203868,1.7576033732849738,2.210268957363174,0.45266558407820034,2.210268957363174,9.121198313357514,5.894865521318413,15.016063834675926,0.4897025171624714,0.9608094566061725,2.2368131707868764
1003,101,nash_game,1.9164441379075905,2.046410719032913,go,yield,0,0.0,0.37003341887467744,1,0,0,0.2636210359882665,1.952170109148372,2.381007947050403,0.4288378379020308,2.381007947050403,9.023914945425814,5.809496026474799,14.833410971900612,0.0,0.0,2.1587702273559186
1003,101,nash_game_hocbf,1.9164441379075905,2.046410719032913,go,yield,0,0.0,0.37003341887467744,1,0,0,0.38919801678889265,1.873522152885798,2.477256590229109,0.6037344373433109,2.477256590229109,9.063238923557101,5.761371704885446,14.824610628442546,0.14135021097046413,0.7368084217737492,2.1880169617910266
1003,102,independent,2.314817185526507,2.1471757190041854,yield,go,1,0.0,0.0,1,1,0,0.1343751076725441,2.3331715777288413,2.100197714095337,0.23297386363350414,2.3331715777288413,-20.0,-20.0,-40.0,0.0,0.0,2.414815807448009
1003,102,fixed_priority,2.314817185526507,2.1471757190041854,yield,go,1,0.0,0.8,1,0,0,0.3551704602267727,2.3331715777288413,2.9005306354637512,0.5673590577349099,2.9005306354637512,8.83341421113558,5.549734682268125,14.383148893403703,0.0,0.0,2.4150900364933143
1003,102,hocbf_only,2.314817185526507,2.1471757190041854,yield,go,1,0.0,0.0,1,0,0,0.36270753630541913,2.417247792898602,2.0465420027183865,0.37070579018021554,2.417247792898602,5.791376103550699,8.976728998640807,14.768105102191505,0.3798767967145791,1.0284366004179333,2.3503989915970016
1003,102,nash_game,2.314817185526507,2.1471757190041854,yield,go,1,0.3323585334776782,0.0,1,0,0,0.3355833980082242,2.6654599687958647,2.100197714095337,0.5652622547005275,2.6654599687958647,5.6672700156020674,8.949901142952331,14.617171158554399,0.0,0.0,2.414815807448009
1003,102,nash_game_hocbf,2.314817185526507,2.1471757190041854,yield,go,1,0.3323585334776782,0.0,1,0,0,0.4043372556191562,2.719242642384231,2.0651702664110494,0.6540723759731817,2.719242642384231,5.640378678807885,8.967414866794476,14.60779354560236,0.14971209213051823,0.44415662497746017,2.3817589835639486
1003,103,independent,1.7560727040768378,1.9861221474708566,go,yield,0,0.0,0.0,1,1,0,0.09882962261641878,1.802591383778584,1.9442921496457843,0.14170076586720026,1.9442921496457843,-20.0,-20.0,-40.0,0.0,0.0,2.356808457276044
1003,103,fixed_priority,1.7560727040768378,1.9861221474708566,go,yield,0,0.0,0.8,1,0,0,0.6112239683065477,1.802591383778584,2.744253893171885,0.9416625093933009,2.744253893171885,9.098704308110708,5.627873053414057,14.726577361524765,0.0,0.0,2.357156247978508
1003,103,hocbf_only,1.7560727040768378,1.9861221474708566,go,yield,0,0.0,0.0,1,0,0,0.3641988671575492,1.6307290291161796,2.1123274937340923,0.4815984646179128,2.1123274937340923,9.18463548544191,5.943836253132954,15.128471738574865,0.28475336322869954,0.9654528613566173,2.3933753142443073
1003,103,nash_game,1.7560727040768378,1.9861221474708566,go,yield,0,0.0,0.2699505566059812,1,0,0,0.2625701060572609,1.802591383778584,2.2139590062990786,0.4113676225204945,2.2139590062990786,9.098704308110708,5.893020496850461,14.99172480496117,0.0,0.0,2.356944830541456
1003,103,nash_game_hocbf,1.7560727040768378,1.9861221474708566,go,yield,0,0.0,0.2699505566059812,1,0,0,0.41463067791412933,1.7112130003977921,2.3245436114701503,0.6133306110723582,2.3245436114701503,9.144393499801104,5.837728194264924,14.982121694066029,0.13953488372093023,0.8949920435989724,2.3799226654621126
1003,104,independent,2.036411415245786,2.1120731668424284,go,yield,0,0.0,0.0,1,1,0,0.050412341921866395,2.0502179134909997,2.1371960412648563,0.0869781277738566,2.1371960412648563,-20.0,-20.0,-40.0,0.0,0.0,1.7113910676271524
1003,104,fixed_priority,2.036411415245786,2.1120731668424284,go,yield,0,0.0,0.8,1,0,0,0.41328230730308446,2.0502179134909997,2.9370091836148533,0.8867912701238536,2.9370091836148533,8.9748910432545,5.531495408192574,14.506386451447074,0.0,0.0,1.711308853220223
1003,104,hocbf_only,2.036411415245786,2.1120731668424284,go,yield,0,0.0,0.0,1,0,0,0.36455421172655617,1.9247780225915705,2.267344389776061,0.3425663671844903,2.267344389776061,9.037610988704214,5.86632780511197,14.903938793816184,0.5432372505543237,0.9021260498973758,1.7495256809177688
1003,104,nash_game,2.036411415245786,2.1120731668424284,go,yield,0,0.0,0.42433824840335754,1,0,0,0.30365027876183026,2.0502179134909997,2.5614900940524192,0.5112721805614195,2.5614900940524192,8.9748910432545,5.71925495297379,14.69414599622829,0.0,0.0,1.7114740370424215
1003,104,nash_game_hocbf,2.036411415245786,2.1120731668424284,go,yield,0,0.0,0.42433824840335754,1,0,0,0.40288754394356807,1.9900005299220394,2.6325925677253803,0.642592037803341,2.6325925677253803,9.00499973503898,5.68370371613731,14.688703451176291,0.18421052631578946,0.4600597396399236,1.7144630985944047
1003,105,independent,2.2474251428565943,1.8571713682076953,yield,go,1,0.0,0.0,1,1,0,0.24134337272094286,2.242961159867797,1.8268093033096036,0.4161518565581934,2.242961159867797,-20.0,-20.0,-40.0,0.0,0.0,2.089563317083227
1003,105,fixed_priority,2.2474251428565943,1.8571713682076953,yield,go,1,0.0,0.8,1,1,0,0.22819477353130196,2.242961159867797,2.6264818810798034,0.3835207212120064,2.6264818810798034,-20.0,-20.0,-40.0,0.0,0.0,2.0898133225263975
1003,105,hocbf_only,2.2474251428565943,1.8571713682076953,yield,go,1,0.0,0.0,1,0,0,0.37393824851384505,2.3459464798622722,1.753108289465142,0.5928381903971303,2.3459464798622722,5.827026760068864,9.123445855267429,14.950472615336292,0.16,0.705984544088492,2.056658350564374
1003,105,nash_game,2.2474251428565943,1.8571713682076953,yield,go,1,0.10974622535110079,0.0,1,0,0,0.31445003668743776,2.3527092442845556,1.8268093033096036,0.5258999409749521,2.3527092442845556,5.823645377857722,9.086595348345199,14.910240726202922,0.0,0.0,2.089563317083227
1003,105,nash_game_hocbf,2.2474251428565943,1.8571713682076953,yield,go,1,0.10974622535110079,0.0,1,0,0,0.40680223653873376,2.4236645238690344,1.7809838732673497,0.6426806506016847,2.4236645238690344,5.788167738065483,9.109508063366325,14.89767580143181,0.11316872427983539,0.6526166920116039,2.056658350564374
1003,106,independent,2.0332421257083313,1.9970584982827515,yield,go,1,0.0,0.0,1,1,0,0.008995278498880281,2.0274511563257,2.016674324307212,0.010776832018488225,2.0274511563257,-20.0,-20.0,-40.0,0.0,0.0,2.320909701994941
1003,106,fixed_priority,2.0332421257083313,1.9970584982827515,yield,go,1,0.0,0.8,1,0,0,0.5238775633517332,2.0274511563257,2.8166132972606697,0.7891621409349696,2.8166132972606697,8.98627442183715,5.591693351369665,14.577967773206815,0.0,0.0,2.320909701994941
1003,106,hocbf_only,2.0332421257083313,1.9970584982827515,yield,go,1,0.0,0.0,1,0,0,0.35606196944812607,2.2087689131513923,1.8279557004844238,0.38081321266696855,2.2087689131513923,5.895615543424304,9.086022149757788,14.981637693182092,0.4310722100656455,1.155525328867688,2.392231781907169
1003,106,nash_game,2.0332421257083313,1.9970584982827515,yield,go,1,0.4638163725744202,0.0,1,0,0,0.28531369756417024,2.491252935522827,2.016674324307212,0.4745786112156152,2.491252935522827,5.754373532238587,8.991662837846395,14.746036370084981,0.0,0.0,2.321066303504639
1003,106,nash_game_hocbf,2.0332421257083313,1.9970584982827515,yield,go,1,0.4638163725744202,0.0,1,0,0,0.41606703402773776,2.585600081304814,1.9363587008899021,0.6492413804149118,2.585600081304814,5.707199959347593,9.03182064955505,14.739020608902642,0.13320079522862824,0.7669425207407189,2.349702091420498
1003,107,independent,2.1946969124475273,2.3234869590407623,go,yield,0,0.0,0.0,1,1,0,0.0754291051259281,2.208085782515739,2.3379478977655404,0.1298621152498014,2.3379478977655404,-20.0,-20.0,-40.0,0.0,0.0,1.876860679392622
1003,107,fixed_priority,2.1946969124475273,2.3234869590407623,go,yield,0,0.0,0.8,1,0,0,0.5182432480118478,2.208085782515739,3.1378094374080594,0.9297236548923205,3.1378094374080594,8.895957108742131,5.4310952812959705,14.327052390038101,0.0,0.0,1.876860679392622
1003,107,hocbf_only,2.1946969124475273,2.3234869590407623,go,yield,0,0.0,0.0,1,0,0,0.35450131596168655,2.1002963983731573,2.4613863025975227,0.3610899042243654,2.4613863025975227,8.949851800813422,5.769306848701238,14.719158649514661,0.4175152749490835,1.020916324355976,1.8020215949544496
1003,107,nash_game,2.1946969124475273,2.3234869590407623,go,yield,0,0.0,0.371209953406765,1,0,0,0.2992486431582917,2.208085782515739,2.709099460721527,0.5010136782057879,2.709099460721527,8.895957108742131,5.645450269639237,14.541407378381368,0.0,0.0,1.876860679392622
1003,107,nash_game_hocbf,2.1946969124475273,2.3234869590407623,go,yield,0,0.0,0.371209953406765,1,0,0,0.3958052233060069,2.147989853384442,2.7805520673135433,0.6325622139291012,2.7805520673135433,8.92600507330778,5.609723966343228,14.535729039651008,0.11363636363636363,0.6260355255858836,1.8399636938410455
1003,108,independent,2.397991765970428,1.9277613651244727,go,go,1,0.0,0.0,1,0,0,0.2843499097759578,2.4089607432152844,1.9297765583298885,0.47918418488539594,2.4089607432152844,5.795519628392357,9.035111720835056,14.830631349227414,0.0,0.0,1.8293624044397967
1003,108,fixed_priority,2.397991765970428,1.9277613651244727,go,go,1,0.0,0.8,1,1,0,0.18755590051619184,2.4089607432152844,2.7297781302662267,0.3208173870509423,2.7297781302662267,-20.0,-20.0,-40.0,0.0,0.0,1.829362298691263
1003,108,hocbf_only,2.397991765970428,1.9277613651244727,go,go,1,0.0,0.0,1,0,0,0.38612549778039224,2.4857625977386353,1.8672875496823071,0.6184750480563281,2.4857625977386353,5.757118701130683,9.066356225158847,14.82347492628953,0.22950819672131148,0.6151982281963375,1.721172714347977
1003,108,nash_game,2.397991765970428,1.9277613651244727,go,go,1,0.0,0.0,1,0,0,0.2843499097759578,2.4089607432152844,1.9297765583298885,0.47918418488539594,2.4089607432152844,5.795519628392357,9.035111720835056,14.830631349227414,0.0,0.0,1.8293624044397967
1003,108,nash_game_hocbf,2.397991765970428,1.9277613651244727,go,go,1,0.0,0.0,1,0,0,0.38612549778039224,2.4857625977386353,1.8672875496823071,0.6184750480563281,2.4857625977386353,5.757118701130683,9.066356225158847,14.82347492628953,0.22950819672131148,0.6151982281963375,1.721172714347977
1003,109,independent,2.135212925726403,1.880114388600468,yield,go,1,0.0,0.0,1,1,0,0.16136363002900828,2.1901553159568214,1.9064315019143852,0.2837238140424363,2.1901553159568214,-20.0,-20.0,-40.0,0.0,0.0,2.2283117967675166
1003,109,fixed_priority,2.135212925726403,1.880114388600468,yield,go,1,0.0,0.8,1,0,0,0.3334589849783857,2.1901553159568214,2.706517102031894,0.5163617860750724,2.706517102031894,8.904922342021589,5.646741448984053,14.551663791005641,0.0,0.0,2.2456896400835107
1003,109,hocbf_only,2.135212925726403,1.880114388600468,yield,go,1,0.0,0.0,1,0,0,0.3672716404786907,2.3200966343044613,1.7650653633261035,0.5550312709783578,2.3200966343044613,5.8399516828477696,9.117467318336947,14.957419001184718,0.3186046511627907,0.7297797254406273,2.251191178787809
1003,109,nash_game,2.135212925726403,1.880114388600468,yield,go,1,0.2449014628740649,0.0,1,0,0,0.32261352195758286,2.43500923481052,1.9064315019143852,0.5285777328961347,2.43500923481052,5.78249538259474,9.046784249042808,14.829279631637547,0.0,0.0,2.2283117967675166
1003,109,nash_game_hocbf,2.135212925726403,1.880114388600468,yield,go,1,0.2449014628740649,0.0,1,0,0,0.4293028033230148,2.506474169367335,1.8413396512678106,0.6651345180995245,2.506474169367335,5.746762915316332,9.079330174366095,14.826093089682427,0.12087912087912088,0.7511474427870153,2.2283117967675166
1003,110,independent,2.1532099285141553,1.7629485179011295,yield,go,1,0.0,0.0,1,1,0,0.21007141300189966,2.171951910216165,1.8114934389484931,0.36045847126767194,2.171951910216165,-20.0,-20.0,-40.0,0.0,0.0,2.0571900526698768
1003,110,fixed_priority,2.1532099285141553,1.7629485179011295,yield,go,1,0.0,0.8,1,0,0,0.2564444104619795,2.171951910216165,2.6120536742981857,0.4401017640820206,2.6120536742981857,8.914024044891917,5.693973162850908,14.607997207742825,0.0,0.0,2.087612714657992
1003,110,hocbf_only,2.1532099285141553,1.7629485179011295,yield,go,1,0.0,0.0,1,0,0,0.3647205856330618,2.2828006949466433,1.7069405168550484,0.5758601780915948,2.2828006949466433,5.858599652526678,9.146529741572476,15.005129394099153,0.19387755102040816,0.6704588938004106,2.0571900526698768
1003,110,nash_game,2.1532099285141553,1.7629485179011295,yield,go,1,0.109738589386974,0.0,1,0,0,0.282278560133939,2.281697513607128,1.8114934389484931,0.4702040746586347,2.281697513607128,5.859151243196436,9.094253280525754,14.95340452372219,0.0,0.0,2.0571900526698768
1003,110,nash_game_hocbf,2.1532099285141553,1.7629485179011295,yield,go,1,0.109738589386974,0.0,1,0,0,0.3887868451723455,2.3593549833609484,1.743929898308426,0.6154250850525225,2.3593549833609484,5.820322508319526,9.128035050845787,14.948357559165313,0.12,0.6903487153998159,2.0571900526698768
1003,111,independent,2.087057225056284,2.0813555570162294,yield,go,1,0.0,0.0,1,1,0,0.044401283845091226,2.0350352169714037,2.1001671938754574,0.0651319769040537,2.1001671938754574,-20.0,-20.0,-40.0,0.0,0.0,2.5109063653121724
1003,111,fixed_priority,2.087057225056284,2.0813555570162294,yield,go,1,0.0,0.8,1,0,0,0.5783447372357565,2.0350352169714037,2.9000570455897323,0.8650218286183287,2.9000570455897323,8.982482391514298,5.549971477205133,14.532453868719431,0.0,0.0,2.5108328250534324
1003,111,hocbf_only,2.087057225056284,2.0813555570162294,yield,go,1,0.0,0.0,1,0,0,0.37114140214167085,1.9749631302757378,2.164981040536399,0.1900179102606614,2.164981040536399,9.01251843486213,5.9175094797318,14.93002791459393,0.4088983050847458,1.076868110777255,2.49760385650725
1003,111,nash_game,2.087057225056284,2.0813555570162294,yield,go,1,0.49429833195994544,0.0,1,0,0,0.27282037790971025,2.5292856139961715,2.1001671938754574,0.4291184201207141,2.5292856139961715,5.7353571930019145,8.949916403062272,14.685273596064185,0.0,0.0,2.5109063653121724
1003,111,nash_game_hocbf,2.087057225056284,2.0813555570162294,yield,go,1,0.49429833195994544,0.0,1,0,0,0.40205470882083727,2.628628234906608,2.023766218266292,0.604862016640316,2.628628234906608,5.6856858825466965,8.988116890866854,14.67380277341355,0.16506717850287908,0.7177026774423206,2.4364421592679717
1003,112,independent,2.435386367786397,2.102558710297913,yield,go,1,0.0,0.0,1,1,0,0.1792343371388151,2.4430652136610522,2.1319120053349994,0.31115320832605287,2.4430652136610522,-20.0,-20.0,-40.0,0.0,0.0,2.1452982586465983
1003,112,fixed_priority,2.435386367786397,2.102558710297913,yield,go,1,0.0,0.8,1,0,0,0.2898590595033475,2.4430652136610522,2.9317012898395576,0.48863607617850535,2.9317012898395576,8.778467393169475,5.534149355080221,14.312616748249695,0.0,0.0,2.145186402576207
1003,112,hocbf_only,2.435386367786397,2.102558710297913,yield,go,1,0.0,0.0,1,0,0,0.3596483363738914,2.5645757196290346,2.0096172692693535,0.5549584503596812,2.5645757196290346,5.7177121401854825,8.995191365365324,14.712903505550806,0.39959016393442626,0.5160152894478217,2.057190693270845
1003,112,nash_game,2.435386367786397,2.102558710297913,yield,go,1,0.16717234251151591,0.0,1,0,0,0.2870897880671965,2.6102259620690944,2.1319120053349994,0.47831395673409505,2.6102259620690944,5.694887018965453,8.9340439973325,14.628931016297953,0.0,0.0,2.1452982586465983
1003,112,nash_game_hocbf,2.435386367786397,2.102558710297913,yield,go,1,0.16717234251151591,0.0,1,0,0,0.38194465251351967,2.6812899250968143,2.0700631864325336,0.6112267386642807,2.6812899250968143,5.659355037451593,8.964968406783733,14.624323444235326,0.18415841584158416,0.5524922485822858,2.085167683196174
1003,113,independent,1.9825107987322423,1.8209833766922645,yield,go,1,0.0,0.0,1,1,0,0.0884337704858411,1.9765630258747888,1.8212133466305571,0.1553496792442317,1.9765630258747888,-20.0,-20.0,-40.0,0.0,0.0,2.2854200018456283
1003,113,fixed_priority,1.9825107987322423,1.8209833766922645,yield,go,1,0.0,0.8,1,0,0,0.4190141043837463,1.9765630258747888,2.6211974534499327,0.6446344275751439,2.6211974534499327,9.011718487062605,5.689401273275034,14.70111976033764,0.0,0.0,2.283748190396312
1003,113,hocbf_only,1.9825107987322423,1.8209833766922645,yield,go,1,0.0,0.0,1,0,0,0.3577503479625144,2.06454705179835,1.7554035338986458,0.3091435178997044,2.06454705179835,5.967726474100825,9.122298233050676,15.090024707151501,0.4013605442176871,1.0676920534203655,2.2019359045606044
1003,113,nash_game,1.9825107987322423,1.8209833766922645,yield,go,1,0.33847257796002217,0.0,1,0,0,0.30063043457822597,2.314997779147604,1.8212133466305571,0.49378443251704707,2.314997779147604,5.842501110426198,9.089393326684721,14.93189443711092,0.0,0.0,2.2854200018456283
1003,113,nash_game_hocbf,1.9825107987322423,1.8209833766922645,yield,go,1,0.33847257796002217,0.0,1,0,0,0.4084368485796307,2.398234709559184,1.7638177086429834,0.6344170009162005,2.398234709559184,5.800882645220408,9.118091145678509,14.918973790898917,0.11157894736842106,0.7907557735809023,2.2854200018456283
1003,114,independent,2.094605474762669,2.237841346972485,go,yield,0,0.0,0.0,1,1,0,0.07903934526267786,2.153774457511499,2.291556284920057,0.1377818274085576,2.291556284920057,-20.0,-20.0,-40.0,0.0,0.0,1.7350658669222303
1003,114,fixed_priority,2.094605474762669,2.237841346972485,go,yield,0,0.0,0.8,1,0,0,0.6381130874459017,2.153774457511499,3.090999951539931,0.9372254940284317,3.090999951539931,8.92311277124425,5.454500024230034,14.377612795474285,0.0,0.0,1.743801378874255
1003,114,hocbf_only,2.094605474762669,2.237841346972485,go,yield,0,0.0,0.0,1,0,0,0.3609221537639294,1.99287176081302,2.4430851115631183,0.4502133507500983,2.4430851115631183,9.00356411959349,5.778457444218441,14.78202156381193,0.4154488517745303,0.8891195727477312,1.7350658669222303
1003,114,nash_game,2.094605474762669,2.237841346972485,go,yield,0,0.0,0.35676412779018385,1,0,0,0.293548231211666,2.153774457511499,2.648114336158729,0.4943398786472297,2.648114336158729,8.92311277124425,5.6759428319206355,14.599055603164885,0.0,0.0,1.7490966067484333
1003,114,nash_game_hocbf,2.094605474762669,2.237841346972485,go,yield,0,0.0,0.35676412779018385,1,0,0,0.39915080433741384,2.081404749464171,2.718994611179247,0.6375898617150759,2.718994611179247,8.959297625267915,5.640502694410376,14.599800319678291,0.12815533980582525,0.6264907950946231,1.7490966067484333
1003,115,independent,1.9049686962031425,1.6780862684535656,yield,go,1,0.0,0.0,1,1,0,0.11478024991794457,1.8423809270543978,1.6448965880405648,0.197484339013833,1.8423809270543978,-20.0,-20.0,-40.0,0.0,0.0,2.364532405139641
1003,115,fixed_priority,1.9049686962031425,1.6780862684535656,yield,go,1,0.0,0.8,1,0,0,0.39051468654970756,1.8423809270543978,2.4437539627050735,0.6013730356506757,2.4437539627050735,9.078809536472802,5.778123018647463,14.856932555120265,0.0,0.0,2.343025633376525
1003,115,hocbf_only,1.9049686962031425,1.6780862684535656,yield,go,1,0.0,0.0,1,0,0,0.36335747912188854,1.990948517106354,1.5281284344221655,0.4628200826841884,1.990948517106354,6.004525741446823,9.235935782788918,15.24046152423574,0.3215962441314554,0.9737377529859624,2.376919797567671
1003,115,nash_game,1.9049686962031425,1.6780862684535656,yield,go,1,0.2731175722504231,0.0,1,0,0,0.2904772324121752,2.114762895907852,1.6448965880405648,0.46986630786728734,2.114762895907852,5.942618552046074,9.177551705979717,15.12017025802579,0.0,0.0,2.364532405139641
1003,115,nash_game_hocbf,1.9049686962031425,1.6780862684535656,yield,go,1,0.2731175722504231,0.0,1,0,0,0.414330911363741,2.2129931291064247,1.5905756777096915,0.6224174513967331,2.2129931291064247,5.893503435446788,9.204712161145155,15.098215596591942,0.12362030905077263,0.8585944338193967,2.367987040453561
1003,116,independent,1.7732881483973804,1.8040797785140263,go,yield,0,0.0,0.0,1,1,0,0.015545987051774552,1.8225355249296271,1.8452400416049375,0.02270451667531037,1.8452400416049375,-20.0,-20.0,-40.0,0.0,0.0,2.2350623854098863
1003,116,fixed_priority,1.7732881483973804,1.8040797785140263,go,yield,0,0.0,0.8,1,0,0,0.5164566861936432,1.8225355249296271,2.6455787194544684,0.8230431945248413,2.6455787194544684,9.088732237535186,5.677210640272766,14.765942877807952,0.0,0.0,2.2586835680356145
1003,116,hocbf_only,1.7732881483973804,1.8040797785140263,go,yield,0,0.0,0.0,1,0,0,0.3592466564037038,1.7134897971864207,1.949515500956998,0.2360257037705773,1.949515500956998,9.14325510140679,6.025242249521501,15.168497350928291,0.45701357466063347,1.0995278479694883,2.164991560055202
1003,116,nash_game,1.7732881483973804,1.8040797785140263,go,yield,0,0.0,0.4692083698833538,1,0,0,0.2986464638953332,1.8225355249296271,2.314942666301241,0.492407141371614,2.314942666301241,9.088732237535186,5.842528666849379,14.931260904384565,0.0,0.0,2.2607123589259426
1003,116,nash_game_hocbf,1.7732881483973804,1.8040797785140263,go,yield,0,0.0,0.4692083698833538,1,0,0,0.42843084838176043,1.7440565137820807,2.4039133599579765,0.6598568461758958,2.4039133599579765,9.12797174310896,5.798043320021012,14.926015063129972,0.1165644171779141,0.8750658501516813,2.2607123589259426
1003,117,independent,1.6488175227709998,1.879575693431863,go,yield,0,0.0,0.0,1,1,0,0.13518566568501397,1.6193780677459841,1.856024938492576,0.23664687074659185,1.856024938492576,-20.0,-20.0,-40.0,0.0,0.0,2.5615081043693957
1003,117,fixed_priority,1.6488175227709998,1.879575693431863,go,yield,0,0.0,0.8,1,0,0,0.6592604946362232,1.6193780677459841,2.6558352735572024,1.0364572058112183,2.6558352735572024,9.190310966127008,5.672082363221399,14.862393329348407,0.0,0.0,2.5615081043693957
1003,117,hocbf_only,1.6488175227709998,1.879575693431863,go,yield,0,0.0,0.0,1,0,0,0.37214598494317247,1.5082286336491146,1.9932832799296758,0.48505464628056116,1.9932832799296758,9.245885683175443,6.003358360035162,15.249244043210606,0.3036529680365297,0.9344824522710716,2.5615081043693957
1003,117,nash_game,1.6488175227709998,1.879575693431863,go,yield,0,0.0,0.26924182933913654,1,0,0,0.31333410643819043,1.6193780677459841,2.1249956893526374,0.5056176216066532,2.1249956893526374,9.190310966127008,5.937502155323681,15.12781312145069,0.0,0.0,2.5615081043693957
1003,117,nash_game_hocbf,1.6488175227709998,1.879575693431863,go,yield,0,0.0,0.26924182933913654,1,0,0,0.4321649670750904,1.5673820345296678,2.21674227261024,0.6493602380805723,2.21674227261024,9.216308982735166,5.89162886369488,15.107937846430046,0.11182795698924732,0.8801470465805212,2.5615081043693957
1003,118,independent,1.8502923142728345,1.9521563186066024,go,yield,0,0.0,0.0,1,1,0,0.05628092493394362,1.8784668759574352,1.975204953783395,0.09673807782595967,1.975204953783395,-20.0,-20.0,-40.0,0.0,0.0,2.4580736380757324
1003,118,fixed_priority,1.8502923142728345,1.9521563186066024,go,yield,0,0.0,0.8,1,0,0,0.6447926700157496,1.8784668759574352,2.775182635850726,0.8967157598932907,2.775182635850726,9.060766562021282,5.612408682074637,14.67317524409592,0.0,0.0,2.4580736380757324
1003,118,hocbf_only,1.8502923142728345,1.9521563186066024,go,yield,0,0.0,0.0,1,0,0,0.36176946103053387,1.8781956627567893,1.9814325701107331,0.10323690735394386,1.9814325701107331,9.060902168621606,6.009283714944633,15.07018588356624,0.3620689655172414,1.2074376271996823,2.4580736380757324
1003,118,nash_game,1.8502923142728345,1.9521563186066024,go,yield,0,0.0,0.39813599566623203,1,0,0,0.306733187325557,1.8784668759574352,2.373440892711041,0.49497401675360586,2.373440892711041,9.060766562021282,5.813279553644479,14.874046115665761,0.0,0.0,2.4580736380757324
1003,118,nash_game_hocbf,1.8502923142728345,1.9521563186066024,go,yield,0,0.0,0.39813599566623203,1,0,0,0.4187762182683444,1.8130752689472704,2.45583993731775,0.6427646683704797,2.45583993731775,9.093462365526365,5.772080031341125,14.86554239686749,0.10536779324055666,0.8282368625008134,2.4580736380757324
1003,119,independent,2.0179770570573936,2.0934397409928174,go,yield,0,0.0,0.0,1,1,0,0.044670847256871656,2.0495057638986993,2.1152700954830954,0.0657643315843961,2.1152700954830954,-20.0,-20.0,-40.0,0.0,0.0,1.9487769390591911
1003,119,fixed_priority,2.0179770570573936,2.0934397409928174,go,yield,0,0.0,0.8,1,0,0,0.5053009063235652,2.0495057638986993,2.91512860450619,0.8656228406074908,2.91512860450619,8.97524711805065,5.542435697746905,14.517682815797555,0.0,0.0,1.9487769390591911
1003,119,hocbf_only,2.0179770570573936,2.0934397409928174,go,yield,0,0.0,0.0,1,0,0,0.3640331154495722,1.9301755193039747,2.2355590754930827,0.30538355618910806,2.2355590754930827,9.034912240348012,5.882220462253459,14.91713270260147,0.4780701754385965,0.9565462932572827,1.9589807881989345
1003,119,nash_game,2.0179770570573936,2.0934397409928174,go,yield,0,0.0,0.42453731606457623,1,0,0,0.29849905327080956,2.0495057638986993,2.5397867749913363,0.490281011092637,2.5397867749913363,8.97524711805065,5.730106612504332,14.705353730554982,0.0,0.0,1.9487769390591911
1003,119,nash_game_hocbf,2.0179770570573936,2.0934397409928174,go,yield,0,0.0,0.42453731606457623,1,0,0,0.4170242773351951,1.976216588172299,2.622915401658647,0.6466988134863481,2.622915401658647,9.01189170591385,5.688542299170677,14.700434005084528,0.12024048096192384,0.762502853608886,1.9487769390591911
1003,120,independent,1.9827729378571193,1.8910479073153144,yield,go,1,0.0,0.0,1,1,0,0.08819089864544087,2.0018089267060435,1.842729513779484,0.15907941292655958,2.0018089267060435,-20.0,-20.0,-40.0,0.0,0.0,2.0524225511984575
1003,120,fixed_priority,1.9827729378571193,1.8910479073153144,yield,go,1,0.0,0.8,1,0,0,0.4156642585655812,2.0018089267060435,2.642293594814336,0.6404846681082925,2.642293594814336,8.999095536646978,5.6788532025928316,14.67794873923981,0.0,0.0,2.052730529333317
1003,120,hocbf_only,1.9827729378571193,1.8910479073153144,yield,go,1,0.0,0.0,1,0,0,0.3670341297149524,2.0458077152617977,1.8177791027522237,0.22802861250957407,2.0458077152617977,5.977096142369101,9.091110448623889,15.06820659099299,0.4467120181405896,1.0361664409964986,2.0107109831816783
1003,120,nash_game,1.9827729378571193,1.8910479073153144,yield,go,1,0.4082749694581951,0.0,1,0,0,0.3387049758705234,2.410144532655405,1.842729513779484,0.567415018875921,2.410144532655405,5.7949277336722975,9.078635243110257,14.873562976782555,0.0,0.0,2.0524225511984575
1003,120,nash_game_hocbf,1.9827729378571193,1.8910479073153144,yield,go,1,0.4082749694581951,0.0,1,0,0,0.4272740721597549,2.4768983210881266,1.8032659144070649,0.6736324066810617,2.4768983210881266,5.7615508394559365,9.098367042796468,14.859917882252404,0.10580912863070539,0.668386729017355,2.0177533591449897
1003,121,independent,1.7509315783668578,1.7569637357381636,go,yield,0,0.0,0.0,1,1,0,0.044584084050719126,1.7461296085922031,1.7564745270588076,0.010344918466604458,1.7564745270588076,-20.0,-20.0,-40.0,0.0,0.0,2.1872274768070374
1003,121,fixed_priority,1.7509315783668578,1.7569637357381636,go,yield,0,0.0,0.8,1,0,0,0.4269909022748448,1.7461296085922031,2.556447889030285,0.8103182804380817,2.556447889030285,9.126935195703899,5.721776055484858,14.848711251188757,0.0,0.0,2.191705073798056
1003,121,hocbf_only,1.7509315783668578,1.7569637357381636,go,yield,0,0.0,0.0,1,0,0,0.37318989588669604,1.67161975490018,1.8303790003745943,0.15875924547441422,1.8303790003745943,9.16419012254991,6.084810499812702,15.249000622362612,0.48009367681498827,1.000335935574451,2.0395087639411256
1003,121,nash_game,1.7509315783668578,1.7569637357381636,go,yield,0,0.0,0.493967842628694,1,0,0,0.31411306041401554,1.7461296085922031,2.2504063418994753,0.5042767333072722,2.2504063418994753,9.126935195703899,5.874796829050262,15.001732024754162,0.0,0.0,2.1921489704439243
1003,121,nash_game_hocbf,1.7509315783668578,1.7569637357381636,go,yield,0,0.0,0.493967842628694,1,0,0,0.4432863856886028,1.6817352971599115,2.3446560191351296,0.662920721975218,2.3446560191351296,9.159132351420045,5.827671990432435,14.98680434185248,0.19957983193277312,0.7287440806419095,2.1921489704439243
1003,122,independent,1.8853320085077498,2.037981799116463,go,yield,0,0.0,0.0,1,1,0,0.0882058341761598,1.89904572533958,2.0301811052434524,0.13113537990387236,2.0301811052434524,-20.0,-20.0,-40.0,0.0,0.0,1.9968790998658992
1003,122,fixed_priority,1.8853320085077498,2.037981799116463,go,yield,0,0.0,0.8,1,0,0,0.47917459071548074,1.89904572533958,2.8302193858065605,0.9311736604669805,2.8302193858065605,9.05047713733021,5.584890307096719,14.63536744442693,0.0,0.0,1.9968790998658992
1003,122,hocbf_only,1.8853320085077498,2.037981799116463,go,yield,0,0.0,0.0,1,0,0,0.3641074268477239,1.754850544500851,2.1826042292767034,0.4277536847758523,2.1826042292767034,9.122574727749575,5.908697885361648,15.031272613111224,0.38865546218487396,0.8827411882415721,2.0162375892390787
1003,122,nash_game,1.8853320085077498,2.037981799116463,go,yield,0,0.0,0.3473502093912866,1,0,0,0.2946349461305863,1.89904572533958,2.3775049838088367,0.47845925846925663,2.3775049838088367,9.05047713733021,5.811247508095581,14.861724645425792,0.0,0.0,1.9968790998658992
1003,122,nash_game_hocbf,1.8853320085077498,2.037981799116463,go,yield,0,0.0,0.3473502093912866,1,0,0,0.41122412926175816,1.8323931211304803,2.4642665196118845,0.6318733984814042,2.4642665196118845,9.08380343943476,5.767866740194058,14.851670179628819,0.1568627450980392,0.5960301356226293,1.9968790998658992
1003,123,independent,1.9919855388364052,2.2315881751778477,go,yield,0,0.0,0.0,1,1,0,0.1374535010528923,1.9656862718216335,2.208220105948965,0.24253383412733154,2.208220105948965,-20.0,-20.0,-40.0,0.0,0.0,1.9331243350025793
1003,123,fixed_priority,1.9919855388364052,2.2315881751778477,go,yield,0,0.0,0.8,1,0,0,0.5287130634725451,1.9656862718216335,3.008467371612858,1.0427810997912244,3.008467371612858,9.017156864089184,5.495766314193571,14.512923178282755,0.0,0.0,1.9333100814941153
1003,123,hocbf_only,1.9919855388364052,2.2315881751778477,go,yield,0,0.0,0.0,1,0,0,0.3666015495665159,1.8171666146245025,2.365729284239456,0.5485626696149535,2.365729284239456,9.09141669268775,5.817135357880272,14.908552050568021,0.33261802575107297,0.7269582006468363,1.9707691780372125
1003,123,nash_game,1.9919855388364052,2.2315881751778477,go,yield,0,0.0,0.26039736365855726,1,0,0,0.2985714828859953,1.9656862718216335,2.468650019833318,0.5029637480116844,2.468650019833318,9.017156864089184,5.765674990083341,14.782831854172525,0.0,0.0,1.9332167079399245
1003,123,nash_game_hocbf,1.9919855388364052,2.2315881751778477,go,yield,0,0.0,0.26039736365855726,1,0,0,0.40341317684214695,1.9079997212779314,2.5468168627978325,0.6388171415199011,2.5468168627978325,9.046000139361034,5.7265915686010835,14.772591707962118,0.13617886178861788,0.6115163583184774,1.9500492207093616
1003,124,independent,1.8612521257111525,1.9808780692223602,go,yield,0,0.0,0.0,1,1,0,0.06464430664072342,1.8695105184315126,1.9805007782743997,0.11099025984288713,1.9805007782743997,-20.0,-20.0,-40.0,0.0,0.0,2.4294682729367296
1003,124,fixed_priority,1.8612521257111525,1.9808780692223602,go,yield,0,0.0,0.8,1,0,0,0.44259078123633805,1.8695105184315126,2.780504475168351,0.9109939567368384,2.780504475168351,9.065244740784244,5.609747762415824,14.67499250320007,0.0,0.0,2.4294682729367296
1003,124,hocbf_only,1.8612521257111525,1.9808780692223602,go,yield,0,0.0,0.0,1,0,0,0.3563174033681485,1.732669948970491,2.127223942956841,0.3945539939863498,2.127223942956841,9.133665025514755,5.93638802852158,15.070053054036336,0.4068181818181818,1.0212894039925557,2.3470705894428763
1003,124,nash_game,1.8612521257111525,1.9808780692223602,go,yield,0,0.0,0.3803740564887923,1,0,0,0.3081939333567941,1.8695105184315126,2.3608618467094917,0.4913513282779791,2.3608618467094917,9.065244740784244,5.819569076645254,14.8848138174295,0.0,0.0,2.4294682729367296
1003,124,nash_game_hocbf,1.8612521257111525,1.9808780692223602,go,yield,0,0.0,0.3803740564887923,1,0,0,0.43584931692379253,1.7990080755102666,2.4551957626814467,0.65618768717118,2.4551957626814467,9.100495962244867,5.772402118659277,14.872898080904143,0.19665271966527198,0.829375823257964,2.3351280626491153
1003,125,independent,2.002118014744067,1.9486809825295748,yield,go,1,0.0,0.0,1,1,0,0.014484840747127579,1.9785992198006992,2.01129869669004,0.03269947688934072,2.01129869669004,-20.0,-20.0,-40.0,0.0,0.0,2.2827367536090484
1003,125,fixed_priority,2.002118014744067,1.9486809825295748,yield,go,1,0.0,0.8,1,0,0,0.4448795550990935,1.9785992198006992,2.811122739314468,0.8325235195137688,2.811122739314468,9.01070039009965,5.594438630342766,14.605139020442415,0.0,0.0,2.3114924602952147
1003,125,hocbf_only,2.002118014744067,1.9486809825295748,yield,go,1,0.0,0.0,1,0,0,0.36475953878122436,1.9237153260312965,2.0644376154926185,0.14072228946132204,2.0644376154926185,9.038142336984352,5.967781192253691,15.005923529238043,0.48,1.0792811705409793,2.207510241880392
1003,125,nash_game,2.002118014744067,1.9486809825295748,yield,go,1,0.4465629677855074,0.0,1,0,0,0.2622212781608124,2.425058300852125,2.01129869669004,0.413759604162085,2.425058300852125,5.787470849573937,8.99435065165498,14.781821501228917,0.0,0.0,2.2827367536090484
1003,125,nash_game_hocbf,2.002118014744067,1.9486809825295748,yield,go,1,0.4465629677855074,0.0,1,0,0,0.3983147645193984,2.5276963945102624,1.9246416561036686,0.6030547384065938,2.5276963945102624,5.736151802744869,9.037679171948167,14.773830974693036,0.21818181818181817,0.7800797145309072,2.2837085058409032
1003,126,independent,2.0063401732202255,2.255409674103747,go,yield,0,0.0,0.0,1,1,0,0.15504441823081444,1.9788545784192861,2.2554503263519816,0.2765957479326955,2.2554503263519816,-20.0,-20.0,-40.0,0.0,0.0,1.8881684745743215
1003,126,fixed_priority,2.0063401732202255,2.255409674103747,go,yield,0,0.0,0.8,1,0,0,0.6461953970788105,1.9788545784192861,3.055476100559261,1.0766215221399749,3.055476100559261,9.010572710790356,5.4722619497203695,14.482834660510726,0.0,0.0,1.8881684745743215
1003,126,hocbf_only,2.0063401732202255,2.255409674103747,go,yield,0,0.0,0.0,1,0,0,0.3653066595614223,1.8468873777784955,2.4022118372318775,0.5553244594533819,2.4022118372318775,9.076556311110751,5.798894081384061,14.875450392494812,0.30265848670756645,0.7581911098441227,1.8363509111534995
1003,126,nash_game,2.0063401732202255,2.255409674103747,go,yield,0,0.0,0.2509304991164787,1,0,0,0.3142760571335543,1.9788545784192861,2.506385620335246,0.52753104191596,2.506385620335246,9.010572710790356,5.746807189832377,14.757379900622734,0.0,0.0,1.8881684745743215
1003,126,nash_game_hocbf,2.0063401732202255,2.255409674103747,go,yield,0,0.0,0.2509304991164787,1,0,0,0.4126463919366494,1.9269171613120255,2.5803995769191905,0.653482415607165,2.5803995769191905,9.036541419343987,5.709800211540404,14.746341630884391,0.11284046692607004,0.6593108094316306,1.8543052276009362
1003,127,independent,2.0901824724491602,2.1850963906013385,go,yield,0,0.0,0.0,1,1,0,0.05793017633442695,2.089466728314058,2.1893338961106483,0.0998671677965901,2.1893338961106483,-20.0,-20.0,-40.0,0.0,0.0,1.5901504419503716
1003,127,fixed_priority,2.0901824724491602,2.1850963906013385,go,yield,0,0.0,0.8,1,0,0,0.45155785934400156,2.089466728314058,2.98930729059106,0.8998405622770016,2.98930729059106,8.955266635842971,5.50534635470447,14.46061299054744,0.0,0.0,1.5901504419503716
1003,127,hocbf_only,2.0901824724491602,2.1850963906013385,go,yield,0,0.0,0.0,1,0,0,0.36004880628162245,2.0475595152971344,2.2427400078335107,0.19518049253637626,2.2427400078335107,8.976220242351433,5.878629996083244,14.854850238434677,0.47551020408163264,1.0069412382299396,1.519738133484937
1003,127,nash_game,2.0901824724491602,2.1850963906013385,go,yield,0,0.0,0.4050860818478217,1,0,0,0.29620572303009296,2.089466728314058,2.594410679662626,0.5049439513485678,2.594410679662626,8.955266635842971,5.702794660168687,14.658061296011658,0.0,0.0,1.5901504419503716
1003,127,nash_game_hocbf,2.0901824724491602,2.1850963906013385,go,yield,0,0.0,0.4050860818478217,1,0,0,0.38890115800573893,2.0355697078190373,2.664177182506301,0.6286074746872639,2.664177182506301,8.982215146090482,5.66791140874685,14.650126554837332,0.1167608286252354,0.5818561787568021,1.5901504419503716
