method,ode_steps,query_index,latency_ms,success,maximum_speed,maximum_acceleration
quintic_skeleton,0,0,0.1758,1,1.5356695018452138,1.097588819982048
quintic_skeleton,0,1,0.1943,1,1.795929688900892,1.2296747327816235
quintic_skeleton,0,2,0.2057,1,1.1987298449231512,0.6326301407279208
quintic_skeleton,0,3,0.1939,1,1.1978177180145946,0.7255862237280561
quintic_skeleton,0,4,0.1977,1,1.2867960229389204,0.7250862053029874
quintic_skeleton,0,5,0.1876,1,1.3244457589255683,0.8105515153103439
quintic_skeleton,0,6,0.1875,1,1.3067726929544208,0.6731223553414297
quintic_skeleton,0,7,0.193,1,1.2815173836195188,0.8032299991522596
quintic_skeleton,0,8,0.1841,1,1.1757002105099408,0.6799152929145684
quintic_skeleton,0,9,0.1848,1,1.7994802958856417,1.28231794806035
quintic_skeleton,0,10,0.201,1,0.9970438272478653,0.5400992556990377
quintic_skeleton,0,11,0.1968,1,1.0971836924563736,0.5772395684946311
quintic_skeleton,0,12,0.187,1,1.2515679203192052,0.664018475924988
quintic_skeleton,0,13,0.1851,1,1.1931499039155753,0.7017872787410018
quintic_skeleton,0,14,0.184,1,1.6938971594860983,1.2472193479194214
quintic_skeleton,0,15,0.1894,1,1.330604508361187,0.7865520854887152
quintic_skeleton,0,16,0.1843,1,1.7193902360968238,1.242269416417385
quintic_skeleton,0,17,0.1876,1,1.6398312167880942,1.1908903238816233
quintic_skeleton,0,18,0.1857,1,1.252192332526791,0.6481761548638267
quintic_skeleton,0,19,0.1847,1,1.2409936296658517,0.7658729955229333
quintic_skeleton,0,20,0.1841,1,1.1232232188152134,0.5782317033061747
quintic_skeleton,0,21,0.1857,1,1.301339365205175,0.8305748547240851
quintic_skeleton,0,22,0.1999,1,1.1673639891239258,0.7133915552489607
quintic_skeleton,0,23,0.1922,1,1.3320109572328083,0.8663230196443805
quintic_skeleton,0,24,0.1883,1,1.054917055086804,0.5430629272678458
quintic_skeleton,0,25,0.3145,1,1.1729808835226179,0.762595257373895
quintic_skeleton,0,26,0.2975,1,1.508754353501078,1.1468325562391415
quintic_skeleton,0,27,0.2975,1,1.1007556596072035,0.6012421893639552
quintic_skeleton,0,28,0.302,1,1.507310733198385,0.9342676636810813
quintic_skeleton,0,29,0.304,1,1.683763378563063,1.1908819772369188
quintic_skeleton,0,30,0.289,1,1.6475232150907466,1.209496276027556
quintic_skeleton,0,31,0.2859,1,1.1544713503314235,0.6452864926603351
quintic_skeleton,0,32,0.1995,1,1.5275683103412852,1.107899805277605
quintic_skeleton,0,33,0.1919,1,1.3577742856150314,0.8104458626908946
quintic_skeleton,0,34,0.1871,1,1.260624472308644,0.7189293091204301
quintic_skeleton,0,35,0.1988,1,1.6302113472175868,1.242225687810338
quintic_skeleton,0,36,0.1866,1,1.5529500944562586,1.1163867363529292
quintic_skeleton,0,37,0.1865,1,1.4014549436084398,0.8258249468576558
quintic_skeleton,0,38,0.1867,1,1.28830710110638,0.7907823509234273
quintic_skeleton,0,39,0.1839,1,1.6068597555392627,1.2127858331253514
quintic_skeleton,0,40,0.1853,1,1.3265032508676953,0.8208295634017341
quintic_skeleton,0,41,0.2724,1,1.1661144152492402,0.6765565622529048
quintic_skeleton,0,42,0.2019,1,1.2225398193696377,0.7053432445863499
quintic_skeleton,0,43,0.1877,1,1.5080116022129764,0.9141555993178007
quintic_skeleton,0,44,0.1851,1,1.1561076809858988,0.6429330820641114
quintic_skeleton,0,45,0.1935,1,1.5917776002900428,1.035539775295303
quintic_skeleton,0,46,0.1842,1,1.3808482493773364,0.8819148828280949
quintic_skeleton,0,47,0.187,1,1.4690763675743477,0.983854247629195
quintic_skeleton,0,48,0.1837,1,1.5368025268139938,1.0923898365058753
quintic_skeleton,0,49,0.2197,1,1.5876105340994007,1.1624315105189782
quintic_skeleton,0,50,0.1905,1,1.135142181529265,0.61298082664361
quintic_skeleton,0,51,0.1857,1,1.509827809661976,1.1032528772365335
quintic_skeleton,0,52,0.1873,1,1.1132205127984534,0.5725193873509317
quintic_skeleton,0,53,0.1862,1,1.09229713636028,0.6191661930228876
quintic_skeleton,0,54,0.188,1,1.279735150047937,0.7077858707512734
quintic_skeleton,0,55,0.1858,1,1.25675519252486,0.7362906918905485
quintic_skeleton,0,56,0.1995,1,1.4585368395551617,1.0306741090756508
quintic_skeleton,0,57,0.2151,1,1.2433645877930197,0.7707280159586571
quintic_skeleton,0,58,0.2873,1,1.3926696527638862,0.88890896698808
quintic_skeleton,0,59,0.1924,1,1.1285298048546724,0.5920463459882307
quintic_skeleton,0,60,0.3046,1,1.4526159228668798,0.9114670594513912
quintic_skeleton,0,61,0.3027,1,1.1669356583254955,0.6809921774055557
quintic_skeleton,0,62,0.3005,1,1.3429487177823087,0.7002914656418819
quintic_skeleton,0,63,0.2995,1,1.2495472702990156,0.828456145889253
quintic_skeleton,0,64,0.2984,1,1.3383360132897573,0.7665294324166264
quintic_skeleton,0,65,0.2879,1,1.1583265720075862,0.6814150692130115
quintic_skeleton,0,66,0.287,1,1.6465956237791566,1.2620927517932863
quintic_skeleton,0,67,0.1931,1,1.4383205765432747,0.9954480765559146
quintic_skeleton,0,68,0.1878,1,1.4807455267636318,0.8829361007040003
quintic_skeleton,0,69,0.2225,1,1.2372182594452288,0.7303370296136824
quintic_skeleton,0,70,0.2227,1,1.6938181937214025,1.2333864757319253
quintic_skeleton,0,71,0.3043,1,1.4462086461283252,0.9119610715778786
quintic_skeleton,0,72,0.2243,1,1.4011638083743954,0.8500771741066683
quintic_skeleton,0,73,0.195,1,1.3481346093496922,0.7639474416793679
quintic_skeleton,0,74,0.1893,1,1.246778530155918,0.7046890326231201
quintic_skeleton,0,75,0.2074,1,1.3282048999246394,0.8716277365327237
quintic_skeleton,0,76,0.1949,1,1.5753167835091315,1.1269252555688356
quintic_skeleton,0,77,0.1905,1,1.5328032590088134,1.1291841685070003
quintic_skeleton,0,78,0.1898,1,1.4118777705040717,0.9787561528466584
quintic_skeleton,0,79,0.1917,1,1.4605912149677909,1.0306604348254158
quintic_skeleton,0,80,0.1879,1,1.1862938972293582,0.6132694386333989
quintic_skeleton,0,81,0.1912,1,1.28815457808925,0.8529797119205614
quintic_skeleton,0,82,0.2001,1,1.7407456070619316,1.157058789521327
quintic_skeleton,0,83,0.1948,1,1.3149307335553082,0.8267935303215337
quintic_skeleton,0,84,0.2206,1,1.7139973756593287,1.2839127123457719
quintic_skeleton,0,85,0.1913,1,1.6913964210890737,1.2716945980090695
quintic_skeleton,0,86,0.1869,1,1.6479092367473294,1.2148431585187693
quintic_skeleton,0,87,0.1963,1,1.486348111273342,0.9461163414554764
quintic_skeleton,0,88,0.2023,1,1.7217574364748511,1.2324596063022717
quintic_skeleton,0,89,0.3471,1,1.390972494181501,1.0164860083704237
quintic_skeleton,0,90,0.301,1,1.6476693572223509,1.0783632321481065
quintic_skeleton,0,91,0.3042,1,1.7115751235572403,1.2239952214668195
quintic_skeleton,0,92,0.2832,1,1.195717174588382,0.6469808112789571
quintic_skeleton,0,93,0.3033,1,1.6817630392517697,1.2523307245665265
quintic_skeleton,0,94,0.3095,1,1.6257112603172081,1.053310915388023
quintic_skeleton,0,95,0.3035,1,1.391394763917615,0.9419168930173394
quintic_skeleton,0,96,0.3162,1,1.8446783979388093,1.3668072330968066
quintic_skeleton,0,97,0.3278,1,1.1719503755821876,0.6301491130221075
quintic_skeleton,0,98,0.3258,1,1.6638512658857432,1.135148514723792
quintic_skeleton,0,99,0.3448,1,1.6148536254121733,1.1851850217653825
quintic_skeleton,0,100,0.3772,1,1.077521246901072,0.5685592092331856
quintic_skeleton,0,101,0.2227,1,1.2336604211197844,0.6579414685826841
quintic_skeleton,0,102,0.2374,1,1.4666176812641338,1.0277910993426593
quintic_skeleton,0,103,0.29,1,1.8740275635900985,1.3751067254137903
quintic_skeleton,0,104,0.2874,1,1.0166152976119853,0.5235377850380136
quintic_skeleton,0,105,0.202,1,1.34881461222716,0.9394008566106171
quintic_skeleton,0,106,0.2148,1,1.2561694373963481,0.673160674902125
quintic_skeleton,0,107,0.2119,1,1.2210455315088804,0.6514985986305292
quintic_skeleton,0,108,0.1928,1,1.3448504245230746,0.7727706138806396
quintic_skeleton,0,109,0.2326,1,1.4274937618541022,0.7894966904193967
quintic_skeleton,0,110,0.1916,1,1.7312967031420106,1.2276743676744395
quintic_skeleton,0,111,0.2543,1,1.6701670249800997,1.1793293585620808
quintic_skeleton,0,112,0.1869,1,1.2602852324957663,0.6847352476771961
quintic_skeleton,0,113,0.1968,1,1.431977936951536,0.9837243368987698
quintic_skeleton,0,114,0.1824,1,1.3412758706415402,0.7148593935018619
quintic_skeleton,0,115,0.1835,1,1.3646515564606312,0.7643881800895016
quintic_skeleton,0,116,0.2002,1,1.4407120843747905,0.9034783166471206
quintic_skeleton,0,117,0.1872,1,1.4562360195242372,1.0843659631873879
quintic_skeleton,0,118,0.1979,1,1.3612591567747232,0.7357900910111006
quintic_skeleton,0,119,0.1979,1,1.3456429844852051,0.9164664026682687
quintic_skeleton,0,120,0.2268,1,1.5015900195795564,1.1267091074711746
quintic_skeleton,0,121,0.1937,1,1.4192621139932973,0.964040636239901
quintic_skeleton,0,122,0.1881,1,1.705585294007842,1.2589623973309074
quintic_skeleton,0,123,0.1842,1,1.512590460984909,1.1002448341591378
quintic_skeleton,0,124,0.1885,1,1.1515874800955512,0.5976122785766813
quintic_skeleton,0,125,0.1871,1,1.5270666342670256,1.1230182813907599
quintic_skeleton,0,126,0.1856,1,1.1011919172248572,0.6423646507138614
quintic_skeleton,0,127,0.1981,1,1.2628717977453645,0.7608172022744047
boundary_trajectory,1,0,4.8987,0,28.810250322341684,496.27990423523147
boundary_trajectory,1,1,4.283,0,15.434888375458712,301.0988532942231
boundary_trajectory,1,2,3.3401,0,12.807919832556392,191.74834650973287
boundary_trajectory,1,3,4.1798,0,14.326336467300777,251.39219427344085
boundary_trajectory,1,4,3.6627,0,16.569298085024357,219.50453156348036
boundary_trajectory,1,5,3.5589,0,21.864730158743267,341.7845167555005
boundary_trajectory,1,6,4.462,0,11.16104341389001,177.10757496405222
boundary_trajectory,1,7,5.573,0,18.500349755233916,296.9725205069945
boundary_trajectory,1,8,4.2156,0,13.359879582184812,222.04839494074133
boundary_trajectory,1,9,3.7708,0,23.345287474513608,439.5030557402683
boundary_trajectory,1,10,3.9149,0,12.76194719298376,167.44089118565657
boundary_trajectory,1,11,3.6193,0,18.379917708786333,243.93809885933123
boundary_trajectory,1,12,3.5793,0,19.346687263743323,242.32698926366263
boundary_trajectory,1,13,3.6922,0,15.371337410688902,207.30688275721874
boundary_trajectory,1,14,3.7636,0,26.335030298039385,402.510920259793
boundary_trajectory,1,15,3.6001,0,26.086930958701224,397.93586159357125
boundary_trajectory,1,16,3.456,0,26.223940268585263,477.65073664954343
boundary_trajectory,1,17,4.3951,0,20.94578441072699,331.64578583939306
boundary_trajectory,1,18,3.6096,0,17.272289577920205,223.28375232809458
boundary_trajectory,1,19,4.5287,0,11.961464848147202,198.6208500079072
boundary_trajectory,1,20,3.8512,0,19.05517218319536,232.50933514019354
boundary_trajectory,1,21,3.5692,0,21.94325642012863,312.8203630399413
boundary_trajectory,1,22,3.7301,0,12.516511825827278,217.35747510827122
boundary_trajectory,1,23,3.3881,0,23.47627286020335,419.0778000192228
boundary_trajectory,1,24,4.8846,0,12.295219632615238,156.06814572017907
boundary_trajectory,1,25,3.6911,0,13.496786180065818,266.26129604198024
boundary_trajectory,1,26,4.1242,0,20.758070863384525,459.98195250977864
boundary_trajectory,1,27,4.6942,0,13.468127657817028,191.01139295782457
boundary_trajectory,1,28,3.3672,0,20.611928422887036,341.4527539952121
boundary_trajectory,1,29,3.3748,0,16.841277801712383,345.138569480343
boundary_trajectory,1,30,3.6421,0,17.090272921832156,381.5213301484359
boundary_trajectory,1,31,3.4105,0,13.237815796869837,210.92132810074773
boundary_trajectory,1,32,4.0126,0,21.21943900854079,386.8557857782943
boundary_trajectory,1,33,3.3158,0,18.718945122899147,347.7636990260059
boundary_trajectory,1,34,3.4881,0,16.978840995027006,271.24838022147554
boundary_trajectory,1,35,3.3726,0,17.762324024589475,297.8626451831629
boundary_trajectory,1,36,3.3357,0,26.3467664223624,509.9761807199753
boundary_trajectory,1,37,3.353,0,15.21616594796434,272.8078452053295
boundary_trajectory,1,38,3.5419,0,15.954250167978586,282.79214838368057
boundary_trajectory,1,39,3.4139,0,20.587130014317314,363.4388843261483
boundary_trajectory,1,40,3.9222,0,17.64860887076692,259.2077400316074
boundary_trajectory,1,41,5.0428,0,20.066612478414466,330.9994161464962
boundary_trajectory,1,42,5.0368,0,15.620018827525655,261.7862924660962
boundary_trajectory,1,43,4.732,0,17.14017731838696,260.6443992835682
boundary_trajectory,1,44,4.2037,0,19.11431333279836,270.9965377904921
boundary_trajectory,1,45,3.3287,0,21.422738585651633,342.37895045694535
boundary_trajectory,1,46,4.4904,0,18.775763306808642,343.6106539000174
boundary_trajectory,1,47,4.5159,0,18.005897394318733,288.1118488102556
boundary_trajectory,1,48,4.8939,0,16.048592541285466,325.1194201648501
boundary_trajectory,1,49,4.0766,0,20.246355325036124,301.0796716223731
boundary_trajectory,1,50,3.6115,0,13.672162326984411,190.60295566543334
boundary_trajectory,1,51,4.4893,0,14.059136395776292,282.0140984636279
boundary_trajectory,1,52,4.3147,0,11.910309421249435,170.32635937884726
boundary_trajectory,1,53,4.8362,0,21.505885210550886,262.2375001559868
boundary_trajectory,1,54,4.7046,0,19.5488936253365,226.82148213265467
boundary_trajectory,1,55,4.2508,0,17.378351576162117,284.87005864547285
boundary_trajectory,1,56,4.3723,0,21.18877486200687,363.9693329564104
boundary_trajectory,1,57,4.4544,0,17.279411459457062,251.26617906647866
boundary_trajectory,1,58,5.0963,0,18.63202258248018,253.81153149487704
boundary_trajectory,1,59,3.8826,0,20.062130083623106,307.78698962649185
boundary_trajectory,1,60,3.6311,0,15.591016463585774,204.76150031179907
boundary_trajectory,1,61,4.2263,0,14.652381043796877,229.03134926202415
boundary_trajectory,1,62,3.19,0,15.141100969958076,169.0567685889835
boundary_trajectory,1,63,3.3794,0,21.217088390495626,346.67863862946257
boundary_trajectory,1,64,4.4473,0,20.279458491650498,312.8762042486325
boundary_trajectory,1,65,4.4064,0,20.771198253068963,296.77541935138413
boundary_trajectory,1,66,4.4862,0,15.41238223047828,360.9229326573428
boundary_trajectory,1,67,5.2871,0,21.197824994501897,265.3939748447937
boundary_trajectory,1,68,3.8582,0,23.613762986520165,386.8781316547287
boundary_trajectory,1,69,3.432,0,17.979116508186777,274.6968155284547
boundary_trajectory,1,70,3.6523,0,23.386511637708697,496.5104499089841
boundary_trajectory,1,71,3.3147,0,13.988588043090017,206.08367096853394
boundary_trajectory,1,72,4.1089,0,18.557903950711577,313.94365053170924
boundary_trajectory,1,73,4.0566,0,16.69311918806239,228.34932024370727
boundary_trajectory,1,74,4.4423,0,15.015499376898811,217.77990307272006
boundary_trajectory,1,75,4.82,0,19.66721660752158,328.9217935541754
boundary_trajectory,1,76,3.9716,0,16.641364506667784,378.2551808236765
boundary_trajectory,1,77,4.046,0,22.048117958838215,428.4271068610757
boundary_trajectory,1,78,4.2341,0,20.03390715754581,390.3682048950834
boundary_trajectory,1,79,5.0318,0,19.51626181138622,330.80699725204266
boundary_trajectory,1,80,6.0114,0,15.400515721763915,161.4317325227896
boundary_trajectory,1,81,4.1248,0,27.374413431585847,441.9353119757875
boundary_trajectory,1,82,4.5883,0,18.226394317646594,338.221571334538
boundary_trajectory,1,83,4.2629,0,22.65276738864343,453.9888993923388
boundary_trajectory,1,84,3.5705,0,29.324264087891187,658.9002904746063
boundary_trajectory,1,85,4.654,0,22.701143050392506,473.53744466722657
boundary_trajectory,1,86,3.6275,0,29.03623213462195,555.3340177113381
boundary_trajectory,1,87,3.6255,0,17.92088769055487,254.71681211537344
boundary_trajectory,1,88,4.0891,0,20.935455434558467,347.3563585567566
boundary_trajectory,1,89,3.9007,0,22.09398852667591,434.2402809460131
boundary_trajectory,1,90,3.7926,0,21.55223222017543,305.8649934019707
boundary_trajectory,1,91,3.8226,0,17.966817685823834,313.9080999478548
boundary_trajectory,1,92,3.3074,0,18.16786888115318,267.02784548691193
boundary_trajectory,1,93,5.4085,0,22.79695240866802,523.728084040978
boundary_trajectory,1,94,3.6941,0,17.12596769988379,288.2720847072265
boundary_trajectory,1,95,5.0114,0,13.976506172578008,301.7629308237057
boundary_trajectory,1,96,3.7802,0,18.581786052616454,310.4356567924342
boundary_trajectory,1,97,3.5481,0,15.254194645312747,222.3371688911051
boundary_trajectory,1,98,3.5441,0,18.937752389201563,415.16206493730004
boundary_trajectory,1,99,3.3603,0,16.262177054273973,329.1567845555997
boundary_trajectory,1,100,4.602,0,13.285181000728247,138.7540933898701
boundary_trajectory,1,101,5.5287,0,17.280821205548417,238.9927551631126
boundary_trajectory,1,102,6.0137,0,21.541630580068194,404.9597353146864
boundary_trajectory,1,103,4.9505,0,17.216724872604342,390.928171866986
boundary_trajectory,1,104,3.2258,0,12.345925489756171,175.89744608583436
boundary_trajectory,1,105,3.2449,0,17.362171845644767,228.1257851048892
boundary_trajectory,1,106,3.212,0,16.39971867818017,190.19402724487074
boundary_trajectory,1,107,3.2651,0,12.356213806730693,190.22764703732554
boundary_trajectory,1,108,3.1776,0,19.667601645286364,322.1107691427226
boundary_trajectory,1,109,3.3293,0,18.869795353660304,296.9804239245809
boundary_trajectory,1,110,3.4416,0,20.412389468728538,444.70574053018737
boundary_trajectory,1,111,3.8261,0,20.760394488821262,366.2866226800475
boundary_trajectory,1,112,4.6326,0,16.828469846500152,268.84226020469276
boundary_trajectory,1,113,3.9084,0,28.998349350610454,465.43047186038285
boundary_trajectory,1,114,3.8266,0,13.304961250621231,200.61222443915506
boundary_trajectory,1,115,4.0116,0,17.319819460707972,226.447498231704
boundary_trajectory,1,116,3.388,0,15.458000558090843,257.61829682088944
boundary_trajectory,1,117,3.2162,0,21.362221908528372,423.0125499590611
boundary_trajectory,1,118,4.0582,0,15.780797035255025,219.7144962777866
boundary_trajectory,1,119,3.4337,0,20.896461489864727,402.9740345974458
boundary_trajectory,1,120,3.351,0,17.07697365337289,308.52645600091637
boundary_trajectory,1,121,3.3557,0,16.85285729816971,346.5782539757676
boundary_trajectory,1,122,4.962,0,17.72638577304374,406.73137463052603
boundary_trajectory,1,123,4.7589,0,22.04581040155525,459.53041757009345
boundary_trajectory,1,124,4.6295,0,15.09092384769137,233.19991322985803
boundary_trajectory,1,125,4.7437,0,18.198342353203543,358.501227548043
boundary_trajectory,1,126,3.8423,0,15.706089281367028,201.59565979064638
boundary_trajectory,1,127,3.5951,0,14.537599934952365,214.24721040054004
boundary_trajectory,4,0,19.317,0,5.338806073918195,64.23071914053386
boundary_trajectory,4,1,21.1212,0,7.040823899048834,60.28360903306406
boundary_trajectory,4,2,24.0596,0,3.3918888844096067,32.31259264851046
boundary_trajectory,4,3,14.7348,0,5.241195238747575,64.3200644731963
boundary_trajectory,4,4,16.2192,0,4.066846283652356,42.77430188725295
boundary_trajectory,4,5,11.6758,0,5.232142357218391,45.21790087623951
boundary_trajectory,4,6,14.5174,0,5.181256032319564,30.132319351376182
boundary_trajectory,4,7,13.7017,0,4.635554220287326,45.76690214482194
boundary_trajectory,4,8,13.7645,0,3.8668475033779766,48.14093790041117
boundary_trajectory,4,9,16.9542,0,4.992529473401626,89.00137770203627
boundary_trajectory,4,10,13.0165,0,3.3906268039633827,26.496553196295757
boundary_trajectory,4,11,13.7777,0,3.8456283154856745,35.936829727873615
boundary_trajectory,4,12,11.537,0,4.375803309438706,33.27923743690687
boundary_trajectory,4,13,12.0459,0,2.441783339255453,29.232497382411143
boundary_trajectory,4,14,13.7942,0,7.835289852258196,72.3448410226017
boundary_trajectory,4,15,15.3735,0,5.2752932288323935,46.14396953276346
boundary_trajectory,4,16,11.8073,0,7.0735534634835995,97.59947233918712
boundary_trajectory,4,17,11.1505,0,5.091998018159556,62.043684131474556
boundary_trajectory,4,18,13.5746,0,4.6028439883419745,37.06467627287754
boundary_trajectory,4,19,10.8247,0,3.479001092286021,46.19961791885108
boundary_trajectory,4,20,17.4187,0,2.9403964782157948,25.20083722217761
boundary_trajectory,4,21,11.5,0,5.203830472554954,41.81837504083412
boundary_trajectory,4,22,10.9939,0,4.18551536873849,49.07314281246006
boundary_trajectory,4,23,15.8757,0,4.703461870812726,63.679144899170765
boundary_trajectory,4,24,13.589,0,3.377564071201078,30.65971133538931
boundary_trajectory,4,25,11.5244,0,3.6474926527315077,44.45036114847687
boundary_trajectory,4,26,12.053,0,3.7497758583641825,57.135368680659546
boundary_trajectory,4,27,11.1563,0,3.1487154694648667,47.4230147077788
boundary_trajectory,4,28,15.6845,0,5.084762977547897,69.39528474302102
boundary_trajectory,4,29,12.1355,0,6.282216105186292,87.94411595738937
boundary_trajectory,4,30,10.9819,0,3.843955667179568,56.878483730744044
boundary_trajectory,4,31,11.0066,0,4.131150279682798,52.76440032636701
boundary_trajectory,4,32,16.9356,0,8.105657685095766,92.30314152995307
boundary_trajectory,4,33,13.5002,0,4.750822277296523,51.72221155928468
boundary_trajectory,4,34,13.0176,0,3.796315470378975,49.88314004683208
boundary_trajectory,4,35,10.9159,0,6.8655635874725105,77.23970509917118
boundary_trajectory,4,36,10.7275,0,6.138281149398537,75.64271279488686
boundary_trajectory,4,37,10.4023,0,4.135441841249944,47.042398817027454
boundary_trajectory,4,38,11.3985,0,3.6222672525292743,46.44478493810948
boundary_trajectory,4,39,12.4668,0,5.047993859213957,91.70461888201666
boundary_trajectory,4,40,12.7534,0,6.16074945324239,51.39858991108666
boundary_trajectory,4,41,13.275,0,3.949789707119097,50.07370858346176
boundary_trajectory,4,42,10.7405,0,4.96772700861217,62.035998917904394
boundary_trajectory,4,43,11.0592,0,4.596542126619951,33.96031201952916
boundary_trajectory,4,44,12.4696,0,3.6040310339767623,55.81126625224964
boundary_trajectory,4,45,12.0523,0,6.926529189274408,62.548162940211675
boundary_trajectory,4,46,12.9612,0,4.823352014057719,64.50279247362131
boundary_trajectory,4,47,10.848,0,8.969641804423022,72.40108737081147
boundary_trajectory,4,48,12.1746,0,5.555016577384102,66.48624663945682
boundary_trajectory,4,49,15.1954,0,5.00969909094808,57.917630231175636
boundary_trajectory,4,50,13.095,0,3.05496291810065,41.74377723274838
boundary_trajectory,4,51,12.7211,0,4.342486452587125,63.01912217364374
boundary_trajectory,4,52,11.7066,0,3.0530138150659742,32.215944256672934
boundary_trajectory,4,53,13.6897,0,4.537428628940979,36.73008893820957
boundary_trajectory,4,54,11.1234,0,4.536173852936354,44.087897370142635
boundary_trajectory,4,55,10.6265,0,4.312690023294117,46.321904522463704
boundary_trajectory,4,56,14.2016,0,3.4922533983102317,71.54311624573135
boundary_trajectory,4,57,12.4719,0,4.477176644897805,48.07576231490562
boundary_trajectory,4,58,10.8866,0,5.561552359502993,71.09533847752807
boundary_trajectory,4,59,11.0913,0,3.769152382657578,35.56829005465093
boundary_trajectory,4,60,14.2484,0,4.591706040886952,36.760286578915036
boundary_trajectory,4,61,12.7214,0,3.7593229171191744,46.74624300152583
boundary_trajectory,4,62,11.3151,0,5.69346616440466,31.204113764698405
boundary_trajectory,4,63,11.1979,0,4.760084197368083,52.38518741314388
boundary_trajectory,4,64,13.5271,0,4.058884785894332,54.749096074782344
boundary_trajectory,4,65,12.3881,0,4.211181914134749,30.095042754192583
boundary_trajectory,4,66,12.1261,0,4.435439471089539,89.72556411501682
boundary_trajectory,4,67,11.9075,0,4.271186979800401,48.03724823754688
boundary_trajectory,4,68,11.7416,0,3.7778650047431683,53.38443658350168
boundary_trajectory,4,69,12.4248,0,3.3004136380226807,46.236844617460285
boundary_trajectory,4,70,12.2145,0,4.80569529284429,79.30566996017738
boundary_trajectory,4,71,16.2335,0,5.205502428966014,46.34725442903403
boundary_trajectory,4,72,13.1409,0,4.614518401671693,59.01615985968986
boundary_trajectory,4,73,11.4288,0,4.355922199113925,46.86224441902518
boundary_trajectory,4,74,10.9677,0,7.429099584631314,47.35550388155805
boundary_trajectory,4,75,11.0194,0,4.296787765183289,50.15143884563597
boundary_trajectory,4,76,12.6955,0,4.983832931096087,62.88047917897297
boundary_trajectory,4,77,10.7986,0,7.28377161804542,88.69861223549397
boundary_trajectory,4,78,12.4836,0,4.983704627931969,76.01910159045323
boundary_trajectory,4,79,11.6069,0,6.582363932147858,63.663677943526366
boundary_trajectory,4,80,14.8876,0,4.505269142414339,30.512747928416054
boundary_trajectory,4,81,11.5719,0,4.0072920315235105,53.748595723266774
boundary_trajectory,4,82,10.9156,0,5.7602638712396566,45.08955919892309
boundary_trajectory,4,83,11.1134,0,4.210278194320828,77.13412067865339
boundary_trajectory,4,84,11.1479,0,6.806574256260242,108.12304253624878
boundary_trajectory,4,85,11.1371,0,5.678081228006406,86.79309693148326
boundary_trajectory,4,86,11.5686,0,5.038090597560598,78.50728949284274
boundary_trajectory,4,87,13.8027,0,4.677634386436057,61.29443189229357
boundary_trajectory,4,88,12.338,0,7.390476389855908,75.653934658391
boundary_trajectory,4,89,13.513,0,3.79732106755746,74.16890920285532
boundary_trajectory,4,90,13.3861,0,7.4050445969880645,63.17599215810141
boundary_trajectory,4,91,11.0237,0,5.857532792580994,75.96703826597584
boundary_trajectory,4,92,12.3377,0,4.616066151213297,40.73747457438489
boundary_trajectory,4,93,12.4209,0,5.146135013126787,100.55032308251623
boundary_trajectory,4,94,11.524,0,6.6105095672207215,52.41035218631266
boundary_trajectory,4,95,11.0051,0,3.230526277898355,46.67739145732438
boundary_trajectory,4,96,10.7964,0,7.576585181697887,56.29010725186457
boundary_trajectory,4,97,10.9036,0,4.091285965729191,39.144185582797824
boundary_trajectory,4,98,11.3301,0,4.482194017713651,65.79473017398129
boundary_trajectory,4,99,15.0808,0,5.142459765277674,80.49261026604502
boundary_trajectory,4,100,12.356,0,4.063336290324848,38.245502315172416
boundary_trajectory,4,101,12.6924,0,4.61136579855013,37.21898733796841
boundary_trajectory,4,102,15.1036,0,4.622485796453953,75.35427722851173
boundary_trajectory,4,103,12.6755,0,4.296734720241819,71.16701723546429
boundary_trajectory,4,104,12.9862,0,5.389945695108508,43.73784033148921
boundary_trajectory,4,105,10.569,0,4.444241658542239,46.23924856449809
boundary_trajectory,4,106,11.943,0,2.9152173956615774,32.08144239820877
boundary_trajectory,4,107,12.0242,0,3.4701288186703843,33.9289084355932
boundary_trajectory,4,108,10.9865,0,5.4316243435060905,49.95061244707414
boundary_trajectory,4,109,10.329,0,4.649664274676518,41.30025567821071
boundary_trajectory,4,110,10.5475,0,4.917654352670036,76.93208722426199
boundary_trajectory,4,111,10.6924,0,4.605965802141652,69.90745396038889
boundary_trajectory,4,112,11.1348,0,4.529996177648174,47.80552339644567
boundary_trajectory,4,113,10.4155,0,7.7174859428452045,93.73548949943434
boundary_trajectory,4,114,10.3915,0,4.712602546740697,29.07100415608074
boundary_trajectory,4,115,10.279,0,3.717677949644076,39.86703263632998
boundary_trajectory,4,116,10.5767,0,3.9149804531871673,53.042009052992164
boundary_trajectory,4,117,10.5752,0,8.420409997415167,86.6699557958879
boundary_trajectory,4,118,10.5438,0,4.243438915682591,43.42241411109068
boundary_trajectory,4,119,10.8334,0,5.577815766861732,77.28678330803088
boundary_trajectory,4,120,11.1375,0,6.632536064977116,66.15706737862263
boundary_trajectory,4,121,10.592,0,3.7554679063735388,53.517960034649406
boundary_trajectory,4,122,10.6131,0,8.464852112384367,75.52432831309294
boundary_trajectory,4,123,10.2728,0,8.495927300817227,77.25340711350157
boundary_trajectory,4,124,10.5517,0,2.662498829871611,28.158193781629695
boundary_trajectory,4,125,10.7918,0,6.726674960369448,104.21003634004823
boundary_trajectory,4,126,11.0629,0,3.827772092127073,35.72026915619152
boundary_trajectory,4,127,10.7857,0,3.7876502928068874,40.27162958798207
boundary_trajectory,8,0,20.9741,0,4.7149595810461085,44.71257781756185
boundary_trajectory,8,1,20.3116,0,7.317492385221918,45.31465341333907
boundary_trajectory,8,2,20.4128,0,2.5885270495878414,14.074386128020231
boundary_trajectory,8,3,19.9856,0,4.746572996136403,50.078049414565335
boundary_trajectory,8,4,20.0795,0,2.98157687028008,18.347216080183347
boundary_trajectory,8,5,23.9488,0,4.1468518747704595,26.256468089569918
boundary_trajectory,8,6,27.4205,0,5.450064234192688,18.615134025796763
boundary_trajectory,8,7,21.5121,0,3.870310189754733,22.726204137372154
boundary_trajectory,8,8,20.1243,0,2.888466583168802,21.445241869319997
boundary_trajectory,8,9,25.3863,0,4.836631142963903,86.05096218743446
boundary_trajectory,8,10,24.7983,0,2.8476559163705235,19.577038974512334
boundary_trajectory,8,11,20.3603,0,2.4541982947333287,14.333037252821034
boundary_trajectory,8,12,25.0127,0,4.590295900366607,20.60189806078216
boundary_trajectory,8,13,26.3254,0,2.1105026780495835,13.882202852290655
boundary_trajectory,8,14,23.4071,0,7.660691188554194,47.85978491899125
boundary_trajectory,8,15,24.2389,0,4.582031250504704,34.88084909694718
boundary_trajectory,8,16,23.0739,0,5.9495976206911285,48.287362676198924
boundary_trajectory,8,17,20.831,0,4.867430642101353,34.21173633317572
boundary_trajectory,8,18,25.1787,0,3.307805973151125,17.737502344238415
boundary_trajectory,8,19,20.071,0,3.4449232170119557,46.93684250567032
boundary_trajectory,8,20,27.7535,0,2.5574633386504226,15.26520564335003
boundary_trajectory,8,21,20.9109,0,4.6553022573444425,29.51110203983071
boundary_trajectory,8,22,19.8624,0,3.0101737380078633,31.22801140995013
boundary_trajectory,8,23,20.2473,0,3.548799020868811,33.36184813243682
boundary_trajectory,8,24,19.7654,0,2.5657235689925493,13.959759314831663
boundary_trajectory,8,25,20.4026,0,2.9665924305752345,15.478964003300623
boundary_trajectory,8,26,20.4011,0,3.8815432643721004,55.425411979140726
boundary_trajectory,8,27,20.6001,0,2.1942879029669875,18.0214760985206
boundary_trajectory,8,28,20.6233,0,3.4782159649119975,29.219424545089076
boundary_trajectory,8,29,21.0325,0,4.273798407481069,32.13726582111098
boundary_trajectory,8,30,23.2236,0,3.388421486448374,23.35857427173513
boundary_trajectory,8,31,20.5531,0,2.932032094366336,23.36029189461894
boundary_trajectory,8,32,21.5755,0,7.419778497685455,48.49572016452227
boundary_trajectory,8,33,20.0274,0,4.4533622648499165,37.355400632285615
boundary_trajectory,8,34,25.4744,0,3.949463836427217,33.66956260224308
boundary_trajectory,8,35,21.2941,0,6.098595127789856,58.58268808958277
boundary_trajectory,8,36,24.3911,0,4.8482019714306395,31.881457301698337
boundary_trajectory,8,37,24.0264,0,2.941358735462307,26.606085272860163
boundary_trajectory,8,38,23.6601,0,3.638511412712896,42.1797839964682
boundary_trajectory,8,39,25.4861,0,4.952708638079755,36.67634938572934
boundary_trajectory,8,40,24.913,0,5.955572416272961,43.96229700068103
boundary_trajectory,8,41,26.0849,0,2.9281961670348475,19.920761342989646
boundary_trajectory,8,42,24.8128,0,4.095525712097357,22.109787811147545
boundary_trajectory,8,43,23.0075,0,3.829000422902936,28.898274755352187
boundary_trajectory,8,44,26.2108,0,3.286837745588807,22.825604396160912
boundary_trajectory,8,45,21.299,0,6.643004010383475,63.219577994832555
boundary_trajectory,8,46,24.5258,0,4.865765816690874,54.913272699387115
boundary_trajectory,8,47,25.952,0,8.584080234552273,69.72496870289129
boundary_trajectory,8,48,28.0608,0,4.8146537410815,34.27666150059003
boundary_trajectory,8,49,25.4286,0,5.360386757940178,45.71799104793163
boundary_trajectory,8,50,20.7691,0,2.226911870644265,17.029174281909174
boundary_trajectory,8,51,20.5958,0,3.226594834023367,25.11474170297973
boundary_trajectory,8,52,20.6159,0,2.716293444139984,18.13154287347841
boundary_trajectory,8,53,25.3247,0,3.452913275827283,21.992504233983684
boundary_trajectory,8,54,20.7486,0,4.226315037731513,23.380831243207194
boundary_trajectory,8,55,24.4297,0,3.7531294263849735,18.826382129769694
boundary_trajectory,8,56,23.6916,0,3.097696794407597,37.42664250075311
boundary_trajectory,8,57,21.3547,0,4.051002061966101,23.347465882833532
boundary_trajectory,8,58,22.8801,0,3.832069315754674,29.232488241238162
boundary_trajectory,8,59,22.1011,0,1.957791289847864,16.6335209420157
boundary_trajectory,8,60,25.5014,0,4.529051982963462,37.10221171337781
boundary_trajectory,8,61,22.3726,0,2.95799312654314,18.167582441476334
boundary_trajectory,8,62,22.3737,0,5.475681644666326,25.56990739529014
boundary_trajectory,8,63,26.1285,0,4.139259749863302,27.460685977001383
boundary_trajectory,8,64,22.8676,0,3.1933931324860554,20.42534953151904
boundary_trajectory,8,65,21.2616,0,4.443834841071655,26.870398719971043
boundary_trajectory,8,66,21.9396,0,4.261434443886027,56.15696800231167
boundary_trajectory,8,67,20.2804,0,4.503820464979745,30.498808933965407
boundary_trajectory,8,68,23.8036,0,3.8090584561162575,47.33137776268779
boundary_trajectory,8,69,22.8536,0,2.7034422971436394,22.16617053922938
boundary_trajectory,8,70,28.4412,0,4.713364819060126,41.8228542199313
boundary_trajectory,8,71,25.5373,0,4.351223162541481,24.91995796056048
boundary_trajectory,8,72,23.3802,0,3.9947327823435717,30.514680087367662
boundary_trajectory,8,73,23.9195,0,3.8451998694520264,34.3285468702621
boundary_trajectory,8,74,21.5236,0,7.199468189351309,41.65256519129259
boundary_trajectory,8,75,20.8063,0,4.325206972870907,35.785482462509464
boundary_trajectory,8,76,27.2326,0,3.5058111717401457,28.106329293128084
boundary_trajectory,8,77,24.1707,0,7.10551885143453,58.78281956136313
boundary_trajectory,8,78,20.1944,0,3.467316579815993,30.998202007875182
boundary_trajectory,8,79,27.3007,0,5.971713950961907,26.87356708559699
boundary_trajectory,8,80,24.9168,0,4.734834564830277,30.969823914162564
boundary_trajectory,8,81,21.0617,0,2.9640123656714685,31.086515468094348
boundary_trajectory,8,82,22.1392,0,5.93601365483322,32.29134165594684
boundary_trajectory,8,83,21.7408,0,4.228368369600562,37.1982508083365
boundary_trajectory,8,84,28.3702,0,4.058455175120187,41.479430340495234
boundary_trajectory,8,85,22.3797,0,4.387140191315724,34.9905844485826
boundary_trajectory,8,86,21.0746,0,3.7117389257463396,38.641383447745966
boundary_trajectory,8,87,19.9197,0,4.5367928294768864,25.80278964161345
boundary_trajectory,8,88,19.8732,0,7.15296897394866,56.633296085347894
boundary_trajectory,8,89,27.8688,0,3.060505783641335,26.15112215149928
boundary_trajectory,8,90,20.8139,0,6.671078938909509,29.645547457887243
boundary_trajectory,8,91,24.8773,0,3.6975451176512903,31.755363205547017
boundary_trajectory,8,92,19.9389,0,3.9267413854270026,22.464423336085567
boundary_trajectory,8,93,20.1269,0,3.5163518716109814,46.67332714399166
boundary_trajectory,8,94,28.3209,0,5.6176841736118,26.598039826684598
boundary_trajectory,8,95,23.6108,0,3.0242086420499676,32.8239075077436
boundary_trajectory,8,96,20.0416,0,8.075361373801556,58.57380060849977
boundary_trajectory,8,97,23.7492,0,4.143281530457331,31.294857418565773
boundary_trajectory,8,98,21.4177,0,3.048945739331311,31.081659352951498
boundary_trajectory,8,99,20.4359,0,4.559246923406534,35.135590816660724
boundary_trajectory,8,100,19.7129,0,3.42562028123783,27.459465549508558
boundary_trajectory,8,101,20.2211,0,3.82764733001617,12.11269299658037
boundary_trajectory,8,102,23.9417,0,3.13255747034376,35.60638798975419
boundary_trajectory,8,103,20.9295,0,3.74146122846309,49.359922473407956
boundary_trajectory,8,104,20.3765,0,5.684404048787562,41.90508498414903
boundary_trajectory,8,105,20.6581,0,4.704360456261276,29.484228935283515
boundary_trajectory,8,106,19.7109,0,2.661946495953054,24.403096490743177
boundary_trajectory,8,107,19.6156,0,3.335090578663935,16.713461181952706
boundary_trajectory,8,108,19.5323,0,4.371510857918833,26.02994960708465
boundary_trajectory,8,109,20.1649,0,4.735572635637723,40.57186865171177
boundary_trajectory,8,110,23.5855,0,3.7379861639870824,46.93796383341395
boundary_trajectory,8,111,20.1403,0,3.8639207968801634,28.589154125540063
boundary_trajectory,8,112,20.9985,0,4.64129258445415,21.369749631403923
boundary_trajectory,8,113,20.7397,0,7.091494746687002,72.87545428344343
boundary_trajectory,8,114,23.0004,0,5.038648323178349,27.522001667022444
boundary_trajectory,8,115,20.1521,0,3.2591561012381676,24.067801188554746
boundary_trajectory,8,116,21.4887,0,3.9638782591867634,40.475505420752356
boundary_trajectory,8,117,20.1783,0,8.581179673109991,55.782100926345564
boundary_trajectory,8,118,20.2217,0,3.3603052371960764,16.896453856151933
boundary_trajectory,8,119,19.8929,0,5.340487368005468,40.19303414691639
boundary_trajectory,8,120,20.8957,0,6.083917755207043,44.51971813260655
boundary_trajectory,8,121,22.114,0,3.5604815534063374,21.60016448250013
boundary_trajectory,8,122,20.0838,0,7.5555662941086394,50.272775223162256
boundary_trajectory,8,123,21.6095,0,8.316312488559245,73.44919020280291
boundary_trajectory,8,124,24.7141,0,1.9668259568385076,15.461698786565496
boundary_trajectory,8,125,22.7617,0,6.865690023363696,41.81808984304322
boundary_trajectory,8,126,22.4456,0,3.313127337735045,24.637868463697743
boundary_trajectory,8,127,22.1807,0,3.564110371914509,35.422418175344944
boundary_trajectory,16,0,46.7701,0,4.470462873848917,42.21493638982064
boundary_trajectory,16,1,46.7276,0,7.369722840929345,44.77014720741181
boundary_trajectory,16,2,46.2158,0,2.230657878655226,10.3747704791551
boundary_trajectory,16,3,50.2272,0,4.589555875379111,45.02374924756032
boundary_trajectory,16,4,46.6579,0,3.069968442313903,13.168094311233265
boundary_trajectory,16,5,44.6519,0,3.841118662679747,18.902679811104047
boundary_trajectory,16,6,44.3594,0,5.480741771349769,18.421795606224578
boundary_trajectory,16,7,41.9773,0,3.6656119616061735,23.01605028008754
boundary_trajectory,16,8,42.7703,0,2.85336976248252,15.329737361542136
boundary_trajectory,16,9,40.9587,0,4.795548745556887,86.2166195035089
boundary_trajectory,16,10,52.2438,0,2.7882440231529446,17.216086619052763
boundary_trajectory,16,11,43.3093,0,2.3054453462080646,10.938301438523492
boundary_trajectory,16,12,39.8528,0,4.634738086617546,20.1281100558353
boundary_trajectory,16,13,51.6298,0,2.121740528456719,9.394257393382548
boundary_trajectory,16,14,45.8403,0,7.676863379250087,43.160984802728265
boundary_trajectory,16,15,40.2338,0,4.475314107802602,32.662135775257106
boundary_trajectory,16,16,44.8876,0,5.926655665757097,44.57349935584126
boundary_trajectory,16,17,42.0332,0,4.903720198436639,26.528395602752433
boundary_trajectory,16,18,41.823,0,2.941983872042617,13.610122824902376
boundary_trajectory,16,19,44.1602,0,3.350199766149285,46.0766985349703
boundary_trajectory,16,20,42.3336,0,2.560420016188317,13.774582407400114
boundary_trajectory,16,21,44.8878,0,4.521934968514126,26.341794098566787
boundary_trajectory,16,22,41.0004,0,2.9085827650234446,25.935574747194913
boundary_trajectory,16,23,46.5852,0,3.360645786853511,24.569062502512715
boundary_trajectory,16,24,42.4129,0,2.321295909937659,10.457393900798673
boundary_trajectory,16,25,45.7119,0,2.8643352066569996,12.052966560484245
boundary_trajectory,16,26,50.6734,0,4.010191794830439,58.03712205856317
boundary_trajectory,16,27,44.5184,0,2.0047750124366583,10.86909739868564
boundary_trajectory,16,28,42.8738,0,3.1236955136604667,20.13048494457166
boundary_trajectory,16,29,51.3345,0,4.28261591780634,20.912346453449352
boundary_trajectory,16,30,51.247,0,3.457463457353244,20.232912323717972
boundary_trajectory,16,31,53.6583,0,2.421412027501203,13.475391668503194
boundary_trajectory,16,32,48.0919,0,7.297849715976194,31.26369347121589
boundary_trajectory,16,33,47.6157,0,4.403691688827344,33.86010405493326
boundary_trajectory,16,34,43.4785,0,4.0254302363138965,29.27397512645782
boundary_trajectory,16,35,43.0441,0,5.960242878115981,54.3628059060395
boundary_trajectory,16,36,51.4379,0,4.808861710149652,27.062322402838838
boundary_trajectory,16,37,57.8369,0,2.885694309774405,16.340383170888682
boundary_trajectory,16,38,57.8602,0,3.6501087453256043,41.72150349098311
boundary_trajectory,16,39,64.9963,0,5.0938870961882445,32.20335926505296
boundary_trajectory,16,40,49.2133,0,5.891340870700259,43.10557013778679
boundary_trajectory,16,41,45.7212,0,2.8683349131919833,18.51954347210874
boundary_trajectory,16,42,47.5043,0,3.7982316737077566,13.470319956428254
boundary_trajectory,16,43,47.7192,0,3.6666348930111106,28.36709596261216
boundary_trajectory,16,44,44.7805,0,3.286142212590379,14.156949031922506
boundary_trajectory,16,45,49.7693,0,6.687593369980173,64.37403338094248
boundary_trajectory,16,46,43.5172,0,4.924827428023218,54.13208864954375
boundary_trajectory,16,47,43.4164,0,8.364784586510861,69.52228263848987
boundary_trajectory,16,48,44.0565,0,4.834595337084248,28.695665163344856
boundary_trajectory,16,49,43.8407,0,5.550149106254352,42.18966902481031
boundary_trajectory,16,50,46.354,0,1.985322074521095,10.62865565398339
boundary_trajectory,16,51,52.0818,0,2.9911466313591086,15.259104578298963
boundary_trajectory,16,52,51.8251,0,2.657448798900837,15.0737953884212
boundary_trajectory,16,53,46.9163,0,3.4862361914066127,22.33970617688785
boundary_trajectory,16,54,42.8094,0,4.163267468453031,21.714153416303326
boundary_trajectory,16,55,41.5307,0,3.647495140024588,12.514421565620296
boundary_trajectory,16,56,39.8964,0,2.967626619879697,30.990587280228933
boundary_trajectory,16,57,39.6811,0,4.194113647097759,25.375913064967683
boundary_trajectory,16,58,39.5868,0,3.8054182163635746,15.443250640139174
boundary_trajectory,16,59,46.6215,0,1.7983062227304267,12.58826686573557
boundary_trajectory,16,60,40.2783,0,4.564801165712572,36.44021458844635
boundary_trajectory,16,61,39.1419,0,2.8379069082771977,14.127895732229526
boundary_trajectory,16,62,43.564,0,5.423789308429588,24.277319075627606
boundary_trajectory,16,63,65.4331,0,4.291641839714774,19.956530776976074
boundary_trajectory,16,64,43.0527,0,3.0561048116040053,14.771635843916735
boundary_trajectory,16,65,42.6086,0,4.5266755739405955,27.229525990359175
boundary_trajectory,16,66,41.4049,0,4.1564991109407705,48.31596074944867
boundary_trajectory,16,67,44.4553,0,4.639953833526034,31.323818322615995
boundary_trajectory,16,68,41.0137,0,3.8141305073751908,45.60631844414975
boundary_trajectory,16,69,40.7878,0,2.522666129263215,19.143594810990866
boundary_trajectory,16,70,42.6392,0,4.797710864276682,32.888037221077845
boundary_trajectory,16,71,46.8847,0,4.136444826918673,14.898631020501444
boundary_trajectory,16,72,39.94,0,3.923190851463009,22.51418222338073
boundary_trajectory,16,73,41.9683,0,3.8474179935893082,31.99441799837894
boundary_trajectory,16,74,40.7872,0,7.177394555667681,40.48451093729875
boundary_trajectory,16,75,47.1482,0,4.43310348368736,36.2669437557022
boundary_trajectory,16,76,40.1806,0,3.155813126810179,16.550356067976207
boundary_trajectory,16,77,43.7184,0,7.173959631257303,56.75139313726925
boundary_trajectory,16,78,47.3212,0,3.4289610601147493,26.391105842413964
boundary_trajectory,16,79,42.8467,0,5.893978636475558,25.859556778000712
boundary_trajectory,16,80,45.4527,0,4.713657921714847,29.989701438983396
boundary_trajectory,16,81,46.1074,0,2.8828119395465746,27.86105519048716
boundary_trajectory,16,82,44.553,0,6.135109345619118,33.389022246924135
boundary_trajectory,16,83,46.6937,0,4.241034848202005,26.812008915525293
boundary_trajectory,16,84,40.3483,0,3.991608176526949,28.208242593638943
boundary_trajectory,16,85,45.0661,0,4.135540299468773,19.668061868711604
boundary_trajectory,16,86,44.6707,0,3.7675879432861525,26.203698580011107
boundary_trajectory,16,87,39.2774,0,4.533214988053519,15.377345110714169
boundary_trajectory,16,88,43.9709,0,7.181976727810423,54.87272423918727
boundary_trajectory,16,89,46.1693,0,3.1868107834554698,17.77652295487136
boundary_trajectory,16,90,39.8874,0,6.499014943900971,26.791263681689607
boundary_trajectory,16,91,42.8641,0,3.55440573858091,18.17774890066128
boundary_trajectory,16,92,46.8053,0,3.8998295876131777,21.03364431660686
boundary_trajectory,16,93,46.4941,0,3.4170228816043826,29.03436767061623
boundary_trajectory,16,94,45.3064,0,5.406341387418272,21.406410847008264
boundary_trajectory,16,95,53.2971,0,2.9978295663213785,30.56608797243269
boundary_trajectory,16,96,46.7868,0,8.059074385136311,58.78522539266075
boundary_trajectory,16,97,39.3403,0,4.166394661047261,29.833341181457744
boundary_trajectory,16,98,39.2502,0,2.815343316345014,25.21996553562261
boundary_trajectory,16,99,39.7579,0,4.386011496813206,25.010087270459845
boundary_trajectory,16,100,39.542,0,3.1557534655795227,22.885633494160192
boundary_trajectory,16,101,38.4664,0,3.742713387269241,9.775694345615968
boundary_trajectory,16,102,40.3878,0,3.074406526671052,26.77192922353134
boundary_trajectory,16,103,45.2496,0,3.755496321629394,44.27496311363531
boundary_trajectory,16,104,40.1165,0,5.783960111806434,41.91211681157426
boundary_trajectory,16,105,40.536,0,4.69065663738574,26.661098836457374
boundary_trajectory,16,106,41.0205,0,2.6291198079466436,23.795216880313514
boundary_trajectory,16,107,43.6235,0,3.352547450536037,13.573526867197792
boundary_trajectory,16,108,42.5704,0,4.151805751437884,21.377109570534046
boundary_trajectory,16,109,41.636,0,4.743605566952945,40.73244705908167
boundary_trajectory,16,110,39.5253,0,3.6206270633160225,41.00113471285547
boundary_trajectory,16,111,40.4668,0,3.8856460919888662,22.235681998199706
boundary_trajectory,16,112,39.9457,0,4.802295516104744,18.03663711387708
boundary_trajectory,16,113,41.4886,0,7.159064413880193,72.20142414362563
boundary_trajectory,16,114,43.9158,0,5.087172811876147,27.004798683052158
boundary_trajectory,16,115,44.1892,0,3.3193487192913165,21.955442658996077
boundary_trajectory,16,116,39.5838,0,4.016879330088212,37.19777198709304
boundary_trajectory,16,117,41.2399,0,8.803097588100258,57.304625191668286
boundary_trajectory,16,118,44.4764,0,3.2218010534682784,14.541615321549342
boundary_trajectory,16,119,40.9354,0,5.383159716284851,40.458636597321565
boundary_trajectory,16,120,41.7881,0,5.9810734076647725,41.6088694412424
boundary_trajectory,16,121,38.2419,0,3.5208465083858296,17.23586460595464
boundary_trajectory,16,122,42.2761,0,7.338715447314619,43.37889280073692
boundary_trajectory,16,123,43.7245,0,8.285636719638896,73.6076032368693
boundary_trajectory,16,124,40.4693,0,1.786002599376913,12.379473071675376
boundary_trajectory,16,125,40.7772,0,6.934069119657479,39.001670286415944
boundary_trajectory,16,126,40.4376,0,3.272758325698945,20.493879875963295
boundary_trajectory,16,127,40.1009,0,3.4687171566952912,32.910648203926215
projected_velocity,1,0,3.004,0,1.3714556240697562,8.136415826198904
projected_velocity,1,1,3.0093,0,1.6229719447793367,11.02649205623951
projected_velocity,1,2,3.0169,0,1.2513022143738286,6.589120003360336
projected_velocity,1,3,2.912,0,1.3128506838518565,7.827059204678997
projected_velocity,1,4,3.4643,0,1.2964600054891022,7.206205808263885
projected_velocity,1,5,2.9016,0,1.307300353921006,6.848000309758758
projected_velocity,1,6,3.0337,0,1.2823776379551424,8.442319425454155
projected_velocity,1,7,3.0623,0,1.1527502411792165,7.798733381310466
projected_velocity,1,8,4.1143,0,1.147185717589171,7.631422666220798
projected_velocity,1,9,4.2336,0,1.5153198657677687,10.505324447696047
projected_velocity,1,10,5.4693,0,1.005959831375371,6.938632010308171
projected_velocity,1,11,5.253,0,1.0816171176862808,6.2210977611753115
projected_velocity,1,12,3.7101,0,1.1674723412766326,9.816263079367328
projected_velocity,1,13,3.5503,0,1.183342578440943,6.99640026808851
projected_velocity,1,14,3.6089,0,1.4975626788746332,10.232848709808533
projected_velocity,1,15,3.5904,0,1.2104725497822706,7.521207778068628
projected_velocity,1,16,4.1978,0,1.3449089240328655,8.264951938869233
projected_velocity,1,17,4.3532,0,1.4308344508392319,11.245751966876185
projected_velocity,1,18,3.1608,0,1.2559374890000925,7.1747310585115915
projected_velocity,1,19,3.247,0,1.155190632532816,11.091558321753414
projected_velocity,1,20,3.4828,0,1.214312093543953,7.048479005216325
projected_velocity,1,21,3.5566,0,1.318417425329005,9.441079898797296
projected_velocity,1,22,3.442,0,1.5201999157730872,9.741415272934896
projected_velocity,1,23,5.0919,0,1.255526108053972,8.901402476014932
projected_velocity,1,24,4.7863,0,1.224566781264916,6.127492831297946
projected_velocity,1,25,4.1855,0,1.1764939797293024,8.6928003446297
projected_velocity,1,26,5.5723,0,1.259338988911507,7.592995421256882
projected_velocity,1,27,3.633,0,1.0861759682441132,6.629422694457533
projected_velocity,1,28,4.1773,0,1.5772854297893517,9.28128085585551
projected_velocity,1,29,4.8527,0,1.4983359832713978,10.969670870766087
projected_velocity,1,30,4.9382,0,1.284341564494989,10.126600378606193
projected_velocity,1,31,4.8888,0,1.1635377987116113,7.786078450633078
projected_velocity,1,32,4.7316,0,1.462575095750075,13.384079783312524
projected_velocity,1,33,4.7119,0,1.174418609384579,7.888906149663067
projected_velocity,1,34,4.0411,0,1.3010042350396447,8.706715220024266
projected_velocity,1,35,3.8777,0,1.469445414232177,16.9308242400339
projected_velocity,1,36,3.8808,0,1.5825261039518423,15.146638344980182
projected_velocity,1,37,3.6762,0,1.3783419611089227,8.920298377412482
projected_velocity,1,38,3.631,0,1.2624385509245795,6.6063084793351035
projected_velocity,1,39,5.0269,0,2.0188923977042808,13.563455191878857
projected_velocity,1,40,4.2678,0,1.3859942870277726,10.77193981800138
projected_velocity,1,41,3.9636,0,1.1927453352743054,8.886263753174811
projected_velocity,1,42,3.7122,0,1.1895522272652277,8.325237487723825
projected_velocity,1,43,5.0184,0,1.3548482827252786,7.62258872533146
projected_velocity,1,44,4.261,0,1.0695670887720183,6.145360360339399
projected_velocity,1,45,4.6408,0,1.7944372674716444,11.065018648299228
projected_velocity,1,46,3.5021,0,1.40607670688524,8.347295287086057
projected_velocity,1,47,3.8308,0,1.448183772685829,8.947179586963344
projected_velocity,1,48,3.7774,0,1.360937037713653,13.126257489891804
projected_velocity,1,49,3.5763,0,1.4537833243612706,8.937130033949968
projected_velocity,1,50,3.936,0,1.081917709373282,6.379453821995683
projected_velocity,1,51,3.5429,0,1.536974133620387,10.890917085793335
projected_velocity,1,52,3.2465,0,1.2505622795880356,6.154152542678564
projected_velocity,1,53,3.0242,0,1.233664610176175,10.804090811023324
projected_velocity,1,54,2.8609,0,1.2406644340115593,10.484592551020533
projected_velocity,1,55,2.8936,0,1.2643665492018363,7.432595131626494
projected_velocity,1,56,3.0426,0,1.418611841342583,8.611392582805856
projected_velocity,1,57,3.0178,0,1.402114836517675,14.96527037154283
projected_velocity,1,58,4.7318,0,1.455728103136635,10.327387018874425
projected_velocity,1,59,3.3102,0,1.2158795974311274,7.1815759594546495
projected_velocity,1,60,3.5814,0,1.3147264122649036,13.650618763385529
projected_velocity,1,61,4.2085,0,1.2135699799773998,6.42869193003173
projected_velocity,1,62,3.7062,0,1.1704647117132874,9.004720159223085
projected_velocity,1,63,2.9541,0,1.3023562780352849,10.829827422175496
projected_velocity,1,64,2.9004,0,1.2111096267534187,6.120825421509611
projected_velocity,1,65,2.8635,0,1.1264139764244465,8.908264715716445
projected_velocity,1,66,3.6934,0,1.3813039918249217,9.651362622768405
projected_velocity,1,67,3.8703,0,1.2908024334620847,9.935299555237528
projected_velocity,1,68,3.3057,0,1.2526912297919548,7.095214051731729
projected_velocity,1,69,3.2907,0,1.427071724397922,7.549371278361942
projected_velocity,1,70,3.1785,0,1.465545190092816,13.754007443177759
projected_velocity,1,71,3.8315,0,1.6655672834340485,7.049550643572608
projected_velocity,1,72,3.3555,0,1.2906219882923697,7.499435825033218
projected_velocity,1,73,3.0519,0,1.3516017821600286,7.059719708602314
projected_velocity,1,74,2.9225,0,1.2769382918653043,6.8926755690759824
projected_velocity,1,75,3.2379,0,1.3314330981181333,10.339049476943098
projected_velocity,1,76,4.0799,0,1.2828825165219322,7.618857464988646
projected_velocity,1,77,3.1258,0,1.5130612119543236,9.465701690820648
projected_velocity,1,78,2.8628,0,1.3237653715424678,8.346640555058286
projected_velocity,1,79,2.9518,0,1.3960247063479239,14.2189586216281
projected_velocity,1,80,3.075,0,1.0105669837793338,6.863103100459983
projected_velocity,1,81,3.6638,0,1.2746946093895604,13.060699816915447
projected_velocity,1,82,4.1542,0,1.3408196119163578,5.326466066319299
projected_velocity,1,83,3.6385,0,1.3206203461105503,6.453473729329087
projected_velocity,1,84,3.2404,0,1.5585950562383097,7.295854882464879
projected_velocity,1,85,4.9337,0,1.7610763229785116,13.222726174865343
projected_velocity,1,86,3.0382,0,1.6135352829344454,12.350034631120035
projected_velocity,1,87,2.9438,0,1.3525290269003467,8.2265137684178
projected_velocity,1,88,3.1389,0,1.6689242365362635,10.847738111914413
projected_velocity,1,89,2.9552,0,1.3177265630208606,15.561232327734782
projected_velocity,1,90,2.7793,0,1.7117292239874242,10.20087704372768
projected_velocity,1,91,2.7612,0,1.4862397445588051,8.364952157640413
projected_velocity,1,92,2.7575,0,1.4270900006572917,7.500099872367795
projected_velocity,1,93,2.9981,0,1.4912317209221468,9.073444197632297
projected_velocity,1,94,2.9004,0,1.4376363436991466,9.506105462314215
projected_velocity,1,95,2.8555,0,1.2877749185861813,9.273639426203909
projected_velocity,1,96,3.2567,0,1.705908557609301,8.139509820721358
projected_velocity,1,97,3.9339,0,1.1799652164374235,6.546956275194634
projected_velocity,1,98,3.5851,0,1.4362690923141654,7.258587362843401
projected_velocity,1,99,2.9645,0,1.478443421666026,9.86893676968841
projected_velocity,1,100,3.5447,0,1.2749631928690863,8.970915332537698
projected_velocity,1,101,2.8457,0,1.2560446286498765,8.99807505640051
projected_velocity,1,102,2.7787,0,1.6064844615380551,9.28308295118065
projected_velocity,1,103,2.7416,0,1.606307838828222,8.983185049204385
projected_velocity,1,104,2.7445,0,1.1246461754431778,6.765888732926659
projected_velocity,1,105,3.0001,0,1.26934203741067,13.98498974025908
projected_velocity,1,106,2.8432,0,1.263888553507138,6.644241477575133
projected_velocity,1,107,2.8489,0,1.2449364619303998,5.548813467564584
projected_velocity,1,108,4.816,0,1.4089757761158814,9.40137125828353
projected_velocity,1,109,3.9024,0,1.2107513343195777,3.4583851199892854
projected_velocity,1,110,3.9986,0,1.6237011400626433,7.6261541934155614
projected_velocity,1,111,4.3582,0,1.468052912589641,9.529108478115399
projected_velocity,1,112,3.2746,0,1.4213482065674146,7.578363772562258
projected_velocity,1,113,2.9741,0,1.637052810753776,11.317510194958356
projected_velocity,1,114,2.9444,0,1.409561396921807,6.461892943066298
projected_velocity,1,115,3.0218,0,1.3285175366478803,8.695222904614768
projected_velocity,1,116,2.9929,0,1.5323110451370303,10.956606464229182
projected_velocity,1,117,4.1567,0,1.3377795970152055,10.161230305952342
projected_velocity,1,118,2.9939,0,1.2381384952256662,5.638392975227578
projected_velocity,1,119,3.0966,0,1.2709566533733236,9.291028449954227
projected_velocity,1,120,3.2179,0,1.4008499967430332,12.632797725359357
projected_velocity,1,121,3.4396,0,1.4765976933304084,12.010917550623674
projected_velocity,1,122,3.0457,0,1.6027576366989118,13.30533194427678
projected_velocity,1,123,3.1447,0,1.3754098974232585,8.171058554439478
projected_velocity,1,124,3.0551,0,1.1563497007171482,9.345481209973864
projected_velocity,1,125,2.8718,0,1.328523728752255,10.736303963950881
projected_velocity,1,126,2.7858,0,1.1170421534247958,8.90993871839722
projected_velocity,1,127,2.7374,0,1.254084811132247,8.798936428029448
projected_velocity,4,0,13.6084,0,1.3100691233244213,3.4482813395284406
projected_velocity,4,1,11.8923,0,1.5893502529970622,3.5895045518629667
projected_velocity,4,2,11.5782,1,1.1527851495003207,1.9353755579518548
projected_velocity,4,3,11.9369,1,1.1702882457517687,2.4361080748609694
projected_velocity,4,4,10.2662,1,1.1036962947390334,1.8288073223722239
projected_velocity,4,5,12.1242,1,1.184155309439029,2.524986707437522
projected_velocity,4,6,10.2064,1,1.076283193602952,1.7875845768989296
projected_velocity,4,7,10.3049,1,1.0239086333387515,1.9732480187382744
projected_velocity,4,8,12.0311,1,1.0829365935260247,2.3287965543231843
projected_velocity,4,9,12.1863,0,1.5977587468499956,7.668909630942346
projected_velocity,4,10,11.8592,1,0.8924371951940819,2.0151792682549425
projected_velocity,4,11,10.1377,1,1.1144521893613921,1.8148859771818409
projected_velocity,4,12,10.923,0,1.1483112186721185,4.090633321496015
projected_velocity,4,13,11.4621,1,1.1948475703472878,1.8729586459607763
projected_velocity,4,14,13.667,1,1.5436021416031656,2.6337975798867475
projected_velocity,4,15,9.9295,1,1.1356209804639388,2.595702735156479
projected_velocity,4,16,12.2936,0,1.4404596240427856,3.2824540946116434
projected_velocity,4,17,12.8082,0,1.4588575082657458,5.977794975934308
projected_velocity,4,18,11.0055,1,1.2251140971707326,2.4683116089512778
projected_velocity,4,19,12.3946,0,1.1033580687310913,3.4992860391156593
projected_velocity,4,20,12.4407,1,0.8645838331549113,2.079642833619487
projected_velocity,4,21,11.9444,1,1.2388762715861834,2.364866924314277
projected_velocity,4,22,12.9413,1,0.9850095512285029,2.0089094524133917
projected_velocity,4,23,12.7793,0,1.180298865714296,3.0739156117202806
projected_velocity,4,24,12.8594,1,0.9681611208621497,1.778970485949379
projected_velocity,4,25,14.0512,0,1.0326449947690315,3.1273621232077504
projected_velocity,4,26,13.4012,1,1.3504070432224269,2.520249071927508
projected_velocity,4,27,13.3279,1,0.9469671481030797,1.8138437656658888
projected_velocity,4,28,11.5333,1,1.4196835526800082,2.405670154639347
projected_velocity,4,29,11.2763,0,1.4308589374804712,5.267035249357797
projected_velocity,4,30,10.4989,0,1.19575436647418,8.106570213734896
projected_velocity,4,31,10.6857,1,1.0058517140840069,2.452736215238506
projected_velocity,4,32,10.2167,0,1.395970314849076,3.6293898381634797
projected_velocity,4,33,10.6189,0,1.0729428517680812,3.0003970653085696
projected_velocity,4,34,11.4987,1,1.1115630932476694,2.143985616677899
projected_velocity,4,35,13.9812,0,1.4753795843830144,3.93789148755576
projected_velocity,4,36,11.9052,0,1.4110827769466747,3.9637068410662617
projected_velocity,4,37,12.7465,1,1.301332725322068,1.526998111333866
projected_velocity,4,38,11.981,1,1.0422347070109172,2.1614619107294297
projected_velocity,4,39,10.2963,0,1.4915011006729935,3.7779674922210313
projected_velocity,4,40,12.012,1,1.1443995917527403,1.915808275482544
projected_velocity,4,41,11.444,1,1.1598775634571503,2.2402312325859337
projected_velocity,4,42,12.6703,1,0.9722142280135281,2.983659497209136
projected_velocity,4,43,11.1273,1,1.2977658842467485,2.5938317606014456
projected_velocity,4,44,11.7712,1,0.982633543274777,2.0567583481680165
projected_velocity,4,45,10.2284,1,1.4811870210762539,2.924946988128878
projected_velocity,4,46,10.0987,1,1.1210220445934693,2.505577580571863
projected_velocity,4,47,10.3932,0,1.338509053895873,3.220522892652166
projected_velocity,4,48,13.6823,0,1.3911774432541975,4.60266911477358
projected_velocity,4,49,10.6661,0,1.4372752668932856,3.465645174746878
projected_velocity,4,50,11.9832,1,0.9507180211503956,1.81683435974476
projected_velocity,4,51,15.8521,0,1.4674171228408297,3.97094649484776
projected_velocity,4,52,10.2207,1,0.9802558966048783,1.7418405813287485
projected_velocity,4,53,12.4424,1,1.0348561033497845,2.8815920868045066
projected_velocity,4,54,12.009,1,1.169894951243014,2.88944355045966
projected_velocity,4,55,14.6757,1,1.106383702938611,2.577564049425942
projected_velocity,4,56,10.6211,1,1.305174007121565,2.7844257511462622
projected_velocity,4,57,10.0043,0,1.1286032227582807,6.748358893417131
projected_velocity,4,58,11.1719,0,1.3449475687129817,3.0122882796182098
projected_velocity,4,59,10.5485,1,0.9673387899815589,1.678799341524746
projected_velocity,4,60,13.112,1,1.182680995695465,2.655172918560642
projected_velocity,4,61,12.862,1,0.9043348210474926,1.7959803495409548
projected_velocity,4,62,15.9532,1,1.1937809260931036,2.0809070321767122
projected_velocity,4,63,13.8218,1,1.2869302416599633,2.859425018329468
projected_velocity,4,64,10.8242,1,1.0920798817169288,2.1610163120688597
projected_velocity,4,65,11.5969,1,1.0028561763273425,2.2641050008184336
projected_velocity,4,66,10.4787,0,1.3734755605525442,6.337839757567259
projected_velocity,4,67,11.5262,0,1.2209341787422692,3.1779074705168577
projected_velocity,4,68,13.989,0,1.1932909304831438,4.143165617700747
projected_velocity,4,69,10.2641,1,1.0165249830997987,1.919687796395563
projected_velocity,4,70,11.6177,0,1.5954329728577414,3.0275237342077834
projected_velocity,4,71,10.7325,1,1.3357418688248481,2.172610002353479
projected_velocity,4,72,13.6825,1,1.1567061783090882,2.2076667339070326
projected_velocity,4,73,10.1347,0,1.3433120690671012,3.4497811362694595
projected_velocity,4,74,9.7773,1,1.2017774991388621,1.5868833817186594
projected_velocity,4,75,10.1024,1,1.2249755324098055,2.7967701046428215
projected_velocity,4,76,10.213,0,1.269417688060919,4.536549058658786
projected_velocity,4,77,14.0323,0,1.3013680828730845,3.577789546645737
projected_velocity,4,78,12.9822,0,1.2452135019536235,3.794283071084436
projected_velocity,4,79,10.2336,0,1.4420842474808537,3.4889121671260397
projected_velocity,4,80,11.7613,1,1.0127328152673922,2.6496253176613838
projected_velocity,4,81,11.2431,0,1.119570783635592,3.75842482794547
projected_velocity,4,82,11.1871,0,1.4027477108231046,3.6082864291515007
projected_velocity,4,83,10.8766,1,1.103375678375207,1.8132887917871006
projected_velocity,4,84,12.182,0,1.5073508140546477,3.324774334949104
projected_velocity,4,85,14.6804,0,1.5568931312204872,4.866758549179477
projected_velocity,4,86,11.3077,0,1.3469611684682523,3.953776076292132
projected_velocity,4,87,12.1423,0,1.3130453588706588,3.263905159896256
projected_velocity,4,88,10.642,0,1.437053378782599,3.85370745080253
projected_velocity,4,89,10.1804,1,1.2423803900840729,2.841833684336677
projected_velocity,4,90,10.4994,1,1.5777318351844927,2.884485732494391
projected_velocity,4,91,11.8618,1,1.4193923862984188,2.958709322804635
projected_velocity,4,92,10.2741,1,1.1843686766241133,2.3078037237723037
projected_velocity,4,93,10.9386,0,1.5049488802787812,3.407250008281998
projected_velocity,4,94,11.0304,0,1.338770492452291,3.2505264088597414
projected_velocity,4,95,10.974,0,1.1771661107044726,3.0929757719338844
projected_velocity,4,96,10.5845,0,1.765350584935568,3.2233448764154495
projected_velocity,4,97,10.7636,1,1.1355853999229852,2.6247607001625988
projected_velocity,4,98,10.4095,1,1.4945194978238974,2.4947604945380695
projected_velocity,4,99,10.8071,1,1.3113009210944224,2.8009069748334587
projected_velocity,4,100,12.0998,1,1.1388745138202092,2.7836084970072226
projected_velocity,4,101,10.6036,1,1.1209193587411037,2.818200224576641
projected_velocity,4,102,10.4619,1,1.5062342696929636,2.409932559975769
projected_velocity,4,103,10.6268,0,1.5261578355259375,4.350373985805095
projected_velocity,4,104,11.2147,1,0.9669252607182607,1.632801325693265
projected_velocity,4,105,13.5063,1,1.2238237920458246,2.8211372721251355
projected_velocity,4,106,10.8659,1,1.041929207937552,2.2014166185945867
projected_velocity,4,107,14.8989,1,1.138238021688008,1.4936313513439763
projected_velocity,4,108,13.4925,1,1.0931830355173988,2.529718864528424
projected_velocity,4,109,12.1653,1,1.3056010832605414,1.9640182408894726
projected_velocity,4,110,12.46,1,1.5792260849929796,2.9398794499788843
projected_velocity,4,111,10.7063,0,1.5206266493699232,3.5688001523164523
projected_velocity,4,112,10.5949,1,1.0787008005704597,1.9246876585579278
projected_velocity,4,113,11.5673,0,1.3826176573343039,3.525397897806073
projected_velocity,4,114,12.8982,1,1.1501689609883536,2.544176299026166
projected_velocity,4,115,11.4685,1,1.2745718586968695,2.211503732805004
projected_velocity,4,116,10.9561,1,1.1453889030913063,2.6469285532395257
projected_velocity,4,117,10.8361,0,1.3693273332028457,5.570616030642836
projected_velocity,4,118,11.6618,1,1.2122306400316571,2.2437461548315385
projected_velocity,4,119,15.1691,1,1.2164108815420063,2.733243451297077
projected_velocity,4,120,11.4848,0,1.2354578328542205,3.657323681931411
projected_velocity,4,121,10.902,0,1.2777417939857634,4.032117696233205
projected_velocity,4,122,10.4994,0,1.576407073970393,4.925366586290534
projected_velocity,4,123,9.9787,0,1.2819096506117098,4.268059636026016
projected_velocity,4,124,10.6017,1,0.8900033904918101,2.5590330049251144
projected_velocity,4,125,10.5243,0,1.4369916289420313,3.3655166377090557
projected_velocity,4,126,9.9768,1,0.8836956983202161,2.460873202023364
projected_velocity,4,127,10.079,1,1.083936863078856,2.4412008366068045
projected_velocity,8,0,18.8501,0,1.313619328791887,3.719956472238371
projected_velocity,8,1,19.1312,1,1.589594430618796,2.8686707978663715
projected_velocity,8,2,19.2421,1,1.1463940185769408,1.5350938355241928
projected_velocity,8,3,20.3563,1,1.1628835447597228,1.64756741532452
projected_velocity,8,4,19.287,1,1.0897661603671789,1.6154441738876895
projected_velocity,8,5,21.16,1,1.1815297288270359,2.338398238321447
projected_velocity,8,6,19.1345,1,1.0746241553956153,1.9505888441149744
projected_velocity,8,7,19.2998,1,1.0277278375671852,2.0291880546924275
projected_velocity,8,8,19.3761,1,1.1030496630007458,2.12895165784377
projected_velocity,8,9,20.0169,0,1.6097152656748894,7.6288604642556805
projected_velocity,8,10,20.0938,1,0.8759322929758351,1.7542931065231746
projected_velocity,8,11,19.569,1,1.1063073901594433,1.4627957798049982
projected_velocity,8,12,19.3006,0,1.1635116570687296,4.0234144278197395
projected_velocity,8,13,19.3065,1,1.19517077283074,1.3210095200235583
projected_velocity,8,14,19.4799,1,1.5455797077981996,2.5877435346611657
projected_velocity,8,15,19.82,1,1.1389615922532983,2.3657703041134117
projected_velocity,8,16,20.303,0,1.4335556612829032,3.1675019623989114
projected_velocity,8,17,21.2587,0,1.4455734772477287,5.600923429524219
projected_velocity,8,18,19.93,1,1.2186577066061506,2.043772895034339
projected_velocity,8,19,19.5443,0,1.1080822914408865,3.358590500092644
projected_velocity,8,20,20.6351,1,0.872001590584881,1.7062219759299246
projected_velocity,8,21,20.7817,1,1.2330747584570703,1.8703081193358342
projected_velocity,8,22,21.317,1,0.97376446853349,1.5586589520853036
projected_velocity,8,23,19.907,1,1.1960097718933145,2.11298883812887
projected_velocity,8,24,20.1562,1,0.9550339393173866,1.3252893289125522
projected_velocity,8,25,19.3159,1,1.0246881308385125,2.4520483097614423
projected_velocity,8,26,19.7608,1,1.3566310034839821,2.5524596936432977
projected_velocity,8,27,19.7539,1,0.9412626598870253,1.6531903482851114
projected_velocity,8,28,19.9741,1,1.4059880426838671,1.9012674921083237
projected_velocity,8,29,19.3966,0,1.4356828915147264,5.000194967021952
projected_velocity,8,30,19.9488,0,1.1948612884521794,8.167097069634604
projected_velocity,8,31,20.364,1,0.993268737225833,1.9294054502519506
projected_velocity,8,32,19.4903,1,1.3910906408667125,2.5406598359284867
projected_velocity,8,33,19.418,1,1.0787144446746328,2.657627690516897
projected_velocity,8,34,19.4873,1,1.101825313299784,2.3318325344363657
projected_velocity,8,35,22.8387,0,1.4731212814939914,3.287990322732303
projected_velocity,8,36,19.8734,0,1.3996913009947778,3.2146516549778164
projected_velocity,8,37,20.4038,1,1.3132130600474212,1.1419657051205871
projected_velocity,8,38,19.5991,1,1.0477368998293066,1.760993900273119
projected_velocity,8,39,20.4109,0,1.4620255834861229,3.5052398171570394
projected_velocity,8,40,20.421,1,1.1416964361073565,1.5903548616288647
projected_velocity,8,41,19.9704,1,1.146095144621103,2.0899077458462334
projected_velocity,8,42,19.8233,0,0.9655972288960374,3.071839162407304
projected_velocity,8,43,21.0616,1,1.2937746739346738,2.8119122450639367
projected_velocity,8,44,20.5932,1,0.9752146575557429,1.911468038644886
projected_velocity,8,45,20.879,1,1.4780242492053843,2.866722928471709
projected_velocity,8,46,19.3916,1,1.1195078791277708,2.1397204726125807
projected_velocity,8,47,19.4647,1,1.3527678706471833,2.5856542050206057
projected_velocity,8,48,19.605,0,1.3801994745754578,3.4735262594712784
projected_velocity,8,49,20.1934,0,1.4373659345859653,3.765293181293359
projected_velocity,8,50,19.4711,1,0.9276456375902007,1.413429275699117
projected_velocity,8,51,20.9557,0,1.478037601156402,3.6886469082384616
projected_velocity,8,52,21.5065,1,0.9880351456350437,1.4012566859147533
projected_velocity,8,53,20.1374,1,1.0355144355660648,2.557523490039616
projected_velocity,8,54,20.5608,1,1.1623736328327694,2.5927877209704735
projected_velocity,8,55,20.423,1,1.1236365697376465,2.5516783748199505
projected_velocity,8,56,20.6528,1,1.321036041140619,2.586248641256524
projected_velocity,8,57,22.8789,0,1.1457914360355372,6.199395742689263
projected_velocity,8,58,22.7425,1,1.3312030283928207,2.373151093102868
projected_velocity,8,59,20.2154,1,0.9624542667926244,1.365728703480643
projected_velocity,8,60,19.7025,1,1.1841763020930949,2.6681298500020407
projected_velocity,8,61,19.2753,1,0.9005108535632653,1.2966392285717423
projected_velocity,8,62,20.832,1,1.1827820908628333,1.4423934638739009
projected_velocity,8,63,22.7074,1,1.2857901849582352,2.1950440629767223
projected_velocity,8,64,20.1569,1,1.0874264478898779,1.7797928503831935
projected_velocity,8,65,21.1292,1,1.0242106303112561,1.5613860263747557
projected_velocity,8,66,20.6864,0,1.3546397040497635,6.131405661451408
projected_velocity,8,67,19.9501,1,1.2119260625321617,2.382777874016392
projected_velocity,8,68,22.0562,0,1.2092697733703457,4.176995768739264
projected_velocity,8,69,23.3009,1,1.0009324574346714,1.4245934982072037
projected_velocity,8,70,19.6568,1,1.5959812002077387,2.3936981579866914
projected_velocity,8,71,21.2314,1,1.3238608186032061,1.625717451188265
projected_velocity,8,72,20.9309,1,1.1679465448083142,2.0089530772468556
projected_velocity,8,73,28.199,1,1.3438579305299445,2.9444986966174183
projected_velocity,8,74,22.0372,1,1.1890239771124356,1.4067089609622152
projected_velocity,8,75,23.8659,1,1.2216490045184456,2.2247015302094764
projected_velocity,8,76,19.8225,0,1.2611073608549377,4.401084851317087
projected_velocity,8,77,20.7756,0,1.2762334488315168,3.2933676929233067
projected_velocity,8,78,26.4144,0,1.2301411950369712,3.7493757731301183
projected_velocity,8,79,21.3664,1,1.4569312648666222,2.5107598101160296
projected_velocity,8,80,20.8967,1,1.0285043205512134,2.5774923195518427
projected_velocity,8,81,21.9927,0,1.1086285464861343,3.124714318568156
projected_velocity,8,82,21.4889,0,1.4046907702466154,3.6959666541644283
projected_velocity,8,83,21.4216,1,1.1118395017497849,1.6850831983800465
projected_velocity,8,84,27.8928,0,1.5013113742420967,3.2796863900979334
projected_velocity,8,85,25.6151,0,1.5467187173280563,4.242440329312322
projected_velocity,8,86,27.4152,0,1.31894784162929,3.7282932419842667
projected_velocity,8,87,28.8401,1,1.2915051174175598,2.756310960968766
projected_velocity,8,88,31.9232,0,1.418468845427245,3.5711127876903213
projected_velocity,8,89,27.8637,1,1.245539166183883,2.157833613443695
projected_velocity,8,90,28.6143,1,1.563811918897394,2.14328629799353
projected_velocity,8,91,25.9319,1,1.4192511998042743,2.8135366840837186
projected_velocity,8,92,25.3366,1,1.1780497963560739,2.07813688951006
projected_velocity,8,93,29.3098,0,1.4907661131729877,3.5687846007661146
projected_velocity,8,94,28.4544,1,1.362510459658482,2.930215645944444
projected_velocity,8,95,26.3568,1,1.175151893114812,2.875097479456806
projected_velocity,8,96,25.2498,0,1.758961291070803,3.1039705855864206
projected_velocity,8,97,26.6205,1,1.1375038036767542,1.7939503423070986
projected_velocity,8,98,25.8201,1,1.4965550814837933,2.5327441951006175
projected_velocity,8,99,32.1599,1,1.3208815395517592,2.8532851095563663
projected_velocity,8,100,23.4363,1,1.1324247064725748,2.2355082975837792
projected_velocity,8,101,24.5471,1,1.1305211003996325,2.7610136829409786
projected_velocity,8,102,23.2289,1,1.4825333214650889,1.6173361745468473
projected_velocity,8,103,22.7484,0,1.5151541158664328,3.7004564391830708
projected_velocity,8,104,20.7512,1,0.9709095403712081,1.2336892169465838
projected_velocity,8,105,20.3573,1,1.1973037092294125,2.355356142268683
projected_velocity,8,106,21.7893,1,1.033470897127797,1.8223620090425376
projected_velocity,8,107,20.4463,1,1.1418926514625938,1.2664532269328024
projected_velocity,8,108,26.9649,1,1.074652661469196,2.0967602452534795
projected_velocity,8,109,26.5981,1,1.3180695296555203,1.9843435712935351
projected_velocity,8,110,22.2896,0,1.5681964944479623,3.3968948486707027
projected_velocity,8,111,24.7643,0,1.5300484602401734,3.1541284255569613
projected_velocity,8,112,27.4183,1,1.0766334364430798,1.673560185270659
projected_velocity,8,113,19.8278,0,1.4003943137860084,3.0477890216828625
projected_velocity,8,114,20.3913,1,1.1633695968224225,2.8360184469448573
projected_velocity,8,115,23.7065,1,1.2483495989569946,1.6446261421690964
projected_velocity,8,116,25.2192,1,1.1467654519779449,2.791570424610843
projected_velocity,8,117,21.1587,0,1.3739544363230425,5.318000196518328
projected_velocity,8,118,20.158,1,1.2154633509531867,1.819718471332902
projected_velocity,8,119,19.3405,1,1.2132606718904333,2.4183193976496447
projected_velocity,8,120,21.6449,0,1.2067220149978917,3.7127067011658403
projected_velocity,8,121,19.5356,0,1.29870603368742,3.355384249722726
projected_velocity,8,122,19.8724,0,1.5882717094579484,5.283048826306589
projected_velocity,8,123,20.394,0,1.273686720862304,4.250637311016081
projected_velocity,8,124,20.8001,1,0.8817241957518978,1.568116366268827
projected_velocity,8,125,20.8972,1,1.4290408040795117,2.5289158800612332
projected_velocity,8,126,19.4464,1,0.885013398217775,2.2259143112960995
projected_velocity,8,127,20.1196,1,1.0935111258635208,2.4041720265850737
projected_velocity,16,0,42.1991,0,1.3206612401467273,3.7756248117029543
projected_velocity,16,1,40.6156,1,1.6004877623716687,2.7423174757692093
projected_velocity,16,2,43.381,1,1.14544705261179,1.424054269185687
projected_velocity,16,3,44.3002,1,1.1704839390052963,1.5187756797681897
projected_velocity,16,4,44.0572,1,1.086913571232078,1.710214836665948
projected_velocity,16,5,63.9915,1,1.1884980230451527,2.244703761013972
projected_velocity,16,6,55.3887,1,1.0774724850168953,1.9734824147018737
projected_velocity,16,7,56.6557,1,1.0330801659625866,2.0245468280844534
projected_velocity,16,8,49.4346,1,1.1177152878769967,2.0669358776719475
projected_velocity,16,9,47.2566,0,1.618825226551225,7.645638327482603
projected_velocity,16,10,39.9668,1,0.8665886637437281,1.7706805593592152
projected_velocity,16,11,44.0647,1,1.1059362513085578,1.3864896478277102
projected_velocity,16,12,41.6984,0,1.171403431535068,4.030259627768429
projected_velocity,16,13,41.2656,1,1.2002105482654688,1.3192878601371156
projected_velocity,16,14,40.1883,1,1.5547532019998742,2.626881727670214
projected_velocity,16,15,42.0259,1,1.1479495975087224,2.2683808230185187
projected_velocity,16,16,45.6052,0,1.437738359186576,3.218490655620905
projected_velocity,16,17,40.1483,0,1.4504666685799843,5.531494036084565
projected_velocity,16,18,45.5794,1,1.2198835318387926,1.9122396524995786
projected_velocity,16,19,44.1826,0,1.111597560061163,3.3384829091107506
projected_velocity,16,20,41.2558,1,0.8692887523409434,1.5845059529273058
projected_velocity,16,21,46.4736,1,1.234534122550366,1.6845304348033392
projected_velocity,16,22,47.1215,1,0.9754231082055271,1.5684966865349994
projected_velocity,16,23,48.9919,1,1.200543955928417,2.019562609365685
projected_velocity,16,24,41.0323,1,0.9510728455629928,1.1875956781077048
projected_velocity,16,25,41.1108,1,1.0244019717421118,2.4883147328581097
projected_velocity,16,26,43.2887,1,1.3605742156479934,2.625360256849399
projected_velocity,16,27,46.9749,1,0.9446224244738219,1.6137846513528025
projected_velocity,16,28,48.2387,1,1.4021360269608625,1.877560035302382
projected_velocity,16,29,38.2558,0,1.4464839795950235,4.831857409325658
projected_velocity,16,30,44.3141,0,1.197016099650412,8.235358342445053
projected_velocity,16,31,39.6261,1,0.9886514228085643,1.69498625124076
projected_velocity,16,32,46.8633,1,1.3971086536203536,2.6277713413902624
projected_velocity,16,33,41.806,1,1.0820095014169375,2.4223630003080454
projected_velocity,16,34,53.8586,1,1.1045328416658653,2.3641350767696907
projected_velocity,16,35,55.35,0,1.4871509921338597,3.1812823443201173
projected_velocity,16,36,48.4212,1,1.3944719913769412,2.9016217117200997
projected_velocity,16,37,43.8555,1,1.3205770489747852,1.1302952742016712
projected_velocity,16,38,39.5976,1,1.055424732560582,1.6282924259718754
projected_velocity,16,39,38.6132,0,1.4622730486434192,3.428737327628525
projected_velocity,16,40,40.1076,1,1.1470673102140418,1.5625065578936377
projected_velocity,16,41,40.2301,1,1.1393346634901675,2.11174752384522
projected_velocity,16,42,40.2852,0,0.965451116466837,3.064860043093611
projected_velocity,16,43,37.9832,1,1.296690958528177,2.8212028806230696
projected_velocity,16,44,39.3203,1,0.971994622221874,2.0431269420690343
projected_velocity,16,45,39.773,0,1.4851950390455,3.0102136875895047
projected_velocity,16,46,42.8383,1,1.1238487798858716,1.9108661947322245
projected_velocity,16,47,39.8957,1,1.3552446571848744,2.4989306306555847
projected_velocity,16,48,44.1215,0,1.383610810039201,3.376548307142214
projected_velocity,16,49,44.9843,0,1.443178153862678,3.8473092704517384
projected_velocity,16,50,40.2257,1,0.9231325050066578,1.2298077988804466
projected_velocity,16,51,39.0469,0,1.4976787558183655,3.5735150743795607
projected_velocity,16,52,40.1617,1,0.9855177473597714,1.2960143147399938
projected_velocity,16,53,40.7747,1,1.0408593078030222,2.4376578411528174
projected_velocity,16,54,41.7533,1,1.165946479038719,2.4594237252452515
projected_velocity,16,55,41.4583,1,1.132754227854012,2.4884724857685385
projected_velocity,16,56,40.1469,1,1.3283467288648712,2.443534722237494
projected_velocity,16,57,39.6583,0,1.15218466759454,6.092770697213455
projected_velocity,16,58,39.8658,1,1.330966634493651,2.2424638547745652
projected_velocity,16,59,39.512,1,0.963735899109441,1.411033288202159
projected_velocity,16,60,42.6846,1,1.1846618994301696,2.65796348694644
projected_velocity,16,61,45.0105,1,0.8958833521071115,1.2065954805652026
projected_velocity,16,62,44.4563,1,1.1816839384627094,1.4781082154303802
projected_velocity,16,63,49.1711,1,1.2855449642898302,2.2236535099654966
projected_velocity,16,64,42.8171,1,1.091445585694066,1.5582627171895143
projected_velocity,16,65,40.0436,1,1.028233001032195,1.4350117152778707
projected_velocity,16,66,48.541,0,1.352551951837687,6.143256551042668
projected_velocity,16,67,46.7624,1,1.2101821388335867,2.421568928514383
projected_velocity,16,68,42.5985,0,1.2166189345372993,4.1800702021415805
projected_velocity,16,69,41.3026,1,1.0045614115691994,1.3782502654344635
projected_velocity,16,70,44.5084,1,1.6023509741273756,2.2363574977376115
projected_velocity,16,71,42.7792,1,1.3372885794936735,1.6152090170961666
projected_velocity,16,72,45.2147,1,1.1767615692476738,1.9535834342495273
projected_velocity,16,73,44.1246,1,1.3505162498997587,2.809001959741017
projected_velocity,16,74,51.7879,1,1.1972490376918787,1.3348679298427075
projected_velocity,16,75,40.9404,1,1.2297443656266553,2.172414834962937
projected_velocity,16,76,47.8153,0,1.2614616614087844,4.388914732521536
projected_velocity,16,77,44.3769,0,1.2743869564451076,3.1675928302868623
projected_velocity,16,78,42.3103,0,1.2292712298309394,3.625330625845867
projected_velocity,16,79,41.4598,1,1.4694083621589273,2.3928802670689624
projected_velocity,16,80,47.229,1,1.0346331955499115,2.5260449356229406
projected_velocity,16,81,45.5972,1,1.102726092805951,2.8116017271664466
projected_velocity,16,82,41.8347,0,1.4087928894593735,3.736659446236054
projected_velocity,16,83,46.1292,1,1.1172282666557207,1.6377648745413784
projected_velocity,16,84,46.2352,0,1.5085382536629852,3.36406097414009
projected_velocity,16,85,41.3918,0,1.5525996225645784,4.017869112756675
projected_velocity,16,86,42.1289,0,1.3145818781595848,3.7230512927415997
projected_velocity,16,87,45.7561,1,1.2902096657920559,2.6584382783942457
projected_velocity,16,88,37.8721,0,1.4251899514689073,3.590944744299956
projected_velocity,16,89,38.2646,1,1.2417778605265721,2.018442458894733
projected_velocity,16,90,40.616,1,1.5689669631639527,2.1003817461929577
projected_velocity,16,91,39.3846,1,1.4197611971805335,2.928682640203997
projected_velocity,16,92,38.1216,1,1.182664662870394,2.1197082273279073
projected_velocity,16,93,40.539,0,1.489611612539246,3.6196641299225725
projected_velocity,16,94,42.3341,1,1.3646978422563516,2.7977339008245985
projected_velocity,16,95,46.3333,1,1.1791810457630525,2.8216637257843247
projected_velocity,16,96,39.2144,0,1.7685033782174537,3.042292399333719
projected_velocity,16,97,42.4928,1,1.136489795989531,1.6690287895791154
projected_velocity,16,98,38.7267,1,1.5021357036710221,2.5426435493678166
projected_velocity,16,99,39.8083,1,1.3344190462050782,2.8942392838374547
projected_velocity,16,100,39.8844,1,1.1356701699961145,2.2446135604903703
projected_velocity,16,101,45.5803,1,1.1373019950613634,2.7349604106955967
projected_velocity,16,102,49.4228,1,1.479802694760224,1.6045624644154124
projected_velocity,16,103,43.4168,0,1.523313010206094,3.577619386433554
projected_velocity,16,104,45.4607,1,0.9690866720200273,1.181071747662328
projected_velocity,16,105,41.4269,1,1.1931893056251595,2.25521171166846
projected_velocity,16,106,44.5319,1,1.0346176015297193,1.7761974446605566
projected_velocity,16,107,38.2562,1,1.1440647568473188,1.2160798664075805
projected_velocity,16,108,38.3871,1,1.0706721332430957,1.9927847688312517
projected_velocity,16,109,39.548,1,1.327894008966477,1.9637373924283745
projected_velocity,16,110,38.129,0,1.5717201638277738,3.732293853010845
projected_velocity,16,111,47.3165,0,1.5362711703336347,3.0933491603980143
projected_velocity,16,112,40.7832,1,1.0843186897894828,1.6475530105170582
projected_velocity,16,113,39.8905,0,1.4073043330774784,3.070671836786183
projected_velocity,16,114,46.5798,1,1.1715224393728463,2.8986477542425373
projected_velocity,16,115,45.2686,1,1.2416648898640799,1.6810256395318335
projected_velocity,16,116,41.2473,1,1.1545746510922186,2.8081340634753014
projected_velocity,16,117,48.9212,0,1.3803187752945367,5.227676006816622
projected_velocity,16,118,49.7131,1,1.2208712014016094,1.697290416558691
projected_velocity,16,119,40.2958,1,1.2118907316207224,2.5117152404701404
projected_velocity,16,120,41.8995,0,1.205301883727608,3.6962414288904752
projected_velocity,16,121,38.8696,0,1.318152835618158,3.1709788126991665
projected_velocity,16,122,41.1486,0,1.5943031284700164,5.4907775561176235
projected_velocity,16,123,41.8438,0,1.2735448449080715,4.260477095088337
projected_velocity,16,124,39.54,1,0.8736579797210317,1.3157589484204384
projected_velocity,16,125,40.9976,1,1.4361707461595024,2.473268867963723
projected_velocity,16,126,39.7593,1,0.8885510277879188,2.1624696610829486
projected_velocity,16,127,42.5006,1,1.099598941095718,2.434421713381654
proposed_safe,1,0,44.5353,1,1.588425322652996,1.9942112062026534
proposed_safe,1,1,49.6506,1,1.8598168460102367,1.9974450656174068
proposed_safe,1,2,48.0893,1,1.2563415283480723,1.9949440580637083
proposed_safe,1,3,55.3885,1,1.263432545438257,1.994563698349814
proposed_safe,1,4,43.9526,1,1.4136192305880664,1.9970792523218055
proposed_safe,1,5,117.8753,1,1.437715416726359,1.9956397436128588
proposed_safe,1,6,44.5606,1,1.372493409194029,1.9972339640981251
proposed_safe,1,7,54.6183,1,1.345176176157763,1.9974689679853144
proposed_safe,1,8,58.3778,1,1.2335736619300972,1.9988979760150787
proposed_safe,1,9,43.5784,1,1.828107494740556,1.9887864812408445
proposed_safe,1,10,43.6297,1,1.0664101618757007,1.9941646572559095
proposed_safe,1,11,109.2521,1,1.2167360911877008,1.999612816202199
proposed_safe,1,12,42.4381,1,1.381116137192301,1.9953145480509178
proposed_safe,1,13,44.2153,1,1.3132555075254453,1.9975149015963913
proposed_safe,1,14,127.9983,1,1.759245508537559,1.9907500660622204
proposed_safe,1,15,46.8012,1,1.3780538741369193,1.9990480291258792
proposed_safe,1,16,49.3947,1,1.787366147783221,1.990451252589156
proposed_safe,1,17,47.41,1,1.6667876452512445,1.9945711258684464
proposed_safe,1,18,52.975,1,1.3294587660604604,1.99838023372565
proposed_safe,1,19,46.4071,1,1.293615213018194,1.9972244620073434
proposed_safe,1,20,52.118,1,1.2212843584800528,1.9999116965739112
proposed_safe,1,21,54.7005,1,1.3679304564264645,1.993371543836865
proposed_safe,1,22,53.0687,1,1.2123763820129903,1.9964064286630183
proposed_safe,1,23,112.7292,1,1.3723781169531368,1.9942444912695894
proposed_safe,1,24,48.1809,1,1.1468433635524977,1.9987939029176027
proposed_safe,1,25,125.7247,1,1.2338428390238725,1.9982411912395917
proposed_safe,1,26,52.1509,1,1.558521996672537,1.9940727644596896
proposed_safe,1,27,52.8066,1,1.2015493452906778,1.9989113363166422
proposed_safe,1,28,48.2621,1,1.5590459601042366,1.9900152147586831
proposed_safe,1,29,57.1125,1,1.7596232333302912,1.9918347223767736
proposed_safe,1,30,61.427,1,1.6851668925048326,1.99742660969788
proposed_safe,1,31,43.8781,1,1.2277997826410814,1.9996224680530483
proposed_safe,1,32,44.353,1,1.596974209745678,1.9977223059010232
proposed_safe,1,33,114.4322,1,1.443471504780522,1.9925883784979392
proposed_safe,1,34,44.6542,1,1.3795020274678154,1.9968532533288215
proposed_safe,1,35,45.7105,1,1.679246401843302,1.9944467163638586
proposed_safe,1,36,54.4649,1,1.5748773205414957,1.9852037189636258
proposed_safe,1,37,47.7892,1,1.496363728715997,1.99539370926597
proposed_safe,1,38,49.5169,1,1.372751315353696,1.9995633311155256
proposed_safe,1,39,48.9455,1,1.671626443579865,1.993397589317552
proposed_safe,1,40,56.2533,1,1.3701851803133482,1.9941053483675577
proposed_safe,1,41,51.8794,1,1.2142743208232167,1.9990004219311222
proposed_safe,1,42,47.4523,1,1.25517980895339,1.9998116463607039
proposed_safe,1,43,48.7323,1,1.5946863973400074,1.9988406995968333
proposed_safe,1,44,46.9781,1,1.2104158602626662,1.993268523091774
proposed_safe,1,45,47.3036,1,1.6572791204165453,1.9995680614915412
proposed_safe,1,46,54.7589,1,1.4565075691034863,1.9962956728925394
proposed_safe,1,47,47.9409,1,1.53325228908855,1.9957855095592671
proposed_safe,1,48,49.7431,1,1.5724042312847584,1.9944349338476277
proposed_safe,1,49,146.7131,1,1.6467439331661722,1.994231484359986
proposed_safe,1,50,56.0654,1,1.250621214916233,1.9966737138996553
proposed_safe,1,51,46.4401,1,1.5855630453547702,1.9972452862358618
proposed_safe,1,52,43.8602,1,1.222550376497281,1.9954987188981157
proposed_safe,1,53,44.6705,1,1.2163146470007202,1.9979921650249717
proposed_safe,1,54,46.0873,1,1.3407689456600755,1.996354945056155
proposed_safe,1,55,113.5223,1,1.3580289437767143,1.9929204958802194
proposed_safe,1,56,46.8878,1,1.5008812220370649,1.9930499970928546
proposed_safe,1,57,45.5997,1,1.2944006082956692,1.9988229147257508
proposed_safe,1,58,46.5894,1,1.473568747881848,1.999908027195951
proposed_safe,1,59,51.5186,1,1.1890446812038673,1.9959759806077932
proposed_safe,1,60,113.1282,1,1.5702941447386933,1.9956552476606508
proposed_safe,1,61,110.1653,1,1.271790529621674,1.993893449581914
proposed_safe,1,62,43.1555,1,1.4562196186512972,1.9968929216169313
proposed_safe,1,63,109.7156,1,1.3020896835298175,1.9974991061007827
proposed_safe,1,64,109.8095,1,1.4424911861874066,1.9938148534077422
proposed_safe,1,65,44.1167,1,1.261868069700532,1.9965531083386094
proposed_safe,1,66,43.4181,1,1.6727362709743616,1.9936557896649916
proposed_safe,1,67,43.7778,1,1.4943531120196376,1.9992664019299022
proposed_safe,1,68,108.655,1,1.5796298360125889,1.9908062009588887
proposed_safe,1,69,45.5099,1,1.324783347469855,1.9997061610954785
proposed_safe,1,70,44.3097,1,1.7197482837948679,1.985520252017199
proposed_safe,1,71,41.7739,1,1.484982211811165,1.9954536917758177
proposed_safe,1,72,44.9625,1,1.4776383142995755,1.991476554374905
proposed_safe,1,73,46.7856,1,1.4299283175414597,1.9973863336538595
proposed_safe,1,74,43.5803,1,1.3703875515510238,1.9988828583868907
proposed_safe,1,75,43.5416,1,1.367571016180773,1.990278377695695
proposed_safe,1,76,46.2559,1,1.603603174317699,1.9960862154222678
proposed_safe,1,77,43.2537,1,1.5753497817366355,1.99863404626258
proposed_safe,1,78,41.7917,1,1.4642805121526736,1.9934084467716104
proposed_safe,1,79,108.7162,1,1.5516984705234929,1.993578871814371
proposed_safe,1,80,49.0794,1,1.3048712668288074,1.994482577653465
proposed_safe,1,81,49.2571,1,1.36510548870264,1.9950434524305318
proposed_safe,1,82,53.3455,1,1.7719276599847338,1.9936666997515504
proposed_safe,1,83,57.9026,1,1.3908391930290636,1.9980012807523353
proposed_safe,1,84,134.4142,1,1.7515842623436564,1.9978801137102302
proposed_safe,1,85,52.7982,1,1.745505033713091,1.9942966969425908
proposed_safe,1,86,43.8083,1,1.6973076599848702,1.9951261796375277
proposed_safe,1,87,42.6619,1,1.5301564439928634,1.995808404296418
proposed_safe,1,88,42.6948,1,1.7442897522822103,1.99251595043934
proposed_safe,1,89,45.3218,1,1.4478867908350803,1.9985776943753029
proposed_safe,1,90,47.2705,1,1.7268144841218556,1.9952169383682785
proposed_safe,1,91,45.2366,1,1.742723146109822,1.9891530014747598
proposed_safe,1,92,122.527,1,1.2421991839471513,1.995677623277324
proposed_safe,1,93,52.2059,1,1.7226400901333028,1.9984239638164298
proposed_safe,1,94,44.3693,1,1.711182395284497,1.9948433597331547
proposed_safe,1,95,45.6398,1,1.4405162773582445,1.995329272216713
proposed_safe,1,96,126.7458,1,1.8918826496073793,1.996159700205596
proposed_safe,1,97,44.2324,1,1.241888664860139,1.9959501603327618
proposed_safe,1,98,45.3047,1,1.6889962137680772,1.9993515783230398
proposed_safe,1,99,116.1432,1,1.6840855095200247,1.9977846293810584
proposed_safe,1,100,48.1197,1,1.2061643388240468,1.9979997298357492
proposed_safe,1,101,47.6237,1,1.3604916000100171,1.9942073504797828
proposed_safe,1,102,45.8877,1,1.5617035589751798,1.9931105243041396
proposed_safe,1,103,42.4068,1,1.9242490449791296,1.9957079764539134
proposed_safe,1,104,43.4754,1,1.0981787689820843,1.9947980300401489
proposed_safe,1,105,42.2848,1,1.3728302910525694,1.9992171498713887
proposed_safe,1,106,42.9168,1,1.3294338736788285,1.9960224069895804
proposed_safe,1,107,43.1809,1,1.2838861570912088,1.9995712500301777
proposed_safe,1,108,109.7964,1,1.4075118270374667,1.9966326540821169
proposed_safe,1,109,105.4629,1,1.5188763723575145,1.9978725197427065
proposed_safe,1,110,43.2046,1,1.7568891929653985,1.990763694644011
proposed_safe,1,111,43.4689,1,1.7029224903381035,1.9937835227994525
proposed_safe,1,112,49.3461,1,1.3548398807415827,1.9993514009590587
proposed_safe,1,113,41.8643,1,1.5244463809812772,1.9921059991968397
proposed_safe,1,114,43.6754,1,1.424553871857749,1.9984003092911806
proposed_safe,1,115,44.9647,1,1.4382024382314873,1.9971899638886867
proposed_safe,1,116,42.7467,1,1.5134776628915452,1.9991806577829145
proposed_safe,1,117,47.0148,1,1.5092479302973447,1.9943940382548169
proposed_safe,1,118,42.7497,1,1.4445239662857872,1.9988812811750798
proposed_safe,1,119,32.7777,1,1.3468534062952207,1.9999435811771684
proposed_safe,1,120,114.4585,1,1.5474587060929021,1.9991286550821858
proposed_safe,1,121,45.5999,1,1.4983549626456172,1.9925783587107606
proposed_safe,1,122,43.1955,1,1.7476880216255157,1.998400179462489
proposed_safe,1,123,43.3813,1,1.5496542696825206,1.9980583128115976
proposed_safe,1,124,42.5397,1,1.2487470047498024,1.9987593110845576
proposed_safe,1,125,42.7571,1,1.546883630273725,1.9973646791720623
proposed_safe,1,126,44.7605,1,1.2167607841992754,1.9986284095161686
proposed_safe,1,127,43.9288,1,1.3559092259139103,1.9966196391149758
proposed_safe,4,0,69.185,1,1.6699659230467139,1.9991054821236347
proposed_safe,4,1,63.1336,1,1.906331585551318,1.9996507420898764
proposed_safe,4,2,65.196,1,1.2118741871900234,1.9994168939804582
proposed_safe,4,3,58.1375,1,1.2573551613813327,1.9986689021711155
proposed_safe,4,4,58.8387,1,1.39675496125605,1.9992231628637647
proposed_safe,4,5,498.8688,1,1.3935365799038566,1.9986531349924819
proposed_safe,4,6,65.4314,1,1.5239881761627185,1.9994299233272315
proposed_safe,4,7,77.9207,1,1.3069911214594385,1.9998469016891356
proposed_safe,4,8,60.5346,1,1.284405619152104,1.9993052119297194
proposed_safe,4,9,58.5173,1,1.8198386745858977,1.9998480071911657
proposed_safe,4,10,62.4692,1,1.0546147176258125,1.9998819695468866
proposed_safe,4,11,289.8153,1,1.182144730209335,1.9993513109527874
proposed_safe,4,12,325.6428,1,1.3614837852658406,1.9999435467288205
proposed_safe,4,13,54.2823,1,1.231465598128173,1.9992211657319094
proposed_safe,4,14,127.4672,1,1.808421926135425,1.9992177864264524
proposed_safe,4,15,53.2105,1,1.4053128301448163,1.9995900239008177
proposed_safe,4,16,123.187,1,1.8032207127448292,1.9988863408601916
proposed_safe,4,17,56.2306,1,1.7224969691182106,1.9985104529404643
proposed_safe,4,18,54.0274,1,1.2910432328606454,1.9990114284903544
proposed_safe,4,19,63.2939,1,1.2874805193370196,1.9998869671121249
proposed_safe,4,20,60.0561,1,1.2101951628396443,1.9999190122757486
proposed_safe,4,21,58.1711,1,1.3708932859190155,1.998780376837612
proposed_safe,4,22,53.785,1,1.236505741823954,1.9997834045527663
proposed_safe,4,23,133.5532,1,1.4225519468381074,1.9999099226234351
proposed_safe,4,24,59.7105,1,1.1187808099590013,1.9996022387739132
proposed_safe,4,25,131.4211,1,1.2632881236633833,1.9990752555064364
proposed_safe,4,26,201.0468,1,1.529763860081013,1.998867603273494
proposed_safe,4,27,549.6599,1,1.1934288118413152,1.9966354352925475
proposed_safe,4,28,60.8991,1,1.581297450522639,1.998763321017047
proposed_safe,4,29,66.3614,1,1.7664647508193787,1.998935429804008
proposed_safe,4,30,60.2844,1,1.8132738877710977,1.9993422404773957
proposed_safe,4,31,62.4271,1,1.238647155622354,1.9989321762673429
proposed_safe,4,32,68.5703,1,1.6294966994076505,1.9972488157294352
proposed_safe,4,33,286.1018,1,1.4408636260067165,1.999728494953663
proposed_safe,4,34,69.878,1,1.3396771795917997,1.9988734942351267
proposed_safe,4,35,81.5851,1,1.6667627980449204,1.9990854695058062
proposed_safe,4,36,61.9578,1,1.6078878746526901,1.9995246567263834
proposed_safe,4,37,57.7934,1,1.573009138436251,1.9991605246771773
proposed_safe,4,38,68.0265,1,1.3356833305109745,1.9995338475125761
proposed_safe,4,39,64.7863,1,1.685684563349849,1.9986820248108101
proposed_safe,4,40,68.9323,1,1.4240438571133787,1.9998861052218813
proposed_safe,4,41,61.6438,1,1.1904870491872128,1.9991858820450392
proposed_safe,4,42,59.5957,1,1.2768482963242098,1.9996977389074517
proposed_safe,4,43,59.7226,1,1.6148733182590211,1.9990009471444756
proposed_safe,4,44,62.7834,1,1.2250674241818142,1.9997664802376072
proposed_safe,4,45,57.4108,1,1.7026177581391555,1.9990862752736265
proposed_safe,4,46,123.9993,1,1.4789435328440717,1.9985886978452736
proposed_safe,4,47,60.8519,1,1.6372599677514454,1.9996095395719897
proposed_safe,4,48,54.7212,1,1.615127410909459,1.9981786033054636
proposed_safe,4,49,123.8779,1,1.6123213905463754,1.9996766378063067
proposed_safe,4,50,196.7684,1,1.2416207949443132,1.9992279135283721
proposed_safe,4,51,55.1059,1,1.5244904600071618,1.999204989724859
proposed_safe,4,52,69.5422,1,1.1914660278441735,1.999138444999588
proposed_safe,4,53,65.0975,1,1.228856381475424,1.999168404947246
proposed_safe,4,54,59.4374,1,1.3232754272853093,1.9989090656746902
proposed_safe,4,55,198.5457,1,1.3752926150617966,1.9987993365026724
proposed_safe,4,56,56.5818,1,1.492308371949774,1.9988178235318368
proposed_safe,4,57,54.765,1,1.2885973238210717,1.999935053188823
proposed_safe,4,58,56.9822,1,1.470011177928616,1.9993560403963644
proposed_safe,4,59,54.6595,1,1.3442722326192682,1.99950112795107
proposed_safe,4,60,128.0736,1,1.5806451123965628,1.9991893772744758
proposed_safe,4,61,119.7672,1,1.2607288747650014,1.9989114462662594
proposed_safe,4,62,53.8809,1,1.4549844995746803,1.9992287951966234
proposed_safe,4,63,121.226,1,1.3291352885362573,1.9987357071413125
proposed_safe,4,64,118.893,1,1.3755371703175279,1.9993839817855745
proposed_safe,4,65,54.8768,1,1.2981091587071991,1.9992364095831836
proposed_safe,4,66,56.6089,1,1.6911588738239205,1.9982385956182462
proposed_safe,4,67,60.3851,1,1.4970458799446371,1.999949190397932
proposed_safe,4,68,121.3722,1,1.523346848852231,1.9993834972686522
proposed_safe,4,69,58.3233,1,1.3772326041636722,1.999827280719108
proposed_safe,4,70,189.0903,1,1.6952734415307091,1.9995475099224194
proposed_safe,4,71,193.8139,1,1.5470081884943274,1.999204158656017
proposed_safe,4,72,55.4816,1,1.4733908916872154,1.999142556002621
proposed_safe,4,73,52.2337,1,1.3520864263684658,1.9996659576611928
proposed_safe,4,74,116.6554,1,1.5004611054100416,1.9996130136254866
proposed_safe,4,75,52.5239,1,1.3447071751552497,1.9993637129355442
proposed_safe,4,76,56.487,1,1.6054661667943495,1.9987270859163684
proposed_safe,4,77,57.9286,1,1.6244105294573243,1.9990808678777519
proposed_safe,4,78,196.3519,1,1.4673205064438992,1.998208277460968
proposed_safe,4,79,122.8898,1,1.4928456811705832,1.9987213933905303
proposed_safe,4,80,365.0207,1,1.3480597098372207,1.9999340082169874
proposed_safe,4,81,56.6922,1,1.3215798672499726,1.9988879425641783
proposed_safe,4,82,185.1107,1,1.763852736924546,1.9982891877479394
proposed_safe,4,83,55.9486,1,1.4806159118998539,1.9990957528818907
proposed_safe,4,84,133.9561,1,1.7515311337724828,1.997790228099722
proposed_safe,4,85,60.448,1,1.7055699800619235,1.9968771686216615
proposed_safe,4,86,65.016,1,1.6837435243374845,1.999452319534378
proposed_safe,4,87,58.4295,1,1.5780597782417844,1.9999610597341804
proposed_safe,4,88,70.2141,1,1.7187475102564065,1.9983046989855107
proposed_safe,4,89,63.5299,1,1.4452404659255906,1.9999340667275505
proposed_safe,4,90,352.0006,1,1.7610704398668107,1.9986604144018805
proposed_safe,4,91,57.8552,1,1.7234324625902586,1.9984399518995972
proposed_safe,4,92,139.4759,1,1.217221523552323,1.9995676884681393
proposed_safe,4,93,55.9288,1,1.6526629345418427,1.9989646270022683
proposed_safe,4,94,65.1013,1,1.781247843986785,1.9991344714302328
proposed_safe,4,95,62.4635,1,1.4483042517617342,1.998842682485564
proposed_safe,4,96,129.2496,1,1.949919017547635,1.818392613989061
proposed_safe,4,97,71.1642,1,1.2770890973506563,1.9998116910825674
proposed_safe,4,98,68.815,1,1.6608823505103931,1.999039710137032
proposed_safe,4,99,136.0023,1,1.6769883367670944,1.9964442113095597
proposed_safe,4,100,54.924,1,1.2025087959401461,1.9993820133430125
proposed_safe,4,101,61.9984,1,1.3438378499389922,1.9998051108404444
proposed_safe,4,102,62.414,1,1.541544262658362,1.999809503240115
proposed_safe,4,103,55.1175,1,1.9367213750549634,1.9987668980539113
proposed_safe,4,104,55.2719,1,1.2058103837924508,1.9999836315522417
proposed_safe,4,105,55.6252,1,1.4112563432079088,1.9996338352606535
proposed_safe,4,106,58.9527,1,1.3204084585398244,1.9996228995751621
proposed_safe,4,107,56.7074,1,1.3121448933675992,1.999234588072368
proposed_safe,4,108,386.6593,1,1.4940935138727651,1.9997039021345853
proposed_safe,4,109,581.0658,1,1.5551134150766115,1.999015698064471
proposed_safe,4,110,53.3579,1,1.7787392329515006,1.9984428216929997
proposed_safe,4,111,54.918,1,1.7454479558330367,1.9988487280063159
proposed_safe,4,112,54.3532,1,1.353337230895924,1.9993751059390936
proposed_safe,4,113,58.876,1,1.5347542495512554,1.9982918047960943
proposed_safe,4,114,53.7498,1,1.4702930094938884,1.9995689234893916
proposed_safe,4,115,54.7491,1,1.4336742817306134,1.99886960016459
proposed_safe,4,116,54.9278,1,1.5051717322782736,1.9990813159643124
proposed_safe,4,117,201.5975,1,1.5411172099102908,1.9982958449881747
proposed_safe,4,118,64.0317,1,1.4624858900761286,1.99899550043673
proposed_safe,4,119,24.4118,1,1.3554977850922414,1.5290102990558434
proposed_safe,4,120,211.4217,1,1.514114890767797,1.998941070522024
proposed_safe,4,121,63.9205,1,1.4411037627313248,1.999711122538516
proposed_safe,4,122,62.6385,1,1.741636965038266,1.9987891592366887
proposed_safe,4,123,119.9991,1,1.5652043282768067,1.9988481840957657
proposed_safe,4,124,53.2089,1,1.2210285542359987,1.9998041080957458
proposed_safe,4,125,61.5875,1,1.5710724696490028,1.9979107192884782
proposed_safe,4,126,125.9236,1,1.220700425896044,1.9990845607488408
proposed_safe,4,127,71.3374,1,1.3168613926007682,1.9994248088862967
proposed_safe,8,0,78.8169,1,1.7329872158269144,1.9986792972627974
proposed_safe,8,1,84.172,1,1.9498944233978959,1.583003029935491
proposed_safe,8,2,88.9042,1,1.243058247407261,1.9998663973361201
proposed_safe,8,3,79.8963,1,1.2647569201062807,1.9984887952752532
proposed_safe,8,4,77.0907,1,1.4162195208743473,1.9999674257055167
proposed_safe,8,5,1037.2013,1,1.378657177020229,1.9982011472877426
proposed_safe,8,6,158.6322,1,1.7237932418603394,1.9996309911743217
proposed_safe,8,7,82.1317,1,1.3039887673429165,1.999958803847738
proposed_safe,8,8,86.4784,1,1.2921820577512093,1.9999667667645409
proposed_safe,8,9,395.9585,1,1.8438655532756176,1.999216059725359
proposed_safe,8,10,69.5931,1,1.1061311143811317,1.9999766119582554
proposed_safe,8,11,427.1354,1,1.11457322979086,1.9999062145766484
proposed_safe,8,12,668.2544,1,1.3885006758957743,1.9997902332872328
proposed_safe,8,13,67.8776,1,1.190347111364132,1.999662919555388
proposed_safe,8,14,270.133,1,1.8702952102960633,1.9993072884683567
proposed_safe,8,15,71.0606,1,1.588883118259928,1.999871150567282
proposed_safe,8,16,332.4786,1,1.769234187834225,1.999028636680475
proposed_safe,8,17,72.1341,1,1.7745562346828174,1.9996251671759053
proposed_safe,8,18,72.7365,1,1.2746703763797207,1.9999607031252098
proposed_safe,8,19,72.5588,1,1.3300970276904616,1.9995468237248581
proposed_safe,8,20,222.1055,1,1.2371904436956402,1.9995440955956656
proposed_safe,8,21,80.9943,1,1.3894001923390513,1.9992799794445033
proposed_safe,8,22,76.0396,1,1.2451082805522053,1.9995073741341036
proposed_safe,8,23,157.2116,1,1.4445351057002485,1.9997872480148597
proposed_safe,8,24,74.405,1,1.186991552501525,1.999657592792292
proposed_safe,8,25,137.0109,1,1.3335932716873515,1.9998513529561261
proposed_safe,8,26,356.5535,1,1.5272904759850872,1.9994628920056836
proposed_safe,8,27,1082.1838,1,1.1911917075386036,1.994967156843061
proposed_safe,8,28,72.1372,1,1.614988467449526,1.9991925686895053
proposed_safe,8,29,70.1104,1,1.7721819363586322,1.9994871030031625
proposed_safe,8,30,75.6176,1,1.824370723081669,1.9994444749601854
proposed_safe,8,31,73.0315,1,1.2754423007240752,1.9998652741890541
proposed_safe,8,32,81.1407,1,1.7125378194963625,1.998717073808875
proposed_safe,8,33,415.3623,1,1.461347442940406,1.9995028265372268
proposed_safe,8,34,76.8216,1,1.3293811213826514,1.999581035336935
proposed_safe,8,35,75.7158,1,1.6602037930348297,1.9997638224583854
proposed_safe,8,36,75.6852,1,1.640990355567571,1.9999878091302505
proposed_safe,8,37,85.6765,1,1.594749085018558,1.9988175463114928
proposed_safe,8,38,72.1368,1,1.3169526086781762,1.9992269215344929
proposed_safe,8,39,70.3612,1,1.7547427312701056,1.9992701479337869
proposed_safe,8,40,72.7642,1,1.4459757151091601,1.9989424234758069
proposed_safe,8,41,87.4536,1,1.197466402773131,1.9995658987252745
proposed_safe,8,42,72.2796,1,1.2899657957891526,1.9998675021802477
proposed_safe,8,43,78.8048,1,1.615567240874385,1.999633327948423
proposed_safe,8,44,88.0333,1,1.3259279476410142,1.999522662020694
proposed_safe,8,45,80.1015,1,1.6965068306563995,1.9988119006547536
proposed_safe,8,46,375.0505,1,1.4881424327057056,1.998926571437546
proposed_safe,8,47,222.8321,1,1.635775800716458,1.9979447415310723
proposed_safe,8,48,69.7005,1,1.7134455602548302,1.9997805492192613
proposed_safe,8,49,144.1203,1,1.608173980489863,1.9994488619152375
proposed_safe,8,50,415.3539,1,1.2036347753540924,1.9992838070441386
proposed_safe,8,51,71.0944,1,1.5525853822797486,1.9996781247893674
proposed_safe,8,52,76.2157,1,1.1946726657219606,1.999816319713467
proposed_safe,8,53,73.1677,1,1.2307581519227473,1.999844884487859
proposed_safe,8,54,71.5381,1,1.2754757344915022,1.9998458066546412
proposed_safe,8,55,396.6049,1,1.4971684457411834,1.9996161725745698
proposed_safe,8,56,75.9981,1,1.4839156614681113,1.9997641316455292
proposed_safe,8,57,74.6081,1,1.3183159936901974,1.9994335483417418
proposed_safe,8,58,73.0,1,1.5321640057815695,1.9993270342555778
proposed_safe,8,59,72.2899,1,1.3251045957290501,1.999924447612816
proposed_safe,8,60,269.0085,1,1.5862683436569551,1.9994640472094571
proposed_safe,8,61,275.3733,1,1.2306863854543812,1.9996108170104605
proposed_safe,8,62,73.916,1,1.433787994192157,1.9998236849352717
proposed_safe,8,63,267.1186,1,1.3791081477183738,1.999251000012146
proposed_safe,8,64,332.8835,1,1.3965109600447212,1.9990308311737301
proposed_safe,8,65,70.9038,1,1.337025591142719,1.9999705165913775
proposed_safe,8,66,71.8282,1,1.7263699782803454,1.9991846366591326
proposed_safe,8,67,72.0961,1,1.4996085177935972,1.9998196754735524
proposed_safe,8,68,279.6257,1,1.5182707289356885,1.99928773199554
proposed_safe,8,69,73.137,1,1.446914746123884,1.9995611288969979
proposed_safe,8,70,558.8207,1,1.6975799333899766,1.9997126797897178
proposed_safe,8,71,276.6554,1,1.5988681231591986,1.999223608045562
proposed_safe,8,72,75.8415,1,1.5493034153256924,1.9991948226771528
proposed_safe,8,73,68.4928,1,1.2936507024841597,1.999008932976162
proposed_safe,8,74,226.3857,1,1.5242610122599616,1.9991262590112475
proposed_safe,8,75,73.4808,1,1.3271222040897008,1.9992775945862407
proposed_safe,8,76,71.5632,1,1.617279897572574,1.9993125383876407
proposed_safe,8,77,76.3762,1,1.631222281012426,1.9997021671918773
proposed_safe,8,78,426.1041,1,1.5397021383439164,1.9996833164515275
proposed_safe,8,79,144.8459,1,1.4527835063481536,1.999319916885316
proposed_safe,8,80,565.6362,1,1.5143438055124954,1.9998525646766085
proposed_safe,8,81,70.9047,1,1.2985237295793717,1.9994740845148156
proposed_safe,8,82,372.4063,1,1.765963991924118,1.9986835751096137
proposed_safe,8,83,136.2465,1,1.492448016700503,1.9989640630498182
proposed_safe,8,84,131.6357,1,1.7681755832114443,1.9994944964879577
proposed_safe,8,85,200.1657,1,1.671829338016783,1.9995974287519085
proposed_safe,8,86,67.2569,1,1.6541306828407278,1.999664581809957
proposed_safe,8,87,69.5712,1,1.6956950142314036,1.9995001529014218
proposed_safe,8,88,203.0427,1,1.6729807625691309,1.999327740247928
proposed_safe,8,89,73.1858,1,1.4310731695435002,1.9993440340477733
proposed_safe,8,90,564.2043,1,1.8339206394334724,1.9999696764839594
proposed_safe,8,91,74.4436,1,1.7282155054280794,1.9999432540652764
proposed_safe,8,92,277.7288,1,1.2237952106181798,1.9996504291113424
proposed_safe,8,93,75.1845,1,1.619963002331079,1.9994817378412628
proposed_safe,8,94,71.2819,1,1.90925751629588,1.999452634301101
proposed_safe,8,95,77.541,1,1.436969817776277,1.999505982777378
proposed_safe,8,96,268.7892,1,1.9498636515338847,1.6945526430231395
proposed_safe,8,97,74.532,1,1.3063378855751808,1.9999780343699824
proposed_safe,8,98,71.2815,1,1.6049777505833887,1.9999649795309817
proposed_safe,8,99,276.6854,1,1.640869801561818,1.9986332045215904
proposed_safe,8,100,70.3621,1,1.1940487193238771,1.999754370678243
proposed_safe,8,101,69.4057,1,1.3268256956143096,1.9996316273117636
proposed_safe,8,102,77.0325,1,1.5259970473161708,1.9999680572106204
proposed_safe,8,103,73.0952,1,1.9398996171651308,1.9996339055713601
proposed_safe,8,104,71.8904,1,1.220461473954048,1.9995178138980905
proposed_safe,8,105,73.2882,1,1.4013787569719343,1.9991955510420187
proposed_safe,8,106,69.5312,1,1.327098968315103,1.9990744733724375
proposed_safe,8,107,199.6124,1,1.4033014605141398,1.9998728484316368
proposed_safe,8,108,682.4533,1,1.5616158778249243,1.999552768089425
proposed_safe,8,109,1269.4812,1,1.5652927559235386,1.9972650940580867
proposed_safe,8,110,74.5051,1,1.7966518409107985,1.9988214953901737
proposed_safe,8,111,85.6384,1,1.7337818519102928,1.9996729047094703
proposed_safe,8,112,70.0555,1,1.3848615520374334,1.9997252309527953
proposed_safe,8,113,75.6445,1,1.55406883691847,1.9979253325300392
proposed_safe,8,114,74.2036,1,1.6204928251931412,1.9995919077408997
proposed_safe,8,115,73.4718,1,1.4445653424925686,1.9997633052785908
proposed_safe,8,116,81.3266,1,1.5414092718777803,1.9995353448190285
proposed_safe,8,117,231.5353,1,1.594455804280109,1.99923498727546
proposed_safe,8,118,78.6321,1,1.5260894649860968,1.9995931205668378
proposed_safe,8,119,41.0864,1,1.3545993341875657,1.0453078183846074
proposed_safe,8,120,406.716,1,1.4913256086798297,1.9996080516992538
proposed_safe,8,121,71.5159,1,1.482804450678565,1.9995812527743662
proposed_safe,8,122,74.8259,1,1.7519887947269785,1.9990620261323553
proposed_safe,8,123,349.5643,1,1.5982346534775724,1.9997146335247393
proposed_safe,8,124,75.2863,1,1.181045785432178,1.999940468395985
proposed_safe,8,125,79.2273,1,1.602383486667251,1.9998137048828963
proposed_safe,8,126,282.9509,1,1.2543745747140993,1.9997497593913585
proposed_safe,8,127,72.0075,1,1.294493665035786,1.999848934888519
proposed_safe,16,0,104.9833,1,1.7507766048435274,1.999213764779831
proposed_safe,16,1,110.7181,1,1.9499281790261893,1.5254228911843628
proposed_safe,16,2,100.5957,1,1.245119074716041,1.999753995536479
proposed_safe,16,3,106.5689,1,1.2728582509289958,1.9986983823526492
proposed_safe,16,4,108.6529,1,1.421110044232699,1.9996334894572938
proposed_safe,16,5,1970.5884,1,1.378927478846331,1.9989315836269992
proposed_safe,16,6,186.096,1,1.7269647695378456,1.9996151657994854
proposed_safe,16,7,101.1431,1,1.4639467255283978,1.9999533884240537
proposed_safe,16,8,117.6968,1,1.2928031261683488,1.999597201621026
proposed_safe,16,9,699.7052,1,1.8541082545109284,1.9995348029701157
proposed_safe,16,10,101.6294,1,1.1264012410032114,1.9997143233217853
proposed_safe,16,11,817.8635,1,1.0611679531778997,1.9998793137536601
proposed_safe,16,12,1781.1083,1,1.363412782283238,1.9990316949221842
proposed_safe,16,13,98.2344,1,1.1989302910558866,1.999886365558092
proposed_safe,16,14,441.6682,1,1.8920797600642127,1.9987512007055876
proposed_safe,16,15,105.3227,1,1.6111939687765033,1.9997506620677397
proposed_safe,16,16,626.5406,1,1.7555826771916723,1.9990254255828197
proposed_safe,16,17,109.5743,1,1.8187096949363617,1.9996694956633083
proposed_safe,16,18,108.9343,1,1.2733386632099117,1.999642252985365
proposed_safe,16,19,128.3134,1,1.37987817667503,1.9998076040388177
proposed_safe,16,20,253.3074,1,1.2451423366107535,1.9996199443837093
proposed_safe,16,21,103.1921,1,1.4044284289793811,1.9995556211267094
proposed_safe,16,22,104.4566,1,1.237351922382617,1.9995298180233303
proposed_safe,16,23,183.2325,1,1.4693757889467287,1.9995834464989322
proposed_safe,16,24,104.5292,1,1.261007436372948,1.9998901530532016
proposed_safe,16,25,325.7613,1,1.4000027814390117,1.9996820410718232
proposed_safe,16,26,684.6912,1,1.5267284629084266,1.9985237583328226
proposed_safe,16,27,2204.5633,1,1.1904429898245439,1.9963011555559869
proposed_safe,16,28,103.1134,1,1.6340567195310873,1.9995634409837222
proposed_safe,16,29,100.8264,1,1.797680821168101,1.9999329496029064
proposed_safe,16,30,107.0417,1,1.8231698997371306,1.998997328425479
proposed_safe,16,31,106.1533,1,1.3230367680545465,1.999853268462448
proposed_safe,16,32,100.422,1,1.811237174453314,1.9999108696702181
proposed_safe,16,33,858.3654,1,1.454090593114519,1.999591106760402
proposed_safe,16,34,109.7123,1,1.343148911683973,1.9994877524578147
proposed_safe,16,35,105.3503,1,1.6626793864456575,1.9986287590812284
proposed_safe,16,36,102.1224,1,1.6376145734157392,1.9992936152546306
proposed_safe,16,37,104.3386,1,1.6006545086350945,1.9989325645851055
proposed_safe,16,38,104.6422,1,1.3166700492984018,1.9988403927077292
proposed_safe,16,39,106.2991,1,1.8115054200439318,1.9997636224449347
proposed_safe,16,40,109.6041,1,1.449455997374851,1.9994244898992928
proposed_safe,16,41,116.1285,1,1.2053344062052866,1.9990183468444653
proposed_safe,16,42,109.8569,1,1.350739315697355,1.999948450153769
proposed_safe,16,43,113.2759,1,1.6129039055033072,1.99980915834198
proposed_safe,16,44,103.8675,1,1.4510256823113736,1.9999774677705735
proposed_safe,16,45,123.9581,1,1.6953112134904091,1.9990777103514548
proposed_safe,16,46,738.7168,1,1.487167819182877,1.9983644373008804
proposed_safe,16,47,398.2095,1,1.6333431890317893,1.9980131828737613
proposed_safe,16,48,109.65,1,1.716721684893951,1.999880157805897
proposed_safe,16,49,185.2564,1,1.6097636138779303,1.9999560234259328
proposed_safe,16,50,1020.171,1,1.2161058655573327,1.999536263734153
proposed_safe,16,51,106.5716,1,1.5542999422352264,1.9998203501280294
proposed_safe,16,52,101.5473,1,1.2062570040241263,1.999782091280682
proposed_safe,16,53,105.7186,1,1.2008640752729354,1.9995578110107868
proposed_safe,16,54,100.1548,1,1.27406272060304,1.999934038192855
proposed_safe,16,55,762.085,1,1.5444829818026147,1.9997453050240466
proposed_safe,16,56,103.9984,1,1.4822479646457325,1.999348394897556
proposed_safe,16,57,101.6308,1,1.299258164352864,1.9994776305327593
proposed_safe,16,58,105.3965,1,1.6536675796060432,1.999856868876415
proposed_safe,16,59,124.6476,1,1.3183326913027666,1.9998123632569982
proposed_safe,16,60,460.6671,1,1.5902633181227215,1.9995576544688067
proposed_safe,16,61,440.7702,1,1.172663367544348,1.9999078779735973
proposed_safe,16,62,108.5668,1,1.427464392645679,1.999825288748497
proposed_safe,16,63,599.4283,1,1.4603368825204117,1.999758231416628
proposed_safe,16,64,667.868,1,1.3981156665275065,1.9987618038819515
proposed_safe,16,65,107.32,1,1.3365291592291342,1.9994274504705198
proposed_safe,16,66,119.977,1,1.7247103765715788,1.9994546194474034
proposed_safe,16,67,116.3688,1,1.4946569699871721,1.999338244915419
proposed_safe,16,68,598.7403,1,1.516161093460146,1.9988602524187877
proposed_safe,16,69,100.5068,1,1.479243831217574,1.9998935086701184
proposed_safe,16,70,1084.8369,1,1.6896678861872059,1.999876375593723
proposed_safe,16,71,645.7927,1,1.6282601715072296,1.9992663984773476
proposed_safe,16,72,120.7023,1,1.5977517986513874,1.999964684056377
proposed_safe,16,73,118.225,1,1.2676089909280472,1.9994292108501308
proposed_safe,16,74,367.5777,1,1.5312078213942646,1.9993430659931668
proposed_safe,16,75,106.8248,1,1.3298377147861697,1.9990556356827927
proposed_safe,16,76,103.4674,1,1.6541621385969882,1.9998909603598143
proposed_safe,16,77,105.1205,1,1.625973050311169,1.9996655920332553
proposed_safe,16,78,500.0134,1,1.5633978177649512,1.9999748586268828
proposed_safe,16,79,172.8342,1,1.4355237771383398,1.9993373614209369
proposed_safe,16,80,1155.3413,1,1.5863226710256706,1.999534907342826
proposed_safe,16,81,108.2204,1,1.3022789545913853,1.9998519888045447
proposed_safe,16,82,822.3143,1,1.7660611087767841,1.9998898983233064
proposed_safe,16,83,120.9524,1,1.4935949957535923,1.999057001628002
proposed_safe,16,84,260.9692,1,1.7596519852016699,1.9997270280593795
proposed_safe,16,85,583.6305,1,1.6625831698189315,1.9998325643593233
proposed_safe,16,86,107.3432,1,1.6387028038950993,1.9996976447948553
proposed_safe,16,87,100.4268,1,1.7679202759906147,1.9997179957654139
proposed_safe,16,88,574.2794,1,1.663264076895741,1.9998955127839293
proposed_safe,16,89,100.083,1,1.4299951116527985,1.9996462539004547
proposed_safe,16,90,1183.5494,1,1.8325046561238472,1.9995309455085823
proposed_safe,16,91,117.3559,1,1.7313051273658442,1.9986851811968895
proposed_safe,16,92,588.5764,1,1.2413429295459095,1.9995769697633499
proposed_safe,16,93,108.8179,1,1.6143889484901428,1.9996600572620107
proposed_safe,16,94,107.2089,1,1.9499640457762846,1.861571129903233
proposed_safe,16,95,105.5331,1,1.4414211969903854,1.9991341018795337
proposed_safe,16,96,575.4162,1,1.9498561571664863,1.7066536907663907
proposed_safe,16,97,101.0183,1,1.3187368935574681,1.9997233348936723
proposed_safe,16,98,379.0835,1,1.5749916536633204,1.99947674681692
proposed_safe,16,99,523.8219,1,1.6217695773817769,1.9999157864049335
proposed_safe,16,100,102.5896,1,1.172615473560712,1.999852778554561
proposed_safe,16,101,101.1237,1,1.3086010458041077,1.9999987994659694
proposed_safe,16,102,110.1575,1,1.5290520721580025,1.999691768800321
proposed_safe,16,103,119.227,1,1.9353211795553784,1.9994805450352466
proposed_safe,16,104,126.3603,1,1.2180724984019087,1.9989859214074848
proposed_safe,16,105,110.2216,1,1.405011746844005,1.999704252631643
proposed_safe,16,106,117.2063,1,1.3246778872083247,1.9995363943884883
proposed_safe,16,107,414.1457,1,1.4465737292885028,1.9998410406677969
proposed_safe,16,108,1304.119,1,1.5905929850879064,1.999851051366928
proposed_safe,16,109,2395.1451,1,1.5665160907668008,1.9998311257107086
proposed_safe,16,110,114.3757,1,1.8003020405304657,1.9993559134851957
proposed_safe,16,111,105.7506,1,1.7209287632542198,1.999443528249853
proposed_safe,16,112,104.6458,1,1.4096147112560118,1.9998540113544512
proposed_safe,16,113,105.5431,1,1.5571445570769598,1.9991732606490444
proposed_safe,16,114,100.9998,1,1.6446991744559203,1.9999371529909526
proposed_safe,16,115,100.9517,1,1.4586185593359826,1.999913268520758
proposed_safe,16,116,100.6405,1,1.5525855315048718,1.999713505420395
proposed_safe,16,117,379.3638,1,1.6038477794408497,1.9991673753800363
proposed_safe,16,118,107.5305,1,1.5432895076935544,1.999767088017683
proposed_safe,16,119,76.5714,1,1.354110800810529,1.043241778622643
proposed_safe,16,120,744.7382,1,1.484225853869656,1.9990103623515194
proposed_safe,16,121,102.4706,1,1.528303635300426,1.999700733164412
proposed_safe,16,122,113.0133,1,1.7804112808476364,1.9995102844919048
proposed_safe,16,123,686.5089,1,1.6019033978613895,1.9990139809890684
proposed_safe,16,124,109.7249,1,1.1908277004561387,1.9998394467466225
proposed_safe,16,125,110.3591,1,1.604851882359748,1.9988791828083072
proposed_safe,16,126,598.9718,1,1.2754107845034588,1.999904173618837
proposed_safe,16,127,102.784,1,1.298426461554905,1.9990828279293078
