seed,method,trajectory_index,tracking_rmse_m,maximum_tracking_error_m,crossing_time_error_s,maximum_tilt_degrees,motor_saturation_fraction,ring_passed,collision_free,endpoint_feasible,minimum_barrier,mass_scale,motor_tau_scale,wind_x,wind_y,wind_z
901,quintic_skeleton,0,0.14589343762929366,0.16643074527312612,0.04830473024793225,8.586775101325513,0.0,1,1,0,0.10972498733861442,1.0057863468815393,0.8042978165738838,0.26739870569914914,-0.9704842421013019,-0.6531908358385637
901,quintic_skeleton,1,0.09478145921030931,0.12378915403702333,0.017079566026078297,11.731197437042164,0.0,1,1,1,0.47998317978786786,0.9654488179537104,0.7663190119600178,1.069895943488131,-0.46166984618696233,-0.2866768620404307
901,quintic_skeleton,2,0.12809698840396044,0.14702276218729599,0.00343303540497919,9.167193303320662,0.0,1,1,1,0.2518817936696801,0.9930450313930255,1.0624406913012494,0.635670078429358,-0.7043915683143809,0.7346809306612095
901,quintic_skeleton,3,0.15035758704232868,0.1747343768380294,0.07509730043052176,12.760716769052069,0.0,1,1,0,0.17128083012738238,0.9035012483051229,0.8998727197986577,1.1018555331769473,-0.254784116346023,0.40124735272039036
901,quintic_skeleton,4,0.13587409049330307,0.15946134687141195,0.01577562126150811,8.4539326549044,0.0,1,1,0,0.2012564253911031,1.0240207922061069,0.7082615661347339,0.6581919900077983,0.7262666366939071,-0.6923294567724924
901,quintic_skeleton,5,0.17072930633024244,0.2042864615645417,0.10515802464996282,14.550771715220035,0.0,1,1,0,0.14074393165839705,1.0519366099663892,1.3546876612816283,-0.12335888757148056,-1.0946766793999896,0.4758839695082605
901,quintic_skeleton,6,0.17768442004906598,0.21051847311389324,0.10930207545957904,11.790655155444828,0.0,1,1,0,0.15921158219523082,0.9668672507348255,1.0618294627365232,-0.2979623728644595,-1.1613866333970433,-0.0489848152355629
901,quintic_skeleton,7,0.17519143670062326,0.2042829046173496,0.10709320067517814,11.501815374936978,0.0,1,1,0,0.31365662258748583,1.0042674829764802,0.7891437801116657,-0.4937981007351522,-1.0934152768211283,0.024626573544275523
901,quintic_skeleton,8,0.15237114286736095,0.17275468905300936,0.07389806903294005,10.228548368474199,0.0,1,1,0,0.17047748802036833,1.0613543848406004,1.001821255782303,-0.10641320996787622,1.027831125151983,0.6101142572609995
901,quintic_skeleton,9,0.137599455880843,0.1586120642786696,0.030864393359583797,10.29089388794203,0.0,1,1,0,0.27274790944861105,1.004554495708097,1.0773439883504592,0.11211766307893706,1.046498684633983,-0.5764287750321468
901,quintic_skeleton,10,0.1441571832642814,0.16842606012421144,0.04258149995241878,8.761715141900298,0.0,1,1,0,0.21175784799196715,1.0213087728988806,0.8544801430767028,0.7535968962457966,0.8789415213109826,-0.31552102954357486
901,quintic_skeleton,11,0.18313052389984713,0.21314674507904108,0.14379955625654484,11.520713941326827,0.0,1,1,0,0.27217301928361115,0.9295490558096369,0.8139821448692917,-0.850809655821751,-0.8417615418317407,-0.08695076913704737
901,quintic_skeleton,12,0.1444309858122128,0.1604042372821287,0.014564239182668803,10.020202508218784,0.0,1,1,0,0.10111021702408723,0.9635752086290912,1.0735013613635958,0.251354877836463,-1.1689639717762426,0.10170525098011744
901,quintic_skeleton,13,0.17036141543273534,0.20020646540604867,0.13885142534749084,11.695988318685405,0.0,1,1,0,0.27002284393286596,0.9849959659834565,1.1114535976581847,-0.6128146412652999,-0.9567626532032428,-0.386087348777933
901,quintic_skeleton,14,0.20086209428152535,0.24871249689047148,0.1460285411592659,15.874615849964979,0.0,1,1,0,0.3440843840559022,0.9918244789500447,0.7379250583394104,-1.132252929282826,0.3949844236716197,0.044616243535937274
901,quintic_skeleton,15,0.14123217290940704,0.18104909901916325,0.07528247643804953,11.213937005372221,0.0,1,1,0,0.40625650989424517,1.0712017915145926,1.227536373214333,1.121190558343156,-0.4215064104829275,-0.07255396477077859
901,quintic_skeleton,16,0.21089133912385324,0.26186938179020564,0.15772306590484764,17.593849903017688,0.0,1,1,0,0.25804892550167197,1.0211622066990258,0.7950227652999596,-1.116185065319973,0.43564518732273305,0.06591032331272918
901,quintic_skeleton,17,0.1448842697941635,0.16409830705190925,0.04057840380516842,11.7099209369837,0.0,1,1,0,0.3260101718963583,1.0404599163744035,1.0360994713506944,0.25978893977898754,1.0915954226836262,0.4253576612036809
901,quintic_skeleton,18,0.10276416690287771,0.132601071250422,0.02287566651965367,9.242907984140258,0.0,1,1,1,0.4471252506002795,1.007297600271913,0.9680385979804478,0.8677630908264822,-0.11456353885728235,0.8208912313843816
901,quintic_skeleton,19,0.1296067675167764,0.15853661963591603,0.09166166665514597,8.717143775479464,0.0,1,1,1,0.2416635972681948,0.9696683498122528,1.1671761711622144,-0.14411800601530952,-0.7960654092697538,-0.8862899438142975
901,quintic_skeleton,20,0.16721990637031622,0.1900861217692446,0.041356989986194304,22.132720207340757,0.0,1,1,0,0.06522545613283487,0.9217562561293676,1.2995382432727753,0.16623668883811382,1.1591679817268588,0.26209722131953467
901,quintic_skeleton,21,0.1528293631945993,0.17152489227358753,0.03386952454830494,9.958668944993049,0.0,1,1,0,0.2338729490509583,0.9599651054511683,0.7727281380169386,0.48443438750446005,-0.9169524470947944,0.6037561875211276
901,quintic_skeleton,22,0.2230568996715755,0.26470390553787804,0.2069207416787373,13.764133646445243,0.0,1,1,0,0.21651203895993804,1.081682559361842,1.1440349558437561,-1.0408851024512598,-0.5623983582124426,-0.20066462113431788
901,quintic_skeleton,23,0.20361569343157263,0.2336000288900774,0.1085691580879824,11.614926039103693,0.0,1,1,0,0.20780316555176065,1.0925262763778516,1.1904435692560569,-0.025340146120768996,-1.199729793928965,-0.002509691961469195
901,projected_velocity_cfm,0,0.14762396284091556,0.16990456827564066,0.05195180620452655,26.203655701578707,0.0,1,1,0,0.08829506596838638,1.0057863468815393,0.8042978165738838,0.26739870569914914,-0.9704842421013019,-0.6531908358385637
901,projected_velocity_cfm,1,0.09952141412979022,0.1252255058448879,0.03911724973037778,30.755528673129408,0.0,1,1,1,0.4282388757788742,0.9654488179537104,0.7663190119600178,1.069895943488131,-0.46166984618696233,-0.2866768620404307
901,projected_velocity_cfm,2,0.1270490876000379,0.14936526637831118,0.006437822120695547,14.310779076562234,0.0,1,1,1,0.2527115167780435,0.9930450313930255,1.0624406913012494,0.635670078429358,-0.7043915683143809,0.7346809306612095
901,projected_velocity_cfm,3,0.15037077700680268,0.17785189747832106,0.11035697321604232,24.419777961483334,0.0,1,1,0,0.1795462994212622,0.9035012483051229,0.8998727197986577,1.1018555331769473,-0.254784116346023,0.40124735272039036
901,projected_velocity_cfm,4,0.13829106838571528,0.15421531082723489,0.05662399217674707,14.54879578988626,0.0,1,1,0,0.15267727576494083,1.0240207922061069,0.7082615661347339,0.6581919900077983,0.7262666366939071,-0.6923294567724924
901,projected_velocity_cfm,5,0.17302742571104626,0.2044016458446148,0.10670116353572512,23.564193046707363,0.0,1,1,0,0.12019809640246114,1.0519366099663892,1.3546876612816283,-0.12335888757148056,-1.0946766793999896,0.4758839695082605
901,projected_velocity_cfm,6,0.1742785189458219,0.19529568827887633,0.1373095820336836,18.51005979442963,0.0,1,1,0,0.09427105556151194,0.9668672507348255,1.0618294627365232,-0.2979623728644595,-1.1613866333970433,-0.0489848152355629
901,projected_velocity_cfm,7,0.17391228786048848,0.20059998418626623,0.1355060873783458,19.176384210342835,0.0,1,1,0,0.2834167330203983,1.0042674829764802,0.7891437801116657,-0.4937981007351522,-1.0934152768211283,0.024626573544275523
901,projected_velocity_cfm,8,0.1508061075424721,0.17015039199055773,0.07100300818188598,14.937333986837597,0.0,1,1,0,0.19406714671835834,1.0613543848406004,1.001821255782303,-0.10641320996787622,1.027831125151983,0.6101142572609995
901,projected_velocity_cfm,9,0.1515357706755093,0.17674429105227266,0.011262444898893387,41.13732499054726,0.0,1,1,0,0.2756123817744196,1.004554495708097,1.0773439883504592,0.11211766307893706,1.046498684633983,-0.5764287750321468
901,projected_velocity_cfm,10,0.14682791465063053,0.1693073201471288,0.07247300683683466,18.105364612611325,0.0,1,1,0,0.20697755859004258,1.0213087728988806,0.8544801430767028,0.7535968962457966,0.8789415213109826,-0.31552102954357486
901,projected_velocity_cfm,11,0.18167526008891444,0.21545006310192485,0.19417431560693243,18.20260004172506,0.0,1,1,0,0.2491482447768799,0.9295490558096369,0.8139821448692917,-0.850809655821751,-0.8417615418317407,-0.08695076913704737
901,projected_velocity_cfm,12,0.14370003781662594,0.16259635047771706,0.004591164723369623,13.95321430992785,0.0,1,1,0,0.0760702298233139,0.9635752086290912,1.0735013613635958,0.251354877836463,-1.1689639717762426,0.10170525098011744
901,projected_velocity_cfm,13,0.16831458087055048,0.19408132114518603,0.2397062218952768,17.31908208197589,0.0,1,1,0,0.26492019437646874,0.9849959659834565,1.1114535976581847,-0.6128146412652999,-0.9567626532032428,-0.386087348777933
901,projected_velocity_cfm,14,0.19550221880539423,0.2361030201254536,0.3831940314898792,34.533200420839826,0.0,1,1,0,0.17092326775155087,0.9918244789500447,0.7379250583394104,-1.132252929282826,0.3949844236716197,0.044616243535937274
901,projected_velocity_cfm,15,0.14475080972145024,0.17857682723903134,0.08555133849201768,20.46287641008778,0.0,1,1,0,0.3532557714470932,1.0712017915145926,1.227536373214333,1.121190558343156,-0.4215064104829275,-0.07255396477077859
901,projected_velocity_cfm,16,0.2022460471451744,0.23825103574400594,0.4392092116631954,25.860798890985926,0.0,1,1,0,0.2627342845194137,1.0211622066990258,0.7950227652999596,-1.116185065319973,0.43564518732273305,0.06591032331272918
901,projected_velocity_cfm,17,0.1455592120731683,0.16675204803133936,0.041026103914974854,21.005394203846773,0.0,1,1,0,0.28630490997013713,1.0404599163744035,1.0360994713506944,0.25978893977898754,1.0915954226836262,0.4253576612036809
901,projected_velocity_cfm,18,0.102657631869554,0.12971994775642237,0.05062366597656709,14.277210306870753,0.0,1,1,1,0.5046615636001195,1.007297600271913,0.9680385979804478,0.8677630908264822,-0.11456353885728235,0.8208912313843816
901,projected_velocity_cfm,19,0.12910107744802837,0.15573888681348985,0.09899763275116547,10.55566421989515,0.0,1,1,1,0.18196157440240984,0.9696683498122528,1.1671761711622144,-0.14411800601530952,-0.7960654092697538,-0.8862899438142975
901,projected_velocity_cfm,20,0.15995241708607483,0.18789382544923008,0.04408084512073085,32.5432057797356,0.0,1,1,0,0.048988565504492765,0.9217562561293676,1.2995382432727753,0.16623668883811382,1.1591679817268588,0.26209722131953467
901,projected_velocity_cfm,21,0.15146176045761317,0.16880073359007403,0.035674780095114045,16.383973985639777,0.0,1,1,0,0.28006733357040164,0.9599651054511683,0.7727281380169386,0.48443438750446005,-0.9169524470947944,0.6037561875211276
901,projected_velocity_cfm,22,0.22141609385275574,0.25728148312747806,0.46615918238449305,17.988150959759928,0.0,1,1,0,0.2171245182678681,1.081682559361842,1.1440349558437561,-1.0408851024512598,-0.5623983582124426,-0.20066462113431788
901,projected_velocity_cfm,23,0.20398670000361577,0.23098234307464965,0.13560653287818658,18.16659009946499,0.0,1,1,0,0.24380680425154572,1.0925262763778516,1.1904435692560569,-0.025340146120768996,-1.199729793928965,-0.002509691961469195
901,boundary_only,0,0.5652149362783508,1.255539116574636,0.09810706412290804,49.368675625682904,0.02295918367346939,1,1,0,0.05468948046482561,1.0057863468815393,0.8042978165738838,0.26739870569914914,-0.9704842421013019,-0.6531908358385637
901,boundary_only,1,0.33958244430763473,0.5939767853679344,0.16211337828808747,46.976715045062605,0.010444444444444444,1,1,0,0.2502466192206197,0.9654488179537104,0.7663190119600178,1.069895943488131,-0.46166984618696233,-0.2866768620404307
901,boundary_only,2,0.20717350142401886,0.39332151637056556,0.1268847109076887,52.87768325672065,0.0003427004797806717,1,1,1,0.188320228113927,0.9930450313930255,1.0624406913012494,0.635670078429358,-0.7043915683143809,0.7346809306612095
901,boundary_only,3,0.1794206022519143,0.30938371744941273,0.07173500436791835,52.96174908673243,0.01848937844217152,1,1,0,0.09378676429967424,0.9035012483051229,0.8998727197986577,1.1018555331769473,-0.254784116346023,0.40124735272039036
901,boundary_only,4,0.31638327296767654,0.5514811818956671,0.0773871823431933,51.86889834279941,0.0010972933430870519,1,1,0,0.17318271094584986,1.0240207922061069,0.7082615661347339,0.6581919900077983,0.7262666366939071,-0.6923294567724924
901,boundary_only,5,0.30156007738399143,0.5571741012007692,0.08117991643221978,59.9295605726595,0.0,1,1,0,0.10651809920703746,1.0519366099663892,1.3546876612816283,-0.12335888757148056,-1.0946766793999896,0.4758839695082605
901,boundary_only,6,0.35805931183727685,0.7511537807752907,1.2431224910919472,59.05950108004375,0.0018394648829431438,1,1,0,0.012938528658900196,0.9668672507348255,1.0618294627365232,-0.2979623728644595,-1.1613866333970433,-0.0489848152355629
901,boundary_only,7,0.30339760015090134,0.5970162547438533,0.24324014934670313,41.23644664974261,0.0016273393002441008,1,1,0,0.08203726102733241,1.0042674829764802,0.7891437801116657,-0.4937981007351522,-1.0934152768211283,0.024626573544275523
901,boundary_only,8,0.39543831651355416,0.8062059543107184,nan,66.91117161925105,0.010510510510510511,0,0,0,-0.020755249950449046,1.0613543848406004,1.001821255782303,-0.10641320996787622,1.027831125151983,0.6101142572609995
901,boundary_only,9,0.5806729015886429,1.3854010560233418,nan,61.25523551472566,0.010638297872340425,0,0,0,-0.03274195595910938,1.004554495708097,1.0773439883504592,0.11211766307893706,1.046498684633983,-0.5764287750321468
901,boundary_only,10,0.38163880330918915,0.7878597228431251,0.14896920479702835,60.87566249880314,0.014943741209563995,1,1,0,0.059430322271368796,1.0213087728988806,0.8544801430767028,0.7535968962457966,0.8789415213109826,-0.31552102954357486
901,boundary_only,11,0.31834241529874213,0.7514983308085263,0.23929483840095234,61.28646509083201,0.009904371584699454,1,1,0,0.17391957661112742,0.9295490558096369,0.8139821448692917,-0.850809655821751,-0.8417615418317407,-0.08695076913704737
901,boundary_only,12,0.30813288324925187,0.5846823917746233,0.05028133310320371,59.112591429073156,0.001206064782908339,1,1,0,0.0417508670548663,0.9635752086290912,1.0735013613635958,0.251354877836463,-1.1689639717762426,0.10170525098011744
901,boundary_only,13,0.4169990158381615,0.7938997666373756,nan,59.61528354918385,0.002482811306340718,0,0,0,-0.03281734081458636,0.9849959659834565,1.1114535976581847,-0.6128146412652999,-0.9567626532032428,-0.386087348777933
901,boundary_only,14,0.5181598843276163,0.983028108867514,0.7384944616801059,56.98802587739616,0.0057361376673040155,1,1,0,0.14390238342216685,0.9918244789500447,0.7379250583394104,-1.132252929282826,0.3949844236716197,0.044616243535937274
901,boundary_only,15,0.3240188816797211,0.5599634164514822,0.021387261493538867,60.82628916308545,0.0023023791250959325,1,1,0,0.15214823603764005,1.0712017915145926,1.227536373214333,1.121190558343156,-0.4215064104829275,-0.07255396477077859
901,boundary_only,16,0.6027959397136053,1.2648405699161815,0.5324153266528677,62.762499435045555,0.01125703564727955,1,1,0,0.09598374127086513,1.0211622066990258,0.7950227652999596,-1.116185065319973,0.43564518732273305,0.06591032331272918
901,boundary_only,17,0.42409515136207265,0.7935122425283284,0.23326549919809492,65.26949522943539,0.001413760603204524,1,1,0,0.10046455156106543,1.0404599163744035,1.0360994713506944,0.25978893977898754,1.0915954226836262,0.4253576612036809
901,boundary_only,18,0.2691099019003861,0.6010095122579935,0.13337688957327298,69.76129411682594,0.005040322580645161,1,1,1,0.436287359571916,1.007297600271913,0.9680385979804478,0.8677630908264822,-0.11456353885728235,0.8208912313843816
901,boundary_only,19,0.20877792828232986,0.3403348961154734,0.11256089994986751,34.61933215561414,0.0,1,1,0,0.18702952915458743,0.9696683498122528,1.1671761711622144,-0.14411800601530952,-0.7960654092697538,-0.8862899438142975
901,boundary_only,20,0.197520917899896,0.3380555133893598,0.00011456521040198453,59.15528959003324,0.004010695187165776,1,1,0,0.08643687660891858,0.9217562561293676,1.2995382432727753,0.16623668883811382,1.1591679817268588,0.26209722131953467
901,boundary_only,21,0.20556933896226964,0.3556065899271247,0.13314771723255303,49.97743756873716,0.010149130074565037,1,1,0,0.12021970968355497,0.9599651054511683,0.7727281380169386,0.48443438750446005,-0.9169524470947944,0.6037561875211276
901,boundary_only,22,0.36883477893018063,0.7613760259739484,0.27073971402614694,60.84414882916332,0.0011904761904761906,1,1,0,0.1860804716115796,1.081682559361842,1.1440349558437561,-1.0408851024512598,-0.5623983582124426,-0.20066462113431788
901,boundary_only,23,0.3539063522465113,0.5230300643467181,0.23734993579659447,56.622791193362225,0.006967905405405405,1,1,0,0.012675242682555508,1.0925262763778516,1.1904435692560569,-0.025340146120768996,-1.199729793928965,-0.002509691961469195
901,plus_safe_prior,0,0.5553938139906595,1.2235454658116383,0.33486455725396747,49.299718504397156,0.025278293135435993,1,1,0,0.06782446618594022,1.0057863468815393,0.8042978165738838,0.26739870569914914,-0.9704842421013019,-0.6531908358385637
901,plus_safe_prior,1,0.33958244430763473,0.5939767853679344,0.16211337828808747,46.976715045062605,0.010444444444444444,1,1,0,0.2502466192206197,0.9654488179537104,0.7663190119600178,1.069895943488131,-0.46166984618696233,-0.2866768620404307
901,plus_safe_prior,2,0.20717350142401886,0.39332151637056556,0.1268847109076887,52.87768325672065,0.0003427004797806717,1,1,1,0.188320228113927,0.9930450313930255,1.0624406913012494,0.635670078429358,-0.7043915683143809,0.7346809306612095
901,plus_safe_prior,3,0.1794206022519143,0.30938371744941273,0.07173500436791835,52.96174908673243,0.01848937844217152,1,1,0,0.09378676429967424,0.9035012483051229,0.8998727197986577,1.1018555331769473,-0.254784116346023,0.40124735272039036
901,plus_safe_prior,4,0.25757044987832867,0.41849086362807514,0.04749670908891357,49.7429398663849,0.0,1,1,0,0.05505487260534725,1.0240207922061069,0.7082615661347339,0.6581919900077983,0.7262666366939071,-0.6923294567724924
901,plus_safe_prior,5,0.2912566475295044,0.48289000704516344,0.09642367069239666,54.49306634149761,0.0027821939586645467,1,1,0,0.09683108969208547,1.0519366099663892,1.3546876612816283,-0.12335888757148056,-1.0946766793999896,0.4758839695082605
901,plus_safe_prior,6,0.283998545119458,0.4743262178154748,0.1852180626687594,52.51438443109021,0.0,1,1,0,0.07749023371005208,0.9668672507348255,1.0618294627365232,-0.2979623728644595,-1.1613866333970433,-0.0489848152355629
901,plus_safe_prior,7,0.30339760015090134,0.5970162547438533,0.24324014934670313,41.23644664974261,0.0016273393002441008,1,1,0,0.08203726102733241,1.0042674829764802,0.7891437801116657,-0.4937981007351522,-1.0934152768211283,0.024626573544275523
901,plus_safe_prior,8,0.42999411614647465,1.095148455515314,nan,50.96257052326426,0.0,0,0,0,-0.029183681067587848,1.0613543848406004,1.001821255782303,-0.10641320996787622,1.027831125151983,0.6101142572609995
901,plus_safe_prior,9,0.4363413014580751,0.8860278915316625,nan,59.35258027944644,0.015263644773358002,0,0,0,-0.03273194354105491,1.004554495708097,1.0773439883504592,0.11211766307893706,1.046498684633983,-0.5764287750321468
901,plus_safe_prior,10,0.38163880330918915,0.7878597228431251,0.14896920479702835,60.87566249880314,0.014943741209563995,1,1,0,0.059430322271368796,1.0213087728988806,0.8544801430767028,0.7535968962457966,0.8789415213109826,-0.31552102954357486
901,plus_safe_prior,11,0.2884477624060589,0.4748543562801367,1.1469038329885928,51.23656384586252,0.0008538251366120218,1,1,0,0.13753261305288839,0.9295490558096369,0.8139821448692917,-0.850809655821751,-0.8417615418317407,-0.08695076913704737
901,plus_safe_prior,12,0.2691975132369133,0.42427562215687203,0.0396472494257849,55.66629494844584,0.00017229496898690558,1,1,0,0.07190048700846921,0.9635752086290912,1.0735013613635958,0.251354877836463,-1.1689639717762426,0.10170525098011744
901,plus_safe_prior,13,0.4169990158381615,0.7938997666373756,nan,59.61528354918385,0.002482811306340718,0,0,0,-0.03281734081458636,0.9849959659834565,1.1114535976581847,-0.6128146412652999,-0.9567626532032428,-0.386087348777933
901,plus_safe_prior,14,0.5181598843276163,0.983028108867514,0.7384944616801059,56.98802587739616,0.0057361376673040155,1,1,0,0.14390238342216685,0.9918244789500447,0.7379250583394104,-1.132252929282826,0.3949844236716197,0.044616243535937274
901,plus_safe_prior,15,0.3240188816797211,0.5599634164514822,0.021387261493538867,60.82628916308545,0.0023023791250959325,1,1,0,0.15214823603764005,1.0712017915145926,1.227536373214333,1.121190558343156,-0.4215064104829275,-0.07255396477077859
901,plus_safe_prior,16,0.6027959397136053,1.2648405699161815,0.5324153266528677,62.762499435045555,0.01125703564727955,1,1,0,0.09598374127086513,1.0211622066990258,0.7950227652999596,-1.116185065319973,0.43564518732273305,0.06591032331272918
901,plus_safe_prior,17,0.42409515136207265,0.7935122425283284,0.23326549919809492,65.26949522943539,0.001413760603204524,1,1,0,0.10046455156106543,1.0404599163744035,1.0360994713506944,0.25978893977898754,1.0915954226836262,0.4253576612036809
901,plus_safe_prior,18,0.2691099019003861,0.6010095122579935,0.13337688957327298,69.76129411682594,0.005040322580645161,1,1,1,0.436287359571916,1.007297600271913,0.9680385979804478,0.8677630908264822,-0.11456353885728235,0.8208912313843816
901,plus_safe_prior,19,0.4185075843515378,0.8141895060789066,nan,62.91790371860674,0.006209935897435897,0,0,0,-0.026967221928858812,0.9696683498122528,1.1671761711622144,-0.14411800601530952,-0.7960654092697538,-0.8862899438142975
901,plus_safe_prior,20,0.197520917899896,0.3380555133893598,0.00011456521040198453,59.15528959003324,0.004010695187165776,1,1,0,0.08643687660891858,0.9217562561293676,1.2995382432727753,0.16623668883811382,1.1591679817268588,0.26209722131953467
901,plus_safe_prior,21,0.20556933896226964,0.3556065899271247,0.13314771723255303,49.97743756873716,0.010149130074565037,1,1,0,0.12021970968355497,0.9599651054511683,0.7727281380169386,0.48443438750446005,-0.9169524470947944,0.6037561875211276
901,plus_safe_prior,22,0.40823428516173044,0.7728436507810157,0.4104753272219219,49.374647416453705,0.006547619047619048,1,1,0,0.0751551247042875,1.081682559361842,1.1440349558437561,-1.0408851024512598,-0.5623983582124426,-0.20066462113431788
901,plus_safe_prior,23,0.3539063522465113,0.5230300643467181,0.23734993579659447,56.622791193362225,0.006967905405405405,1,1,0,0.012675242682555508,1.0925262763778516,1.1904435692560569,-0.025340146120768996,-1.199729793928965,-0.002509691961469195
901,plus_cbf,0,0.5553938139906595,1.2235454658116383,0.33486455725396747,49.299718504397156,0.025278293135435993,1,1,0,0.06782446618594022,1.0057863468815393,0.8042978165738838,0.26739870569914914,-0.9704842421013019,-0.6531908358385637
901,plus_cbf,1,0.33958244430763473,0.5939767853679344,0.16211337828808747,46.976715045062605,0.010444444444444444,1,1,0,0.2502466192206197,0.9654488179537104,0.7663190119600178,1.069895943488131,-0.46166984618696233,-0.2866768620404307
901,plus_cbf,2,0.20717350142401886,0.39332151637056556,0.1268847109076887,52.87768325672065,0.0003427004797806717,1,1,1,0.188320228113927,0.9930450313930255,1.0624406913012494,0.635670078429358,-0.7043915683143809,0.7346809306612095
901,plus_cbf,3,0.1794206022519143,0.30938371744941273,0.07173500436791835,52.96174908673243,0.01848937844217152,1,1,0,0.09378676429967424,0.9035012483051229,0.8998727197986577,1.1018555331769473,-0.254784116346023,0.40124735272039036
901,plus_cbf,4,0.25757044987832867,0.41849086362807514,0.04749670908891357,49.7429398663849,0.0,1,1,0,0.05505487260534725,1.0240207922061069,0.7082615661347339,0.6581919900077983,0.7262666366939071,-0.6923294567724924
901,plus_cbf,5,0.2919192013059433,0.48040266106140833,0.0973720959675708,54.560624207230354,0.0025834658187599362,1,1,0,0.09714918850514544,1.0519366099663892,1.3546876612816283,-0.12335888757148056,-1.0946766793999896,0.4758839695082605
901,plus_cbf,6,0.283998545119458,0.4743262178154748,0.1852180626687594,52.51438443109021,0.0,1,1,0,0.07749023371005208,0.9668672507348255,1.0618294627365232,-0.2979623728644595,-1.1613866333970433,-0.0489848152355629
901,plus_cbf,7,0.30339760015090134,0.5970162547438533,0.24324014934670313,41.23644664974261,0.0016273393002441008,1,1,0,0.08203726102733241,1.0042674829764802,0.7891437801116657,-0.4937981007351522,-1.0934152768211283,0.024626573544275523
901,plus_cbf,8,0.42999411614647465,1.095148455515314,nan,50.96257052326426,0.0,0,0,0,-0.029183681067587848,1.0613543848406004,1.001821255782303,-0.10641320996787622,1.027831125151983,0.6101142572609995
901,plus_cbf,9,0.4363413014580751,0.8860278915316625,nan,59.35258027944644,0.015263644773358002,0,0,0,-0.03273194354105491,1.004554495708097,1.0773439883504592,0.11211766307893706,1.046498684633983,-0.5764287750321468
901,plus_cbf,10,0.38163880330918915,0.7878597228431251,0.14896920479702835,60.87566249880314,0.014943741209563995,1,1,0,0.059430322271368796,1.0213087728988806,0.8544801430767028,0.7535968962457966,0.8789415213109826,-0.31552102954357486
901,plus_cbf,11,0.28832177523601177,0.47471569371593964,1.1483858599453978,51.23577277635425,0.0008538251366120218,1,1,0,0.13762554619775352,0.9295490558096369,0.8139821448692917,-0.850809655821751,-0.8417615418317407,-0.08695076913704737
901,plus_cbf,12,0.26968040817782085,0.4245068516031659,0.03914597948405474,55.66981873426245,0.00017229496898690558,1,1,0,0.0714367444811098,0.9635752086290912,1.0735013613635958,0.251354877836463,-1.1689639717762426,0.10170525098011744
901,plus_cbf,13,0.4169990158381615,0.7938997666373756,nan,59.61528354918385,0.002482811306340718,0,0,0,-0.03281734081458636,0.9849959659834565,1.1114535976581847,-0.6128146412652999,-0.9567626532032428,-0.386087348777933
901,plus_cbf,14,0.5181598843276163,0.983028108867514,0.7384944616801059,56.98802587739616,0.0057361376673040155,1,1,0,0.14390238342216685,0.9918244789500447,0.7379250583394104,-1.132252929282826,0.3949844236716197,0.044616243535937274
901,plus_cbf,15,0.3240188816797211,0.5599634164514822,0.021387261493538867,60.82628916308545,0.0023023791250959325,1,1,0,0.15214823603764005,1.0712017915145926,1.227536373214333,1.121190558343156,-0.4215064104829275,-0.07255396477077859
901,plus_cbf,16,0.6027959397136053,1.2648405699161815,0.5324153266528677,62.762499435045555,0.01125703564727955,1,1,0,0.09598374127086513,1.0211622066990258,0.7950227652999596,-1.116185065319973,0.43564518732273305,0.06591032331272918
901,plus_cbf,17,0.42409515136207265,0.7935122425283284,0.23326549919809492,65.26949522943539,0.001413760603204524,1,1,0,0.10046455156106543,1.0404599163744035,1.0360994713506944,0.25978893977898754,1.0915954226836262,0.4253576612036809
901,plus_cbf,18,0.2691099019003861,0.6010095122579935,0.13337688957327298,69.76129411682594,0.005040322580645161,1,1,1,0.436287359571916,1.007297600271913,0.9680385979804478,0.8677630908264822,-0.11456353885728235,0.8208912313843816
901,plus_cbf,19,0.41807031290997226,0.8042856674926803,nan,62.27205562322325,0.006209935897435897,0,0,0,-0.026565786662633668,0.9696683498122528,1.1671761711622144,-0.14411800601530952,-0.7960654092697538,-0.8862899438142975
901,plus_cbf,20,0.197520917899896,0.3380555133893598,0.00011456521040198453,59.15528959003324,0.004010695187165776,1,1,0,0.08643687660891858,0.9217562561293676,1.2995382432727753,0.16623668883811382,1.1591679817268588,0.26209722131953467
901,plus_cbf,21,0.20556933896226964,0.3556065899271247,0.13314771723255303,49.97743756873716,0.010149130074565037,1,1,0,0.12021970968355497,0.9599651054511683,0.7727281380169386,0.48443438750446005,-0.9169524470947944,0.6037561875211276
901,plus_cbf,22,0.40823428516173044,0.7728436507810157,0.4104753272219219,49.374647416453705,0.006547619047619048,1,1,0,0.0751551247042875,1.081682559361842,1.1440349558437561,-1.0408851024512598,-0.5623983582124426,-0.20066462113431788
901,plus_cbf,23,0.3539063522465113,0.5230300643467181,0.23734993579659447,56.622791193362225,0.006967905405405405,1,1,0,0.012675242682555508,1.0925262763778516,1.1904435692560569,-0.025340146120768996,-1.199729793928965,-0.002509691961469195
901,plus_kinodynamic,0,0.14914768927041053,0.17484363306310774,0.04641989608138397,14.652344789921653,0.0,1,1,0,0.10831562789245121,1.0057863468815393,0.8042978165738838,0.26739870569914914,-0.9704842421013019,-0.6531908358385637
901,plus_kinodynamic,1,0.09524468102006335,0.1246714817177048,0.022669437594639685,18.351213834706638,0.0,1,1,1,0.48281264458566875,0.9654488179537104,0.7663190119600178,1.069895943488131,-0.46166984618696233,-0.2866768620404307
901,plus_kinodynamic,2,0.12121627449029797,0.1469618219649946,0.014726344659683477,23.906424345469183,0.0,1,1,1,0.26403771416283506,0.9930450313930255,1.0624406913012494,0.635670078429358,-0.7043915683143809,0.7346809306612095
901,plus_kinodynamic,3,0.14396322955688012,0.17700206130312496,0.07031020684528988,23.27071230405179,0.0,1,1,0,0.18639657249411562,0.9035012483051229,0.8998727197986577,1.1018555331769473,-0.254784116346023,0.40124735272039036
901,plus_kinodynamic,4,0.14401403677664762,0.16616697371731418,0.019309878685300763,19.798036625725697,0.0,1,1,0,0.2204365665839329,1.0240207922061069,0.7082615661347339,0.6581919900077983,0.7262666366939071,-0.6923294567724924
901,plus_kinodynamic,5,0.1763861041937541,0.20936968898370875,0.10113928212396406,22.8953418590711,0.0,1,1,0,0.1303952729871229,1.0519366099663892,1.3546876612816283,-0.12335888757148056,-1.0946766793999896,0.4758839695082605
901,plus_kinodynamic,6,0.18273151064399956,0.23103114706129932,0.1449957041378931,28.188688473261553,0.0,1,1,0,0.15582927654456216,0.9668672507348255,1.0618294627365232,-0.2979623728644595,-1.1613866333970433,-0.0489848152355629
901,plus_kinodynamic,7,0.17669971441396948,0.21389457891799432,0.12027693787687799,14.36553300312486,0.0,1,1,0,0.29885609501839394,1.0042674829764802,0.7891437801116657,-0.4937981007351522,-1.0934152768211283,0.024626573544275523
901,plus_kinodynamic,8,0.15383163294185434,0.18666080718990413,0.05962187430989596,21.233072733934158,0.0,1,1,0,0.15929216456345224,1.0613543848406004,1.001821255782303,-0.10641320996787622,1.027831125151983,0.6101142572609995
901,plus_kinodynamic,9,0.14000389344665373,0.16332500937690253,0.03360001589552475,16.403341043994264,0.0,1,1,0,0.26370244383688224,1.004554495708097,1.0773439883504592,0.11211766307893706,1.046498684633983,-0.5764287750321468
901,plus_kinodynamic,10,0.1458309978899068,0.1690972074870109,0.04469127640500625,16.105389887840474,0.0,1,1,0,0.21785003436478356,1.0213087728988806,0.8544801430767028,0.7535968962457966,0.8789415213109826,-0.31552102954357486
901,plus_kinodynamic,11,0.1840888518254303,0.2232874417783035,0.19014388897778822,22.261218646617927,0.0,1,1,0,0.309006325075372,0.9295490558096369,0.8139821448692917,-0.850809655821751,-0.8417615418317407,-0.08695076913704737
901,plus_kinodynamic,12,0.14387763826526961,0.16455577112306935,0.007139647705122432,21.12905587313915,0.0,1,1,0,0.12803460486015078,0.9635752086290912,1.0735013613635958,0.251354877836463,-1.1689639717762426,0.10170525098011744
901,plus_kinodynamic,13,0.1851733629228356,0.24636114579068377,0.16867219784369514,30.841130561074877,0.0,1,1,0,0.2524133005645363,0.9849959659834565,1.1114535976581847,-0.6128146412652999,-0.9567626532032428,-0.386087348777933
901,plus_kinodynamic,14,0.2026855762351244,0.2593182606831838,0.139130271707274,21.936041478673854,0.0,1,1,0,0.3440052696837642,0.9918244789500447,0.7379250583394104,-1.132252929282826,0.3949844236716197,0.044616243535937274
901,plus_kinodynamic,15,0.15606370684143303,0.2185382617821934,0.07464013773616074,30.979942643622117,0.0,1,1,0,0.39284205883343265,1.0712017915145926,1.227536373214333,1.121190558343156,-0.4215064104829275,-0.07255396477077859
901,plus_kinodynamic,16,0.21208103622806077,0.26948166608517166,0.1621035523810792,19.712652172198666,0.0,1,1,0,0.2598271485139574,1.0211622066990258,0.7950227652999596,-1.116185065319973,0.43564518732273305,0.06591032331272918
901,plus_kinodynamic,17,0.14599334144249146,0.17000574024217935,0.037707098628898095,22.5917311891132,0.0,1,1,0,0.3201487787023487,1.0404599163744035,1.0360994713506944,0.25978893977898754,1.0915954226836262,0.4253576612036809
901,plus_kinodynamic,18,0.09625880765779032,0.129902804513057,0.009261089415112167,32.89476631972489,0.0,1,1,1,0.45422750573021425,1.007297600271913,0.9680385979804478,0.8677630908264822,-0.11456353885728235,0.8208912313843816
901,plus_kinodynamic,19,0.13741896020441013,0.1777816390073914,0.09479121991904904,22.872361484866097,0.0,1,1,1,0.21254911832977103,0.9696683498122528,1.1671761711622144,-0.14411800601530952,-0.7960654092697538,-0.8862899438142975
901,plus_kinodynamic,20,0.1632333956651169,0.19484875806274946,0.05183854683818101,29.570667257014833,0.0,1,1,0,0.07720115981947118,0.9217562561293676,1.2995382432727753,0.16623668883811382,1.1591679817268588,0.26209722131953467
901,plus_kinodynamic,21,0.14870961973588645,0.16814054305227377,0.03167854707857787,23.245881148481594,0.0,1,1,0,0.23484690562612887,0.9599651054511683,0.7727281380169386,0.48443438750446005,-0.9169524470947944,0.6037561875211276
901,plus_kinodynamic,22,0.22506605774302962,0.2734691325221584,0.20836326297886876,16.2556222753521,0.0,1,1,0,0.21259968071698426,1.081682559361842,1.1440349558437561,-1.0408851024512598,-0.5623983582124426,-0.20066462113431788
901,plus_kinodynamic,23,0.2084982917987068,0.24604789018671466,0.11860693635164976,16.34068051121442,0.0,1,1,0,0.19379567175621848,1.0925262763778516,1.1904435692560569,-0.025340146120768996,-1.199729793928965,-0.002509691961469195
901,plus_execution_margin,0,0.14681803209268263,0.16913456104319363,0.04661301227138148,10.166793778075666,0.0,1,1,0,0.1099381938052285,1.0057863468815393,0.8042978165738838,0.26739870569914914,-0.9704842421013019,-0.6531908358385637
901,plus_execution_margin,1,0.09484296667170396,0.12409359937886218,0.01968080100591907,13.762221901780302,0.0,1,1,1,0.4795934413163624,0.9654488179537104,0.7663190119600178,1.069895943488131,-0.46166984618696233,-0.2866768620404307
901,plus_execution_margin,2,0.12457105174072806,0.14735601514383387,0.0047876720748569745,16.390821540072526,0.0,1,1,1,0.26098121311439193,0.9930450313930255,1.0624406913012494,0.635670078429358,-0.7043915683143809,0.7346809306612095
901,plus_execution_margin,3,0.14676930903717106,0.175690674208153,0.07155742563819123,18.018055394104405,0.0,1,1,0,0.17886552505148456,0.9035012483051229,0.8998727197986577,1.1018555331769473,-0.254784116346023,0.40124735272039036
901,plus_execution_margin,4,0.13875191749367052,0.15943769992683515,0.016707242818853274,12.458520873701486,0.0,1,1,0,0.21260683364931166,1.0240207922061069,0.7082615661347339,0.6581919900077983,0.7262666366939071,-0.6923294567724924
901,plus_execution_margin,5,0.1727844133489307,0.20613515302725893,0.10806515388248261,17.886718019609578,0.0,1,1,0,0.13625621522343712,1.0519366099663892,1.3546876612816283,-0.12335888757148056,-1.0946766793999896,0.4758839695082605
901,plus_execution_margin,6,0.17958286200938797,0.21959280255732305,0.13264466832834998,21.919419271185983,0.0,1,1,0,0.1546593425433047,0.9668672507348255,1.0618294627365232,-0.2979623728644595,-1.1613866333970433,-0.0489848152355629
901,plus_execution_margin,7,0.1758612814757474,0.21018382571190378,0.11488745634934983,12.6647030340921,0.0,1,1,0,0.3035906281698681,1.0042674829764802,0.7891437801116657,-0.4937981007351522,-1.0934152768211283,0.024626573544275523
901,plus_execution_margin,8,0.152881546172711,0.17858235837862227,0.0665944484398917,16.341955099830834,0.0,1,1,0,0.16579036452585866,1.0613543848406004,1.001821255782303,-0.10641320996787622,1.027831125151983,0.6101142572609995
901,plus_execution_margin,9,0.13825295283503913,0.1600283248693479,0.03235759757532275,12.326376057409714,0.0,1,1,0,0.26812121315061077,1.004554495708097,1.0773439883504592,0.11211766307893706,1.046498684633983,-0.5764287750321468
901,plus_execution_margin,10,0.14474439109036097,0.1686504689819456,0.04326946573283985,12.177179409872517,0.0,1,1,0,0.21639288134408402,1.0213087728988806,0.8544801430767028,0.7535968962457966,0.8789415213109826,-0.31552102954357486
901,plus_execution_margin,11,0.1833037565361889,0.21862823107049656,0.16966700739428608,17.286483597744642,0.0,1,1,0,0.293757095641399,0.9295490558096369,0.8139821448692917,-0.850809655821751,-0.8417615418317407,-0.08695076913704737
901,plus_execution_margin,12,0.14385596796925082,0.1619365139533488,0.010628461577525172,15.482891999557262,0.0,1,1,0,0.1179591494630925,0.9635752086290912,1.0735013613635958,0.251354877836463,-1.1689639717762426,0.10170525098011744
901,plus_execution_margin,13,0.17534796187361665,0.21614926737970358,0.14817804250171873,21.62826678470672,0.0,1,1,0,0.2684139564110699,0.9849959659834565,1.1114535976581847,-0.6128146412652999,-0.9567626532032428,-0.386087348777933
901,plus_execution_margin,14,0.20152885181931157,0.2542783173457667,0.14093266810359828,18.684062859376787,0.0,1,1,0,0.3440518791762168,0.9918244789500447,0.7379250583394104,-1.132252929282826,0.3949844236716197,0.044616243535937274
901,plus_execution_margin,15,0.14674206431951453,0.19716465568187524,0.07542370056291903,23.12496681216246,0.0,1,1,0,0.40050529935669565,1.0712017915145926,1.227536373214333,1.121190558343156,-0.4215064104829275,-0.07255396477077859
901,plus_execution_margin,16,0.21110101662403805,0.2639828516303784,0.15984489249519607,18.220836293995948,0.0,1,1,0,0.25877610250828825,1.0211622066990258,0.7950227652999596,-1.116185065319973,0.43564518732273305,0.06591032331272918
901,plus_execution_margin,17,0.1450680528449044,0.16554518816582292,0.03782935993283276,15.886211560621517,0.0,1,1,0,0.3214100752752973,1.0404599163744035,1.0360994713506944,0.25978893977898754,1.0915954226836262,0.4253576612036809
901,plus_execution_margin,18,0.09873205438459803,0.13030260258712942,0.013967279493202867,23.325047239273253,0.0,1,1,1,0.44985555239870606,1.007297600271913,0.9680385979804478,0.8677630908264822,-0.11456353885728235,0.8208912313843816
901,plus_execution_margin,19,0.13252498779105912,0.16587133872143944,0.09438814137457285,16.06752112324235,0.0,1,1,1,0.23034246157266564,0.9696683498122528,1.1671761711622144,-0.14411800601530952,-0.7960654092697538,-0.8862899438142975
901,plus_execution_margin,20,0.16323598300523012,0.19002759895094928,0.04886959755065323,26.9871154544297,0.0,1,1,0,0.07293975519529006,0.9217562561293676,1.2995382432727753,0.16623668883811382,1.1591679817268588,0.26209722131953467
901,plus_execution_margin,21,0.15090563174037813,0.16935134611426655,0.03214799073751928,17.80449003395578,0.0,1,1,0,0.23490297975182262,0.9599651054511683,0.7727281380169386,0.48443438750446005,-0.9169524470947944,0.6037561875211276
901,plus_execution_margin,22,0.22388201151159998,0.26826877007253547,0.20720092559947023,13.742172936440557,0.0,1,1,0,0.21497733339869124,1.081682559361842,1.1440349558437561,-1.0408851024512598,-0.5623983582124426,-0.20066462113431788
901,plus_execution_margin,23,0.2051189521901547,0.23783406523416242,0.11286221455853251,14.165193613516692,0.0,1,1,0,0.20168239843406588,1.0925262763778516,1.1904435692560569,-0.025340146120768996,-1.199729793928965,-0.002509691961469195
902,quintic_skeleton,0,0.1842150845617627,0.2235768684641906,0.13594809855325662,15.154209379683175,0.0,1,1,0,0.306431475992253,0.9960585434769772,0.7284641231983335,-0.9839423237219904,-0.30338021904162654,0.6162937175428809
902,quintic_skeleton,1,0.1908781876321825,0.22152080876346678,0.07194272869589735,13.763067059174078,0.0,1,1,0,0.19882711618562393,1.0931759654807547,0.9397001058799219,0.008525611860911728,1.1898593210941686,0.15544166091405867
902,quintic_skeleton,2,0.20135195459354918,0.23097928756415026,0.0021901367562948693,12.958083234997188,0.0,1,1,0,0.2114676799412634,1.0971558313083183,1.3241591881164851,0.6631674512386528,0.7868401905786923,-0.6173260452206077
902,quintic_skeleton,3,0.12958027986064116,0.14451489440309198,0.0071633901763408225,8.656576385370196,0.0,1,1,1,0.14611957665137015,0.962374627259524,1.1845644925234975,0.36984935356690557,-0.04608373495585773,1.140652333114109
902,quintic_skeleton,4,0.220304645658985,0.2594023121002986,0.18535788302731282,12.664777741795836,0.0,1,1,0,0.3392964040122678,1.060222474843807,0.8153127807836149,-1.0083280166873592,-0.47120020560849646,-0.448603362668903
902,quintic_skeleton,5,0.16941893253796433,0.20020770364905946,0.09913556716816485,10.984077495878417,0.0,1,1,0,0.15602293794263827,0.9735456142470013,0.7240577756541251,-0.5850622731573462,1.0345172123998274,-0.1657596868253828
902,quintic_skeleton,6,0.11820340820214872,0.15401112033861217,0.056127576972026194,10.65479965924855,0.0,1,1,0,0.23015233342541103,0.9699251253673971,0.7251908778386196,1.1824896717990652,-0.07565105020968639,0.18972373254474675
902,quintic_skeleton,7,0.17921928192860143,0.20657663285185965,0.0932364157425778,11.084421760245124,0.0,1,1,0,0.13618546421929456,1.035312762501566,1.0876375295143503,0.05960332186298455,1.1976076102709103,-0.046727463488793974
902,quintic_skeleton,8,0.17392661585532046,0.20111475215017047,0.10702273888864822,11.818977036095626,0.0,1,1,0,0.1554476207106859,1.0068831777438803,0.8149604388547953,-0.4340688298850231,1.1127540789550672,0.11559675899914709
902,quintic_skeleton,9,0.208685711812339,0.26017964251584086,0.15619900595199798,17.496325631938635,0.0,1,1,0,0.17823087636501359,1.0458764076189049,0.7966553722857146,-0.8577008666382386,-0.7346359128742022,0.4057823294372269
902,quintic_skeleton,10,0.1458590012986273,0.18520945253794774,0.0669179142377545,19.946531449062658,0.0,1,1,0,0.18879078762712387,1.0694473396673312,1.3826244217182946,1.0125812594503596,-0.5755381486549334,0.2888512289272369
902,quintic_skeleton,11,0.18213063232649987,0.21562855092423452,0.16923808656132744,13.846480114013207,0.0,1,1,0,0.10896390739529199,0.9781936906566657,1.2662197663307921,-0.6821047459814246,0.98414744209931,-0.07865702587182864
902,quintic_skeleton,12,0.20557858321987932,0.23853780973930813,0.17291992301659054,12.842807242027432,0.0,1,1,0,0.14807117776912976,1.067505492033746,0.7570476992552947,-0.5693901144781114,1.0337976898572523,0.21692679405829843
902,quintic_skeleton,13,0.12311594949319693,0.14805722448187758,0.08937309046595843,10.086701883101815,0.0,1,1,1,0.23249408598229743,0.9621499799508799,1.281270666123671,-0.16052919401892185,0.6994498492797063,-0.9617693518771698
902,quintic_skeleton,14,0.20500280491034836,0.25534273323476636,0.14077220823362935,18.3300435261431,0.0,1,1,0,0.34474780190573684,0.915385804212968,0.9677736106061408,-1.0242933115275006,-0.6141786013739753,-0.11665272210426285
902,quintic_skeleton,15,0.19846618052497633,0.23520651421547104,0.1715466587189134,14.725328056130664,0.0,1,1,0,0.2767870748368513,0.9505520595396,0.8731836882635788,-0.8604993430801519,0.8044108297708883,0.22905042568381773
902,quintic_skeleton,16,0.13419916506986063,0.17483505076551326,0.019880437412338026,15.269905420324102,0.0,1,1,0,0.4832589029961679,1.0603539138216151,1.3608177099523302,0.8407619884186583,-0.855162390684522,0.04262117301338167
902,quintic_skeleton,17,0.11909089980912585,0.15589533269691033,0.030048785421803892,11.304744028878575,0.0,1,1,0,0.3864752431780876,1.0341167804793474,1.2918512718870852,1.0701614785434668,0.04969635136127729,-0.5406335935761276
902,quintic_skeleton,18,0.1337738192399276,0.16131795638983415,0.02859708238409775,9.866499064242024,0.0,1,1,0,0.32808063590600556,0.9598879210126101,0.8205001175432037,0.7387124210937304,-0.7944590082652951,0.5129706064756175
902,quintic_skeleton,19,0.11829161147719248,0.14741318676768986,0.06236248746773709,10.486558927759392,0.0,1,1,1,0.2121882690727538,0.9773407192481074,0.9554615718241803,1.1650593453423204,-0.18935156731047556,0.2162931015718944
902,quintic_skeleton,20,0.13260427762060364,0.1895341790627147,0.08458760406353028,24.586300709971567,0.0,1,1,0,0.15913968660779718,1.0319149159155832,1.3597136888595012,1.0573287571736047,0.5469764268194816,0.15123719039149272
902,quintic_skeleton,21,0.13158129053157716,0.1585632518917071,0.021216371594701577,11.578748768097423,0.0,1,1,0,0.20355107369246167,1.093182310336888,0.7560773537253892,0.858426767306303,-0.6706986276511236,0.5032562329856928
902,quintic_skeleton,22,0.14395203163535766,0.1823297101549818,0.07462100398487159,10.494077429531226,0.0,1,1,0,0.27288113611107406,1.0794252933205735,0.9444004244379915,1.1508705882388286,0.30854733147123875,0.14246204185252234
902,quintic_skeleton,23,0.1778332011601698,0.21371395033803975,0.14956054398960106,12.583964136654226,0.0,1,1,0,0.3331447651059046,0.974873030625804,0.9184665080116354,-0.6610661356678661,-0.8982758784596008,-0.44282277544271215
902,projected_velocity_cfm,0,0.17732345646434247,0.22267107580551115,0.14970749107131054,26.726097717995273,0.0,1,1,0,0.2717599646667583,0.9960585434769772,0.7284641231983335,-0.9839423237219904,-0.30338021904162654,0.6162937175428809
902,projected_velocity_cfm,1,0.19021892853652608,0.220042593959351,0.07911489320464149,26.45235385641779,0.0,1,1,0,0.14939839648657033,1.0931759654807547,0.9397001058799219,0.008525611860911728,1.1898593210941686,0.15544166091405867
902,projected_velocity_cfm,2,0.2022645992782858,0.22598776865099898,0.013124311467338057,13.449238195154907,0.0,1,1,0,0.2558225705188411,1.0971558313083183,1.3241591881164851,0.6631674512386528,0.7868401905786923,-0.6173260452206077
902,projected_velocity_cfm,3,0.12218237995179666,0.14081139841636733,0.02168550481408138,25.91762194030093,0.0,1,1,1,0.20678661824482947,0.962374627259524,1.1845644925234975,0.36984935356690557,-0.04608373495585773,1.140652333114109
902,projected_velocity_cfm,4,0.21728266727675113,0.24732101672149662,0.20984633074229464,16.465253366762077,0.0,1,1,0,0.348417253650191,1.060222474843807,0.8153127807836149,-1.0083280166873592,-0.47120020560849646,-0.448603362668903
902,projected_velocity_cfm,5,0.1667380603743968,0.1911575961098619,0.09737864215801562,15.74114736575802,0.0,1,1,0,0.19382692863593087,0.9735456142470013,0.7240577756541251,-0.5850622731573462,1.0345172123998274,-0.1657596868253828
902,projected_velocity_cfm,6,0.12011114697066433,0.14061318184306507,0.08998686481943041,15.014141139873818,0.0,1,1,1,0.1402908627497542,0.9699251253673971,0.7251908778386196,1.1824896717990652,-0.07565105020968639,0.18972373254474675
902,projected_velocity_cfm,7,0.17905134878531584,0.2049344824784793,0.11399300226350251,19.449822635460077,0.0,1,1,0,0.13519686020223687,1.035312762501566,1.0876375295143503,0.05960332186298455,1.1976076102709103,-0.046727463488793974
902,projected_velocity_cfm,8,0.17132194927641656,0.19776882750430627,0.11385183765619145,13.406036539799276,0.0,1,1,0,0.1826584002420477,1.0068831777438803,0.8149604388547953,-0.4340688298850231,1.1127540789550672,0.11559675899914709
902,projected_velocity_cfm,9,0.2015328393120039,0.23235507853179346,0.49246044388557464,43.8852440953881,0.0,1,1,0,0.15260665867290632,1.0458764076189049,0.7966553722857146,-0.8577008666382386,-0.7346359128742022,0.4057823294372269
902,projected_velocity_cfm,10,0.17370715268042022,0.2609484057747744,0.0858038199393878,40.467714739725366,0.0,1,1,0,0.157864100573518,1.0694473396673312,1.3826244217182946,1.0125812594503596,-0.5755381486549334,0.2888512289272369
902,projected_velocity_cfm,11,0.19330179076299528,0.23148917101702984,0.24197213014049268,31.527744029335707,0.0,1,1,0,0.052850338513257905,0.9781936906566657,1.2662197663307921,-0.6821047459814246,0.98414744209931,-0.07865702587182864
902,projected_velocity_cfm,12,0.20398833306939337,0.23725865480443672,0.2843999802683048,17.55637302041032,0.0,1,1,0,0.1416210697570315,1.067505492033746,0.7570476992552947,-0.5693901144781114,1.0337976898572523,0.21692679405829843
902,projected_velocity_cfm,13,0.13323935963989747,0.16245862516397858,0.12354500505531707,22.288423125832278,0.0,1,1,0,0.1185652454084507,0.9621499799508799,1.281270666123671,-0.16052919401892185,0.6994498492797063,-0.9617693518771698
902,projected_velocity_cfm,14,0.19791810608046026,0.25326794874562497,0.38551287484035224,37.322578794207885,0.0,1,1,0,0.20204055087326137,0.915385804212968,0.9677736106061408,-1.0242933115275006,-0.6141786013739753,-0.11665272210426285
902,projected_velocity_cfm,15,0.19606809389956395,0.2325654306353339,0.1835339563356957,16.11155636828403,0.0,1,1,0,0.30186717293133297,0.9505520595396,0.8731836882635788,-0.8604993430801519,0.8044108297708883,0.22905042568381773
902,projected_velocity_cfm,16,0.14252744796693878,0.17353501662959678,0.15763392554103595,30.48441395599819,0.0,1,1,0,0.4725447389506606,1.0603539138216151,1.3608177099523302,0.8407619884186583,-0.855162390684522,0.04262117301338167
902,projected_velocity_cfm,17,0.12940426779416284,0.17412866261951168,0.03637588168967909,24.055912903432677,0.0,1,1,0,0.35095969388750503,1.0341167804793474,1.2918512718870852,1.0701614785434668,0.04969635136127729,-0.5406335935761276
902,projected_velocity_cfm,18,0.13375064299530057,0.1570828389025361,0.06020763504244808,15.023491331877441,0.0,1,1,0,0.4126392358283592,0.9598879210126101,0.8205001175432037,0.7387124210937304,-0.7944590082652951,0.5129706064756175
902,projected_velocity_cfm,19,0.11973580437090917,0.15098286250093731,0.07269326723282754,17.51534631404363,0.0,1,1,1,0.19942829706033444,0.9773407192481074,0.9554615718241803,1.1650593453423204,-0.18935156731047556,0.2162931015718944
902,projected_velocity_cfm,20,0.1428664763354577,0.20925108547857932,0.15407109891308846,30.331841127718643,0.0,1,1,0,0.11052263918994948,1.0319149159155832,1.3597136888595012,1.0573287571736047,0.5469764268194816,0.15123719039149272
902,projected_velocity_cfm,21,0.1333126523443509,0.15214081320795814,0.06574170412147007,17.980978251904197,0.0,1,1,0,0.3135763612600504,1.093182310336888,0.7560773537253892,0.858426767306303,-0.6706986276511236,0.5032562329856928
902,projected_velocity_cfm,22,0.14680666953180563,0.1779989247263857,0.18614892551857443,19.828664899968334,0.0,1,1,0,0.34730219583779337,1.0794252933205735,0.9444004244379915,1.1508705882388286,0.30854733147123875,0.14246204185252234
902,projected_velocity_cfm,23,0.17243616802526388,0.19865696576049446,0.21623111137924367,19.27599437883928,0.0,1,1,0,0.3299459568041695,0.974873030625804,0.9184665080116354,-0.6610661356678661,-0.8982758784596008,-0.44282277544271215
902,boundary_only,0,0.42586921410473283,1.2845285425271513,0.1927233584459369,44.80991864742091,0.03826530612244898,1,1,0,0.10896398698088787,0.9960585434769772,0.7284641231983335,-0.9839423237219904,-0.30338021904162654,0.6162937175428809
902,boundary_only,1,0.4262182025153296,0.8852609554078086,0.31686757405569166,45.95496564310034,0.006222222222222222,1,1,0,0.30082620181083813,1.0931759654807547,0.9397001058799219,0.008525611860911728,1.1898593210941686,0.15544166091405867
902,boundary_only,2,0.4212889792968938,0.7314412527076986,nan,54.17400832312032,0.0,0,0,0,-0.014028168370562736,1.0971558313083183,1.3241591881164851,0.6631674512386528,0.7868401905786923,-0.6173260452206077
902,boundary_only,3,0.13545666238534512,0.2587910851732102,0.06866869148510446,58.04754294314725,0.016915814319433516,1,1,0,0.16202220702845876,0.962374627259524,1.1845644925234975,0.36984935356690557,-0.04608373495585773,1.140652333114109
902,boundary_only,4,0.43199580804980553,0.725976409872857,0.2062668177704059,58.397531550389026,0.001280175566934894,1,1,0,0.17501493380339567,1.060222474843807,0.8153127807836149,-1.0083280166873592,-0.47120020560849646,-0.448603362668903
902,boundary_only,5,0.21115557403027896,0.31294053841507913,0.06642657147056652,47.21858606255061,0.0,1,1,0,0.19534570047028044,0.9735456142470013,0.7240577756541251,-0.5850622731573462,1.0345172123998274,-0.1657596868253828
902,boundary_only,6,0.21210446237909028,0.3985352785083274,0.19432099175861506,55.478104574738424,0.0013377926421404682,1,1,0,0.1429512510119068,0.9699251253673971,0.7251908778386196,1.1824896717990652,-0.07565105020968639,0.18972373254474675
902,boundary_only,7,0.28535876984148556,0.45365256525394715,0.19017298808258243,46.533254589305805,0.0018307567127746134,1,1,0,0.08199759677683868,1.035312762501566,1.0876375295143503,0.05960332186298455,1.1976076102709103,-0.046727463488793974
902,boundary_only,8,0.3794207294314642,0.8744342077987133,nan,63.310414575093944,0.00975975975975976,0,0,0,-0.01924798303865221,1.0068831777438803,0.8149604388547953,-0.4340688298850231,1.1127540789550672,0.11559675899914709
902,boundary_only,9,0.8888507498097806,2.0129503409679703,0.5676800754771487,54.50366198297053,0.010407030527289547,1,1,0,0.04461737648622846,1.0458764076189049,0.7966553722857146,-0.8577008666382386,-0.7346359128742022,0.4057823294372269
902,boundary_only,10,0.4187586745046793,0.8885337059946338,0.12038219460592714,72.74676253340617,0.019163150492264417,1,1,0,0.2659897118292956,1.0694473396673312,1.3826244217182946,1.0125812594503596,-0.5755381486549334,0.2888512289272369
902,boundary_only,11,0.3853638509403953,0.770533927030135,0.29476922967164043,73.07103101386353,0.0056352459016393444,1,1,0,0.1702318233835509,0.9781936906566657,1.2662197663307921,-0.6821047459814246,0.98414744209931,-0.07865702587182864
902,boundary_only,12,0.3515617672820634,0.840345797405748,0.1641098062823656,56.284148013787956,0.0,1,1,0,0.050379509290669824,1.067505492033746,0.7570476992552947,-0.5693901144781114,1.0337976898572523,0.21692679405829843
902,boundary_only,13,0.4639634188389328,0.8177062366916975,nan,64.19224778661577,0.002482811306340718,0,0,0,-0.02061288865417385,0.9621499799508799,1.281270666123671,-0.16052919401892185,0.6994498492797063,-0.9617693518771698
902,boundary_only,14,0.4930043266082969,0.9431801302877275,0.7322442333157535,62.23094354105264,0.0074091778202676865,1,1,0,0.37437079511152993,0.915385804212968,0.9677736106061408,-1.0242933115275006,-0.6141786013739753,-0.11665272210426285
902,boundary_only,15,0.2479616101755791,0.39867674334702924,0.13017909550052154,54.168191875972134,0.005755947812739831,1,1,0,0.3250647996668521,0.9505520595396,0.8731836882635788,-0.8604993430801519,0.8044108297708883,0.22905042568381773
902,boundary_only,16,0.32730938843894025,0.5345672597205718,0.1580116694512972,69.4942940003876,0.010084427767354597,1,1,0,0.2156721358262153,1.0603539138216151,1.3608177099523302,0.8407619884186583,-0.855162390684522,0.04262117301338167
902,boundary_only,17,0.37035963089058827,0.5970592678598027,0.1360317493183183,68.43503182939986,0.0,1,1,0,0.35464816765291873,1.0341167804793474,1.2918512718870852,1.0701614785434668,0.04969635136127729,-0.5406335935761276
902,boundary_only,18,0.24965699243441689,0.557276740852027,0.12459995459625572,66.6885159404783,0.003528225806451613,1,1,0,0.47127001222750925,0.9598879210126101,0.8205001175432037,0.7387124210937304,-0.7944590082652951,0.5129706064756175
902,boundary_only,19,0.2594565501405868,0.6293166223713782,6.236951222904352e-05,38.496917558477755,0.0006009615384615385,1,1,0,0.2823963864493603,0.9773407192481074,0.9554615718241803,1.1650593453423204,-0.18935156731047556,0.2162931015718944
902,boundary_only,20,0.2495606730270574,0.4744193603569538,0.2634262323119092,52.6163802423159,0.00267379679144385,1,1,0,0.12649123548535293,1.0319149159155832,1.3597136888595012,1.0573287571736047,0.5469764268194816,0.15123719039149272
902,boundary_only,21,0.27220324677309293,0.4986200900377781,0.051554505623375046,47.21545836739648,0.004556752278376139,1,1,0,0.07163603672901352,1.093182310336888,0.7560773537253892,0.858426767306303,-0.6706986276511236,0.5032562329856928
902,boundary_only,22,0.28056412081593535,0.5048801904250844,0.8442927061106533,66.47631676991715,0.005158730158730159,1,1,0,0.23425641776288236,1.0794252933205735,0.9444004244379915,1.1508705882388286,0.30854733147123875,0.14246204185252234
902,boundary_only,23,0.34743365346292593,0.5623178408576831,0.35174145169163884,47.022103820848855,0.006545608108108108,1,1,0,0.12173745585552546,0.974873030625804,0.9184665080116354,-0.6610661356678661,-0.8982758784596008,-0.44282277544271215
902,plus_safe_prior,0,0.9165509132266064,1.8906800003360675,nan,51.104392524320104,0.03293135435992579,0,0,0,-0.00373446598189359,0.9960585434769772,0.7284641231983335,-0.9839423237219904,-0.30338021904162654,0.6162937175428809
902,plus_safe_prior,1,0.4262182025153296,0.8852609554078086,0.31686757405569166,45.95496564310034,0.006222222222222222,1,1,0,0.30082620181083813,1.0931759654807547,0.9397001058799219,0.008525611860911728,1.1898593210941686,0.15544166091405867
902,plus_safe_prior,2,0.4212889792968938,0.7314412527076986,nan,54.17400832312032,0.0,0,0,0,-0.014028168370562736,1.0971558313083183,1.3241591881164851,0.6631674512386528,0.7868401905786923,-0.6173260452206077
902,plus_safe_prior,3,0.13545666238534512,0.2587910851732102,0.06866869148510446,58.04754294314725,0.016915814319433516,1,1,0,0.16202220702845876,0.962374627259524,1.1845644925234975,0.36984935356690557,-0.04608373495585773,1.140652333114109
902,plus_safe_prior,4,0.36752969466854457,0.679908222723396,0.20500903573384255,52.69886210855691,0.000731528895391368,1,1,0,0.04078561195755198,1.060222474843807,0.8153127807836149,-1.0083280166873592,-0.47120020560849646,-0.448603362668903
902,plus_safe_prior,5,0.21574707968990825,0.31525775336517925,0.09032330376833508,43.61884088886031,0.0005961844197138314,1,1,0,0.20063706553432636,0.9735456142470013,0.7240577756541251,-0.5850622731573462,1.0345172123998274,-0.1657596868253828
902,plus_safe_prior,6,0.19842585757105435,0.4523252253172666,0.20355865740991863,52.94447036296373,0.0,1,1,0,0.2558232427422214,0.9699251253673971,0.7251908778386196,1.1824896717990652,-0.07565105020968639,0.18972373254474675
902,plus_safe_prior,7,0.28535876984148556,0.45365256525394715,0.19017298808258243,46.533254589305805,0.0018307567127746134,1,1,0,0.08199759677683868,1.035312762501566,1.0876375295143503,0.05960332186298455,1.1976076102709103,-0.046727463488793974
902,plus_safe_prior,8,0.4593178723379545,1.1511460190926948,nan,48.36216028075519,0.0,0,0,0,-0.029050285160995996,1.0068831777438803,0.8149604388547953,-0.4340688298850231,1.1127540789550672,0.11559675899914709
902,plus_safe_prior,9,0.6176841547493177,1.2655079401988654,nan,54.30932559899094,0.014569842738205366,0,0,0,-0.014325236108046674,1.0458764076189049,0.7966553722857146,-0.8577008666382386,-0.7346359128742022,0.4057823294372269
902,plus_safe_prior,10,0.4187586745046793,0.8885337059946338,0.12038219460592714,72.74676253340617,0.019163150492264417,1,1,0,0.2659897118292956,1.0694473396673312,1.3826244217182946,1.0125812594503596,-0.5755381486549334,0.2888512289272369
902,plus_safe_prior,11,0.31539320980626706,0.5081357598379698,1.1699478619604982,53.50345909423055,0.001878415300546448,1,1,0,0.0798418445423571,0.9781936906566657,1.2662197663307921,-0.6821047459814246,0.98414744209931,-0.07865702587182864
902,plus_safe_prior,12,0.339764206933766,0.6201831528867765,nan,46.74329172367174,0.0,0,0,0,-0.03458449566019616,1.067505492033746,0.7570476992552947,-0.5693901144781114,1.0337976898572523,0.21692679405829843
902,plus_safe_prior,13,0.4639634188389328,0.8177062366916975,nan,64.19224778661577,0.002482811306340718,0,0,0,-0.02061288865417385,0.9621499799508799,1.281270666123671,-0.16052919401892185,0.6994498492797063,-0.9617693518771698
902,plus_safe_prior,14,0.4930043266082969,0.9431801302877275,0.7322442333157535,62.23094354105264,0.0074091778202676865,1,1,0,0.37437079511152993,0.915385804212968,0.9677736106061408,-1.0242933115275006,-0.6141786013739753,-0.11665272210426285
902,plus_safe_prior,15,0.2479616101755791,0.39867674334702924,0.13017909550052154,54.168191875972134,0.005755947812739831,1,1,0,0.3250647996668521,0.9505520595396,0.8731836882635788,-0.8604993430801519,0.8044108297708883,0.22905042568381773
902,plus_safe_prior,16,0.32730938843894025,0.5345672597205718,0.1580116694512972,69.4942940003876,0.010084427767354597,1,1,0,0.2156721358262153,1.0603539138216151,1.3608177099523302,0.8407619884186583,-0.855162390684522,0.04262117301338167
902,plus_safe_prior,17,0.37035963089058827,0.5970592678598027,0.1360317493183183,68.43503182939986,0.0,1,1,0,0.35464816765291873,1.0341167804793474,1.2918512718870852,1.0701614785434668,0.04969635136127729,-0.5406335935761276
902,plus_safe_prior,18,0.24965699243441689,0.557276740852027,0.12459995459625572,66.6885159404783,0.003528225806451613,1,1,0,0.47127001222750925,0.9598879210126101,0.8205001175432037,0.7387124210937304,-0.7944590082652951,0.5129706064756175
902,plus_safe_prior,19,0.2976663415515113,0.5734928974694669,0.008718937689639272,60.19386543657647,0.011217948717948718,1,1,0,0.011443066976583503,0.9773407192481074,0.9554615718241803,1.1650593453423204,-0.18935156731047556,0.2162931015718944
902,plus_safe_prior,20,0.2495606730270574,0.4744193603569538,0.2634262323119092,52.6163802423159,0.00267379679144385,1,1,0,0.12649123548535293,1.0319149159155832,1.3597136888595012,1.0573287571736047,0.5469764268194816,0.15123719039149272
902,plus_safe_prior,21,0.27220324677309293,0.4986200900377781,0.051554505623375046,47.21545836739648,0.004556752278376139,1,1,0,0.07163603672901352,1.093182310336888,0.7560773537253892,0.858426767306303,-0.6706986276511236,0.5032562329856928
902,plus_safe_prior,22,0.22961747334343877,0.3477460201283844,5.4998485402357744e-05,45.53866142609706,0.007341269841269841,1,1,0,0.16483674845198232,1.0794252933205735,0.9444004244379915,1.1508705882388286,0.30854733147123875,0.14246204185252234
902,plus_safe_prior,23,0.34743365346292593,0.5623178408576831,0.35174145169163884,47.022103820848855,0.006545608108108108,1,1,0,0.12173745585552546,0.974873030625804,0.9184665080116354,-0.6610661356678661,-0.8982758784596008,-0.44282277544271215
902,plus_cbf,0,0.9165509132266064,1.8906800003360675,nan,51.104392524320104,0.03293135435992579,0,0,0,-0.00373446598189359,0.9960585434769772,0.7284641231983335,-0.9839423237219904,-0.30338021904162654,0.6162937175428809
902,plus_cbf,1,0.4262182025153296,0.8852609554078086,0.31686757405569166,45.95496564310034,0.006222222222222222,1,1,0,0.30082620181083813,1.0931759654807547,0.9397001058799219,0.008525611860911728,1.1898593210941686,0.15544166091405867
902,plus_cbf,2,0.4212889792968938,0.7314412527076986,nan,54.17400832312032,0.0,0,0,0,-0.014028168370562736,1.0971558313083183,1.3241591881164851,0.6631674512386528,0.7868401905786923,-0.6173260452206077
902,plus_cbf,3,0.13545666238534512,0.2587910851732102,0.06866869148510446,58.04754294314725,0.016915814319433516,1,1,0,0.16202220702845876,0.962374627259524,1.1845644925234975,0.36984935356690557,-0.04608373495585773,1.140652333114109
902,plus_cbf,4,0.36752969466854457,0.679908222723396,0.20500903573384255,52.69886210855691,0.000731528895391368,1,1,0,0.04078561195755198,1.060222474843807,0.8153127807836149,-1.0083280166873592,-0.47120020560849646,-0.448603362668903
902,plus_cbf,5,0.21692685002188541,0.3154385928295882,0.09143533718701313,43.570848160345115,0.0001987281399046105,1,1,0,0.2000201473682645,0.9735456142470013,0.7240577756541251,-0.5850622731573462,1.0345172123998274,-0.1657596868253828
902,plus_cbf,6,0.19842585757105435,0.4523252253172666,0.20355865740991863,52.94447036296373,0.0,1,1,0,0.2558232427422214,0.9699251253673971,0.7251908778386196,1.1824896717990652,-0.07565105020968639,0.18972373254474675
902,plus_cbf,7,0.28535876984148556,0.45365256525394715,0.19017298808258243,46.533254589305805,0.0018307567127746134,1,1,0,0.08199759677683868,1.035312762501566,1.0876375295143503,0.05960332186298455,1.1976076102709103,-0.046727463488793974
902,plus_cbf,8,0.4593178723379545,1.1511460190926948,nan,48.36216028075519,0.0,0,0,0,-0.029050285160995996,1.0068831777438803,0.8149604388547953,-0.4340688298850231,1.1127540789550672,0.11559675899914709
902,plus_cbf,9,0.6176841547493177,1.2655079401988654,nan,54.30932559899094,0.014569842738205366,0,0,0,-0.014325236108046674,1.0458764076189049,0.7966553722857146,-0.8577008666382386,-0.7346359128742022,0.4057823294372269
902,plus_cbf,10,0.4187586745046793,0.8885337059946338,0.12038219460592714,72.74676253340617,0.019163150492264417,1,1,0,0.2659897118292956,1.0694473396673312,1.3826244217182946,1.0125812594503596,-0.5755381486549334,0.2888512289272369
902,plus_cbf,11,0.31508549620990856,0.5078228098426086,1.1712396638776443,53.51507531372906,0.001878415300546448,1,1,0,0.0794716347048713,0.9781936906566657,1.2662197663307921,-0.6821047459814246,0.98414744209931,-0.07865702587182864
902,plus_cbf,12,0.34010108475397366,0.6222387676872786,nan,46.74530218058619,0.0,0,0,0,-0.03473953281998346,1.067505492033746,0.7570476992552947,-0.5693901144781114,1.0337976898572523,0.21692679405829843
902,plus_cbf,13,0.4639634188389328,0.8177062366916975,nan,64.19224778661577,0.002482811306340718,0,0,0,-0.02061288865417385,0.9621499799508799,1.281270666123671,-0.16052919401892185,0.6994498492797063,-0.9617693518771698
902,plus_cbf,14,0.4930043266082969,0.9431801302877275,0.7322442333157535,62.23094354105264,0.0074091778202676865,1,1,0,0.37437079511152993,0.915385804212968,0.9677736106061408,-1.0242933115275006,-0.6141786013739753,-0.11665272210426285
902,plus_cbf,15,0.2479616101755791,0.39867674334702924,0.13017909550052154,54.168191875972134,0.005755947812739831,1,1,0,0.3250647996668521,0.9505520595396,0.8731836882635788,-0.8604993430801519,0.8044108297708883,0.22905042568381773
902,plus_cbf,16,0.32730938843894025,0.5345672597205718,0.1580116694512972,69.4942940003876,0.010084427767354597,1,1,0,0.2156721358262153,1.0603539138216151,1.3608177099523302,0.8407619884186583,-0.855162390684522,0.04262117301338167
902,plus_cbf,17,0.37035963089058827,0.5970592678598027,0.1360317493183183,68.43503182939986,0.0,1,1,0,0.35464816765291873,1.0341167804793474,1.2918512718870852,1.0701614785434668,0.04969635136127729,-0.5406335935761276
902,plus_cbf,18,0.24965699243441689,0.557276740852027,0.12459995459625572,66.6885159404783,0.003528225806451613,1,1,0,0.47127001222750925,0.9598879210126101,0.8205001175432037,0.7387124210937304,-0.7944590082652951,0.5129706064756175
902,plus_cbf,19,0.30228803345896466,0.5903877036879496,0.024564206427947877,60.09750978384182,0.011217948717948718,1,1,0,0.00936004836434863,0.9773407192481074,0.9554615718241803,1.1650593453423204,-0.18935156731047556,0.2162931015718944
902,plus_cbf,20,0.2495606730270574,0.4744193603569538,0.2634262323119092,52.6163802423159,0.00267379679144385,1,1,0,0.12649123548535293,1.0319149159155832,1.3597136888595012,1.0573287571736047,0.5469764268194816,0.15123719039149272
902,plus_cbf,21,0.27220324677309293,0.4986200900377781,0.051554505623375046,47.21545836739648,0.004556752278376139,1,1,0,0.07163603672901352,1.093182310336888,0.7560773537253892,0.858426767306303,-0.6706986276511236,0.5032562329856928
902,plus_cbf,22,0.22961747334343877,0.3477460201283844,5.4998485402357744e-05,45.53866142609706,0.007341269841269841,1,1,0,0.16483674845198232,1.0794252933205735,0.9444004244379915,1.1508705882388286,0.30854733147123875,0.14246204185252234
902,plus_cbf,23,0.34743365346292593,0.5623178408576831,0.35174145169163884,47.022103820848855,0.006545608108108108,1,1,0,0.12173745585552546,0.974873030625804,0.9184665080116354,-0.6610661356678661,-0.8982758784596008,-0.44282277544271215
902,plus_kinodynamic,0,0.18482404354550946,0.23521445670883445,0.13562478434284975,20.541210642098928,0.0,1,1,0,0.3092548231345921,0.9960585434769772,0.7284641231983335,-0.9839423237219904,-0.30338021904162654,0.6162937175428809
902,plus_kinodynamic,1,0.19326931994013685,0.22793504793596206,0.06950521231094253,17.93403962643975,0.0,1,1,0,0.20711278988011955,1.0931759654807547,0.9397001058799219,0.008525611860911728,1.1898593210941686,0.15544166091405867
902,plus_kinodynamic,2,0.21914902691084412,0.2616042708055346,0.01424850847181025,22.78290818445918,0.0,1,1,0,0.17225334142694296,1.0971558313083183,1.3241591881164851,0.6631674512386528,0.7868401905786923,-0.6173260452206077
902,plus_kinodynamic,3,0.10990074511776103,0.1430763520123882,0.008077369842659277,21.5293483897589,0.0,1,1,1,0.16670620287364318,0.962374627259524,1.1845644925234975,0.36984935356690557,-0.04608373495585773,1.140652333114109
902,plus_kinodynamic,4,0.2285567573169341,0.2927269109805494,0.16471592301465776,29.28728994012901,0.0,1,1,0,0.299335393207777,1.060222474843807,0.8153127807836149,-1.0083280166873592,-0.47120020560849646,-0.448603362668903
902,plus_kinodynamic,5,0.17093101786299547,0.20778776255380024,0.09727613589671069,16.19378742758647,0.0,1,1,0,0.17300028085436603,0.9735456142470013,0.7240577756541251,-0.5850622731573462,1.0345172123998274,-0.1657596868253828
902,plus_kinodynamic,6,0.1173672387962854,0.15173885846566243,0.08663410139388983,25.47781081108508,0.0,1,1,0,0.22018567468104827,0.9699251253673971,0.7251908778386196,1.1824896717990652,-0.07565105020968639,0.18972373254474675
902,plus_kinodynamic,7,0.18118413857588223,0.21158975664639798,0.10262103142917889,14.374702176800442,0.0,1,1,0,0.14507176615718215,1.035312762501566,1.0876375295143503,0.05960332186298455,1.1976076102709103,-0.046727463488793974
902,plus_kinodynamic,8,0.17538731578290526,0.2140237012616368,0.09130468313828644,21.775064977536836,0.0,1,1,0,0.14245701292713686,1.0068831777438803,0.8149604388547953,-0.4340688298850231,1.1127540789550672,0.11559675899914709
902,plus_kinodynamic,9,0.20937135271875731,0.2660468071830938,0.15238688509667142,19.16674774004849,0.0,1,1,0,0.1962251233723891,1.0458764076189049,0.7966553722857146,-0.8577008666382386,-0.7346359128742022,0.4057823294372269
902,plus_kinodynamic,10,0.15002387837318193,0.20831877892043943,0.06854033192716313,21.563772025674872,0.0,1,1,0,0.20866544858167158,1.0694473396673312,1.3826244217182946,1.0125812594503596,-0.5755381486549334,0.2888512289272369
902,plus_kinodynamic,11,0.19607732596253039,0.24729824564815622,0.22077567716276514,30.89379947572233,0.0,1,1,0,0.12301268786921316,0.9781936906566657,1.2662197663307921,-0.6821047459814246,0.98414744209931,-0.07865702587182864
902,plus_kinodynamic,12,0.20962428076739237,0.25317294076409075,0.1656954642578028,23.556656581254135,0.0,1,1,0,0.11667995197133696,1.067505492033746,0.7570476992552947,-0.5693901144781114,1.0337976898572523,0.21692679405829843
902,plus_kinodynamic,13,0.16744132545156976,0.2601176915406394,0.08664794687096355,34.96205876453583,0.0,1,1,0,0.21739862996245113,0.9621499799508799,1.281270666123671,-0.16052919401892185,0.6994498492797063,-0.9617693518771698
902,plus_kinodynamic,14,0.2061089390634468,0.26484601856487905,0.13178009585888817,21.286314001128027,0.0,1,1,0,0.35290830827562425,0.915385804212968,0.9677736106061408,-1.0242933115275006,-0.6141786013739753,-0.11665272210426285
902,plus_kinodynamic,15,0.19617616118363868,0.24323335826693376,0.16980038927571783,20.978251251948784,0.0,1,1,0,0.2981964148924329,0.9505520595396,0.8731836882635788,-0.8604993430801519,0.8044108297708883,0.22905042568381773
902,plus_kinodynamic,16,0.1347883404042445,0.17863809770804417,0.020230224786096596,19.303326454056542,0.0,1,1,0,0.484837201523303,1.0603539138216151,1.3608177099523302,0.8407619884186583,-0.855162390684522,0.04262117301338167
902,plus_kinodynamic,17,0.1363965881669093,0.18698856062296826,0.02353396829013965,24.271344752301015,0.0,1,1,0,0.4015249313620147,1.0341167804793474,1.2918512718870852,1.0701614785434668,0.04969635136127729,-0.5406335935761276
902,plus_kinodynamic,18,0.1285256590716898,0.16054905252342683,0.01494754827825684,32.648145007624045,0.0,1,1,0,0.3343517515022515,0.9598879210126101,0.8205001175432037,0.7387124210937304,-0.7944590082652951,0.5129706064756175
902,plus_kinodynamic,19,0.11639764526093146,0.14581378797076155,0.04837445276040553,17.772993093637634,0.0,1,1,1,0.21591684400796268,0.9773407192481074,0.9554615718241803,1.1650593453423204,-0.18935156731047556,0.2162931015718944
902,plus_kinodynamic,20,0.1433944265798789,0.21710371421540445,0.08379833414279503,27.86360818600569,0.0,1,1,0,0.17193482504716598,1.0319149159155832,1.3597136888595012,1.0573287571736047,0.5469764268194816,0.15123719039149272
902,plus_kinodynamic,21,0.13534650493248518,0.16129457447376347,0.021511286086915327,22.316343628838347,0.0,1,1,0,0.19755362399865348,1.093182310336888,0.7560773537253892,0.858426767306303,-0.6706986276511236,0.5032562329856928
902,plus_kinodynamic,22,0.14461746433893147,0.1824374085293248,0.07220607985323291,12.467787803215659,0.0,1,1,0,0.27708982241439684,1.0794252933205735,0.9444004244379915,1.1508705882388286,0.30854733147123875,0.14246204185252234
902,plus_kinodynamic,23,0.18076277901967844,0.22504748898422627,0.1648854562102029,17.294582988147678,0.0,1,1,0,0.31785447689888013,0.974873030625804,0.9184665080116354,-0.6610661356678661,-0.8982758784596008,-0.44282277544271215
902,plus_execution_margin,0,0.1843846871832872,0.2263480615740404,0.13480184094818748,16.4747546285913,0.0,1,1,0,0.309338016070657,0.9960585434769772,0.7284641231983335,-0.9839423237219904,-0.30338021904162654,0.6162937175428809
902,plus_execution_margin,1,0.19162363358371212,0.2240510711374508,0.07139177496807703,15.472179386014954,0.0,1,1,0,0.20363532290358932,1.0931759654807547,0.9397001058799219,0.008525611860911728,1.1898593210941686,0.15544166091405867
902,plus_execution_margin,2,0.20753913792114,0.23545494430788602,0.002553263790880056,15.1014073651918,0.0,1,1,0,0.19918792904638818,1.0971558313083183,1.3241591881164851,0.6631674512386528,0.7868401905786923,-0.6173260452206077
902,plus_execution_margin,3,0.11901626719485908,0.14276751129901588,0.0024798107726851093,16.747009167155134,0.0,1,1,1,0.1545755362241682,0.962374627259524,1.1845644925234975,0.36984935356690557,-0.04608373495585773,1.140652333114109
902,plus_execution_margin,4,0.22291964375754972,0.2704782316633509,0.1712340382778197,21.45836911124622,0.0,1,1,0,0.3289480668916548,1.060222474843807,0.8153127807836149,-1.0083280166873592,-0.47120020560849646,-0.448603362668903
902,plus_execution_margin,5,0.16987562545505727,0.20434825724637393,0.10382784118533994,12.94349376957223,0.0,1,1,0,0.16762335509898924,0.9735456142470013,0.7240577756541251,-0.5850622731573462,1.0345172123998274,-0.1657596868253828
902,plus_execution_margin,6,0.11737922866682483,0.15229747162844384,0.07382869624757094,20.7263189149227,0.0,1,1,0,0.21990855880535737,0.9699251253673971,0.7251908778386196,1.1824896717990652,-0.07565105020968639,0.18972373254474675
902,plus_execution_margin,7,0.18015297974759595,0.2090436576995639,0.09870318800503108,12.737644187204909,0.0,1,1,0,0.14271104691836534,1.035312762501566,1.0876375295143503,0.05960332186298455,1.1976076102709103,-0.046727463488793974
902,plus_execution_margin,8,0.1744411254339116,0.2055557349064169,0.10022999341906758,17.269713829356647,0.0,1,1,0,0.14970803111586828,1.0068831777438803,0.8149604388547953,-0.4340688298850231,1.1127540789550672,0.11559675899914709
902,plus_execution_margin,9,0.20893158923021604,0.26203562528859603,0.15364393985856406,18.23359129551547,0.0,1,1,0,0.1880974183398936,1.0458764076189049,0.7966553722857146,-0.8577008666382386,-0.7346359128742022,0.4057823294372269
902,plus_execution_margin,10,0.14641789681101716,0.18701715367312208,0.0673625620816467,19.9716316696604,0.0,1,1,0,0.20187720942836326,1.0694473396673312,1.3826244217182946,1.0125812594503596,-0.5755381486549334,0.2888512289272369
902,plus_execution_margin,11,0.18652597234758866,0.22332677540058443,0.19490492348987898,23.988231644383575,0.0,1,1,0,0.11923579938117718,0.9781936906566657,1.2662197663307921,-0.6821047459814246,0.98414744209931,-0.07865702587182864
902,plus_execution_margin,12,0.20706964132066183,0.24587060775744798,0.16859732785786274,18.225165140537506,0.0,1,1,0,0.13127403414928449,1.067505492033746,0.7570476992552947,-0.5693901144781114,1.0337976898572523,0.21692679405829843
902,plus_execution_margin,13,0.14219148798249442,0.19638490756623014,0.08311202335368995,24.498247792029463,0.0,1,1,0,0.2356353004052355,0.9621499799508799,1.281270666123671,-0.16052919401892185,0.6994498492797063,-0.9617693518771698
902,plus_execution_margin,14,0.20540211228077712,0.25980734456493615,0.13428952841028763,18.433662746711136,0.0,1,1,0,0.34897415089543815,0.915385804212968,0.9677736106061408,-1.0242933115275006,-0.6141786013739753,-0.11665272210426285
902,plus_execution_margin,15,0.19754793923313643,0.24077767643426412,0.1675379722274477,17.169243392752204,0.0,1,1,0,0.2883769692031475,0.9505520595396,0.8731836882635788,-0.8604993430801519,0.8044108297708883,0.22905042568381773
902,plus_execution_margin,16,0.13396258487788212,0.17314101746958954,0.019940073645403178,14.73881800437834,0.0,1,1,0,0.48422234950145815,1.0603539138216151,1.3608177099523302,0.8407619884186583,-0.855162390684522,0.04262117301338167
902,plus_execution_margin,17,0.12283051092329218,0.16038045121180416,0.028485176037590598,17.661189287227177,0.0,1,1,0,0.39169944992604916,1.0341167804793474,1.2918512718870852,1.0701614785434668,0.04969635136127729,-0.5406335935761276
902,plus_execution_margin,18,0.13065098527307364,0.16074620311776316,0.01974501899977854,23.477664019779105,0.0,1,1,0,0.331296530452058,0.9598879210126101,0.8205001175432037,0.7387124210937304,-0.7944590082652951,0.5129706064756175
902,plus_execution_margin,19,0.11751178843898832,0.14643769441244867,0.053942161785819565,14.61481588378836,0.0,1,1,1,0.21347513114238975,0.9773407192481074,0.9554615718241803,1.1650593453423204,-0.18935156731047556,0.2162931015718944
902,plus_execution_margin,20,0.1363058112866803,0.19401380786148165,0.08265853456850092,22.880203231166558,0.0,1,1,0,0.16780056660576137,1.0319149159155832,1.3597136888595012,1.0573287571736047,0.5469764268194816,0.15123719039149272
902,plus_execution_margin,21,0.1332348916958803,0.15966054322498877,0.02146275472358461,17.693995621294064,0.0,1,1,0,0.20032037679947065,1.093182310336888,0.7560773537253892,0.858426767306303,-0.6706986276511236,0.5032562329856928
902,plus_execution_margin,22,0.1442105142951039,0.1822644221392039,0.07323852484789484,11.443302811509515,0.0,1,1,0,0.27647049055197975,1.0794252933205735,0.9444004244379915,1.1508705882388286,0.30854733147123875,0.14246204185252234
902,plus_execution_margin,23,0.17872992162942858,0.21880804462501852,0.15676876830878284,14.289823777890875,0.0,1,1,0,0.3270478828398788,0.974873030625804,0.9184665080116354,-0.6610661356678661,-0.8982758784596008,-0.44282277544271215
903,quintic_skeleton,0,0.16617745558008082,0.19626078317857346,0.0639646953533628,12.953871242535142,0.0,1,1,0,0.18815979904130653,0.9655827611365144,1.084891417374751,-0.22995807574791247,-1.1752665032135532,0.0766024139469756
903,quintic_skeleton,1,0.19426528312237157,0.22893999241918706,0.0841877214209612,12.644751785304296,0.0,1,1,0,0.20274319916799222,1.060441540799326,0.7493674578712095,-0.145793541168154,1.1766178178221611,-0.1852424199179686
903,quintic_skeleton,2,0.14641194069921007,0.16005169711736378,0.018293891248878147,10.452340761402805,0.0,1,1,0,0.3752541345279557,0.9483873211371777,1.0254853376910125,0.18899461081739757,1.1776517510272033,-0.13197496120303503
903,quintic_skeleton,3,0.12382916647006345,0.15910373985301648,0.05063997960304434,16.599371797461075,0.0,1,1,0,0.2348578027902583,0.9990815261267735,1.2964237195750732,0.9584362268466295,0.7164526295892982,0.08997571129241307
903,quintic_skeleton,4,0.21606634871129193,0.25772064154333724,0.20608504520939208,14.280732060206546,0.0,1,1,0,0.29942802842923355,1.0835873070587547,0.9628175334409919,-1.11763144737859,-0.3693705396971331,0.2333781314397012
903,quintic_skeleton,5,0.18148545513428915,0.22361169457036206,0.17383814707185863,14.34668525615468,0.0,1,1,0,0.20588006336007925,1.0514113446724354,1.1452803853862847,-0.9381410588488875,-0.349942678082709,0.6613860262798038
903,quintic_skeleton,6,0.1491333037717811,0.16663401524690727,0.0009870689771616092,9.731807445383021,0.0,1,1,0,0.14323269255772614,0.9533149560317155,0.9652976415611336,0.6563761420260771,-0.8555717636546774,0.5264668246108084
903,quintic_skeleton,7,0.13444353882316837,0.1559391599230764,0.043633396757048803,10.80306081021538,0.0,1,1,0,0.36228661722608224,0.9457208833121761,1.0410240561305704,0.7363454765610237,-0.873007019338417,0.3683124805568937
903,quintic_skeleton,8,0.2001839605298669,0.2384995635998406,0.20306779056191404,13.394945188139996,0.0,1,1,0,0.1760864345925307,1.0981869470311973,0.8498752908468259,-1.0305720556130127,-0.3900792154677479,0.4751414987660369
903,quintic_skeleton,9,0.17728810835344866,0.21295163073945286,0.08398808765891452,13.901437599165535,0.0,1,1,0,0.09552891115600881,1.0126794199654874,0.9798052939174668,0.1291798916353427,-1.1855748078941106,0.13313500848358448
903,quintic_skeleton,10,0.11350583620728504,0.12944049582503897,0.07419051392657527,6.134842330008804,0.0,1,1,1,0.20800633857325004,0.9779496035368163,0.8752217829419553,0.010372720054875113,0.6095180071350451,-1.033624789590878
903,quintic_skeleton,11,0.20443948924444216,0.24056059574083727,0.21750756201050825,12.841160070222012,0.0,1,1,0,0.3349885026373126,1.0359714284563184,1.0955572601567023,-1.0462810481029154,-0.5642892375407347,-0.16393176866111442
903,quintic_skeleton,12,0.17151374533186806,0.19891481384441956,0.105124293031718,11.064423275080193,0.0,1,1,0,0.08377901379636357,0.9842600690379284,0.7347076725196297,-0.5456253062996365,-1.0491808021916178,0.20374658141421978
903,quintic_skeleton,13,0.14168238539134373,0.15668873341297843,0.039591830794812655,9.64452663249731,0.0,1,1,0,0.24994846412518756,1.023451182125605,1.3246354355984842,0.15461791718573933,0.2872447374401944,-1.154808971431231
903,quintic_skeleton,14,0.19789626302263816,0.23748813972393046,0.11582602320415858,13.407616170973489,0.0,1,1,0,0.35147468824729267,1.0457571588416423,1.2773470571912906,-0.5642957154800033,0.7935504714853412,-0.7013187539887289
903,quintic_skeleton,15,0.12698999116248635,0.15452159030355292,0.032823077461650474,9.149319092406818,0.0,1,1,0,0.3570796905544815,1.0202339524417916,0.7981356187113429,0.78056517225243,-0.7204330050846312,-0.5582958866508528
903,quintic_skeleton,16,0.1677985427236302,0.19621050937446993,0.014866683960541582,12.979887167099353,0.0,1,1,0,0.14512334392946596,1.089775551702875,1.325296280900996,0.5319135305000302,1.075651034919198,0.006545773311985346
903,quintic_skeleton,17,0.1904193089611476,0.22141933735010594,0.07608612049251562,12.540922716314173,0.0,1,1,0,0.19730779905709925,1.0566834806810708,1.0965439851466392,-0.004198459102248378,-1.1246728349152588,-0.41844161760613846
903,quintic_skeleton,18,0.1392993161017552,0.17796768459762394,0.00549354509225175,26.536669070258416,0.0,1,1,0,0.2666363903652284,0.9638310840404729,1.3082264027127835,0.35353617492962836,-1.1467358531833935,0.003009325486179816
903,quintic_skeleton,19,0.17267542756389234,0.20367456600766523,0.110199053452682,12.275562815570265,0.0,1,1,0,0.06650032845929509,0.9983459155734756,1.1562716032764289,-0.3134497531393791,1.1570505146925494,0.05462013096440293
903,quintic_skeleton,20,0.18004658028245482,0.2107855136067228,0.010765796724617971,18.08381019657673,0.0,1,1,0,0.08706504507737373,1.0826265797447563,1.3615425281076234,0.10952279113560455,1.192860967873517,0.07132649960374385
903,quintic_skeleton,21,0.16857281516762002,0.21005551406167988,0.16382939868776836,16.24676590904641,0.0,1,1,0,0.2830480102186027,0.9511261320692658,1.271053858694644,-0.9913440521564051,0.2475731714337001,-0.6292412057711877
903,quintic_skeleton,22,0.16496717533871882,0.1864664361650267,0.08412164137255607,10.464608023250861,0.0,1,1,0,0.246114541745322,0.9789065953198859,0.9295609868799286,0.019361664002180194,1.0970844448477806,0.4858300596300149
903,quintic_skeleton,23,0.13825897519218244,0.1634439492408863,0.039287143548940584,19.77613166188144,0.0,1,1,0,0.30709242190511465,0.9544800659317512,1.3370457475990665,0.434951730526364,-1.066853828069781,-0.3356186848865471
903,projected_velocity_cfm,0,0.16410401601414015,0.20037695859248564,0.07401574410463851,32.48003701568677,0.0,1,1,0,0.1682627907010536,0.9655827611365144,1.084891417374751,-0.22995807574791247,-1.1752665032135532,0.0766024139469756
903,projected_velocity_cfm,1,0.19291768618806876,0.22545273702849652,0.09698749840466814,25.21961615044344,0.0,1,1,0,0.15585301599409174,1.060441540799326,0.7493674578712095,-0.145793541168154,1.1766178178221611,-0.1852424199179686
903,projected_velocity_cfm,2,0.14604878602598073,0.16257670233137217,0.01741033690441407,15.359026467005563,0.0,1,1,0,0.3555276494044742,0.9483873211371777,1.0254853376910125,0.18899461081739757,1.1776517510272033,-0.13197496120303503
903,projected_velocity_cfm,3,0.128790054525986,0.1579953854717129,0.07800806130299653,28.840878558294747,0.0,1,1,0,0.24795923842967893,0.9990815261267735,1.2964237195750732,0.9584362268466295,0.7164526295892982,0.08997571129241307
903,projected_velocity_cfm,4,0.21257247102767274,0.24408299619369017,0.23779545457964746,18.87993034771709,0.0,1,1,0,0.2855723442800318,1.0835873070587547,0.9628175334409919,-1.11763144737859,-0.3693705396971331,0.2333781314397012
903,projected_velocity_cfm,5,0.17691216589988729,0.20992817945331937,0.1729692838768515,19.91598793534455,0.0,1,1,0,0.1992583835761177,1.0514113446724354,1.1452803853862847,-0.9381410588488875,-0.349942678082709,0.6613860262798038
903,projected_velocity_cfm,6,0.14766287273086512,0.16502287696475376,0.01580040325196519,14.509181135392819,0.0,1,1,0,0.07571519427945313,0.9533149560317155,0.9652976415611336,0.6563761420260771,-0.8555717636546774,0.5264668246108084
903,projected_velocity_cfm,7,0.13467181893501184,0.15174487755916916,0.06420449608731493,16.848487579716487,0.0,1,1,1,0.28400425542327734,0.9457208833121761,1.0410240561305704,0.7363454765610237,-0.873007019338417,0.3683124805568937
903,projected_velocity_cfm,8,0.1969774408512094,0.23663787570566444,0.21827099145395534,15.049412899959208,0.0,1,1,0,0.21854532921298764,1.0981869470311973,0.8498752908468259,-1.0305720556130127,-0.3900792154677479,0.4751414987660369
903,projected_velocity_cfm,9,0.1751404734694536,0.19802845553276882,0.17755355493091884,43.152087447646636,0.0,1,1,0,0.08559110822252848,1.0126794199654874,0.9798052939174668,0.1291798916353427,-1.1855748078941106,0.13313500848358448
903,projected_velocity_cfm,10,0.11459291638991427,0.128535320516596,0.06842758148095252,14.478253975639547,0.0,1,1,1,0.19784384027004073,0.9779496035368163,0.8752217829419553,0.010372720054875113,0.6095180071350451,-1.033624789590878
903,projected_velocity_cfm,11,0.20731766696138354,0.24702158610945704,0.30174372095954727,20.493145992827838,0.0,1,1,0,0.23548387973074675,1.0359714284563184,1.0955572601567023,-1.0462810481029154,-0.5642892375407347,-0.16393176866111442
903,projected_velocity_cfm,12,0.1699884414710963,0.19407913210617694,0.15884950873825643,15.156422217191006,0.0,1,1,0,0.06115866934933563,0.9842600690379284,0.7347076725196297,-0.5456253062996365,-1.0491808021916178,0.20374658141421978
903,projected_velocity_cfm,13,0.16364639090022673,0.20053666310744067,0.01482251200923379,24.304742360177453,0.0,1,1,0,0.16574933632542263,1.023451182125605,1.3246354355984842,0.15461791718573933,0.2872447374401944,-1.154808971431231
903,projected_velocity_cfm,14,0.23150578489859688,0.2846683962361006,0.26107375348384676,34.2853135332832,0.0,1,1,0,0.21570760222012958,1.0457571588416423,1.2773470571912906,-0.5642957154800033,0.7935504714853412,-0.7013187539887289
903,projected_velocity_cfm,15,0.12843095990424913,0.149296229440046,0.039537288818479954,14.522347556225036,0.0,1,1,1,0.30215504718130476,1.0202339524417916,0.7981356187113429,0.78056517225243,-0.7204330050846312,-0.5582958866508528
903,projected_velocity_cfm,16,0.17348114293920094,0.19989326900173024,0.059091102554063246,26.455628685771647,0.0,1,1,0,0.1461716019865692,1.089775551702875,1.325296280900996,0.5319135305000302,1.075651034919198,0.006545773311985346
903,projected_velocity_cfm,17,0.19211038731032462,0.22100362031904588,0.0778606487474165,19.59650065949139,0.0,1,1,0,0.18105704706740433,1.0566834806810708,1.0965439851466392,-0.004198459102248378,-1.1246728349152588,-0.41844161760613846
903,projected_velocity_cfm,18,0.13904611487547713,0.16954308205710636,0.019951681232341034,28.318163949584942,0.0,1,1,0,0.3131443067073536,0.9638310840404729,1.3082264027127835,0.35353617492962836,-1.1467358531833935,0.003009325486179816
903,projected_velocity_cfm,19,0.17143444026881713,0.1981892121014991,0.11903434626488174,14.198286491578951,0.0,1,1,0,0.041649342531167324,0.9983459155734756,1.1562716032764289,-0.3134497531393791,1.1570505146925494,0.05462013096440293
903,projected_velocity_cfm,20,0.19087188934635455,0.23997975961793355,0.01069823946018289,26.63126742533422,0.0,1,1,0,0.06955721985719587,1.0826265797447563,1.3615425281076234,0.10952279113560455,1.192860967873517,0.07132649960374385
903,projected_velocity_cfm,21,0.16698079285237133,0.21485221135648147,0.24677242298239355,24.7029741877668,0.0,1,1,0,0.3147263081881416,0.9511261320692658,1.271053858694644,-0.9913440521564051,0.2475731714337001,-0.6292412057711877
903,projected_velocity_cfm,22,0.16296597117805459,0.18562029613256148,0.14450309033129205,16.43499220997933,0.0,1,1,0,0.2621687184516467,0.9789065953198859,0.9295609868799286,0.019361664002180194,1.0970844448477806,0.4858300596300149
903,projected_velocity_cfm,23,0.1557152547410988,0.21794191743170022,0.0564071416791303,36.525681444759535,0.0,1,1,0,0.3164510527029885,0.9544800659317512,1.3370457475990665,0.434951730526364,-1.066853828069781,-0.3356186848865471
903,boundary_only,0,0.5370180715246884,1.0935754228992542,0.127552164385639,53.391398393439474,0.02945269016697588,1,1,0,0.031197622464176872,0.9655827611365144,1.084891417374751,-0.22995807574791247,-1.1752665032135532,0.0766024139469756
903,boundary_only,1,0.42786692582113584,0.9089522849082073,0.3297281929617024,42.76882115253276,0.004222222222222222,1,1,0,0.30309179751195114,1.060441540799326,0.7493674578712095,-0.145793541168154,1.1766178178221611,-0.1852424199179686
903,boundary_only,2,0.23927582541197007,0.450940672136714,0.14012788372871743,52.87337320947295,0.0,1,1,0,0.11953749273605824,0.9483873211371777,1.0254853376910125,0.18899461081739757,1.1776517510272033,-0.13197496120303503
903,boundary_only,3,0.2895484695930664,0.45582163425500954,0.025717723213596777,53.207381399588975,0.007474429583005508,1,1,0,0.045203259895527814,0.9990815261267735,1.2964237195750732,0.9584362268466295,0.7164526295892982,0.08997571129241307
903,boundary_only,4,0.44260139958583544,0.7678696044892945,0.23724570606560658,60.5914932684359,0.002926115581565472,1,1,0,0.2262487906520691,1.0835873070587547,0.9628175334409919,-1.11763144737859,-0.3693705396971331,0.2333781314397012
903,boundary_only,5,0.22730753345268945,0.3744082774514788,0.10568038545070757,52.167921157902406,0.000397456279809221,1,1,0,0.18601896167300996,1.0514113446724354,1.1452803853862847,-0.9381410588488875,-0.349942678082709,0.6613860262798038
903,boundary_only,6,0.2513798481043675,0.5341708096558181,0.1264865032241036,58.05169195489247,0.0023411371237458192,1,1,0,0.08527564993062309,0.9533149560317155,0.9652976415611336,0.6563761420260771,-0.8555717636546774,0.5264668246108084
903,boundary_only,7,0.22384689447836192,0.4824842370115866,0.0038196776296133272,49.62123481034816,0.0024410089503661514,1,1,0,0.1192216166377379,0.9457208833121761,1.0410240561305704,0.7363454765610237,-0.873007019338417,0.3683124805568937
903,boundary_only,8,0.46009561953876854,1.1230829027958935,nan,63.7736424968639,0.010135135135135136,0,0,0,-0.025005837619606938,1.0981869470311973,0.8498752908468259,-1.0305720556130127,-0.3900792154677479,0.4751414987660369
903,boundary_only,9,0.6952732149040879,1.596330822683001,0.39566976983198066,56.99184309462342,0.010638297872340425,1,1,0,0.015350195456874348,1.0126794199654874,0.9798052939174668,0.1291798916353427,-1.1855748078941106,0.13313500848358448
903,boundary_only,10,0.351106350704115,0.6213613950319683,0.2778927956946058,58.52015495910649,0.016350210970464137,1,1,0,0.08111250830953212,0.9779496035368163,0.8752217829419553,0.010372720054875113,0.6095180071350451,-1.033624789590878
903,boundary_only,11,0.4166111986323668,0.8815939961895377,0.3401777121685683,65.75120624263151,0.007513661202185792,1,1,0,0.17919249282102206,1.0359714284563184,1.0955572601567023,-1.0462810481029154,-0.5642892375407347,-0.16393176866111442
903,boundary_only,12,0.2716977889728107,0.6192758923890274,0.11170267298470593,55.2377278459035,0.0005168849069607167,1,1,0,0.05005308610315852,0.9842600690379284,0.7347076725196297,-0.5456253062996365,-1.0491808021916178,0.20374658141421978
903,boundary_only,13,0.5470730928322183,0.9519989229654441,nan,61.99927323080521,0.0015278838808250573,0,0,0,-0.032751943045222276,1.023451182125605,1.3246354355984842,0.15461791718573933,0.2872447374401944,-1.154808971431231
903,boundary_only,14,0.4631896698026555,0.8588637026504484,0.6731202475850568,62.594836749440425,0.0033460803059273425,1,1,0,0.08500322923148604,1.0457571588416423,1.2773470571912906,-0.5642957154800033,0.7935504714853412,-0.7013187539887289
903,boundary_only,15,0.26226657669870096,0.4741970037611022,0.0001917598888616645,50.402909601993755,0.002110514198004605,1,1,0,0.14241821634074808,1.0202339524417916,0.7981356187113429,0.78056517225243,-0.7204330050846312,-0.5582958866508528
903,boundary_only,16,0.39250249937562215,0.7016466363806232,0.2482672406042461,71.17147029795947,0.0072701688555347095,1,1,0,0.0653286265986208,1.089775551702875,1.325296280900996,0.5319135305000302,1.075651034919198,0.006545773311985346
903,boundary_only,17,0.4746256821665463,0.8282652068618769,0.24412960535024175,66.07595483642005,0.0,1,1,0,0.2709106522040238,1.0566834806810708,1.0965439851466392,-0.004198459102248378,-1.1246728349152588,-0.41844161760613846
903,boundary_only,18,0.39443509079433337,0.7269190952501356,0.16059632301525317,70.24682351375307,0.004872311827956989,1,1,0,0.37592009203295107,0.9638310840404729,1.3082264027127835,0.35353617492962836,-1.1467358531833935,0.003009325486179816
903,boundary_only,19,0.2281210525024974,0.3560545821013173,0.14333464444649802,36.923534000303185,0.0,1,1,0,0.10403117231986235,0.9983459155734756,1.1562716032764289,-0.3134497531393791,1.1570505146925494,0.05462013096440293
903,boundary_only,20,0.30716430366993536,0.5135738855946134,0.07661451793488094,53.96309380538359,0.00267379679144385,1,1,0,0.03791646057212075,1.0826265797447563,1.3615425281076234,0.10952279113560455,1.192860967873517,0.07132649960374385
903,boundary_only,21,0.43577580871142985,0.8108056784418688,0.3115564464033129,72.80734201961499,0.010770505385252692,1,1,0,0.02241086961389529,0.9511261320692658,1.271053858694644,-0.9913440521564051,0.2475731714337001,-0.6292412057711877
903,boundary_only,22,0.23079675626708063,0.515650109181139,0.1562997262934731,68.36674314198311,0.006349206349206349,1,1,0,0.1267013238270709,0.9789065953198859,0.9295609868799286,0.019361664002180194,1.0970844448477806,0.4858300596300149
903,boundary_only,23,0.2763531925487344,0.4195603377174491,0.1516324682970307,66.76226328290743,0.008023648648648648,1,1,0,0.010764523853859856,0.9544800659317512,1.3370457475990665,0.434951730526364,-1.066853828069781,-0.3356186848865471
903,plus_safe_prior,0,0.6834899615351471,1.4557037296331965,nan,54.768278503481866,0.03710575139146568,0,0,0,-0.008794719615658555,0.9655827611365144,1.084891417374751,-0.22995807574791247,-1.1752665032135532,0.0766024139469756
903,plus_safe_prior,1,0.42786692582113584,0.9089522849082073,0.3297281929617024,42.76882115253276,0.004222222222222222,1,1,0,0.30309179751195114,1.060441540799326,0.7493674578712095,-0.145793541168154,1.1766178178221611,-0.1852424199179686
903,plus_safe_prior,2,0.23927582541197007,0.450940672136714,0.14012788372871743,52.87337320947295,0.0,1,1,0,0.11953749273605824,0.9483873211371777,1.0254853376910125,0.18899461081739757,1.1776517510272033,-0.13197496120303503
903,plus_safe_prior,3,0.2895484695930664,0.45582163425500954,0.025717723213596777,53.207381399588975,0.007474429583005508,1,1,0,0.045203259895527814,0.9990815261267735,1.2964237195750732,0.9584362268466295,0.7164526295892982,0.08997571129241307
903,plus_safe_prior,4,0.3729207121305206,0.72738534059669,0.2307800604520449,56.1208020668008,0.0018288222384784199,1,1,0,0.05506112729334352,1.0835873070587547,0.9628175334409919,-1.11763144737859,-0.3693705396971331,0.2333781314397012
903,plus_safe_prior,5,0.23307435551784228,0.3654484049817126,0.1389511274337214,52.422395320647816,0.0027821939586645467,1,1,0,0.1687077700408141,1.0514113446724354,1.1452803853862847,-0.9381410588488875,-0.349942678082709,0.6613860262798038
903,plus_safe_prior,6,0.20374055634763213,0.4060530013447525,0.1256985267698023,55.00608671767457,0.0,1,1,0,0.14630484263413734,0.9533149560317155,0.9652976415611336,0.6563761420260771,-0.8555717636546774,0.5264668246108084
903,plus_safe_prior,7,0.22384689447836192,0.4824842370115866,0.0038196776296133272,49.62123481034816,0.0024410089503661514,1,1,0,0.1192216166377379,0.9457208833121761,1.0410240561305704,0.7363454765610237,-0.873007019338417,0.3683124805568937
903,plus_safe_prior,8,0.5548887367858563,1.3478992412660846,nan,45.26036292093276,0.0,0,0,0,-0.016832426863290513,1.0981869470311973,0.8498752908468259,-1.0305720556130127,-0.3900792154677479,0.4751414987660369
903,plus_safe_prior,9,0.4713869695131931,0.9826360993115258,0.2848062735598935,63.108264277679964,0.01572617946345976,1,1,0,0.0215373038826442,1.0126794199654874,0.9798052939174668,0.1291798916353427,-1.1855748078941106,0.13313500848358448
903,plus_safe_prior,10,0.351106350704115,0.6213613950319683,0.2778927956946058,58.52015495910649,0.016350210970464137,1,1,0,0.08111250830953212,0.9779496035368163,0.8752217829419553,0.010372720054875113,0.6095180071350451,-1.033624789590878
903,plus_safe_prior,11,0.3671191865171827,0.5977889616127425,1.2239961138265958,50.31004825117992,0.0,1,1,0,0.08558425939870135,1.0359714284563184,1.0955572601567023,-1.0462810481029154,-0.5642892375407347,-0.16393176866111442
903,plus_safe_prior,12,0.27111529410436536,0.5220653759622403,0.15209768133289225,49.77458148368623,0.0,1,1,0,0.08665972616249668,0.9842600690379284,0.7347076725196297,-0.5456253062996365,-1.0491808021916178,0.20374658141421978
903,plus_safe_prior,13,0.5470730928322183,0.9519989229654441,nan,61.99927323080521,0.0015278838808250573,0,0,0,-0.032751943045222276,1.023451182125605,1.3246354355984842,0.15461791718573933,0.2872447374401944,-1.154808971431231
903,plus_safe_prior,14,0.4631896698026555,0.8588637026504484,0.6731202475850568,62.594836749440425,0.0033460803059273425,1,1,0,0.08500322923148604,1.0457571588416423,1.2773470571912906,-0.5642957154800033,0.7935504714853412,-0.7013187539887289
903,plus_safe_prior,15,0.26226657669870096,0.4741970037611022,0.0001917598888616645,50.402909601993755,0.002110514198004605,1,1,0,0.14241821634074808,1.0202339524417916,0.7981356187113429,0.78056517225243,-0.7204330050846312,-0.5582958866508528
903,plus_safe_prior,16,0.39250249937562215,0.7016466363806232,0.2482672406042461,71.17147029795947,0.0072701688555347095,1,1,0,0.0653286265986208,1.089775551702875,1.325296280900996,0.5319135305000302,1.075651034919198,0.006545773311985346
903,plus_safe_prior,17,0.4746256821665463,0.8282652068618769,0.24412960535024175,66.07595483642005,0.0,1,1,0,0.2709106522040238,1.0566834806810708,1.0965439851466392,-0.004198459102248378,-1.1246728349152588,-0.41844161760613846
903,plus_safe_prior,18,0.39443509079433337,0.7269190952501356,0.16059632301525317,70.24682351375307,0.004872311827956989,1,1,0,0.37592009203295107,0.9638310840404729,1.3082264027127835,0.35353617492962836,-1.1467358531833935,0.003009325486179816
903,plus_safe_prior,19,0.37354917944878235,0.721565084846948,nan,67.15546450722039,0.01201923076923077,0,0,0,-0.03162565418502595,0.9983459155734756,1.1562716032764289,-0.3134497531393791,1.1570505146925494,0.05462013096440293
903,plus_safe_prior,20,0.30716430366993536,0.5135738855946134,0.07661451793488094,53.96309380538359,0.00267379679144385,1,1,0,0.03791646057212075,1.0826265797447563,1.3615425281076234,0.10952279113560455,1.192860967873517,0.07132649960374385
903,plus_safe_prior,21,0.43577580871142985,0.8108056784418688,0.3115564464033129,72.80734201961499,0.010770505385252692,1,1,0,0.02241086961389529,0.9511261320692658,1.271053858694644,-0.9913440521564051,0.2475731714337001,-0.6292412057711877
903,plus_safe_prior,22,0.245035856574757,0.4526870202090507,0.21313664531816245,49.10630862337268,0.009325396825396825,1,1,0,0.2619722814439403,0.9789065953198859,0.9295609868799286,0.019361664002180194,1.0970844448477806,0.4858300596300149
903,plus_safe_prior,23,0.2763531925487344,0.4195603377174491,0.1516324682970307,66.76226328290743,0.008023648648648648,1,1,0,0.010764523853859856,0.9544800659317512,1.3370457475990665,0.434951730526364,-1.066853828069781,-0.3356186848865471
903,plus_cbf,0,0.6834899615351471,1.4557037296331965,nan,54.768278503481866,0.03710575139146568,0,0,0,-0.008794719615658555,0.9655827611365144,1.084891417374751,-0.22995807574791247,-1.1752665032135532,0.0766024139469756
903,plus_cbf,1,0.42786692582113584,0.9089522849082073,0.3297281929617024,42.76882115253276,0.004222222222222222,1,1,0,0.30309179751195114,1.060441540799326,0.7493674578712095,-0.145793541168154,1.1766178178221611,-0.1852424199179686
903,plus_cbf,2,0.23927582541197007,0.450940672136714,0.14012788372871743,52.87337320947295,0.0,1,1,0,0.11953749273605824,0.9483873211371777,1.0254853376910125,0.18899461081739757,1.1776517510272033,-0.13197496120303503
903,plus_cbf,3,0.2895484695930664,0.45582163425500954,0.025717723213596777,53.207381399588975,0.007474429583005508,1,1,0,0.045203259895527814,0.9990815261267735,1.2964237195750732,0.9584362268466295,0.7164526295892982,0.08997571129241307
903,plus_cbf,4,0.3729207121305206,0.72738534059669,0.2307800604520449,56.1208020668008,0.0018288222384784199,1,1,0,0.05506112729334352,1.0835873070587547,0.9628175334409919,-1.11763144737859,-0.3693705396971331,0.2333781314397012
903,plus_cbf,5,0.23442922665534363,0.36736960677242236,0.14060852294408166,52.34245348188632,0.0021860095389507153,1,1,0,0.16913840112059314,1.0514113446724354,1.1452803853862847,-0.9381410588488875,-0.349942678082709,0.6613860262798038
903,plus_cbf,6,0.20374055634763213,0.4060530013447525,0.1256985267698023,55.00608671767457,0.0,1,1,0,0.14630484263413734,0.9533149560317155,0.9652976415611336,0.6563761420260771,-0.8555717636546774,0.5264668246108084
903,plus_cbf,7,0.22384689447836192,0.4824842370115866,0.0038196776296133272,49.62123481034816,0.0024410089503661514,1,1,0,0.1192216166377379,0.9457208833121761,1.0410240561305704,0.7363454765610237,-0.873007019338417,0.3683124805568937
903,plus_cbf,8,0.5548887367858563,1.3478992412660846,nan,45.26036292093276,0.0,0,0,0,-0.016832426863290513,1.0981869470311973,0.8498752908468259,-1.0305720556130127,-0.3900792154677479,0.4751414987660369
903,plus_cbf,9,0.4713869695131931,0.9826360993115258,0.2848062735598935,63.108264277679964,0.01572617946345976,1,1,0,0.0215373038826442,1.0126794199654874,0.9798052939174668,0.1291798916353427,-1.1855748078941106,0.13313500848358448
903,plus_cbf,10,0.351106350704115,0.6213613950319683,0.2778927956946058,58.52015495910649,0.016350210970464137,1,1,0,0.08111250830953212,0.9779496035368163,0.8752217829419553,0.010372720054875113,0.6095180071350451,-1.033624789590878
903,plus_cbf,11,0.36695265441269365,0.5977688608716049,1.2255693443042692,50.32195631112759,0.0,1,1,0,0.08566491028850445,1.0359714284563184,1.0955572601567023,-1.0462810481029154,-0.5642892375407347,-0.16393176866111442
903,plus_cbf,12,0.27133673761288113,0.5239947938396134,0.15084248420655255,49.77659924206379,0.0,1,1,0,0.08586686413364937,0.9842600690379284,0.7347076725196297,-0.5456253062996365,-1.0491808021916178,0.20374658141421978
903,plus_cbf,13,0.5470730928322183,0.9519989229654441,nan,61.99927323080521,0.0015278838808250573,0,0,0,-0.032751943045222276,1.023451182125605,1.3246354355984842,0.15461791718573933,0.2872447374401944,-1.154808971431231
903,plus_cbf,14,0.4631896698026555,0.8588637026504484,0.6731202475850568,62.594836749440425,0.0033460803059273425,1,1,0,0.08500322923148604,1.0457571588416423,1.2773470571912906,-0.5642957154800033,0.7935504714853412,-0.7013187539887289
903,plus_cbf,15,0.26226657669870096,0.4741970037611022,0.0001917598888616645,50.402909601993755,0.002110514198004605,1,1,0,0.14241821634074808,1.0202339524417916,0.7981356187113429,0.78056517225243,-0.7204330050846312,-0.5582958866508528
903,plus_cbf,16,0.39250249937562215,0.7016466363806232,0.2482672406042461,71.17147029795947,0.0072701688555347095,1,1,0,0.0653286265986208,1.089775551702875,1.325296280900996,0.5319135305000302,1.075651034919198,0.006545773311985346
903,plus_cbf,17,0.4746256821665463,0.8282652068618769,0.24412960535024175,66.07595483642005,0.0,1,1,0,0.2709106522040238,1.0566834806810708,1.0965439851466392,-0.004198459102248378,-1.1246728349152588,-0.41844161760613846
903,plus_cbf,18,0.39443509079433337,0.7269190952501356,0.16059632301525317,70.24682351375307,0.004872311827956989,1,1,0,0.37592009203295107,0.9638310840404729,1.3082264027127835,0.35353617492962836,-1.1467358531833935,0.003009325486179816
903,plus_cbf,19,0.3716777448180812,0.7098928852544575,nan,66.99831251891372,0.013020833333333334,0,0,0,-0.03161659253271495,0.9983459155734756,1.1562716032764289,-0.3134497531393791,1.1570505146925494,0.05462013096440293
903,plus_cbf,20,0.30716430366993536,0.5135738855946134,0.07661451793488094,53.96309380538359,0.00267379679144385,1,1,0,0.03791646057212075,1.0826265797447563,1.3615425281076234,0.10952279113560455,1.192860967873517,0.07132649960374385
903,plus_cbf,21,0.43577580871142985,0.8108056784418688,0.3115564464033129,72.80734201961499,0.010770505385252692,1,1,0,0.02241086961389529,0.9511261320692658,1.271053858694644,-0.9913440521564051,0.2475731714337001,-0.6292412057711877
903,plus_cbf,22,0.245035856574757,0.4526870202090507,0.21313664531816245,49.10630862337268,0.009325396825396825,1,1,0,0.2619722814439403,0.9789065953198859,0.9295609868799286,0.019361664002180194,1.0970844448477806,0.4858300596300149
903,plus_cbf,23,0.2763531925487344,0.4195603377174491,0.1516324682970307,66.76226328290743,0.008023648648648648,1,1,0,0.010764523853859856,0.9544800659317512,1.3370457475990665,0.434951730526364,-1.066853828069781,-0.3356186848865471
903,plus_kinodynamic,0,0.1666703856705309,0.19929894698280531,0.06099596272990926,19.733684732437386,0.0,1,1,0,0.1841498901345232,0.9655827611365144,1.084891417374751,-0.22995807574791247,-1.1752665032135532,0.0766024139469756
903,plus_kinodynamic,1,0.19639831736370902,0.2350426825788789,0.08308823314292368,17.3651184246764,0.0,1,1,0,0.21146713532139744,1.060441540799326,0.7493674578712095,-0.145793541168154,1.1766178178221611,-0.1852424199179686
903,plus_kinodynamic,2,0.14857475994551,0.17354136310481003,0.03331816338794846,27.517209598611565,0.0,1,1,0,0.3337778267237096,0.9483873211371777,1.0254853376910125,0.18899461081739757,1.1776517510272033,-0.13197496120303503
903,plus_kinodynamic,3,0.13622310351764494,0.18873562082583054,0.0428273237753265,25.720730939843328,0.0,1,1,0,0.2475523870537218,0.9990815261267735,1.2964237195750732,0.9584362268466295,0.7164526295892982,0.08997571129241307
903,plus_kinodynamic,4,0.22569603787974118,0.302647305256947,0.18682128401429798,34.571934108102084,0.0,1,1,0,0.34134933676582824,1.0835873070587547,0.9628175334409919,-1.11763144737859,-0.3693705396971331,0.2333781314397012
903,plus_kinodynamic,5,0.1831673136075092,0.2267661505030237,0.16760781860010665,19.455872067433752,0.0,1,1,0,0.20372071291388144,1.0514113446724354,1.1452803853862847,-0.9381410588488875,-0.349942678082709,0.6613860262798038
903,plus_kinodynamic,6,0.14119605724631346,0.16147803332865462,0.004636358449707778,27.32776899586968,0.0,1,1,0,0.14043877170598898,0.9533149560317155,0.9652976415611336,0.6563761420260771,-0.8555717636546774,0.5264668246108084
903,plus_kinodynamic,7,0.13210582046873834,0.156682956937207,0.050482164162142684,18.782018419376055,0.0,1,1,0,0.35755855267155967,0.9457208833121761,1.0410240561305704,0.7363454765610237,-0.873007019338417,0.3683124805568937
903,plus_kinodynamic,8,0.20376861192122683,0.25855064770283587,0.1927126583650507,23.016767406632006,0.0,1,1,0,0.15785022810571042,1.0981869470311973,0.8498752908468259,-1.0305720556130127,-0.3900792154677479,0.4751414987660369
903,plus_kinodynamic,9,0.17798387962459553,0.21522739497450324,0.08465447101181711,17.434175922748675,0.0,1,1,0,0.10970989393468217,1.0126794199654874,0.9798052939174668,0.1291798916353427,-1.1855748078941106,0.13313500848358448
903,plus_kinodynamic,10,0.1163726130424621,0.1390047050928611,0.08078027723813541,12.434296163846719,0.0,1,1,1,0.2149371878822422,0.9779496035368163,0.8752217829419553,0.010372720054875113,0.6095180071350451,-1.033624789590878
903,plus_kinodynamic,11,0.21497426173279144,0.26799311579484636,0.2834537920421907,25.943326240259363,0.0,1,1,0,0.33632420322484385,1.0359714284563184,1.0955572601567023,-1.0462810481029154,-0.5642892375407347,-0.16393176866111442
903,plus_kinodynamic,12,0.1724707081551492,0.20680500962579773,0.09344292384076258,24.863977665281745,0.0,1,1,0,0.11129404852986335,0.9842600690379284,0.7347076725196297,-0.5456253062996365,-1.0491808021916178,0.20374658141421978
903,plus_kinodynamic,13,0.20450242881762853,0.30508426315718323,0.018298748213756433,31.41892844799181,0.0,1,1,0,0.20082314322731581,1.023451182125605,1.3246354355984842,0.15461791718573933,0.2872447374401944,-1.154808971431231
903,plus_kinodynamic,14,0.20556225404368747,0.2574470350412211,0.10968493523936451,18.518319581000174,0.0,1,1,0,0.34139171914786437,1.0457571588416423,1.2773470571912906,-0.5642957154800033,0.7935504714853412,-0.7013187539887289
903,plus_kinodynamic,15,0.133067908972678,0.1593074916602142,0.03127961270819757,20.601006554628913,0.0,1,1,0,0.33329261601573024,1.0202339524417916,0.7981356187113429,0.78056517225243,-0.7204330050846312,-0.5582958866508528
903,plus_kinodynamic,16,0.16980578869559174,0.20626243870629643,0.01577090814406601,20.324294544925095,0.0,1,1,0,0.14702555373106968,1.089775551702875,1.325296280900996,0.5319135305000302,1.075651034919198,0.006545773311985346
903,plus_kinodynamic,17,0.19519777920434356,0.2321173173791819,0.0701434533143801,21.446353710436032,0.0,1,1,0,0.20501137939813627,1.0566834806810708,1.0965439851466392,-0.004198459102248378,-1.1246728349152588,-0.41844161760613846
903,plus_kinodynamic,18,0.16290528789785855,0.2244189237582232,0.004026810748420484,40.23919016304438,0.0,1,1,0,0.2730583287381244,0.9638310840404729,1.3082264027127835,0.35353617492962836,-1.1467358531833935,0.003009325486179816
903,plus_kinodynamic,19,0.1752149390370833,0.21373038651925297,0.11122511637756238,23.236923415898705,0.0,1,1,0,0.05961030459402532,0.9983459155734756,1.1562716032764289,-0.3134497531393791,1.1570505146925494,0.05462013096440293
903,plus_kinodynamic,20,0.20029167702257344,0.2746164931832816,0.018783910778542356,25.510968115617498,0.0,1,1,0,0.08572986210188654,1.0826265797447563,1.3615425281076234,0.10952279113560455,1.192860967873517,0.07132649960374385
903,plus_kinodynamic,21,0.1820472861961312,0.2463649645249248,0.16046288513946916,29.188753932233393,0.0,1,1,0,0.27206020609922654,0.9511261320692658,1.271053858694644,-0.9913440521564051,0.2475731714337001,-0.6292412057711877
903,plus_kinodynamic,22,0.16483951526608326,0.18817807545273407,0.08682006286486832,15.356389627916245,0.0,1,1,0,0.25410674635401115,0.9789065953198859,0.9295609868799286,0.019361664002180194,1.0970844448477806,0.4858300596300149
903,plus_kinodynamic,23,0.15218733811114685,0.20837695689042646,0.048937267595831724,26.974317251024836,0.0,1,1,0,0.2814118881338421,0.9544800659317512,1.3370457475990665,0.434951730526364,-1.066853828069781,-0.3356186848865471
903,plus_execution_margin,0,0.1662249675860719,0.19658300091169875,0.06142423820134191,13.752156465128667,0.0,1,1,0,0.1873067705008168,0.9655827611365144,1.084891417374751,-0.22995807574791247,-1.1752665032135532,0.0766024139469756
903,plus_execution_margin,1,0.19489912870781356,0.23138222301145295,0.08435691491464858,15.035910042126826,0.0,1,1,0,0.20776035640404122,1.060441540799326,0.7493674578712095,-0.145793541168154,1.1766178178221611,-0.1852424199179686
903,plus_execution_margin,2,0.1466900136888549,0.1660111205949863,0.022175621738242945,20.644782329832278,0.0,1,1,0,0.3547821083962626,0.9483873211371777,1.0254853376910125,0.18899461081739757,1.1776517510272033,-0.13197496120303503
903,plus_execution_margin,3,0.12905658579108092,0.1750040620958989,0.04569398383274992,21.003227203416802,0.0,1,1,0,0.24278738156724045,0.9990815261267735,1.2964237195750732,0.9584362268466295,0.7164526295892982,0.08997571129241307
903,plus_execution_margin,4,0.21917969545813046,0.2751610078133381,0.19190848387222603,25.688736966685738,0.0,1,1,0,0.3335478681032777,1.0835873070587547,0.9628175334409919,-1.11763144737859,-0.3693705396971331,0.2333781314397012
903,plus_execution_margin,5,0.18200653901374955,0.2250006145355909,0.17471358093616374,16.263474650980093,0.0,1,1,0,0.2056782578098008,1.0514113446724354,1.1452803853862847,-0.9381410588488875,-0.349942678082709,0.6613860262798038
903,plus_execution_margin,6,0.14396379735655496,0.1631529561081632,0.003121214205965117,21.74654693642951,0.0,1,1,0,0.13820696057358325,0.9533149560317155,0.9652976415611336,0.6563761420260771,-0.8555717636546774,0.5264668246108084
903,plus_execution_margin,7,0.13315288703653436,0.15624491224267278,0.049041881766882955,16.147755599494186,0.0,1,1,0,0.3579685682882836,0.9457208833121761,1.0410240561305704,0.7363454765610237,-0.873007019338417,0.3683124805568937
903,plus_execution_margin,8,0.20152606756398184,0.24622468523071686,0.19870924017079172,18.434486118969108,0.0,1,1,0,0.16946421339007123,1.0981869470311973,0.8498752908468259,-1.0305720556130127,-0.3900792154677479,0.4751414987660369
903,plus_execution_margin,9,0.17754660258858623,0.21427975359059181,0.08422326553660708,14.950571569556963,0.0,1,1,0,0.10341021111687246,1.0126794199654874,0.9798052939174668,0.1291798916353427,-1.1855748078941106,0.13313500848358448
903,plus_execution_margin,10,0.11456393966360694,0.13418671813279529,0.07844677687649337,8.813397990985875,0.0,1,1,1,0.2131165790923702,0.9779496035368163,0.8752217829419553,0.010372720054875113,0.6095180071350451,-1.033624789590878
903,plus_execution_margin,11,0.20908957569406444,0.2537281454013382,0.25403082340609995,20.031933918578375,0.0,1,1,0,0.3435591270412251,1.0359714284563184,1.0955572601567023,-1.0462810481029154,-0.5642892375407347,-0.16393176866111442
903,plus_execution_margin,12,0.17180641476876357,0.20222034054452134,0.0982848527972826,19.146537422796182,0.0,1,1,0,0.10071947410116674,0.9842600690379284,0.7347076725196297,-0.5456253062996365,-1.0491808021916178,0.20374658141421978
903,plus_execution_margin,13,0.1721488035010601,0.22884593258084188,0.026635570580709533,21.44873244730703,0.0,1,1,0,0.235403119689304,1.023451182125605,1.3246354355984842,0.15461791718573933,0.2872447374401944,-1.154808971431231
903,plus_execution_margin,14,0.20127814606046565,0.24715506109231344,0.11143101571816127,15.160292254163982,0.0,1,1,0,0.34591161824655464,1.0457571588416423,1.2773470571912906,-0.5642957154800033,0.7935504714853412,-0.7013187539887289
903,plus_execution_margin,15,0.1290759271640506,0.15657288119671475,0.03221918021690495,15.212491505406158,0.0,1,1,0,0.3440766713265389,1.0202339524417916,0.7981356187113429,0.78056517225243,-0.7204330050846312,-0.5582958866508528
903,plus_execution_margin,16,0.16814109419046244,0.19779345180261038,0.015366221324218277,14.657712128606994,0.0,1,1,0,0.14597398395972488,1.089775551702875,1.325296280900996,0.5319135305000302,1.075651034919198,0.006545773311985346
903,plus_execution_margin,17,0.19136308736419225,0.22381606785802208,0.07232614899887757,16.1227699086082,0.0,1,1,0,0.20117289082875597,1.0566834806810708,1.0965439851466392,-0.004198459102248378,-1.1246728349152588,-0.41844161760613846
903,plus_execution_margin,18,0.14843726384495254,0.19892980948600933,0.0034440289510144773,31.3632706912966,0.0,1,1,0,0.27132090242848395,0.9638310840404729,1.3082264027127835,0.35353617492962836,-1.1467358531833935,0.003009325486179816
903,plus_execution_margin,19,0.17342419966657036,0.20813982340538964,0.11131223935104817,15.927155861893725,0.0,1,1,0,0.06323057353591736,0.9983459155734756,1.1562716032764289,-0.3134497531393791,1.1570505146925494,0.05462013096440293
903,plus_execution_margin,20,0.1904974336277505,0.24810476213986532,0.01697953958371068,23.559330401217963,0.0,1,1,0,0.08674670340932712,1.0826265797447563,1.3615425281076234,0.10952279113560455,1.192860967873517,0.07132649960374385
903,plus_execution_margin,21,0.17265612783615558,0.22302153886639012,0.1605393321676587,23.371843905905255,0.0,1,1,0,0.2795910366734196,0.9511261320692658,1.271053858694644,-0.9913440521564051,0.2475731714337001,-0.6292412057711877
903,plus_execution_margin,22,0.16486622885755303,0.1873399520548616,0.08508565454987549,12.70575399781906,0.0,1,1,0,0.25126159293023065,0.9789065953198859,0.9295609868799286,0.019361664002180194,1.0970844448477806,0.4858300596300149
903,plus_execution_margin,23,0.14233336166085933,0.18138949251843473,0.04288431222785105,23.800040819920426,0.0,1,1,0,0.2961712808342175,0.9544800659317512,1.3370457475990665,0.434951730526364,-1.066853828069781,-0.3356186848865471
